2026-06-07 11:00:15.658 +03:00 [INF] Now listening on: http://localhost:5112
2026-06-07 11:00:15.703 +03:00 [INF] Application started. Press Ctrl+C to shut down.
2026-06-07 11:00:15.704 +03:00 [INF] Hosting environment: Development
2026-06-07 11:00:15.704 +03:00 [INF] Content root path: c:\Users\Thales\Desktop\netcore\LibraryApp\LibraryApp.Api
2026-06-07 11:00:25.870 +03:00 [INF] Request starting HTTP/1.1 GET http://localhost:5112/ - null null
2026-06-07 11:00:25.997 +03:00 [INF] HTTP GET / responded 301 in 75.1878 ms
2026-06-07 11:00:26.009 +03:00 [INF] Request finished HTTP/1.1 GET http://localhost:5112/ - 301 0 null 143.2676ms
2026-06-07 11:00:26.023 +03:00 [INF] Request starting HTTP/1.1 GET http://localhost:5112/index.html - null null
2026-06-07 11:00:26.197 +03:00 [INF] HTTP GET /index.html responded 200 in 172.1687 ms
2026-06-07 11:00:26.199 +03:00 [INF] Request finished HTTP/1.1 GET http://localhost:5112/index.html - 200 null text/html;charset=utf-8 176.1546ms
2026-06-07 11:00:26.281 +03:00 [INF] Request starting HTTP/1.1 GET http://localhost:5112/swagger-ui.css - null null
2026-06-07 11:00:26.284 +03:00 [INF] Request starting HTTP/1.1 GET http://localhost:5112/swagger-ui-bundle.js - null null
2026-06-07 11:00:26.288 +03:00 [INF] Request starting HTTP/1.1 GET http://localhost:5112/swagger-ui-standalone-preset.js - null null
2026-06-07 11:00:26.353 +03:00 [INF] Sending file. Request path: '/swagger-ui-standalone-preset.js'. Physical path: 'N/A'
2026-06-07 11:00:26.354 +03:00 [INF] Sending file. Request path: '/swagger-ui.css'. Physical path: 'N/A'
2026-06-07 11:00:26.357 +03:00 [INF] HTTP GET /swagger-ui.css responded 200 in 73.9033 ms
2026-06-07 11:00:26.357 +03:00 [INF] HTTP GET /swagger-ui-standalone-preset.js responded 200 in 68.3780 ms
2026-06-07 11:00:26.359 +03:00 [INF] Request finished HTTP/1.1 GET http://localhost:5112/swagger-ui-standalone-preset.js - 200 230280 text/javascript 71.1754ms
2026-06-07 11:00:26.360 +03:00 [INF] Request finished HTTP/1.1 GET http://localhost:5112/swagger-ui.css - 200 152034 text/css 79.2939ms
2026-06-07 11:00:26.381 +03:00 [INF] Request starting HTTP/1.1 GET http://localhost:5112/swagger-ui-standalone-preset.js - null null
2026-06-07 11:00:26.384 +03:00 [INF] Sending file. Request path: '/swagger-ui-standalone-preset.js'. Physical path: 'N/A'
2026-06-07 11:00:26.385 +03:00 [INF] HTTP GET /swagger-ui-standalone-preset.js responded 200 in 3.5008 ms
2026-06-07 11:00:26.389 +03:00 [INF] Request finished HTTP/1.1 GET http://localhost:5112/swagger-ui-standalone-preset.js - 200 230280 text/javascript 8.3933ms
2026-06-07 11:00:26.424 +03:00 [INF] Sending file. Request path: '/swagger-ui-bundle.js'. Physical path: 'N/A'
2026-06-07 11:00:26.424 +03:00 [INF] HTTP GET /swagger-ui-bundle.js responded 200 in 139.2614 ms
2026-06-07 11:00:26.425 +03:00 [INF] Request finished HTTP/1.1 GET http://localhost:5112/swagger-ui-bundle.js - 200 1456926 text/javascript 140.113ms
2026-06-07 11:00:27.134 +03:00 [INF] Request starting HTTP/1.1 GET http://localhost:5112/swagger/v1/swagger.json - null null
2026-06-07 11:00:27.181 +03:00 [INF] Request starting HTTP/1.1 GET http://localhost:5112/favicon-32x32.png - null null
2026-06-07 11:00:27.181 +03:00 [INF] Sending file. Request path: '/favicon-32x32.png'. Physical path: 'N/A'
2026-06-07 11:00:27.182 +03:00 [INF] HTTP GET /favicon-32x32.png responded 200 in 0.4458 ms
2026-06-07 11:00:27.182 +03:00 [INF] Request finished HTTP/1.1 GET http://localhost:5112/favicon-32x32.png - 200 628 image/png 1.0553ms
2026-06-07 11:00:27.366 +03:00 [INF] Request starting HTTP/1.1 GET http://localhost:5112/swagger-ui-bundle.js - null null
2026-06-07 11:00:27.374 +03:00 [INF] Sending file. Request path: '/swagger-ui-bundle.js'. Physical path: 'N/A'
2026-06-07 11:00:27.375 +03:00 [INF] HTTP GET /swagger-ui-bundle.js responded 200 in 8.1062 ms
2026-06-07 11:00:27.375 +03:00 [INF] Request finished HTTP/1.1 GET http://localhost:5112/swagger-ui-bundle.js - 200 1456926 text/javascript 8.7396ms
2026-06-07 11:00:27.446 +03:00 [INF] HTTP GET /swagger/v1/swagger.json responded 200 in 312.0560 ms
2026-06-07 11:00:27.447 +03:00 [INF] Request finished HTTP/1.1 GET http://localhost:5112/swagger/v1/swagger.json - 200 null application/json;charset=utf-8 312.8313ms
2026-06-07 11:00:48.797 +03:00 [INF] Request starting HTTP/1.1 GET http://localhost:5112/api/loans/active - application/json null
2026-06-07 11:00:48.841 +03:00 [INF] Route matched with {action = "GetActive", controller = "Loans"}. Executing controller action with signature System.Threading.Tasks.Task`1[Microsoft.AspNetCore.Mvc.IActionResult] GetActive(System.Threading.CancellationToken) on controller LibraryApp.Api.Controllers.LoansController (LibraryApp.Api).
2026-06-07 11:00:52.283 +03:00 [INF] Request starting HTTP/1.1 GET http://localhost:5112/api/Members - null null
2026-06-07 11:00:52.313 +03:00 [INF] Route matched with {action = "GetAll", controller = "Members"}. Executing controller action with signature System.Threading.Tasks.Task`1[Microsoft.AspNetCore.Mvc.IActionResult] GetAll(System.Threading.CancellationToken) on controller LibraryApp.Api.Controllers.MembersController (LibraryApp.Api).
2026-06-07 11:00:54.348 +03:00 [INF] Executing OkObjectResult, writing value of type 'System.Collections.Generic.List`1[[LibraryApp.Core.DTOs.ActiveLoanDto, LibraryApp.Core, Version=1.0.0.0, Culture=neutral, PublicKeyToken=null]]'.
2026-06-07 11:00:54.348 +03:00 [INF] Executing OkObjectResult, writing value of type 'System.Collections.Generic.List`1[[LibraryApp.Core.DTOs.MemberDto, LibraryApp.Core, Version=1.0.0.0, Culture=neutral, PublicKeyToken=null]]'.
2026-06-07 11:00:54.491 +03:00 [INF] Executed action LibraryApp.Api.Controllers.MembersController.GetAll (LibraryApp.Api) in 2168.1337ms
2026-06-07 11:00:54.491 +03:00 [INF] Executed action LibraryApp.Api.Controllers.LoansController.GetActive (LibraryApp.Api) in 5632.4052ms
2026-06-07 11:00:54.492 +03:00 [INF] HTTP GET /api/Members responded 200 in 2197.8629 ms
2026-06-07 11:00:54.492 +03:00 [INF] HTTP GET /api/loans/active responded 200 in 5690.9544 ms
2026-06-07 11:00:54.512 +03:00 [INF] Request finished HTTP/1.1 GET http://localhost:5112/api/loans/active - 200 null application/json; charset=utf-8 5714.2649ms
2026-06-07 11:00:54.512 +03:00 [INF] Request finished HTTP/1.1 GET http://localhost:5112/api/Members - 200 null application/json; charset=utf-8 2229.3256ms
2026-06-07 11:00:55.402 +03:00 [INF] Request starting HTTP/1.1 OPTIONS http://localhost:5112/api/loans/active - null null
2026-06-07 11:00:55.408 +03:00 [INF] CORS policy execution successful.
2026-06-07 11:00:55.412 +03:00 [INF] HTTP OPTIONS /api/loans/active responded 204 in 7.6921 ms
2026-06-07 11:00:55.412 +03:00 [INF] Request finished HTTP/1.1 OPTIONS http://localhost:5112/api/loans/active - 204 null null 9.4916ms
2026-06-07 11:00:55.417 +03:00 [INF] Request starting HTTP/1.1 GET http://localhost:5112/api/loans/active - application/json null
2026-06-07 11:00:55.418 +03:00 [INF] CORS policy execution successful.
2026-06-07 11:00:55.418 +03:00 [INF] Route matched with {action = "GetActive", controller = "Loans"}. Executing controller action with signature System.Threading.Tasks.Task`1[Microsoft.AspNetCore.Mvc.IActionResult] GetActive(System.Threading.CancellationToken) on controller LibraryApp.Api.Controllers.LoansController (LibraryApp.Api).
2026-06-07 11:00:55.557 +03:00 [INF] Executing OkObjectResult, writing value of type 'System.Collections.Generic.List`1[[LibraryApp.Core.DTOs.ActiveLoanDto, LibraryApp.Core, Version=1.0.0.0, Culture=neutral, PublicKeyToken=null]]'.
2026-06-07 11:00:55.558 +03:00 [INF] Executed action LibraryApp.Api.Controllers.LoansController.GetActive (LibraryApp.Api) in 139.3708ms
2026-06-07 11:00:55.558 +03:00 [INF] HTTP GET /api/loans/active responded 200 in 140.4365 ms
2026-06-07 11:00:55.559 +03:00 [INF] Request finished HTTP/1.1 GET http://localhost:5112/api/loans/active - 200 null application/json; charset=utf-8 141.1065ms
2026-06-07 11:01:01.610 +03:00 [INF] Request starting HTTP/1.1 OPTIONS http://localhost:5112/api/books?page=1&pageSize=20 - null null
2026-06-07 11:01:01.610 +03:00 [INF] CORS policy execution successful.
2026-06-07 11:01:01.611 +03:00 [INF] HTTP OPTIONS /api/books responded 204 in 0.4766 ms
2026-06-07 11:01:01.611 +03:00 [INF] Request finished HTTP/1.1 OPTIONS http://localhost:5112/api/books?page=1&pageSize=20 - 204 null null 1.3873ms
2026-06-07 11:01:01.617 +03:00 [INF] Request starting HTTP/1.1 GET http://localhost:5112/api/books?page=1&pageSize=20 - application/json null
2026-06-07 11:01:01.617 +03:00 [INF] CORS policy execution successful.
2026-06-07 11:01:01.632 +03:00 [INF] Route matched with {action = "Search", controller = "Books"}. Executing controller action with signature System.Threading.Tasks.Task`1[Microsoft.AspNetCore.Mvc.IActionResult] Search(BookSearchQuery, System.Threading.CancellationToken) on controller BooksController (LibraryApp.Api).
2026-06-07 11:01:01.739 +03:00 [WRN] Compiling a query which loads related collections for more than one collection navigation, either via 'Include' or through projection, but no 'QuerySplittingBehavior' has been configured. By default, Entity Framework will use 'QuerySplittingBehavior.SingleQuery', which can potentially result in slow query performance. See https://go.microsoft.com/fwlink/?linkid=2134277 for more information. To identify the query that's triggering this warning call 'ConfigureWarnings(w => w.Throw(RelationalEventId.MultipleCollectionIncludeWarning))'.
2026-06-07 11:01:01.808 +03:00 [INF] Executing OkObjectResult, writing value of type 'PagedResult`1[[BookDto, LibraryApp.Core, Version=1.0.0.0, Culture=neutral, PublicKeyToken=null]]'.
2026-06-07 11:01:01.821 +03:00 [INF] Executed action BooksController.Search (LibraryApp.Api) in 189.0507ms
2026-06-07 11:01:01.821 +03:00 [INF] HTTP GET /api/books responded 200 in 204.1067 ms
2026-06-07 11:01:01.822 +03:00 [INF] Request finished HTTP/1.1 GET http://localhost:5112/api/books?page=1&pageSize=20 - 200 null application/json; charset=utf-8 204.7238ms
2026-06-07 11:01:05.550 +03:00 [INF] Request starting HTTP/1.1 OPTIONS http://localhost:5112/api/authors - null null
2026-06-07 11:01:05.550 +03:00 [INF] CORS policy execution successful.
2026-06-07 11:01:05.550 +03:00 [INF] HTTP OPTIONS /api/authors responded 204 in 0.1571 ms
2026-06-07 11:01:05.550 +03:00 [INF] Request finished HTTP/1.1 OPTIONS http://localhost:5112/api/authors - 204 null null 0.6433ms
2026-06-07 11:01:05.552 +03:00 [INF] Request starting HTTP/1.1 OPTIONS http://localhost:5112/api/categories - null null
2026-06-07 11:01:05.552 +03:00 [INF] CORS policy execution successful.
2026-06-07 11:01:05.552 +03:00 [INF] HTTP OPTIONS /api/categories responded 204 in 0.1657 ms
2026-06-07 11:01:05.552 +03:00 [INF] Request finished HTTP/1.1 OPTIONS http://localhost:5112/api/categories - 204 null null 0.5217ms
2026-06-07 11:01:05.558 +03:00 [INF] Request starting HTTP/1.1 GET http://localhost:5112/api/authors - application/json null
2026-06-07 11:01:05.559 +03:00 [INF] CORS policy execution successful.
2026-06-07 11:01:05.559 +03:00 [INF] Request starting HTTP/1.1 GET http://localhost:5112/api/categories - application/json null
2026-06-07 11:01:05.560 +03:00 [INF] CORS policy execution successful.
2026-06-07 11:01:05.564 +03:00 [INF] Route matched with {action = "GetAll", controller = "Authors"}. Executing controller action with signature System.Threading.Tasks.Task`1[Microsoft.AspNetCore.Mvc.IActionResult] GetAll(System.Threading.CancellationToken) on controller LibraryApp.Api.Controllers.AuthorsController (LibraryApp.Api).
2026-06-07 11:01:05.564 +03:00 [INF] Route matched with {action = "GetAll", controller = "Categories"}. Executing controller action with signature System.Threading.Tasks.Task`1[Microsoft.AspNetCore.Mvc.IActionResult] GetAll(System.Threading.CancellationToken) on controller LibraryApp.Api.Controllers.CategoriesController (LibraryApp.Api).
2026-06-07 11:01:05.580 +03:00 [INF] Executing OkObjectResult, writing value of type 'System.Collections.Generic.List`1[[<>f__AnonymousType1`2[[System.Int32, System.Private.CoreLib, Version=8.0.0.0, Culture=neutral, PublicKeyToken=7cec85d7bea7798e],[System.String, System.Private.CoreLib, Version=8.0.0.0, Culture=neutral, PublicKeyToken=7cec85d7bea7798e]], LibraryApp.Api, Version=1.0.0.0, Culture=neutral, PublicKeyToken=null]]'.
2026-06-07 11:01:05.583 +03:00 [INF] Executing OkObjectResult, writing value of type 'System.Collections.Generic.List`1[[LibraryApp.Core.DTOs.AuthorDto, LibraryApp.Core, Version=1.0.0.0, Culture=neutral, PublicKeyToken=null]]'.
2026-06-07 11:01:05.586 +03:00 [INF] Executed action LibraryApp.Api.Controllers.CategoriesController.GetAll (LibraryApp.Api) in 22.2672ms
2026-06-07 11:01:05.587 +03:00 [INF] HTTP GET /api/categories responded 200 in 26.9417 ms
2026-06-07 11:01:05.587 +03:00 [INF] Executed action LibraryApp.Api.Controllers.AuthorsController.GetAll (LibraryApp.Api) in 23.5868ms
2026-06-07 11:01:05.588 +03:00 [INF] HTTP GET /api/authors responded 200 in 28.8809 ms
2026-06-07 11:01:05.588 +03:00 [INF] Request finished HTTP/1.1 GET http://localhost:5112/api/authors - 200 null application/json; charset=utf-8 29.418ms
2026-06-07 11:01:05.595 +03:00 [INF] Request finished HTTP/1.1 GET http://localhost:5112/api/categories - 200 null application/json; charset=utf-8 35.5687ms
2026-06-07 11:01:14.755 +03:00 [INF] Request starting HTTP/1.1 OPTIONS http://localhost:5112/api/books?page=1&pageSize=20 - null null
2026-06-07 11:01:14.756 +03:00 [INF] CORS policy execution successful.
2026-06-07 11:01:14.757 +03:00 [INF] HTTP OPTIONS /api/books responded 204 in 0.2763 ms
2026-06-07 11:01:14.757 +03:00 [INF] Request finished HTTP/1.1 OPTIONS http://localhost:5112/api/books?page=1&pageSize=20 - 204 null null 2.1286ms
2026-06-07 11:01:14.763 +03:00 [INF] Request starting HTTP/1.1 GET http://localhost:5112/api/books?page=1&pageSize=20 - application/json null
2026-06-07 11:01:14.764 +03:00 [INF] CORS policy execution successful.
2026-06-07 11:01:14.764 +03:00 [INF] Route matched with {action = "Search", controller = "Books"}. Executing controller action with signature System.Threading.Tasks.Task`1[Microsoft.AspNetCore.Mvc.IActionResult] Search(BookSearchQuery, System.Threading.CancellationToken) on controller BooksController (LibraryApp.Api).
2026-06-07 11:01:14.776 +03:00 [INF] Executing OkObjectResult, writing value of type 'PagedResult`1[[BookDto, LibraryApp.Core, Version=1.0.0.0, Culture=neutral, PublicKeyToken=null]]'.
2026-06-07 11:01:14.776 +03:00 [INF] Executed action BooksController.Search (LibraryApp.Api) in 12.0082ms
2026-06-07 11:01:14.776 +03:00 [INF] HTTP GET /api/books responded 200 in 12.7814 ms
2026-06-07 11:01:14.777 +03:00 [INF] Request finished HTTP/1.1 GET http://localhost:5112/api/books?page=1&pageSize=20 - 200 null application/json; charset=utf-8 13.4393ms
2026-06-07 11:01:16.130 +03:00 [INF] Request starting HTTP/1.1 OPTIONS http://localhost:5112/api/books/1 - null null
2026-06-07 11:01:16.130 +03:00 [INF] CORS policy execution successful.
2026-06-07 11:01:16.130 +03:00 [INF] HTTP OPTIONS /api/books/1 responded 204 in 0.2132 ms
2026-06-07 11:01:16.131 +03:00 [INF] Request finished HTTP/1.1 OPTIONS http://localhost:5112/api/books/1 - 204 null null 0.8876ms
2026-06-07 11:01:16.137 +03:00 [INF] Request starting HTTP/1.1 GET http://localhost:5112/api/books/1 - application/json null
2026-06-07 11:01:16.137 +03:00 [INF] CORS policy execution successful.
2026-06-07 11:01:16.144 +03:00 [INF] Route matched with {action = "GetById", controller = "Books"}. Executing controller action with signature System.Threading.Tasks.Task`1[Microsoft.AspNetCore.Mvc.IActionResult] GetById(Int32, System.Threading.CancellationToken) on controller BooksController (LibraryApp.Api).
2026-06-07 11:01:16.180 +03:00 [WRN] Compiling a query which loads related collections for more than one collection navigation, either via 'Include' or through projection, but no 'QuerySplittingBehavior' has been configured. By default, Entity Framework will use 'QuerySplittingBehavior.SingleQuery', which can potentially result in slow query performance. See https://go.microsoft.com/fwlink/?linkid=2134277 for more information. To identify the query that's triggering this warning call 'ConfigureWarnings(w => w.Throw(RelationalEventId.MultipleCollectionIncludeWarning))'.
2026-06-07 11:01:16.216 +03:00 [INF] Executing OkObjectResult, writing value of type 'BookDto'.
2026-06-07 11:01:16.217 +03:00 [INF] Executed action BooksController.GetById (LibraryApp.Api) in 72.8052ms
2026-06-07 11:01:16.217 +03:00 [INF] HTTP GET /api/books/1 responded 200 in 79.6722 ms
2026-06-07 11:01:16.217 +03:00 [INF] Request finished HTTP/1.1 GET http://localhost:5112/api/books/1 - 200 null application/json; charset=utf-8 80.477ms
2026-06-07 11:01:17.296 +03:00 [INF] Request starting HTTP/1.1 OPTIONS http://localhost:5112/api/authors - null null
2026-06-07 11:01:17.296 +03:00 [INF] CORS policy execution successful.
2026-06-07 11:01:17.296 +03:00 [INF] HTTP OPTIONS /api/authors responded 204 in 0.3596 ms
2026-06-07 11:01:17.297 +03:00 [INF] Request finished HTTP/1.1 OPTIONS http://localhost:5112/api/authors - 204 null null 0.7246ms
2026-06-07 11:01:17.298 +03:00 [INF] Request starting HTTP/1.1 OPTIONS http://localhost:5112/api/categories - null null
2026-06-07 11:01:17.298 +03:00 [INF] CORS policy execution successful.
2026-06-07 11:01:17.298 +03:00 [INF] HTTP OPTIONS /api/categories responded 204 in 0.1711 ms
2026-06-07 11:01:17.299 +03:00 [INF] Request finished HTTP/1.1 OPTIONS http://localhost:5112/api/categories - 204 null null 1.5058ms
2026-06-07 11:01:17.300 +03:00 [INF] Request starting HTTP/1.1 GET http://localhost:5112/api/books/1 - application/json null
2026-06-07 11:01:17.301 +03:00 [INF] CORS policy execution successful.
2026-06-07 11:01:17.301 +03:00 [INF] Route matched with {action = "GetById", controller = "Books"}. Executing controller action with signature System.Threading.Tasks.Task`1[Microsoft.AspNetCore.Mvc.IActionResult] GetById(Int32, System.Threading.CancellationToken) on controller BooksController (LibraryApp.Api).
2026-06-07 11:01:17.305 +03:00 [INF] Request starting HTTP/1.1 GET http://localhost:5112/api/authors - application/json null
2026-06-07 11:01:17.306 +03:00 [INF] CORS policy execution successful.
2026-06-07 11:01:17.306 +03:00 [INF] Route matched with {action = "GetAll", controller = "Authors"}. Executing controller action with signature System.Threading.Tasks.Task`1[Microsoft.AspNetCore.Mvc.IActionResult] GetAll(System.Threading.CancellationToken) on controller LibraryApp.Api.Controllers.AuthorsController (LibraryApp.Api).
2026-06-07 11:01:17.307 +03:00 [INF] Request starting HTTP/1.1 GET http://localhost:5112/api/categories - application/json null
2026-06-07 11:01:17.307 +03:00 [INF] CORS policy execution successful.
2026-06-07 11:01:17.307 +03:00 [INF] Route matched with {action = "GetAll", controller = "Categories"}. Executing controller action with signature System.Threading.Tasks.Task`1[Microsoft.AspNetCore.Mvc.IActionResult] GetAll(System.Threading.CancellationToken) on controller LibraryApp.Api.Controllers.CategoriesController (LibraryApp.Api).
2026-06-07 11:01:17.309 +03:00 [INF] Executing OkObjectResult, writing value of type 'BookDto'.
2026-06-07 11:01:17.309 +03:00 [INF] Executed action BooksController.GetById (LibraryApp.Api) in 7.6647ms
2026-06-07 11:01:17.309 +03:00 [INF] HTTP GET /api/books/1 responded 200 in 8.2137 ms
2026-06-07 11:01:17.309 +03:00 [INF] Request finished HTTP/1.1 GET http://localhost:5112/api/books/1 - 200 null application/json; charset=utf-8 8.8626ms
2026-06-07 11:01:17.311 +03:00 [INF] Executing OkObjectResult, writing value of type 'System.Collections.Generic.List`1[[<>f__AnonymousType1`2[[System.Int32, System.Private.CoreLib, Version=8.0.0.0, Culture=neutral, PublicKeyToken=7cec85d7bea7798e],[System.String, System.Private.CoreLib, Version=8.0.0.0, Culture=neutral, PublicKeyToken=7cec85d7bea7798e]], LibraryApp.Api, Version=1.0.0.0, Culture=neutral, PublicKeyToken=null]]'.
2026-06-07 11:01:17.311 +03:00 [INF] Executing OkObjectResult, writing value of type 'System.Collections.Generic.List`1[[LibraryApp.Core.DTOs.AuthorDto, LibraryApp.Core, Version=1.0.0.0, Culture=neutral, PublicKeyToken=null]]'.
2026-06-07 11:01:17.311 +03:00 [INF] Executed action LibraryApp.Api.Controllers.CategoriesController.GetAll (LibraryApp.Api) in 3.8237ms
2026-06-07 11:01:17.311 +03:00 [INF] HTTP GET /api/categories responded 200 in 4.3072 ms
2026-06-07 11:01:17.311 +03:00 [INF] Executed action LibraryApp.Api.Controllers.AuthorsController.GetAll (LibraryApp.Api) in 4.9053ms
2026-06-07 11:01:17.311 +03:00 [INF] Request finished HTTP/1.1 GET http://localhost:5112/api/categories - 200 null application/json; charset=utf-8 4.7502ms
2026-06-07 11:01:17.312 +03:00 [INF] HTTP GET /api/authors responded 200 in 5.6049 ms
2026-06-07 11:01:17.312 +03:00 [INF] Request finished HTTP/1.1 GET http://localhost:5112/api/authors - 200 null application/json; charset=utf-8 6.1991ms
2026-06-07 11:01:22.262 +03:00 [INF] Request starting HTTP/1.1 OPTIONS http://localhost:5112/api/books/1 - null null
2026-06-07 11:01:22.263 +03:00 [INF] CORS policy execution successful.
2026-06-07 11:01:22.263 +03:00 [INF] HTTP OPTIONS /api/books/1 responded 204 in 0.3474 ms
2026-06-07 11:01:22.263 +03:00 [INF] Request finished HTTP/1.1 OPTIONS http://localhost:5112/api/books/1 - 204 null null 0.8364ms
2026-06-07 11:01:22.271 +03:00 [INF] Request starting HTTP/1.1 PUT http://localhost:5112/api/books/1 - application/json 137
2026-06-07 11:01:22.272 +03:00 [INF] CORS policy execution successful.
2026-06-07 11:01:22.276 +03:00 [INF] Route matched with {action = "Update", controller = "Books"}. Executing controller action with signature System.Threading.Tasks.Task`1[Microsoft.AspNetCore.Mvc.IActionResult] Update(Int32, UpdateBookCommand, System.Threading.CancellationToken) on controller BooksController (LibraryApp.Api).
2026-06-07 11:01:22.342 +03:00 [INF] Executing BadRequestObjectResult, writing value of type 'Microsoft.AspNetCore.Mvc.ValidationProblemDetails'.
2026-06-07 11:01:22.382 +03:00 [INF] Executed action BooksController.Update (LibraryApp.Api) in 105.4556ms
2026-06-07 11:01:22.382 +03:00 [INF] HTTP PUT /api/books/1 responded 400 in 110.2192 ms
2026-06-07 11:01:22.382 +03:00 [INF] Request finished HTTP/1.1 PUT http://localhost:5112/api/books/1 - 400 null application/problem+json; charset=utf-8 110.6785ms
2026-06-07 11:01:26.036 +03:00 [INF] Request starting HTTP/1.1 PUT http://localhost:5112/api/books/1 - application/json 137
2026-06-07 11:01:26.036 +03:00 [INF] CORS policy execution successful.
2026-06-07 11:01:26.037 +03:00 [INF] Route matched with {action = "Update", controller = "Books"}. Executing controller action with signature System.Threading.Tasks.Task`1[Microsoft.AspNetCore.Mvc.IActionResult] Update(Int32, UpdateBookCommand, System.Threading.CancellationToken) on controller BooksController (LibraryApp.Api).
2026-06-07 11:01:26.039 +03:00 [INF] Executing BadRequestObjectResult, writing value of type 'Microsoft.AspNetCore.Mvc.ValidationProblemDetails'.
2026-06-07 11:01:26.040 +03:00 [INF] Executed action BooksController.Update (LibraryApp.Api) in 2.9451ms
2026-06-07 11:01:26.040 +03:00 [INF] HTTP PUT /api/books/1 responded 400 in 3.5345 ms
2026-06-07 11:01:26.040 +03:00 [INF] Request finished HTTP/1.1 PUT http://localhost:5112/api/books/1 - 400 null application/problem+json; charset=utf-8 3.9812ms
2026-06-07 11:01:27.075 +03:00 [INF] Request starting HTTP/1.1 PUT http://localhost:5112/api/books/1 - application/json 137
2026-06-07 11:01:27.075 +03:00 [INF] CORS policy execution successful.
2026-06-07 11:01:27.075 +03:00 [INF] Route matched with {action = "Update", controller = "Books"}. Executing controller action with signature System.Threading.Tasks.Task`1[Microsoft.AspNetCore.Mvc.IActionResult] Update(Int32, UpdateBookCommand, System.Threading.CancellationToken) on controller BooksController (LibraryApp.Api).
2026-06-07 11:01:27.078 +03:00 [INF] Executing BadRequestObjectResult, writing value of type 'Microsoft.AspNetCore.Mvc.ValidationProblemDetails'.
2026-06-07 11:01:27.079 +03:00 [INF] Executed action BooksController.Update (LibraryApp.Api) in 3.2413ms
2026-06-07 11:01:27.079 +03:00 [INF] HTTP PUT /api/books/1 responded 400 in 3.8621 ms
2026-06-07 11:01:27.079 +03:00 [INF] Request finished HTTP/1.1 PUT http://localhost:5112/api/books/1 - 400 null application/problem+json; charset=utf-8 4.3888ms
2026-06-07 11:01:34.032 +03:00 [INF] Request starting HTTP/1.1 OPTIONS http://localhost:5112/api/books/1 - null null
2026-06-07 11:01:34.032 +03:00 [INF] CORS policy execution successful.
2026-06-07 11:01:34.033 +03:00 [INF] HTTP OPTIONS /api/books/1 responded 204 in 0.4855 ms
2026-06-07 11:01:34.033 +03:00 [INF] Request finished HTTP/1.1 OPTIONS http://localhost:5112/api/books/1 - 204 null null 1.1187ms
2026-06-07 11:01:34.039 +03:00 [INF] Request starting HTTP/1.1 PUT http://localhost:5112/api/books/1 - application/json 137
2026-06-07 11:01:34.039 +03:00 [INF] CORS policy execution successful.
2026-06-07 11:01:34.040 +03:00 [INF] Route matched with {action = "Update", controller = "Books"}. Executing controller action with signature System.Threading.Tasks.Task`1[Microsoft.AspNetCore.Mvc.IActionResult] Update(Int32, UpdateBookCommand, System.Threading.CancellationToken) on controller BooksController (LibraryApp.Api).
2026-06-07 11:01:34.042 +03:00 [INF] Executing BadRequestObjectResult, writing value of type 'Microsoft.AspNetCore.Mvc.ValidationProblemDetails'.
2026-06-07 11:01:34.042 +03:00 [INF] Executed action BooksController.Update (LibraryApp.Api) in 2.3469ms
2026-06-07 11:01:34.042 +03:00 [INF] HTTP PUT /api/books/1 responded 400 in 2.7286 ms
2026-06-07 11:01:34.042 +03:00 [INF] Request finished HTTP/1.1 PUT http://localhost:5112/api/books/1 - 400 null application/problem+json; charset=utf-8 3.1438ms
2026-06-07 11:05:04.676 +03:00 [INF] Request starting HTTP/1.1 GET http://localhost:5112/api/authors - application/json null
2026-06-07 11:05:04.676 +03:00 [INF] Route matched with {action = "GetAll", controller = "Authors"}. Executing controller action with signature System.Threading.Tasks.Task`1[Microsoft.AspNetCore.Mvc.IActionResult] GetAll(System.Threading.CancellationToken) on controller LibraryApp.Api.Controllers.AuthorsController (LibraryApp.Api).
2026-06-07 11:05:04.677 +03:00 [INF] Request starting HTTP/1.1 GET http://localhost:5112/api/categories - application/json null
2026-06-07 11:05:04.677 +03:00 [INF] Route matched with {action = "GetAll", controller = "Categories"}. Executing controller action with signature System.Threading.Tasks.Task`1[Microsoft.AspNetCore.Mvc.IActionResult] GetAll(System.Threading.CancellationToken) on controller LibraryApp.Api.Controllers.CategoriesController (LibraryApp.Api).
2026-06-07 11:05:04.677 +03:00 [INF] Request starting HTTP/1.1 GET http://localhost:5112/api/books/1 - application/json null
2026-06-07 11:05:04.677 +03:00 [INF] Route matched with {action = "GetById", controller = "Books"}. Executing controller action with signature System.Threading.Tasks.Task`1[Microsoft.AspNetCore.Mvc.IActionResult] GetById(Int32, System.Threading.CancellationToken) on controller BooksController (LibraryApp.Api).
2026-06-07 11:05:04.680 +03:00 [INF] Executing OkObjectResult, writing value of type 'BookDto'.
2026-06-07 11:05:04.680 +03:00 [INF] Executing OkObjectResult, writing value of type 'System.Collections.Generic.List`1[[LibraryApp.Core.DTOs.AuthorDto, LibraryApp.Core, Version=1.0.0.0, Culture=neutral, PublicKeyToken=null]]'.
2026-06-07 11:05:04.681 +03:00 [INF] Executed action LibraryApp.Api.Controllers.AuthorsController.GetAll (LibraryApp.Api) in 4.262ms
2026-06-07 11:05:04.681 +03:00 [INF] Executed action BooksController.GetById (LibraryApp.Api) in 3.3695ms
2026-06-07 11:05:04.681 +03:00 [INF] HTTP GET /api/authors responded 200 in 5.1419 ms
2026-06-07 11:05:04.681 +03:00 [INF] HTTP GET /api/books/1 responded 200 in 3.7134 ms
2026-06-07 11:05:04.681 +03:00 [INF] Request finished HTTP/1.1 GET http://localhost:5112/api/books/1 - 200 null application/json; charset=utf-8 4.074ms
2026-06-07 11:05:04.681 +03:00 [INF] Request finished HTTP/1.1 GET http://localhost:5112/api/authors - 200 null application/json; charset=utf-8 5.6538ms
2026-06-07 11:05:04.689 +03:00 [INF] Executing OkObjectResult, writing value of type 'System.Collections.Generic.List`1[[<>f__AnonymousType1`2[[System.Int32, System.Private.CoreLib, Version=8.0.0.0, Culture=neutral, PublicKeyToken=7cec85d7bea7798e],[System.String, System.Private.CoreLib, Version=8.0.0.0, Culture=neutral, PublicKeyToken=7cec85d7bea7798e]], LibraryApp.Api, Version=1.0.0.0, Culture=neutral, PublicKeyToken=null]]'.
2026-06-07 11:05:04.690 +03:00 [INF] Executed action LibraryApp.Api.Controllers.CategoriesController.GetAll (LibraryApp.Api) in 12.8028ms
2026-06-07 11:05:04.690 +03:00 [INF] HTTP GET /api/categories responded 200 in 13.2518 ms
2026-06-07 11:05:04.690 +03:00 [INF] Request finished HTTP/1.1 GET http://localhost:5112/api/categories - 200 null application/json; charset=utf-8 13.738ms
2026-06-07 11:05:05.464 +03:00 [INF] Request starting HTTP/1.1 GET http://localhost:5112/api/authors - application/json null
2026-06-07 11:05:05.465 +03:00 [INF] Route matched with {action = "GetAll", controller = "Authors"}. Executing controller action with signature System.Threading.Tasks.Task`1[Microsoft.AspNetCore.Mvc.IActionResult] GetAll(System.Threading.CancellationToken) on controller LibraryApp.Api.Controllers.AuthorsController (LibraryApp.Api).
2026-06-07 11:05:05.465 +03:00 [INF] Request starting HTTP/1.1 GET http://localhost:5112/api/categories - application/json null
2026-06-07 11:05:05.465 +03:00 [INF] Route matched with {action = "GetAll", controller = "Categories"}. Executing controller action with signature System.Threading.Tasks.Task`1[Microsoft.AspNetCore.Mvc.IActionResult] GetAll(System.Threading.CancellationToken) on controller LibraryApp.Api.Controllers.CategoriesController (LibraryApp.Api).
2026-06-07 11:05:05.466 +03:00 [INF] Request starting HTTP/1.1 GET http://localhost:5112/api/books/1 - application/json null
2026-06-07 11:05:05.467 +03:00 [INF] Route matched with {action = "GetById", controller = "Books"}. Executing controller action with signature System.Threading.Tasks.Task`1[Microsoft.AspNetCore.Mvc.IActionResult] GetById(Int32, System.Threading.CancellationToken) on controller BooksController (LibraryApp.Api).
2026-06-07 11:05:05.468 +03:00 [INF] Executing OkObjectResult, writing value of type 'System.Collections.Generic.List`1[[LibraryApp.Core.DTOs.AuthorDto, LibraryApp.Core, Version=1.0.0.0, Culture=neutral, PublicKeyToken=null]]'.
2026-06-07 11:05:05.468 +03:00 [INF] Executing OkObjectResult, writing value of type 'System.Collections.Generic.List`1[[<>f__AnonymousType1`2[[System.Int32, System.Private.CoreLib, Version=8.0.0.0, Culture=neutral, PublicKeyToken=7cec85d7bea7798e],[System.String, System.Private.CoreLib, Version=8.0.0.0, Culture=neutral, PublicKeyToken=7cec85d7bea7798e]], LibraryApp.Api, Version=1.0.0.0, Culture=neutral, PublicKeyToken=null]]'.
2026-06-07 11:05:05.470 +03:00 [INF] Executed action LibraryApp.Api.Controllers.AuthorsController.GetAll (LibraryApp.Api) in 4.9321ms
2026-06-07 11:05:05.470 +03:00 [INF] Executed action LibraryApp.Api.Controllers.CategoriesController.GetAll (LibraryApp.Api) in 4.4266ms
2026-06-07 11:05:05.470 +03:00 [INF] HTTP GET /api/categories responded 200 in 5.1052 ms
2026-06-07 11:05:05.470 +03:00 [INF] HTTP GET /api/authors responded 200 in 5.5832 ms
2026-06-07 11:05:05.470 +03:00 [INF] Request finished HTTP/1.1 GET http://localhost:5112/api/categories - 200 null application/json; charset=utf-8 5.5201ms
2026-06-07 11:05:05.471 +03:00 [INF] Request finished HTTP/1.1 GET http://localhost:5112/api/authors - 200 null application/json; charset=utf-8 6.4117ms
2026-06-07 11:05:05.473 +03:00 [INF] Executing OkObjectResult, writing value of type 'BookDto'.
2026-06-07 11:05:05.473 +03:00 [INF] Executed action BooksController.GetById (LibraryApp.Api) in 6.0476ms
2026-06-07 11:05:05.473 +03:00 [INF] HTTP GET /api/books/1 responded 200 in 6.4483 ms
2026-06-07 11:05:05.474 +03:00 [INF] Request finished HTTP/1.1 GET http://localhost:5112/api/books/1 - 200 null application/json; charset=utf-8 7.2768ms
2026-06-07 11:05:06.421 +03:00 [INF] Request starting HTTP/1.1 OPTIONS http://localhost:5112/api/authors - null null
2026-06-07 11:05:06.422 +03:00 [INF] CORS policy execution successful.
2026-06-07 11:05:06.422 +03:00 [INF] HTTP OPTIONS /api/authors responded 204 in 0.2816 ms
2026-06-07 11:05:06.422 +03:00 [INF] Request finished HTTP/1.1 OPTIONS http://localhost:5112/api/authors - 204 null null 0.7282ms
2026-06-07 11:05:06.423 +03:00 [INF] Request starting HTTP/1.1 OPTIONS http://localhost:5112/api/categories - null null
2026-06-07 11:05:06.423 +03:00 [INF] CORS policy execution successful.
2026-06-07 11:05:06.423 +03:00 [INF] HTTP OPTIONS /api/categories responded 204 in 0.1717 ms
2026-06-07 11:05:06.423 +03:00 [INF] Request finished HTTP/1.1 OPTIONS http://localhost:5112/api/categories - 204 null null 0.4062ms
2026-06-07 11:05:06.449 +03:00 [INF] Request starting HTTP/1.1 GET http://localhost:5112/api/authors - application/json null
2026-06-07 11:05:06.449 +03:00 [INF] CORS policy execution successful.
2026-06-07 11:05:06.449 +03:00 [INF] Route matched with {action = "GetAll", controller = "Authors"}. Executing controller action with signature System.Threading.Tasks.Task`1[Microsoft.AspNetCore.Mvc.IActionResult] GetAll(System.Threading.CancellationToken) on controller LibraryApp.Api.Controllers.AuthorsController (LibraryApp.Api).
2026-06-07 11:05:06.451 +03:00 [INF] Request starting HTTP/1.1 GET http://localhost:5112/api/categories - application/json null
2026-06-07 11:05:06.451 +03:00 [INF] CORS policy execution successful.
2026-06-07 11:05:06.451 +03:00 [INF] Request starting HTTP/1.1 OPTIONS http://localhost:5112/api/books/1 - null null
2026-06-07 11:05:06.451 +03:00 [INF] Route matched with {action = "GetAll", controller = "Categories"}. Executing controller action with signature System.Threading.Tasks.Task`1[Microsoft.AspNetCore.Mvc.IActionResult] GetAll(System.Threading.CancellationToken) on controller LibraryApp.Api.Controllers.CategoriesController (LibraryApp.Api).
2026-06-07 11:05:06.451 +03:00 [INF] CORS policy execution successful.
2026-06-07 11:05:06.452 +03:00 [INF] HTTP OPTIONS /api/books/1 responded 204 in 0.1460 ms
2026-06-07 11:05:06.452 +03:00 [INF] Request finished HTTP/1.1 OPTIONS http://localhost:5112/api/books/1 - 204 null null 0.4335ms
2026-06-07 11:05:06.463 +03:00 [INF] Executing OkObjectResult, writing value of type 'System.Collections.Generic.List`1[[LibraryApp.Core.DTOs.AuthorDto, LibraryApp.Core, Version=1.0.0.0, Culture=neutral, PublicKeyToken=null]]'.
2026-06-07 11:05:06.464 +03:00 [INF] Executed action LibraryApp.Api.Controllers.AuthorsController.GetAll (LibraryApp.Api) in 14.4657ms
2026-06-07 11:05:06.464 +03:00 [INF] HTTP GET /api/authors responded 200 in 14.9330 ms
2026-06-07 11:05:06.464 +03:00 [INF] Request finished HTTP/1.1 GET http://localhost:5112/api/authors - 200 null application/json; charset=utf-8 15.4459ms
2026-06-07 11:05:06.465 +03:00 [INF] Request starting HTTP/1.1 GET http://localhost:5112/api/books/1 - application/json null
2026-06-07 11:05:06.465 +03:00 [INF] CORS policy execution successful.
2026-06-07 11:05:06.465 +03:00 [INF] Route matched with {action = "GetById", controller = "Books"}. Executing controller action with signature System.Threading.Tasks.Task`1[Microsoft.AspNetCore.Mvc.IActionResult] GetById(Int32, System.Threading.CancellationToken) on controller BooksController (LibraryApp.Api).
2026-06-07 11:05:06.472 +03:00 [INF] Executing OkObjectResult, writing value of type 'BookDto'.
2026-06-07 11:05:06.472 +03:00 [INF] Executed action BooksController.GetById (LibraryApp.Api) in 6.2878ms
2026-06-07 11:05:06.472 +03:00 [INF] HTTP GET /api/books/1 responded 200 in 7.1998 ms
2026-06-07 11:05:06.472 +03:00 [INF] Request finished HTTP/1.1 GET http://localhost:5112/api/books/1 - 200 null application/json; charset=utf-8 7.5527ms
2026-06-07 11:05:06.484 +03:00 [INF] Executing OkObjectResult, writing value of type 'System.Collections.Generic.List`1[[<>f__AnonymousType1`2[[System.Int32, System.Private.CoreLib, Version=8.0.0.0, Culture=neutral, PublicKeyToken=7cec85d7bea7798e],[System.String, System.Private.CoreLib, Version=8.0.0.0, Culture=neutral, PublicKeyToken=7cec85d7bea7798e]], LibraryApp.Api, Version=1.0.0.0, Culture=neutral, PublicKeyToken=null]]'.
2026-06-07 11:05:06.485 +03:00 [INF] Executed action LibraryApp.Api.Controllers.CategoriesController.GetAll (LibraryApp.Api) in 33.7454ms
2026-06-07 11:05:06.485 +03:00 [INF] HTTP GET /api/categories responded 200 in 34.1065 ms
2026-06-07 11:05:06.493 +03:00 [INF] Request finished HTTP/1.1 GET http://localhost:5112/api/categories - 200 null application/json; charset=utf-8 42.2149ms
2026-06-07 11:05:09.348 +03:00 [INF] Request starting HTTP/1.1 OPTIONS http://localhost:5112/api/books/1 - null null
2026-06-07 11:05:09.348 +03:00 [INF] CORS policy execution successful.
2026-06-07 11:05:09.349 +03:00 [INF] HTTP OPTIONS /api/books/1 responded 204 in 0.2270 ms
2026-06-07 11:05:09.349 +03:00 [INF] Request finished HTTP/1.1 OPTIONS http://localhost:5112/api/books/1 - 204 null null 0.7494ms
2026-06-07 11:05:09.357 +03:00 [INF] Request starting HTTP/1.1 PUT http://localhost:5112/api/books/1 - application/json 149
2026-06-07 11:05:09.358 +03:00 [INF] CORS policy execution successful.
2026-06-07 11:05:09.360 +03:00 [INF] Route matched with {action = "Update", controller = "Books"}. Executing controller action with signature System.Threading.Tasks.Task`1[Microsoft.AspNetCore.Mvc.IActionResult] Update(Int32, UpdateBookCommand, System.Threading.CancellationToken) on controller BooksController (LibraryApp.Api).
2026-06-07 11:05:09.643 +03:00 [INF] Executed action BooksController.Update (LibraryApp.Api) in 283.1137ms
2026-06-07 11:05:09.644 +03:00 [ERR] HTTP PUT /api/books/1 responded 500 in 286.4653 ms
System.ArgumentNullException: Value cannot be null. (Parameter 'first')
   at System.Linq.ThrowHelper.ThrowArgumentNullException(ExceptionArgument argument)
   at System.Linq.Enumerable.Except[TSource](IEnumerable`1 first, IEnumerable`1 second)
   at LibraryApp.Data.Services.BookService.UpdateAsync(Int32 bookId, UpdateBookCommand cmd, CancellationToken ct) in c:\Users\Thales\Desktop\netcore\LibraryApp\LibraryApp.Data\Services\BookService.cs:line 134
   at BooksController.Update(Int32 id, UpdateBookCommand command, CancellationToken ct) in c:\Users\Thales\Desktop\netcore\LibraryApp\LibraryApp.Api\Controllers\BooksController.cs:line 64
   at Microsoft.AspNetCore.Mvc.Infrastructure.ActionMethodExecutor.TaskOfIActionResultExecutor.Execute(ActionContext actionContext, IActionResultTypeMapper mapper, ObjectMethodExecutor executor, Object controller, Object[] arguments)
   at Microsoft.AspNetCore.Mvc.Infrastructure.ControllerActionInvoker.<InvokeActionMethodAsync>g__Awaited|12_0(ControllerActionInvoker invoker, ValueTask`1 actionResultValueTask)
   at Microsoft.AspNetCore.Mvc.Infrastructure.ControllerActionInvoker.<InvokeNextActionFilterAsync>g__Awaited|10_0(ControllerActionInvoker invoker, Task lastTask, State next, Scope scope, Object state, Boolean isCompleted)
   at Microsoft.AspNetCore.Mvc.Infrastructure.ControllerActionInvoker.Rethrow(ActionExecutedContextSealed context)
   at Microsoft.AspNetCore.Mvc.Infrastructure.ControllerActionInvoker.Next(State& next, Scope& scope, Object& state, Boolean& isCompleted)
   at Microsoft.AspNetCore.Mvc.Infrastructure.ControllerActionInvoker.<InvokeInnerFilterAsync>g__Awaited|13_0(ControllerActionInvoker invoker, Task lastTask, State next, Scope scope, Object state, Boolean isCompleted)
   at Microsoft.AspNetCore.Mvc.Infrastructure.ResourceInvoker.<InvokeFilterPipelineAsync>g__Awaited|20_0(ResourceInvoker invoker, Task lastTask, State next, Scope scope, Object state, Boolean isCompleted)
   at Microsoft.AspNetCore.Mvc.Infrastructure.ResourceInvoker.<InvokeAsync>g__Logged|17_1(ResourceInvoker invoker)
   at Microsoft.AspNetCore.Mvc.Infrastructure.ResourceInvoker.<InvokeAsync>g__Logged|17_1(ResourceInvoker invoker)
   at Swashbuckle.AspNetCore.SwaggerUI.SwaggerUIMiddleware.Invoke(HttpContext httpContext)
   at Swashbuckle.AspNetCore.Swagger.SwaggerMiddleware.Invoke(HttpContext httpContext, ISwaggerProvider swaggerProvider)
   at Serilog.AspNetCore.RequestLoggingMiddleware.Invoke(HttpContext httpContext)
2026-06-07 11:05:09.693 +03:00 [ERR] Unhandled exception on PUT /api/books/1
System.ArgumentNullException: Value cannot be null. (Parameter 'first')
   at System.Linq.ThrowHelper.ThrowArgumentNullException(ExceptionArgument argument)
   at System.Linq.Enumerable.Except[TSource](IEnumerable`1 first, IEnumerable`1 second)
   at LibraryApp.Data.Services.BookService.UpdateAsync(Int32 bookId, UpdateBookCommand cmd, CancellationToken ct) in c:\Users\Thales\Desktop\netcore\LibraryApp\LibraryApp.Data\Services\BookService.cs:line 134
   at BooksController.Update(Int32 id, UpdateBookCommand command, CancellationToken ct) in c:\Users\Thales\Desktop\netcore\LibraryApp\LibraryApp.Api\Controllers\BooksController.cs:line 64
   at Microsoft.AspNetCore.Mvc.Infrastructure.ActionMethodExecutor.TaskOfIActionResultExecutor.Execute(ActionContext actionContext, IActionResultTypeMapper mapper, ObjectMethodExecutor executor, Object controller, Object[] arguments)
   at Microsoft.AspNetCore.Mvc.Infrastructure.ControllerActionInvoker.<InvokeActionMethodAsync>g__Awaited|12_0(ControllerActionInvoker invoker, ValueTask`1 actionResultValueTask)
   at Microsoft.AspNetCore.Mvc.Infrastructure.ControllerActionInvoker.<InvokeNextActionFilterAsync>g__Awaited|10_0(ControllerActionInvoker invoker, Task lastTask, State next, Scope scope, Object state, Boolean isCompleted)
   at Microsoft.AspNetCore.Mvc.Infrastructure.ControllerActionInvoker.Rethrow(ActionExecutedContextSealed context)
   at Microsoft.AspNetCore.Mvc.Infrastructure.ControllerActionInvoker.Next(State& next, Scope& scope, Object& state, Boolean& isCompleted)
   at Microsoft.AspNetCore.Mvc.Infrastructure.ControllerActionInvoker.<InvokeInnerFilterAsync>g__Awaited|13_0(ControllerActionInvoker invoker, Task lastTask, State next, Scope scope, Object state, Boolean isCompleted)
   at Microsoft.AspNetCore.Mvc.Infrastructure.ResourceInvoker.<InvokeFilterPipelineAsync>g__Awaited|20_0(ResourceInvoker invoker, Task lastTask, State next, Scope scope, Object state, Boolean isCompleted)
   at Microsoft.AspNetCore.Mvc.Infrastructure.ResourceInvoker.<InvokeAsync>g__Logged|17_1(ResourceInvoker invoker)
   at Microsoft.AspNetCore.Mvc.Infrastructure.ResourceInvoker.<InvokeAsync>g__Logged|17_1(ResourceInvoker invoker)
   at Swashbuckle.AspNetCore.SwaggerUI.SwaggerUIMiddleware.Invoke(HttpContext httpContext)
   at Swashbuckle.AspNetCore.Swagger.SwaggerMiddleware.Invoke(HttpContext httpContext, ISwaggerProvider swaggerProvider)
   at Serilog.AspNetCore.RequestLoggingMiddleware.Invoke(HttpContext httpContext)
   at LibraryApp.Api.Middleware.ExceptionMiddleware.InvokeAsync(HttpContext context) in c:\Users\Thales\Desktop\netcore\LibraryApp\LibraryApp.Api\Middleware\ExceptionMiddleware.cs:line 22
2026-06-07 11:05:09.699 +03:00 [INF] Request finished HTTP/1.1 PUT http://localhost:5112/api/books/1 - 500 null application/problem+json 342.1282ms
2026-06-07 11:05:32.222 +03:00 [INF] Request starting HTTP/1.1 OPTIONS http://localhost:5112/api/books/1 - null null
2026-06-07 11:05:32.225 +03:00 [INF] CORS policy execution successful.
2026-06-07 11:05:32.226 +03:00 [INF] HTTP OPTIONS /api/books/1 responded 204 in 0.3405 ms
2026-06-07 11:05:32.226 +03:00 [INF] Request finished HTTP/1.1 OPTIONS http://localhost:5112/api/books/1 - 204 null null 3.7159ms
2026-06-07 11:05:32.281 +03:00 [INF] Request starting HTTP/1.1 GET http://localhost:5112/api/books/1 - application/json null
2026-06-07 11:05:32.281 +03:00 [INF] CORS policy execution successful.
2026-06-07 11:05:32.281 +03:00 [INF] Route matched with {action = "GetById", controller = "Books"}. Executing controller action with signature System.Threading.Tasks.Task`1[Microsoft.AspNetCore.Mvc.IActionResult] GetById(Int32, System.Threading.CancellationToken) on controller BooksController (LibraryApp.Api).
2026-06-07 11:05:32.291 +03:00 [INF] Executing OkObjectResult, writing value of type 'BookDto'.
2026-06-07 11:05:32.298 +03:00 [INF] Executed action BooksController.GetById (LibraryApp.Api) in 16.4127ms
2026-06-07 11:05:32.298 +03:00 [INF] HTTP GET /api/books/1 responded 200 in 17.3587 ms
2026-06-07 11:05:32.299 +03:00 [INF] Request finished HTTP/1.1 GET http://localhost:5112/api/books/1 - 200 null application/json; charset=utf-8 18.2235ms
2026-06-07 11:05:34.435 +03:00 [INF] Request starting HTTP/1.1 OPTIONS http://localhost:5112/api/books?page=1&pageSize=20 - null null
2026-06-07 11:05:34.436 +03:00 [INF] CORS policy execution successful.
2026-06-07 11:05:34.436 +03:00 [INF] HTTP OPTIONS /api/books responded 204 in 0.1743 ms
2026-06-07 11:05:34.436 +03:00 [INF] Request finished HTTP/1.1 OPTIONS http://localhost:5112/api/books?page=1&pageSize=20 - 204 null null 0.5669ms
2026-06-07 11:05:34.442 +03:00 [INF] Request starting HTTP/1.1 GET http://localhost:5112/api/books?page=1&pageSize=20 - application/json null
2026-06-07 11:05:34.442 +03:00 [INF] CORS policy execution successful.
2026-06-07 11:05:34.442 +03:00 [INF] Route matched with {action = "Search", controller = "Books"}. Executing controller action with signature System.Threading.Tasks.Task`1[Microsoft.AspNetCore.Mvc.IActionResult] Search(BookSearchQuery, System.Threading.CancellationToken) on controller BooksController (LibraryApp.Api).
2026-06-07 11:05:34.453 +03:00 [INF] Executing OkObjectResult, writing value of type 'PagedResult`1[[BookDto, LibraryApp.Core, Version=1.0.0.0, Culture=neutral, PublicKeyToken=null]]'.
2026-06-07 11:05:34.453 +03:00 [INF] Executed action BooksController.Search (LibraryApp.Api) in 10.3718ms
2026-06-07 11:05:34.453 +03:00 [INF] HTTP GET /api/books responded 200 in 11.0703 ms
2026-06-07 11:05:34.453 +03:00 [INF] Request finished HTTP/1.1 GET http://localhost:5112/api/books?page=1&pageSize=20 - 200 null application/json; charset=utf-8 11.4069ms
2026-06-07 11:05:36.660 +03:00 [INF] Request starting HTTP/1.1 GET http://localhost:5112/api/books?page=1&pageSize=20 - application/json null
2026-06-07 11:05:36.661 +03:00 [INF] CORS policy execution successful.
2026-06-07 11:05:36.661 +03:00 [INF] Route matched with {action = "Search", controller = "Books"}. Executing controller action with signature System.Threading.Tasks.Task`1[Microsoft.AspNetCore.Mvc.IActionResult] Search(BookSearchQuery, System.Threading.CancellationToken) on controller BooksController (LibraryApp.Api).
2026-06-07 11:05:36.669 +03:00 [INF] Executing OkObjectResult, writing value of type 'PagedResult`1[[BookDto, LibraryApp.Core, Version=1.0.0.0, Culture=neutral, PublicKeyToken=null]]'.
2026-06-07 11:05:36.670 +03:00 [INF] Executed action BooksController.Search (LibraryApp.Api) in 8.519ms
2026-06-07 11:05:36.670 +03:00 [INF] HTTP GET /api/books responded 200 in 9.1889 ms
2026-06-07 11:05:36.670 +03:00 [INF] Request finished HTTP/1.1 GET http://localhost:5112/api/books?page=1&pageSize=20 - 200 null application/json; charset=utf-8 9.5186ms
2026-06-07 11:08:26.244 +03:00 [INF] Request starting HTTP/1.1 PUT http://localhost:5112/api/Books/1 - application/json 152
2026-06-07 11:08:26.244 +03:00 [INF] CORS policy execution failed.
2026-06-07 11:08:26.245 +03:00 [INF] Request origin http://localhost:5112 does not have permission to access the resource.
2026-06-07 11:08:26.245 +03:00 [INF] Route matched with {action = "Update", controller = "Books"}. Executing controller action with signature System.Threading.Tasks.Task`1[Microsoft.AspNetCore.Mvc.IActionResult] Update(Int32, UpdateBookCommand, System.Threading.CancellationToken) on controller BooksController (LibraryApp.Api).
2026-06-07 11:08:26.282 +03:00 [INF] Executing BadRequestObjectResult, writing value of type 'Microsoft.AspNetCore.Mvc.ValidationProblemDetails'.
2026-06-07 11:08:26.283 +03:00 [INF] Executed action BooksController.Update (LibraryApp.Api) in 37.8546ms
2026-06-07 11:08:26.283 +03:00 [INF] HTTP PUT /api/Books/1 responded 400 in 39.1761 ms
2026-06-07 11:08:26.283 +03:00 [INF] Request finished HTTP/1.1 PUT http://localhost:5112/api/Books/1 - 400 null application/problem+json; charset=utf-8 39.6681ms
2026-06-07 11:09:18.714 +03:00 [INF] Request starting HTTP/1.1 PUT http://localhost:5112/api/Books/1 - application/json 157
2026-06-07 11:09:18.714 +03:00 [INF] CORS policy execution failed.
2026-06-07 11:09:18.715 +03:00 [INF] Request origin http://localhost:5112 does not have permission to access the resource.
2026-06-07 11:09:18.715 +03:00 [INF] Route matched with {action = "Update", controller = "Books"}. Executing controller action with signature System.Threading.Tasks.Task`1[Microsoft.AspNetCore.Mvc.IActionResult] Update(Int32, UpdateBookCommand, System.Threading.CancellationToken) on controller BooksController (LibraryApp.Api).
2026-06-07 11:09:18.730 +03:00 [INF] Executing BadRequestObjectResult, writing value of type 'Microsoft.AspNetCore.Mvc.ValidationProblemDetails'.
2026-06-07 11:09:18.731 +03:00 [INF] Executed action BooksController.Update (LibraryApp.Api) in 16.1948ms
2026-06-07 11:09:18.731 +03:00 [INF] HTTP PUT /api/Books/1 responded 400 in 16.8660 ms
2026-06-07 11:09:18.732 +03:00 [INF] Request finished HTTP/1.1 PUT http://localhost:5112/api/Books/1 - 400 null application/problem+json; charset=utf-8 17.7972ms
2026-06-07 11:09:59.928 +03:00 [INF] Request starting HTTP/1.1 PUT http://localhost:5112/api/Books/1 - application/json 164
2026-06-07 11:09:59.929 +03:00 [INF] CORS policy execution failed.
2026-06-07 11:09:59.929 +03:00 [INF] Request origin http://localhost:5112 does not have permission to access the resource.
2026-06-07 11:09:59.929 +03:00 [INF] Route matched with {action = "Update", controller = "Books"}. Executing controller action with signature System.Threading.Tasks.Task`1[Microsoft.AspNetCore.Mvc.IActionResult] Update(Int32, UpdateBookCommand, System.Threading.CancellationToken) on controller BooksController (LibraryApp.Api).
2026-06-07 11:10:00.045 +03:00 [INF] Book 1 updated via raw SQL: 1 authors, 1 categories
2026-06-07 11:10:00.106 +03:00 [INF] Book 1 'aaaaa' updated via raw SQL. Authors: [1]. Categories: [1].
2026-06-07 11:10:00.109 +03:00 [INF] Executing OkObjectResult, writing value of type 'BookDto'.
2026-06-07 11:10:00.110 +03:00 [INF] Executed action BooksController.Update (LibraryApp.Api) in 180.553ms
2026-06-07 11:10:00.110 +03:00 [INF] HTTP PUT /api/Books/1 responded 200 in 181.4321 ms
2026-06-07 11:10:00.113 +03:00 [INF] Request finished HTTP/1.1 PUT http://localhost:5112/api/Books/1 - 200 null application/json; charset=utf-8 184.4152ms
2026-06-07 11:10:10.508 +03:00 [INF] Request starting HTTP/1.1 PUT http://localhost:5112/api/Books/1 - application/json 140
2026-06-07 11:10:10.508 +03:00 [INF] CORS policy execution failed.
2026-06-07 11:10:10.509 +03:00 [INF] Request origin http://localhost:5112 does not have permission to access the resource.
2026-06-07 11:10:10.509 +03:00 [INF] Route matched with {action = "Update", controller = "Books"}. Executing controller action with signature System.Threading.Tasks.Task`1[Microsoft.AspNetCore.Mvc.IActionResult] Update(Int32, UpdateBookCommand, System.Threading.CancellationToken) on controller BooksController (LibraryApp.Api).
2026-06-07 11:10:10.524 +03:00 [ERR] SQL error while updating book 1: Cannot insert the value NULL into column 'PublicationYear', table 'LibraryDb.dbo.Books'; column does not allow nulls. UPDATE fails.
The statement has been terminated.
Microsoft.Data.SqlClient.SqlException (0x80131904): Cannot insert the value NULL into column 'PublicationYear', table 'LibraryDb.dbo.Books'; column does not allow nulls. UPDATE fails.
The statement has been terminated.
   at Microsoft.Data.SqlClient.SqlConnection.OnError(SqlException exception, Boolean breakConnection, Action`1 wrapCloseInAction)
   at Microsoft.Data.SqlClient.SqlInternalConnection.OnError(SqlException exception, Boolean breakConnection, Action`1 wrapCloseInAction)
   at Microsoft.Data.SqlClient.TdsParser.ThrowExceptionAndWarning(TdsParserStateObject stateObj, Boolean callerHasConnectionLock, Boolean asyncClose)
   at Microsoft.Data.SqlClient.TdsParser.TryRun(RunBehavior runBehavior, SqlCommand cmdHandler, SqlDataReader dataStream, BulkCopySimpleResultSet bulkCopyHandler, TdsParserStateObject stateObj, Boolean& dataReady)
   at Microsoft.Data.SqlClient.SqlCommand.FinishExecuteReader(SqlDataReader ds, RunBehavior runBehavior, String resetOptionsString, Boolean isInternal, Boolean forDescribeParameterEncryption, Boolean shouldCacheForAlwaysEncrypted)
   at Microsoft.Data.SqlClient.SqlCommand.CompleteAsyncExecuteReader(Boolean isInternal, Boolean forDescribeParameterEncryption)
   at Microsoft.Data.SqlClient.SqlCommand.InternalEndExecuteNonQuery(IAsyncResult asyncResult, Boolean isInternal, String endMethod)
   at Microsoft.Data.SqlClient.SqlCommand.EndExecuteNonQueryInternal(IAsyncResult asyncResult)
   at Microsoft.Data.SqlClient.SqlCommand.EndExecuteNonQueryAsync(IAsyncResult asyncResult)
   at Microsoft.Data.SqlClient.SqlCommand.<>c.<InternalExecuteNonQueryAsync>b__210_1(IAsyncResult result)
   at System.Threading.Tasks.TaskFactory`1.FromAsyncCoreLogic(IAsyncResult iar, Func`2 endFunction, Action`1 endAction, Task`1 promise, Boolean requiresSynchronization)
--- End of stack trace from previous location ---
   at LibraryApp.Data.Repositories.BookRepository.UpdateAsync(Int32 bookId, UpdateBookCommand cmd, CancellationToken ct) in c:\Users\Thales\Desktop\netcore\LibraryApp\LibraryApp.Data\Repositories\BookRepository.cs:line 251
ClientConnectionId:4451553e-493e-4b05-b63a-73891cd34e6f
Error Number:515,State:2,Class:16
2026-06-07 11:10:10.537 +03:00 [ERR] Failed to update book 1.
Microsoft.Data.SqlClient.SqlException (0x80131904): Cannot insert the value NULL into column 'PublicationYear', table 'LibraryDb.dbo.Books'; column does not allow nulls. UPDATE fails.
The statement has been terminated.
   at Microsoft.Data.SqlClient.SqlConnection.OnError(SqlException exception, Boolean breakConnection, Action`1 wrapCloseInAction)
   at Microsoft.Data.SqlClient.SqlInternalConnection.OnError(SqlException exception, Boolean breakConnection, Action`1 wrapCloseInAction)
   at Microsoft.Data.SqlClient.TdsParser.ThrowExceptionAndWarning(TdsParserStateObject stateObj, Boolean callerHasConnectionLock, Boolean asyncClose)
   at Microsoft.Data.SqlClient.TdsParser.TryRun(RunBehavior runBehavior, SqlCommand cmdHandler, SqlDataReader dataStream, BulkCopySimpleResultSet bulkCopyHandler, TdsParserStateObject stateObj, Boolean& dataReady)
   at Microsoft.Data.SqlClient.SqlCommand.FinishExecuteReader(SqlDataReader ds, RunBehavior runBehavior, String resetOptionsString, Boolean isInternal, Boolean forDescribeParameterEncryption, Boolean shouldCacheForAlwaysEncrypted)
   at Microsoft.Data.SqlClient.SqlCommand.CompleteAsyncExecuteReader(Boolean isInternal, Boolean forDescribeParameterEncryption)
   at Microsoft.Data.SqlClient.SqlCommand.InternalEndExecuteNonQuery(IAsyncResult asyncResult, Boolean isInternal, String endMethod)
   at Microsoft.Data.SqlClient.SqlCommand.EndExecuteNonQueryInternal(IAsyncResult asyncResult)
   at Microsoft.Data.SqlClient.SqlCommand.EndExecuteNonQueryAsync(IAsyncResult asyncResult)
   at Microsoft.Data.SqlClient.SqlCommand.<>c.<InternalExecuteNonQueryAsync>b__210_1(IAsyncResult result)
   at System.Threading.Tasks.TaskFactory`1.FromAsyncCoreLogic(IAsyncResult iar, Func`2 endFunction, Action`1 endAction, Task`1 promise, Boolean requiresSynchronization)
--- End of stack trace from previous location ---
   at LibraryApp.Data.Repositories.BookRepository.UpdateAsync(Int32 bookId, UpdateBookCommand cmd, CancellationToken ct) in c:\Users\Thales\Desktop\netcore\LibraryApp\LibraryApp.Data\Repositories\BookRepository.cs:line 251
   at LibraryApp.Data.Services.BookService.UpdateAsync(Int32 bookId, UpdateBookCommand cmd, CancellationToken ct) in c:\Users\Thales\Desktop\netcore\LibraryApp\LibraryApp.Data\Services\BookService.cs:line 155
ClientConnectionId:4451553e-493e-4b05-b63a-73891cd34e6f
Error Number:515,State:2,Class:16
2026-06-07 11:10:10.541 +03:00 [INF] Executed action BooksController.Update (LibraryApp.Api) in 31.9498ms
2026-06-07 11:10:10.541 +03:00 [ERR] HTTP PUT /api/Books/1 responded 500 in 32.8989 ms
Microsoft.Data.SqlClient.SqlException (0x80131904): Cannot insert the value NULL into column 'PublicationYear', table 'LibraryDb.dbo.Books'; column does not allow nulls. UPDATE fails.
The statement has been terminated.
   at Microsoft.Data.SqlClient.SqlConnection.OnError(SqlException exception, Boolean breakConnection, Action`1 wrapCloseInAction)
   at Microsoft.Data.SqlClient.SqlInternalConnection.OnError(SqlException exception, Boolean breakConnection, Action`1 wrapCloseInAction)
   at Microsoft.Data.SqlClient.TdsParser.ThrowExceptionAndWarning(TdsParserStateObject stateObj, Boolean callerHasConnectionLock, Boolean asyncClose)
   at Microsoft.Data.SqlClient.TdsParser.TryRun(RunBehavior runBehavior, SqlCommand cmdHandler, SqlDataReader dataStream, BulkCopySimpleResultSet bulkCopyHandler, TdsParserStateObject stateObj, Boolean& dataReady)
   at Microsoft.Data.SqlClient.SqlCommand.FinishExecuteReader(SqlDataReader ds, RunBehavior runBehavior, String resetOptionsString, Boolean isInternal, Boolean forDescribeParameterEncryption, Boolean shouldCacheForAlwaysEncrypted)
   at Microsoft.Data.SqlClient.SqlCommand.CompleteAsyncExecuteReader(Boolean isInternal, Boolean forDescribeParameterEncryption)
   at Microsoft.Data.SqlClient.SqlCommand.InternalEndExecuteNonQuery(IAsyncResult asyncResult, Boolean isInternal, String endMethod)
   at Microsoft.Data.SqlClient.SqlCommand.EndExecuteNonQueryInternal(IAsyncResult asyncResult)
   at Microsoft.Data.SqlClient.SqlCommand.EndExecuteNonQueryAsync(IAsyncResult asyncResult)
   at Microsoft.Data.SqlClient.SqlCommand.<>c.<InternalExecuteNonQueryAsync>b__210_1(IAsyncResult result)
   at System.Threading.Tasks.TaskFactory`1.FromAsyncCoreLogic(IAsyncResult iar, Func`2 endFunction, Action`1 endAction, Task`1 promise, Boolean requiresSynchronization)
--- End of stack trace from previous location ---
   at LibraryApp.Data.Repositories.BookRepository.UpdateAsync(Int32 bookId, UpdateBookCommand cmd, CancellationToken ct) in c:\Users\Thales\Desktop\netcore\LibraryApp\LibraryApp.Data\Repositories\BookRepository.cs:line 251
   at LibraryApp.Data.Services.BookService.UpdateAsync(Int32 bookId, UpdateBookCommand cmd, CancellationToken ct) in c:\Users\Thales\Desktop\netcore\LibraryApp\LibraryApp.Data\Services\BookService.cs:line 155
   at LibraryApp.Data.Services.BookService.UpdateAsync(Int32 bookId, UpdateBookCommand cmd, CancellationToken ct) in c:\Users\Thales\Desktop\netcore\LibraryApp\LibraryApp.Data\Services\BookService.cs:line 172
   at BooksController.Update(Int32 id, UpdateBookCommand command, CancellationToken ct) in c:\Users\Thales\Desktop\netcore\LibraryApp\LibraryApp.Api\Controllers\BooksController.cs:line 64
   at Microsoft.AspNetCore.Mvc.Infrastructure.ActionMethodExecutor.TaskOfIActionResultExecutor.Execute(ActionContext actionContext, IActionResultTypeMapper mapper, ObjectMethodExecutor executor, Object controller, Object[] arguments)
   at Microsoft.AspNetCore.Mvc.Infrastructure.ControllerActionInvoker.<InvokeActionMethodAsync>g__Awaited|12_0(ControllerActionInvoker invoker, ValueTask`1 actionResultValueTask)
   at Microsoft.AspNetCore.Mvc.Infrastructure.ControllerActionInvoker.<InvokeNextActionFilterAsync>g__Awaited|10_0(ControllerActionInvoker invoker, Task lastTask, State next, Scope scope, Object state, Boolean isCompleted)
   at Microsoft.AspNetCore.Mvc.Infrastructure.ControllerActionInvoker.Rethrow(ActionExecutedContextSealed context)
   at Microsoft.AspNetCore.Mvc.Infrastructure.ControllerActionInvoker.Next(State& next, Scope& scope, Object& state, Boolean& isCompleted)
   at Microsoft.AspNetCore.Mvc.Infrastructure.ControllerActionInvoker.<InvokeInnerFilterAsync>g__Awaited|13_0(ControllerActionInvoker invoker, Task lastTask, State next, Scope scope, Object state, Boolean isCompleted)
   at Microsoft.AspNetCore.Mvc.Infrastructure.ResourceInvoker.<InvokeFilterPipelineAsync>g__Awaited|20_0(ResourceInvoker invoker, Task lastTask, State next, Scope scope, Object state, Boolean isCompleted)
   at Microsoft.AspNetCore.Mvc.Infrastructure.ResourceInvoker.<InvokeAsync>g__Logged|17_1(ResourceInvoker invoker)
   at Microsoft.AspNetCore.Mvc.Infrastructure.ResourceInvoker.<InvokeAsync>g__Logged|17_1(ResourceInvoker invoker)
   at Swashbuckle.AspNetCore.SwaggerUI.SwaggerUIMiddleware.Invoke(HttpContext httpContext)
   at Swashbuckle.AspNetCore.Swagger.SwaggerMiddleware.Invoke(HttpContext httpContext, ISwaggerProvider swaggerProvider)
   at Serilog.AspNetCore.RequestLoggingMiddleware.Invoke(HttpContext httpContext)
ClientConnectionId:4451553e-493e-4b05-b63a-73891cd34e6f
Error Number:515,State:2,Class:16
2026-06-07 11:10:10.547 +03:00 [ERR] Unhandled exception on PUT /api/Books/1
Microsoft.Data.SqlClient.SqlException (0x80131904): Cannot insert the value NULL into column 'PublicationYear', table 'LibraryDb.dbo.Books'; column does not allow nulls. UPDATE fails.
The statement has been terminated.
   at Microsoft.Data.SqlClient.SqlConnection.OnError(SqlException exception, Boolean breakConnection, Action`1 wrapCloseInAction)
   at Microsoft.Data.SqlClient.SqlInternalConnection.OnError(SqlException exception, Boolean breakConnection, Action`1 wrapCloseInAction)
   at Microsoft.Data.SqlClient.TdsParser.ThrowExceptionAndWarning(TdsParserStateObject stateObj, Boolean callerHasConnectionLock, Boolean asyncClose)
   at Microsoft.Data.SqlClient.TdsParser.TryRun(RunBehavior runBehavior, SqlCommand cmdHandler, SqlDataReader dataStream, BulkCopySimpleResultSet bulkCopyHandler, TdsParserStateObject stateObj, Boolean& dataReady)
   at Microsoft.Data.SqlClient.SqlCommand.FinishExecuteReader(SqlDataReader ds, RunBehavior runBehavior, String resetOptionsString, Boolean isInternal, Boolean forDescribeParameterEncryption, Boolean shouldCacheForAlwaysEncrypted)
   at Microsoft.Data.SqlClient.SqlCommand.CompleteAsyncExecuteReader(Boolean isInternal, Boolean forDescribeParameterEncryption)
   at Microsoft.Data.SqlClient.SqlCommand.InternalEndExecuteNonQuery(IAsyncResult asyncResult, Boolean isInternal, String endMethod)
   at Microsoft.Data.SqlClient.SqlCommand.EndExecuteNonQueryInternal(IAsyncResult asyncResult)
   at Microsoft.Data.SqlClient.SqlCommand.EndExecuteNonQueryAsync(IAsyncResult asyncResult)
   at Microsoft.Data.SqlClient.SqlCommand.<>c.<InternalExecuteNonQueryAsync>b__210_1(IAsyncResult result)
   at System.Threading.Tasks.TaskFactory`1.FromAsyncCoreLogic(IAsyncResult iar, Func`2 endFunction, Action`1 endAction, Task`1 promise, Boolean requiresSynchronization)
--- End of stack trace from previous location ---
   at LibraryApp.Data.Repositories.BookRepository.UpdateAsync(Int32 bookId, UpdateBookCommand cmd, CancellationToken ct) in c:\Users\Thales\Desktop\netcore\LibraryApp\LibraryApp.Data\Repositories\BookRepository.cs:line 251
   at LibraryApp.Data.Services.BookService.UpdateAsync(Int32 bookId, UpdateBookCommand cmd, CancellationToken ct) in c:\Users\Thales\Desktop\netcore\LibraryApp\LibraryApp.Data\Services\BookService.cs:line 155
   at LibraryApp.Data.Services.BookService.UpdateAsync(Int32 bookId, UpdateBookCommand cmd, CancellationToken ct) in c:\Users\Thales\Desktop\netcore\LibraryApp\LibraryApp.Data\Services\BookService.cs:line 172
   at BooksController.Update(Int32 id, UpdateBookCommand command, CancellationToken ct) in c:\Users\Thales\Desktop\netcore\LibraryApp\LibraryApp.Api\Controllers\BooksController.cs:line 64
   at Microsoft.AspNetCore.Mvc.Infrastructure.ActionMethodExecutor.TaskOfIActionResultExecutor.Execute(ActionContext actionContext, IActionResultTypeMapper mapper, ObjectMethodExecutor executor, Object controller, Object[] arguments)
   at Microsoft.AspNetCore.Mvc.Infrastructure.ControllerActionInvoker.<InvokeActionMethodAsync>g__Awaited|12_0(ControllerActionInvoker invoker, ValueTask`1 actionResultValueTask)
   at Microsoft.AspNetCore.Mvc.Infrastructure.ControllerActionInvoker.<InvokeNextActionFilterAsync>g__Awaited|10_0(ControllerActionInvoker invoker, Task lastTask, State next, Scope scope, Object state, Boolean isCompleted)
   at Microsoft.AspNetCore.Mvc.Infrastructure.ControllerActionInvoker.Rethrow(ActionExecutedContextSealed context)
   at Microsoft.AspNetCore.Mvc.Infrastructure.ControllerActionInvoker.Next(State& next, Scope& scope, Object& state, Boolean& isCompleted)
   at Microsoft.AspNetCore.Mvc.Infrastructure.ControllerActionInvoker.<InvokeInnerFilterAsync>g__Awaited|13_0(ControllerActionInvoker invoker, Task lastTask, State next, Scope scope, Object state, Boolean isCompleted)
   at Microsoft.AspNetCore.Mvc.Infrastructure.ResourceInvoker.<InvokeFilterPipelineAsync>g__Awaited|20_0(ResourceInvoker invoker, Task lastTask, State next, Scope scope, Object state, Boolean isCompleted)
   at Microsoft.AspNetCore.Mvc.Infrastructure.ResourceInvoker.<InvokeAsync>g__Logged|17_1(ResourceInvoker invoker)
   at Microsoft.AspNetCore.Mvc.Infrastructure.ResourceInvoker.<InvokeAsync>g__Logged|17_1(ResourceInvoker invoker)
   at Swashbuckle.AspNetCore.SwaggerUI.SwaggerUIMiddleware.Invoke(HttpContext httpContext)
   at Swashbuckle.AspNetCore.Swagger.SwaggerMiddleware.Invoke(HttpContext httpContext, ISwaggerProvider swaggerProvider)
   at Serilog.AspNetCore.RequestLoggingMiddleware.Invoke(HttpContext httpContext)
   at LibraryApp.Api.Middleware.ExceptionMiddleware.InvokeAsync(HttpContext context) in c:\Users\Thales\Desktop\netcore\LibraryApp\LibraryApp.Api\Middleware\ExceptionMiddleware.cs:line 22
ClientConnectionId:4451553e-493e-4b05-b63a-73891cd34e6f
Error Number:515,State:2,Class:16
2026-06-07 11:10:10.554 +03:00 [INF] Request finished HTTP/1.1 PUT http://localhost:5112/api/Books/1 - 500 null application/problem+json 46.0632ms
2026-06-07 11:20:03.589 +03:00 [INF] Request starting HTTP/1.1 PUT http://localhost:5112/api/Books/1 - application/json 140
2026-06-07 11:20:03.590 +03:00 [INF] CORS policy execution failed.
2026-06-07 11:20:03.590 +03:00 [INF] Request origin http://localhost:5112 does not have permission to access the resource.
2026-06-07 11:20:03.590 +03:00 [INF] Route matched with {action = "Update", controller = "Books"}. Executing controller action with signature System.Threading.Tasks.Task`1[Microsoft.AspNetCore.Mvc.IActionResult] Update(Int32, UpdateBookCommand, System.Threading.CancellationToken) on controller BooksController (LibraryApp.Api).
2026-06-07 11:20:05.275 +03:00 [ERR] SQL error while updating book 1: Cannot insert the value NULL into column 'PublicationYear', table 'LibraryDb.dbo.Books'; column does not allow nulls. UPDATE fails.
The statement has been terminated.
Microsoft.Data.SqlClient.SqlException (0x80131904): Cannot insert the value NULL into column 'PublicationYear', table 'LibraryDb.dbo.Books'; column does not allow nulls. UPDATE fails.
The statement has been terminated.
   at Microsoft.Data.SqlClient.SqlConnection.OnError(SqlException exception, Boolean breakConnection, Action`1 wrapCloseInAction)
   at Microsoft.Data.SqlClient.SqlInternalConnection.OnError(SqlException exception, Boolean breakConnection, Action`1 wrapCloseInAction)
   at Microsoft.Data.SqlClient.TdsParser.ThrowExceptionAndWarning(TdsParserStateObject stateObj, Boolean callerHasConnectionLock, Boolean asyncClose)
   at Microsoft.Data.SqlClient.TdsParser.TryRun(RunBehavior runBehavior, SqlCommand cmdHandler, SqlDataReader dataStream, BulkCopySimpleResultSet bulkCopyHandler, TdsParserStateObject stateObj, Boolean& dataReady)
   at Microsoft.Data.SqlClient.SqlCommand.FinishExecuteReader(SqlDataReader ds, RunBehavior runBehavior, String resetOptionsString, Boolean isInternal, Boolean forDescribeParameterEncryption, Boolean shouldCacheForAlwaysEncrypted)
   at Microsoft.Data.SqlClient.SqlCommand.CompleteAsyncExecuteReader(Boolean isInternal, Boolean forDescribeParameterEncryption)
   at Microsoft.Data.SqlClient.SqlCommand.InternalEndExecuteNonQuery(IAsyncResult asyncResult, Boolean isInternal, String endMethod)
   at Microsoft.Data.SqlClient.SqlCommand.EndExecuteNonQueryInternal(IAsyncResult asyncResult)
   at Microsoft.Data.SqlClient.SqlCommand.EndExecuteNonQueryAsync(IAsyncResult asyncResult)
   at Microsoft.Data.SqlClient.SqlCommand.<>c.<InternalExecuteNonQueryAsync>b__210_1(IAsyncResult result)
   at System.Threading.Tasks.TaskFactory`1.FromAsyncCoreLogic(IAsyncResult iar, Func`2 endFunction, Action`1 endAction, Task`1 promise, Boolean requiresSynchronization)
--- End of stack trace from previous location ---
   at LibraryApp.Data.Repositories.BookRepository.UpdateAsync(Int32 bookId, UpdateBookCommand cmd, CancellationToken ct) in c:\Users\Thales\Desktop\netcore\LibraryApp\LibraryApp.Data\Repositories\BookRepository.cs:line 251
ClientConnectionId:d1e4bf8d-8e38-4ae9-a41d-9a11eb89f463
Error Number:515,State:2,Class:16
2026-06-07 11:20:05.277 +03:00 [ERR] Failed to update book 1.
Microsoft.Data.SqlClient.SqlException (0x80131904): Cannot insert the value NULL into column 'PublicationYear', table 'LibraryDb.dbo.Books'; column does not allow nulls. UPDATE fails.
The statement has been terminated.
   at Microsoft.Data.SqlClient.SqlConnection.OnError(SqlException exception, Boolean breakConnection, Action`1 wrapCloseInAction)
   at Microsoft.Data.SqlClient.SqlInternalConnection.OnError(SqlException exception, Boolean breakConnection, Action`1 wrapCloseInAction)
   at Microsoft.Data.SqlClient.TdsParser.ThrowExceptionAndWarning(TdsParserStateObject stateObj, Boolean callerHasConnectionLock, Boolean asyncClose)
   at Microsoft.Data.SqlClient.TdsParser.TryRun(RunBehavior runBehavior, SqlCommand cmdHandler, SqlDataReader dataStream, BulkCopySimpleResultSet bulkCopyHandler, TdsParserStateObject stateObj, Boolean& dataReady)
   at Microsoft.Data.SqlClient.SqlCommand.FinishExecuteReader(SqlDataReader ds, RunBehavior runBehavior, String resetOptionsString, Boolean isInternal, Boolean forDescribeParameterEncryption, Boolean shouldCacheForAlwaysEncrypted)
   at Microsoft.Data.SqlClient.SqlCommand.CompleteAsyncExecuteReader(Boolean isInternal, Boolean forDescribeParameterEncryption)
   at Microsoft.Data.SqlClient.SqlCommand.InternalEndExecuteNonQuery(IAsyncResult asyncResult, Boolean isInternal, String endMethod)
   at Microsoft.Data.SqlClient.SqlCommand.EndExecuteNonQueryInternal(IAsyncResult asyncResult)
   at Microsoft.Data.SqlClient.SqlCommand.EndExecuteNonQueryAsync(IAsyncResult asyncResult)
   at Microsoft.Data.SqlClient.SqlCommand.<>c.<InternalExecuteNonQueryAsync>b__210_1(IAsyncResult result)
   at System.Threading.Tasks.TaskFactory`1.FromAsyncCoreLogic(IAsyncResult iar, Func`2 endFunction, Action`1 endAction, Task`1 promise, Boolean requiresSynchronization)
--- End of stack trace from previous location ---
   at LibraryApp.Data.Repositories.BookRepository.UpdateAsync(Int32 bookId, UpdateBookCommand cmd, CancellationToken ct) in c:\Users\Thales\Desktop\netcore\LibraryApp\LibraryApp.Data\Repositories\BookRepository.cs:line 251
   at LibraryApp.Data.Services.BookService.UpdateAsync(Int32 bookId, UpdateBookCommand cmd, CancellationToken ct) in c:\Users\Thales\Desktop\netcore\LibraryApp\LibraryApp.Data\Services\BookService.cs:line 155
ClientConnectionId:d1e4bf8d-8e38-4ae9-a41d-9a11eb89f463
Error Number:515,State:2,Class:16
2026-06-07 11:20:05.279 +03:00 [INF] Executed action BooksController.Update (LibraryApp.Api) in 1689.19ms
2026-06-07 11:20:05.280 +03:00 [ERR] HTTP PUT /api/Books/1 responded 500 in 1690.1897 ms
Microsoft.Data.SqlClient.SqlException (0x80131904): Cannot insert the value NULL into column 'PublicationYear', table 'LibraryDb.dbo.Books'; column does not allow nulls. UPDATE fails.
The statement has been terminated.
   at Microsoft.Data.SqlClient.SqlConnection.OnError(SqlException exception, Boolean breakConnection, Action`1 wrapCloseInAction)
   at Microsoft.Data.SqlClient.SqlInternalConnection.OnError(SqlException exception, Boolean breakConnection, Action`1 wrapCloseInAction)
   at Microsoft.Data.SqlClient.TdsParser.ThrowExceptionAndWarning(TdsParserStateObject stateObj, Boolean callerHasConnectionLock, Boolean asyncClose)
   at Microsoft.Data.SqlClient.TdsParser.TryRun(RunBehavior runBehavior, SqlCommand cmdHandler, SqlDataReader dataStream, BulkCopySimpleResultSet bulkCopyHandler, TdsParserStateObject stateObj, Boolean& dataReady)
   at Microsoft.Data.SqlClient.SqlCommand.FinishExecuteReader(SqlDataReader ds, RunBehavior runBehavior, String resetOptionsString, Boolean isInternal, Boolean forDescribeParameterEncryption, Boolean shouldCacheForAlwaysEncrypted)
   at Microsoft.Data.SqlClient.SqlCommand.CompleteAsyncExecuteReader(Boolean isInternal, Boolean forDescribeParameterEncryption)
   at Microsoft.Data.SqlClient.SqlCommand.InternalEndExecuteNonQuery(IAsyncResult asyncResult, Boolean isInternal, String endMethod)
   at Microsoft.Data.SqlClient.SqlCommand.EndExecuteNonQueryInternal(IAsyncResult asyncResult)
   at Microsoft.Data.SqlClient.SqlCommand.EndExecuteNonQueryAsync(IAsyncResult asyncResult)
   at Microsoft.Data.SqlClient.SqlCommand.<>c.<InternalExecuteNonQueryAsync>b__210_1(IAsyncResult result)
   at System.Threading.Tasks.TaskFactory`1.FromAsyncCoreLogic(IAsyncResult iar, Func`2 endFunction, Action`1 endAction, Task`1 promise, Boolean requiresSynchronization)
--- End of stack trace from previous location ---
   at LibraryApp.Data.Repositories.BookRepository.UpdateAsync(Int32 bookId, UpdateBookCommand cmd, CancellationToken ct) in c:\Users\Thales\Desktop\netcore\LibraryApp\LibraryApp.Data\Repositories\BookRepository.cs:line 251
   at LibraryApp.Data.Services.BookService.UpdateAsync(Int32 bookId, UpdateBookCommand cmd, CancellationToken ct) in c:\Users\Thales\Desktop\netcore\LibraryApp\LibraryApp.Data\Services\BookService.cs:line 155
   at LibraryApp.Data.Services.BookService.UpdateAsync(Int32 bookId, UpdateBookCommand cmd, CancellationToken ct) in c:\Users\Thales\Desktop\netcore\LibraryApp\LibraryApp.Data\Services\BookService.cs:line 172
   at BooksController.Update(Int32 id, UpdateBookCommand command, CancellationToken ct) in c:\Users\Thales\Desktop\netcore\LibraryApp\LibraryApp.Api\Controllers\BooksController.cs:line 64
   at Microsoft.AspNetCore.Mvc.Infrastructure.ActionMethodExecutor.TaskOfIActionResultExecutor.Execute(ActionContext actionContext, IActionResultTypeMapper mapper, ObjectMethodExecutor executor, Object controller, Object[] arguments)
   at Microsoft.AspNetCore.Mvc.Infrastructure.ControllerActionInvoker.<InvokeActionMethodAsync>g__Awaited|12_0(ControllerActionInvoker invoker, ValueTask`1 actionResultValueTask)
   at Microsoft.AspNetCore.Mvc.Infrastructure.ControllerActionInvoker.<InvokeNextActionFilterAsync>g__Awaited|10_0(ControllerActionInvoker invoker, Task lastTask, State next, Scope scope, Object state, Boolean isCompleted)
   at Microsoft.AspNetCore.Mvc.Infrastructure.ControllerActionInvoker.Rethrow(ActionExecutedContextSealed context)
   at Microsoft.AspNetCore.Mvc.Infrastructure.ControllerActionInvoker.Next(State& next, Scope& scope, Object& state, Boolean& isCompleted)
   at Microsoft.AspNetCore.Mvc.Infrastructure.ControllerActionInvoker.<InvokeInnerFilterAsync>g__Awaited|13_0(ControllerActionInvoker invoker, Task lastTask, State next, Scope scope, Object state, Boolean isCompleted)
   at Microsoft.AspNetCore.Mvc.Infrastructure.ResourceInvoker.<InvokeFilterPipelineAsync>g__Awaited|20_0(ResourceInvoker invoker, Task lastTask, State next, Scope scope, Object state, Boolean isCompleted)
   at Microsoft.AspNetCore.Mvc.Infrastructure.ResourceInvoker.<InvokeAsync>g__Logged|17_1(ResourceInvoker invoker)
   at Microsoft.AspNetCore.Mvc.Infrastructure.ResourceInvoker.<InvokeAsync>g__Logged|17_1(ResourceInvoker invoker)
   at Swashbuckle.AspNetCore.SwaggerUI.SwaggerUIMiddleware.Invoke(HttpContext httpContext)
   at Swashbuckle.AspNetCore.Swagger.SwaggerMiddleware.Invoke(HttpContext httpContext, ISwaggerProvider swaggerProvider)
   at Serilog.AspNetCore.RequestLoggingMiddleware.Invoke(HttpContext httpContext)
ClientConnectionId:d1e4bf8d-8e38-4ae9-a41d-9a11eb89f463
Error Number:515,State:2,Class:16
2026-06-07 11:20:05.285 +03:00 [ERR] Unhandled exception on PUT /api/Books/1
Microsoft.Data.SqlClient.SqlException (0x80131904): Cannot insert the value NULL into column 'PublicationYear', table 'LibraryDb.dbo.Books'; column does not allow nulls. UPDATE fails.
The statement has been terminated.
   at Microsoft.Data.SqlClient.SqlConnection.OnError(SqlException exception, Boolean breakConnection, Action`1 wrapCloseInAction)
   at Microsoft.Data.SqlClient.SqlInternalConnection.OnError(SqlException exception, Boolean breakConnection, Action`1 wrapCloseInAction)
   at Microsoft.Data.SqlClient.TdsParser.ThrowExceptionAndWarning(TdsParserStateObject stateObj, Boolean callerHasConnectionLock, Boolean asyncClose)
   at Microsoft.Data.SqlClient.TdsParser.TryRun(RunBehavior runBehavior, SqlCommand cmdHandler, SqlDataReader dataStream, BulkCopySimpleResultSet bulkCopyHandler, TdsParserStateObject stateObj, Boolean& dataReady)
   at Microsoft.Data.SqlClient.SqlCommand.FinishExecuteReader(SqlDataReader ds, RunBehavior runBehavior, String resetOptionsString, Boolean isInternal, Boolean forDescribeParameterEncryption, Boolean shouldCacheForAlwaysEncrypted)
   at Microsoft.Data.SqlClient.SqlCommand.CompleteAsyncExecuteReader(Boolean isInternal, Boolean forDescribeParameterEncryption)
   at Microsoft.Data.SqlClient.SqlCommand.InternalEndExecuteNonQuery(IAsyncResult asyncResult, Boolean isInternal, String endMethod)
   at Microsoft.Data.SqlClient.SqlCommand.EndExecuteNonQueryInternal(IAsyncResult asyncResult)
   at Microsoft.Data.SqlClient.SqlCommand.EndExecuteNonQueryAsync(IAsyncResult asyncResult)
   at Microsoft.Data.SqlClient.SqlCommand.<>c.<InternalExecuteNonQueryAsync>b__210_1(IAsyncResult result)
   at System.Threading.Tasks.TaskFactory`1.FromAsyncCoreLogic(IAsyncResult iar, Func`2 endFunction, Action`1 endAction, Task`1 promise, Boolean requiresSynchronization)
--- End of stack trace from previous location ---
   at LibraryApp.Data.Repositories.BookRepository.UpdateAsync(Int32 bookId, UpdateBookCommand cmd, CancellationToken ct) in c:\Users\Thales\Desktop\netcore\LibraryApp\LibraryApp.Data\Repositories\BookRepository.cs:line 251
   at LibraryApp.Data.Services.BookService.UpdateAsync(Int32 bookId, UpdateBookCommand cmd, CancellationToken ct) in c:\Users\Thales\Desktop\netcore\LibraryApp\LibraryApp.Data\Services\BookService.cs:line 155
   at LibraryApp.Data.Services.BookService.UpdateAsync(Int32 bookId, UpdateBookCommand cmd, CancellationToken ct) in c:\Users\Thales\Desktop\netcore\LibraryApp\LibraryApp.Data\Services\BookService.cs:line 172
   at BooksController.Update(Int32 id, UpdateBookCommand command, CancellationToken ct) in c:\Users\Thales\Desktop\netcore\LibraryApp\LibraryApp.Api\Controllers\BooksController.cs:line 64
   at Microsoft.AspNetCore.Mvc.Infrastructure.ActionMethodExecutor.TaskOfIActionResultExecutor.Execute(ActionContext actionContext, IActionResultTypeMapper mapper, ObjectMethodExecutor executor, Object controller, Object[] arguments)
   at Microsoft.AspNetCore.Mvc.Infrastructure.ControllerActionInvoker.<InvokeActionMethodAsync>g__Awaited|12_0(ControllerActionInvoker invoker, ValueTask`1 actionResultValueTask)
   at Microsoft.AspNetCore.Mvc.Infrastructure.ControllerActionInvoker.<InvokeNextActionFilterAsync>g__Awaited|10_0(ControllerActionInvoker invoker, Task lastTask, State next, Scope scope, Object state, Boolean isCompleted)
   at Microsoft.AspNetCore.Mvc.Infrastructure.ControllerActionInvoker.Rethrow(ActionExecutedContextSealed context)
   at Microsoft.AspNetCore.Mvc.Infrastructure.ControllerActionInvoker.Next(State& next, Scope& scope, Object& state, Boolean& isCompleted)
   at Microsoft.AspNetCore.Mvc.Infrastructure.ControllerActionInvoker.<InvokeInnerFilterAsync>g__Awaited|13_0(ControllerActionInvoker invoker, Task lastTask, State next, Scope scope, Object state, Boolean isCompleted)
   at Microsoft.AspNetCore.Mvc.Infrastructure.ResourceInvoker.<InvokeFilterPipelineAsync>g__Awaited|20_0(ResourceInvoker invoker, Task lastTask, State next, Scope scope, Object state, Boolean isCompleted)
   at Microsoft.AspNetCore.Mvc.Infrastructure.ResourceInvoker.<InvokeAsync>g__Logged|17_1(ResourceInvoker invoker)
   at Microsoft.AspNetCore.Mvc.Infrastructure.ResourceInvoker.<InvokeAsync>g__Logged|17_1(ResourceInvoker invoker)
   at Swashbuckle.AspNetCore.SwaggerUI.SwaggerUIMiddleware.Invoke(HttpContext httpContext)
   at Swashbuckle.AspNetCore.Swagger.SwaggerMiddleware.Invoke(HttpContext httpContext, ISwaggerProvider swaggerProvider)
   at Serilog.AspNetCore.RequestLoggingMiddleware.Invoke(HttpContext httpContext)
   at LibraryApp.Api.Middleware.ExceptionMiddleware.InvokeAsync(HttpContext context) in c:\Users\Thales\Desktop\netcore\LibraryApp\LibraryApp.Api\Middleware\ExceptionMiddleware.cs:line 22
ClientConnectionId:d1e4bf8d-8e38-4ae9-a41d-9a11eb89f463
Error Number:515,State:2,Class:16
2026-06-07 11:20:05.290 +03:00 [INF] Request finished HTTP/1.1 PUT http://localhost:5112/api/Books/1 - 500 null application/problem+json 1700.8858ms
2026-06-07 11:20:32.813 +03:00 [INF] Now listening on: http://localhost:5112
2026-06-07 11:20:32.859 +03:00 [INF] Application started. Press Ctrl+C to shut down.
2026-06-07 11:20:32.859 +03:00 [INF] Hosting environment: Development
2026-06-07 11:20:32.860 +03:00 [INF] Content root path: c:\Users\Thales\Desktop\netcore\LibraryApp\LibraryApp.Api
2026-06-07 11:20:34.736 +03:00 [INF] Request starting HTTP/1.1 PUT http://localhost:5112/api/Books/1 - application/json 140
2026-06-07 11:20:34.816 +03:00 [INF] CORS policy execution failed.
2026-06-07 11:20:34.817 +03:00 [INF] Request origin http://localhost:5112 does not have permission to access the resource.
2026-06-07 11:20:34.935 +03:00 [INF] Route matched with {action = "Update", controller = "Books"}. Executing controller action with signature System.Threading.Tasks.Task`1[Microsoft.AspNetCore.Mvc.IActionResult] Update(Int32, UpdateBookCommand, System.Threading.CancellationToken) on controller BooksController (LibraryApp.Api).
2026-06-07 11:20:39.749 +03:00 [ERR] SQL error while updating book 1: Cannot insert the value NULL into column 'PublicationYear', table 'LibraryDb.dbo.Books'; column does not allow nulls. UPDATE fails.
The statement has been terminated.
Microsoft.Data.SqlClient.SqlException (0x80131904): Cannot insert the value NULL into column 'PublicationYear', table 'LibraryDb.dbo.Books'; column does not allow nulls. UPDATE fails.
The statement has been terminated.
   at Microsoft.Data.SqlClient.SqlConnection.OnError(SqlException exception, Boolean breakConnection, Action`1 wrapCloseInAction)
   at Microsoft.Data.SqlClient.SqlInternalConnection.OnError(SqlException exception, Boolean breakConnection, Action`1 wrapCloseInAction)
   at Microsoft.Data.SqlClient.TdsParser.ThrowExceptionAndWarning(TdsParserStateObject stateObj, Boolean callerHasConnectionLock, Boolean asyncClose)
   at Microsoft.Data.SqlClient.TdsParser.TryRun(RunBehavior runBehavior, SqlCommand cmdHandler, SqlDataReader dataStream, BulkCopySimpleResultSet bulkCopyHandler, TdsParserStateObject stateObj, Boolean& dataReady)
   at Microsoft.Data.SqlClient.SqlCommand.FinishExecuteReader(SqlDataReader ds, RunBehavior runBehavior, String resetOptionsString, Boolean isInternal, Boolean forDescribeParameterEncryption, Boolean shouldCacheForAlwaysEncrypted)
   at Microsoft.Data.SqlClient.SqlCommand.CompleteAsyncExecuteReader(Boolean isInternal, Boolean forDescribeParameterEncryption)
   at Microsoft.Data.SqlClient.SqlCommand.InternalEndExecuteNonQuery(IAsyncResult asyncResult, Boolean isInternal, String endMethod)
   at Microsoft.Data.SqlClient.SqlCommand.EndExecuteNonQueryInternal(IAsyncResult asyncResult)
   at Microsoft.Data.SqlClient.SqlCommand.EndExecuteNonQueryAsync(IAsyncResult asyncResult)
   at Microsoft.Data.SqlClient.SqlCommand.<>c.<InternalExecuteNonQueryAsync>b__210_1(IAsyncResult result)
   at System.Threading.Tasks.TaskFactory`1.FromAsyncCoreLogic(IAsyncResult iar, Func`2 endFunction, Action`1 endAction, Task`1 promise, Boolean requiresSynchronization)
--- End of stack trace from previous location ---
   at LibraryApp.Data.Repositories.BookRepository.UpdateAsync(Int32 bookId, UpdateBookCommand cmd, CancellationToken ct) in c:\Users\Thales\Desktop\netcore\LibraryApp\LibraryApp.Data\Repositories\BookRepository.cs:line 251
ClientConnectionId:6bfdfa1f-9ebf-4fb2-9267-05994395948a
Error Number:515,State:2,Class:16
2026-06-07 11:20:39.806 +03:00 [ERR] Failed to update book 1.
Microsoft.Data.SqlClient.SqlException (0x80131904): Cannot insert the value NULL into column 'PublicationYear', table 'LibraryDb.dbo.Books'; column does not allow nulls. UPDATE fails.
The statement has been terminated.
   at Microsoft.Data.SqlClient.SqlConnection.OnError(SqlException exception, Boolean breakConnection, Action`1 wrapCloseInAction)
   at Microsoft.Data.SqlClient.SqlInternalConnection.OnError(SqlException exception, Boolean breakConnection, Action`1 wrapCloseInAction)
   at Microsoft.Data.SqlClient.TdsParser.ThrowExceptionAndWarning(TdsParserStateObject stateObj, Boolean callerHasConnectionLock, Boolean asyncClose)
   at Microsoft.Data.SqlClient.TdsParser.TryRun(RunBehavior runBehavior, SqlCommand cmdHandler, SqlDataReader dataStream, BulkCopySimpleResultSet bulkCopyHandler, TdsParserStateObject stateObj, Boolean& dataReady)
   at Microsoft.Data.SqlClient.SqlCommand.FinishExecuteReader(SqlDataReader ds, RunBehavior runBehavior, String resetOptionsString, Boolean isInternal, Boolean forDescribeParameterEncryption, Boolean shouldCacheForAlwaysEncrypted)
   at Microsoft.Data.SqlClient.SqlCommand.CompleteAsyncExecuteReader(Boolean isInternal, Boolean forDescribeParameterEncryption)
   at Microsoft.Data.SqlClient.SqlCommand.InternalEndExecuteNonQuery(IAsyncResult asyncResult, Boolean isInternal, String endMethod)
   at Microsoft.Data.SqlClient.SqlCommand.EndExecuteNonQueryInternal(IAsyncResult asyncResult)
   at Microsoft.Data.SqlClient.SqlCommand.EndExecuteNonQueryAsync(IAsyncResult asyncResult)
   at Microsoft.Data.SqlClient.SqlCommand.<>c.<InternalExecuteNonQueryAsync>b__210_1(IAsyncResult result)
   at System.Threading.Tasks.TaskFactory`1.FromAsyncCoreLogic(IAsyncResult iar, Func`2 endFunction, Action`1 endAction, Task`1 promise, Boolean requiresSynchronization)
--- End of stack trace from previous location ---
   at LibraryApp.Data.Repositories.BookRepository.UpdateAsync(Int32 bookId, UpdateBookCommand cmd, CancellationToken ct) in c:\Users\Thales\Desktop\netcore\LibraryApp\LibraryApp.Data\Repositories\BookRepository.cs:line 251
   at LibraryApp.Data.Services.BookService.UpdateAsync(Int32 bookId, UpdateBookCommand cmd, CancellationToken ct) in c:\Users\Thales\Desktop\netcore\LibraryApp\LibraryApp.Data\Services\BookService.cs:line 164
ClientConnectionId:6bfdfa1f-9ebf-4fb2-9267-05994395948a
Error Number:515,State:2,Class:16
2026-06-07 11:20:39.822 +03:00 [INF] Executed action BooksController.Update (LibraryApp.Api) in 4878.4914ms
2026-06-07 11:20:39.834 +03:00 [ERR] HTTP PUT /api/Books/1 responded 500 in 5023.7418 ms
Microsoft.Data.SqlClient.SqlException (0x80131904): Cannot insert the value NULL into column 'PublicationYear', table 'LibraryDb.dbo.Books'; column does not allow nulls. UPDATE fails.
The statement has been terminated.
   at Microsoft.Data.SqlClient.SqlConnection.OnError(SqlException exception, Boolean breakConnection, Action`1 wrapCloseInAction)
   at Microsoft.Data.SqlClient.SqlInternalConnection.OnError(SqlException exception, Boolean breakConnection, Action`1 wrapCloseInAction)
   at Microsoft.Data.SqlClient.TdsParser.ThrowExceptionAndWarning(TdsParserStateObject stateObj, Boolean callerHasConnectionLock, Boolean asyncClose)
   at Microsoft.Data.SqlClient.TdsParser.TryRun(RunBehavior runBehavior, SqlCommand cmdHandler, SqlDataReader dataStream, BulkCopySimpleResultSet bulkCopyHandler, TdsParserStateObject stateObj, Boolean& dataReady)
   at Microsoft.Data.SqlClient.SqlCommand.FinishExecuteReader(SqlDataReader ds, RunBehavior runBehavior, String resetOptionsString, Boolean isInternal, Boolean forDescribeParameterEncryption, Boolean shouldCacheForAlwaysEncrypted)
   at Microsoft.Data.SqlClient.SqlCommand.CompleteAsyncExecuteReader(Boolean isInternal, Boolean forDescribeParameterEncryption)
   at Microsoft.Data.SqlClient.SqlCommand.InternalEndExecuteNonQuery(IAsyncResult asyncResult, Boolean isInternal, String endMethod)
   at Microsoft.Data.SqlClient.SqlCommand.EndExecuteNonQueryInternal(IAsyncResult asyncResult)
   at Microsoft.Data.SqlClient.SqlCommand.EndExecuteNonQueryAsync(IAsyncResult asyncResult)
   at Microsoft.Data.SqlClient.SqlCommand.<>c.<InternalExecuteNonQueryAsync>b__210_1(IAsyncResult result)
   at System.Threading.Tasks.TaskFactory`1.FromAsyncCoreLogic(IAsyncResult iar, Func`2 endFunction, Action`1 endAction, Task`1 promise, Boolean requiresSynchronization)
--- End of stack trace from previous location ---
   at LibraryApp.Data.Repositories.BookRepository.UpdateAsync(Int32 bookId, UpdateBookCommand cmd, CancellationToken ct) in c:\Users\Thales\Desktop\netcore\LibraryApp\LibraryApp.Data\Repositories\BookRepository.cs:line 251
   at LibraryApp.Data.Services.BookService.UpdateAsync(Int32 bookId, UpdateBookCommand cmd, CancellationToken ct) in c:\Users\Thales\Desktop\netcore\LibraryApp\LibraryApp.Data\Services\BookService.cs:line 164
   at LibraryApp.Data.Services.BookService.UpdateAsync(Int32 bookId, UpdateBookCommand cmd, CancellationToken ct) in c:\Users\Thales\Desktop\netcore\LibraryApp\LibraryApp.Data\Services\BookService.cs:line 183
   at BooksController.Update(Int32 id, UpdateBookCommand command, CancellationToken ct) in c:\Users\Thales\Desktop\netcore\LibraryApp\LibraryApp.Api\Controllers\BooksController.cs:line 64
   at Microsoft.AspNetCore.Mvc.Infrastructure.ActionMethodExecutor.TaskOfIActionResultExecutor.Execute(ActionContext actionContext, IActionResultTypeMapper mapper, ObjectMethodExecutor executor, Object controller, Object[] arguments)
   at Microsoft.AspNetCore.Mvc.Infrastructure.ControllerActionInvoker.<InvokeActionMethodAsync>g__Awaited|12_0(ControllerActionInvoker invoker, ValueTask`1 actionResultValueTask)
   at Microsoft.AspNetCore.Mvc.Infrastructure.ControllerActionInvoker.<InvokeNextActionFilterAsync>g__Awaited|10_0(ControllerActionInvoker invoker, Task lastTask, State next, Scope scope, Object state, Boolean isCompleted)
   at Microsoft.AspNetCore.Mvc.Infrastructure.ControllerActionInvoker.Rethrow(ActionExecutedContextSealed context)
   at Microsoft.AspNetCore.Mvc.Infrastructure.ControllerActionInvoker.Next(State& next, Scope& scope, Object& state, Boolean& isCompleted)
   at Microsoft.AspNetCore.Mvc.Infrastructure.ControllerActionInvoker.<InvokeInnerFilterAsync>g__Awaited|13_0(ControllerActionInvoker invoker, Task lastTask, State next, Scope scope, Object state, Boolean isCompleted)
   at Microsoft.AspNetCore.Mvc.Infrastructure.ResourceInvoker.<InvokeFilterPipelineAsync>g__Awaited|20_0(ResourceInvoker invoker, Task lastTask, State next, Scope scope, Object state, Boolean isCompleted)
   at Microsoft.AspNetCore.Mvc.Infrastructure.ResourceInvoker.<InvokeAsync>g__Logged|17_1(ResourceInvoker invoker)
   at Microsoft.AspNetCore.Mvc.Infrastructure.ResourceInvoker.<InvokeAsync>g__Logged|17_1(ResourceInvoker invoker)
   at Swashbuckle.AspNetCore.SwaggerUI.SwaggerUIMiddleware.Invoke(HttpContext httpContext)
   at Swashbuckle.AspNetCore.Swagger.SwaggerMiddleware.Invoke(HttpContext httpContext, ISwaggerProvider swaggerProvider)
   at Serilog.AspNetCore.RequestLoggingMiddleware.Invoke(HttpContext httpContext)
ClientConnectionId:6bfdfa1f-9ebf-4fb2-9267-05994395948a
Error Number:515,State:2,Class:16
2026-06-07 11:20:39.868 +03:00 [ERR] Unhandled exception on PUT /api/Books/1
Microsoft.Data.SqlClient.SqlException (0x80131904): Cannot insert the value NULL into column 'PublicationYear', table 'LibraryDb.dbo.Books'; column does not allow nulls. UPDATE fails.
The statement has been terminated.
   at Microsoft.Data.SqlClient.SqlConnection.OnError(SqlException exception, Boolean breakConnection, Action`1 wrapCloseInAction)
   at Microsoft.Data.SqlClient.SqlInternalConnection.OnError(SqlException exception, Boolean breakConnection, Action`1 wrapCloseInAction)
   at Microsoft.Data.SqlClient.TdsParser.ThrowExceptionAndWarning(TdsParserStateObject stateObj, Boolean callerHasConnectionLock, Boolean asyncClose)
   at Microsoft.Data.SqlClient.TdsParser.TryRun(RunBehavior runBehavior, SqlCommand cmdHandler, SqlDataReader dataStream, BulkCopySimpleResultSet bulkCopyHandler, TdsParserStateObject stateObj, Boolean& dataReady)
   at Microsoft.Data.SqlClient.SqlCommand.FinishExecuteReader(SqlDataReader ds, RunBehavior runBehavior, String resetOptionsString, Boolean isInternal, Boolean forDescribeParameterEncryption, Boolean shouldCacheForAlwaysEncrypted)
   at Microsoft.Data.SqlClient.SqlCommand.CompleteAsyncExecuteReader(Boolean isInternal, Boolean forDescribeParameterEncryption)
   at Microsoft.Data.SqlClient.SqlCommand.InternalEndExecuteNonQuery(IAsyncResult asyncResult, Boolean isInternal, String endMethod)
   at Microsoft.Data.SqlClient.SqlCommand.EndExecuteNonQueryInternal(IAsyncResult asyncResult)
   at Microsoft.Data.SqlClient.SqlCommand.EndExecuteNonQueryAsync(IAsyncResult asyncResult)
   at Microsoft.Data.SqlClient.SqlCommand.<>c.<InternalExecuteNonQueryAsync>b__210_1(IAsyncResult result)
   at System.Threading.Tasks.TaskFactory`1.FromAsyncCoreLogic(IAsyncResult iar, Func`2 endFunction, Action`1 endAction, Task`1 promise, Boolean requiresSynchronization)
--- End of stack trace from previous location ---
   at LibraryApp.Data.Repositories.BookRepository.UpdateAsync(Int32 bookId, UpdateBookCommand cmd, CancellationToken ct) in c:\Users\Thales\Desktop\netcore\LibraryApp\LibraryApp.Data\Repositories\BookRepository.cs:line 251
   at LibraryApp.Data.Services.BookService.UpdateAsync(Int32 bookId, UpdateBookCommand cmd, CancellationToken ct) in c:\Users\Thales\Desktop\netcore\LibraryApp\LibraryApp.Data\Services\BookService.cs:line 164
   at LibraryApp.Data.Services.BookService.UpdateAsync(Int32 bookId, UpdateBookCommand cmd, CancellationToken ct) in c:\Users\Thales\Desktop\netcore\LibraryApp\LibraryApp.Data\Services\BookService.cs:line 183
   at BooksController.Update(Int32 id, UpdateBookCommand command, CancellationToken ct) in c:\Users\Thales\Desktop\netcore\LibraryApp\LibraryApp.Api\Controllers\BooksController.cs:line 64
   at Microsoft.AspNetCore.Mvc.Infrastructure.ActionMethodExecutor.TaskOfIActionResultExecutor.Execute(ActionContext actionContext, IActionResultTypeMapper mapper, ObjectMethodExecutor executor, Object controller, Object[] arguments)
   at Microsoft.AspNetCore.Mvc.Infrastructure.ControllerActionInvoker.<InvokeActionMethodAsync>g__Awaited|12_0(ControllerActionInvoker invoker, ValueTask`1 actionResultValueTask)
   at Microsoft.AspNetCore.Mvc.Infrastructure.ControllerActionInvoker.<InvokeNextActionFilterAsync>g__Awaited|10_0(ControllerActionInvoker invoker, Task lastTask, State next, Scope scope, Object state, Boolean isCompleted)
   at Microsoft.AspNetCore.Mvc.Infrastructure.ControllerActionInvoker.Rethrow(ActionExecutedContextSealed context)
   at Microsoft.AspNetCore.Mvc.Infrastructure.ControllerActionInvoker.Next(State& next, Scope& scope, Object& state, Boolean& isCompleted)
   at Microsoft.AspNetCore.Mvc.Infrastructure.ControllerActionInvoker.<InvokeInnerFilterAsync>g__Awaited|13_0(ControllerActionInvoker invoker, Task lastTask, State next, Scope scope, Object state, Boolean isCompleted)
   at Microsoft.AspNetCore.Mvc.Infrastructure.ResourceInvoker.<InvokeFilterPipelineAsync>g__Awaited|20_0(ResourceInvoker invoker, Task lastTask, State next, Scope scope, Object state, Boolean isCompleted)
   at Microsoft.AspNetCore.Mvc.Infrastructure.ResourceInvoker.<InvokeAsync>g__Logged|17_1(ResourceInvoker invoker)
   at Microsoft.AspNetCore.Mvc.Infrastructure.ResourceInvoker.<InvokeAsync>g__Logged|17_1(ResourceInvoker invoker)
   at Swashbuckle.AspNetCore.SwaggerUI.SwaggerUIMiddleware.Invoke(HttpContext httpContext)
   at Swashbuckle.AspNetCore.Swagger.SwaggerMiddleware.Invoke(HttpContext httpContext, ISwaggerProvider swaggerProvider)
   at Serilog.AspNetCore.RequestLoggingMiddleware.Invoke(HttpContext httpContext)
   at LibraryApp.Api.Middleware.ExceptionMiddleware.InvokeAsync(HttpContext context) in c:\Users\Thales\Desktop\netcore\LibraryApp\LibraryApp.Api\Middleware\ExceptionMiddleware.cs:line 22
ClientConnectionId:6bfdfa1f-9ebf-4fb2-9267-05994395948a
Error Number:515,State:2,Class:16
2026-06-07 11:20:39.930 +03:00 [INF] Request finished HTTP/1.1 PUT http://localhost:5112/api/Books/1 - 500 null application/problem+json 5198.6545ms
2026-06-07 11:21:25.532 +03:00 [INF] Now listening on: http://localhost:5112
2026-06-07 11:21:25.576 +03:00 [INF] Application started. Press Ctrl+C to shut down.
2026-06-07 11:21:25.577 +03:00 [INF] Hosting environment: Development
2026-06-07 11:21:25.577 +03:00 [INF] Content root path: c:\Users\Thales\Desktop\netcore\LibraryApp\LibraryApp.Api
2026-06-07 11:21:28.512 +03:00 [INF] Request starting HTTP/1.1 PUT http://localhost:5112/api/Books/1 - application/json 140
2026-06-07 11:21:28.580 +03:00 [INF] CORS policy execution failed.
2026-06-07 11:21:28.581 +03:00 [INF] Request origin http://localhost:5112 does not have permission to access the resource.
2026-06-07 11:21:28.674 +03:00 [INF] Route matched with {action = "Update", controller = "Books"}. Executing controller action with signature System.Threading.Tasks.Task`1[Microsoft.AspNetCore.Mvc.IActionResult] Update(Int32, UpdateBookCommand, System.Threading.CancellationToken) on controller BooksController (LibraryApp.Api).
2026-06-07 11:21:33.671 +03:00 [ERR] SQL error while updating book 1: Cannot insert the value NULL into column 'PublicationYear', table 'LibraryDb.dbo.Books'; column does not allow nulls. UPDATE fails.
The statement has been terminated.
Microsoft.Data.SqlClient.SqlException (0x80131904): Cannot insert the value NULL into column 'PublicationYear', table 'LibraryDb.dbo.Books'; column does not allow nulls. UPDATE fails.
The statement has been terminated.
   at Microsoft.Data.SqlClient.SqlConnection.OnError(SqlException exception, Boolean breakConnection, Action`1 wrapCloseInAction)
   at Microsoft.Data.SqlClient.SqlInternalConnection.OnError(SqlException exception, Boolean breakConnection, Action`1 wrapCloseInAction)
   at Microsoft.Data.SqlClient.TdsParser.ThrowExceptionAndWarning(TdsParserStateObject stateObj, Boolean callerHasConnectionLock, Boolean asyncClose)
   at Microsoft.Data.SqlClient.TdsParser.TryRun(RunBehavior runBehavior, SqlCommand cmdHandler, SqlDataReader dataStream, BulkCopySimpleResultSet bulkCopyHandler, TdsParserStateObject stateObj, Boolean& dataReady)
   at Microsoft.Data.SqlClient.SqlCommand.FinishExecuteReader(SqlDataReader ds, RunBehavior runBehavior, String resetOptionsString, Boolean isInternal, Boolean forDescribeParameterEncryption, Boolean shouldCacheForAlwaysEncrypted)
   at Microsoft.Data.SqlClient.SqlCommand.CompleteAsyncExecuteReader(Boolean isInternal, Boolean forDescribeParameterEncryption)
   at Microsoft.Data.SqlClient.SqlCommand.InternalEndExecuteNonQuery(IAsyncResult asyncResult, Boolean isInternal, String endMethod)
   at Microsoft.Data.SqlClient.SqlCommand.EndExecuteNonQueryInternal(IAsyncResult asyncResult)
   at Microsoft.Data.SqlClient.SqlCommand.EndExecuteNonQueryAsync(IAsyncResult asyncResult)
   at Microsoft.Data.SqlClient.SqlCommand.<>c.<InternalExecuteNonQueryAsync>b__210_1(IAsyncResult result)
   at System.Threading.Tasks.TaskFactory`1.FromAsyncCoreLogic(IAsyncResult iar, Func`2 endFunction, Action`1 endAction, Task`1 promise, Boolean requiresSynchronization)
--- End of stack trace from previous location ---
   at LibraryApp.Data.Repositories.BookRepository.UpdateAsync(Int32 bookId, UpdateBookCommand cmd, CancellationToken ct) in c:\Users\Thales\Desktop\netcore\LibraryApp\LibraryApp.Data\Repositories\BookRepository.cs:line 251
ClientConnectionId:bf2a2f69-5943-4d28-968e-3e9680f77102
Error Number:515,State:2,Class:16
2026-06-07 11:21:33.732 +03:00 [ERR] Failed to update book 1.
Microsoft.Data.SqlClient.SqlException (0x80131904): Cannot insert the value NULL into column 'PublicationYear', table 'LibraryDb.dbo.Books'; column does not allow nulls. UPDATE fails.
The statement has been terminated.
   at Microsoft.Data.SqlClient.SqlConnection.OnError(SqlException exception, Boolean breakConnection, Action`1 wrapCloseInAction)
   at Microsoft.Data.SqlClient.SqlInternalConnection.OnError(SqlException exception, Boolean breakConnection, Action`1 wrapCloseInAction)
   at Microsoft.Data.SqlClient.TdsParser.ThrowExceptionAndWarning(TdsParserStateObject stateObj, Boolean callerHasConnectionLock, Boolean asyncClose)
   at Microsoft.Data.SqlClient.TdsParser.TryRun(RunBehavior runBehavior, SqlCommand cmdHandler, SqlDataReader dataStream, BulkCopySimpleResultSet bulkCopyHandler, TdsParserStateObject stateObj, Boolean& dataReady)
   at Microsoft.Data.SqlClient.SqlCommand.FinishExecuteReader(SqlDataReader ds, RunBehavior runBehavior, String resetOptionsString, Boolean isInternal, Boolean forDescribeParameterEncryption, Boolean shouldCacheForAlwaysEncrypted)
   at Microsoft.Data.SqlClient.SqlCommand.CompleteAsyncExecuteReader(Boolean isInternal, Boolean forDescribeParameterEncryption)
   at Microsoft.Data.SqlClient.SqlCommand.InternalEndExecuteNonQuery(IAsyncResult asyncResult, Boolean isInternal, String endMethod)
   at Microsoft.Data.SqlClient.SqlCommand.EndExecuteNonQueryInternal(IAsyncResult asyncResult)
   at Microsoft.Data.SqlClient.SqlCommand.EndExecuteNonQueryAsync(IAsyncResult asyncResult)
   at Microsoft.Data.SqlClient.SqlCommand.<>c.<InternalExecuteNonQueryAsync>b__210_1(IAsyncResult result)
   at System.Threading.Tasks.TaskFactory`1.FromAsyncCoreLogic(IAsyncResult iar, Func`2 endFunction, Action`1 endAction, Task`1 promise, Boolean requiresSynchronization)
--- End of stack trace from previous location ---
   at LibraryApp.Data.Repositories.BookRepository.UpdateAsync(Int32 bookId, UpdateBookCommand cmd, CancellationToken ct) in c:\Users\Thales\Desktop\netcore\LibraryApp\LibraryApp.Data\Repositories\BookRepository.cs:line 251
   at LibraryApp.Data.Services.BookService.UpdateAsync(Int32 bookId, UpdateBookCommand cmd, CancellationToken ct) in c:\Users\Thales\Desktop\netcore\LibraryApp\LibraryApp.Data\Services\BookService.cs:line 164
ClientConnectionId:bf2a2f69-5943-4d28-968e-3e9680f77102
Error Number:515,State:2,Class:16
2026-06-07 11:21:33.771 +03:00 [INF] Executed action BooksController.Update (LibraryApp.Api) in 5078.5956ms
2026-06-07 11:21:33.797 +03:00 [ERR] HTTP PUT /api/Books/1 responded 500 in 5216.8942 ms
Microsoft.Data.SqlClient.SqlException (0x80131904): Cannot insert the value NULL into column 'PublicationYear', table 'LibraryDb.dbo.Books'; column does not allow nulls. UPDATE fails.
The statement has been terminated.
   at Microsoft.Data.SqlClient.SqlConnection.OnError(SqlException exception, Boolean breakConnection, Action`1 wrapCloseInAction)
   at Microsoft.Data.SqlClient.SqlInternalConnection.OnError(SqlException exception, Boolean breakConnection, Action`1 wrapCloseInAction)
   at Microsoft.Data.SqlClient.TdsParser.ThrowExceptionAndWarning(TdsParserStateObject stateObj, Boolean callerHasConnectionLock, Boolean asyncClose)
   at Microsoft.Data.SqlClient.TdsParser.TryRun(RunBehavior runBehavior, SqlCommand cmdHandler, SqlDataReader dataStream, BulkCopySimpleResultSet bulkCopyHandler, TdsParserStateObject stateObj, Boolean& dataReady)
   at Microsoft.Data.SqlClient.SqlCommand.FinishExecuteReader(SqlDataReader ds, RunBehavior runBehavior, String resetOptionsString, Boolean isInternal, Boolean forDescribeParameterEncryption, Boolean shouldCacheForAlwaysEncrypted)
   at Microsoft.Data.SqlClient.SqlCommand.CompleteAsyncExecuteReader(Boolean isInternal, Boolean forDescribeParameterEncryption)
   at Microsoft.Data.SqlClient.SqlCommand.InternalEndExecuteNonQuery(IAsyncResult asyncResult, Boolean isInternal, String endMethod)
   at Microsoft.Data.SqlClient.SqlCommand.EndExecuteNonQueryInternal(IAsyncResult asyncResult)
   at Microsoft.Data.SqlClient.SqlCommand.EndExecuteNonQueryAsync(IAsyncResult asyncResult)
   at Microsoft.Data.SqlClient.SqlCommand.<>c.<InternalExecuteNonQueryAsync>b__210_1(IAsyncResult result)
   at System.Threading.Tasks.TaskFactory`1.FromAsyncCoreLogic(IAsyncResult iar, Func`2 endFunction, Action`1 endAction, Task`1 promise, Boolean requiresSynchronization)
--- End of stack trace from previous location ---
   at LibraryApp.Data.Repositories.BookRepository.UpdateAsync(Int32 bookId, UpdateBookCommand cmd, CancellationToken ct) in c:\Users\Thales\Desktop\netcore\LibraryApp\LibraryApp.Data\Repositories\BookRepository.cs:line 251
   at LibraryApp.Data.Services.BookService.UpdateAsync(Int32 bookId, UpdateBookCommand cmd, CancellationToken ct) in c:\Users\Thales\Desktop\netcore\LibraryApp\LibraryApp.Data\Services\BookService.cs:line 164
   at LibraryApp.Data.Services.BookService.UpdateAsync(Int32 bookId, UpdateBookCommand cmd, CancellationToken ct) in c:\Users\Thales\Desktop\netcore\LibraryApp\LibraryApp.Data\Services\BookService.cs:line 183
   at BooksController.Update(Int32 id, UpdateBookCommand command, CancellationToken ct) in c:\Users\Thales\Desktop\netcore\LibraryApp\LibraryApp.Api\Controllers\BooksController.cs:line 64
   at Microsoft.AspNetCore.Mvc.Infrastructure.ActionMethodExecutor.TaskOfIActionResultExecutor.Execute(ActionContext actionContext, IActionResultTypeMapper mapper, ObjectMethodExecutor executor, Object controller, Object[] arguments)
   at Microsoft.AspNetCore.Mvc.Infrastructure.ControllerActionInvoker.<InvokeActionMethodAsync>g__Awaited|12_0(ControllerActionInvoker invoker, ValueTask`1 actionResultValueTask)
   at Microsoft.AspNetCore.Mvc.Infrastructure.ControllerActionInvoker.<InvokeNextActionFilterAsync>g__Awaited|10_0(ControllerActionInvoker invoker, Task lastTask, State next, Scope scope, Object state, Boolean isCompleted)
   at Microsoft.AspNetCore.Mvc.Infrastructure.ControllerActionInvoker.Rethrow(ActionExecutedContextSealed context)
   at Microsoft.AspNetCore.Mvc.Infrastructure.ControllerActionInvoker.Next(State& next, Scope& scope, Object& state, Boolean& isCompleted)
   at Microsoft.AspNetCore.Mvc.Infrastructure.ControllerActionInvoker.<InvokeInnerFilterAsync>g__Awaited|13_0(ControllerActionInvoker invoker, Task lastTask, State next, Scope scope, Object state, Boolean isCompleted)
   at Microsoft.AspNetCore.Mvc.Infrastructure.ResourceInvoker.<InvokeFilterPipelineAsync>g__Awaited|20_0(ResourceInvoker invoker, Task lastTask, State next, Scope scope, Object state, Boolean isCompleted)
   at Microsoft.AspNetCore.Mvc.Infrastructure.ResourceInvoker.<InvokeAsync>g__Logged|17_1(ResourceInvoker invoker)
   at Microsoft.AspNetCore.Mvc.Infrastructure.ResourceInvoker.<InvokeAsync>g__Logged|17_1(ResourceInvoker invoker)
   at Swashbuckle.AspNetCore.SwaggerUI.SwaggerUIMiddleware.Invoke(HttpContext httpContext)
   at Swashbuckle.AspNetCore.Swagger.SwaggerMiddleware.Invoke(HttpContext httpContext, ISwaggerProvider swaggerProvider)
   at Serilog.AspNetCore.RequestLoggingMiddleware.Invoke(HttpContext httpContext)
ClientConnectionId:bf2a2f69-5943-4d28-968e-3e9680f77102
Error Number:515,State:2,Class:16
2026-06-07 11:21:33.821 +03:00 [ERR] Unhandled exception on PUT /api/Books/1
Microsoft.Data.SqlClient.SqlException (0x80131904): Cannot insert the value NULL into column 'PublicationYear', table 'LibraryDb.dbo.Books'; column does not allow nulls. UPDATE fails.
The statement has been terminated.
   at Microsoft.Data.SqlClient.SqlConnection.OnError(SqlException exception, Boolean breakConnection, Action`1 wrapCloseInAction)
   at Microsoft.Data.SqlClient.SqlInternalConnection.OnError(SqlException exception, Boolean breakConnection, Action`1 wrapCloseInAction)
   at Microsoft.Data.SqlClient.TdsParser.ThrowExceptionAndWarning(TdsParserStateObject stateObj, Boolean callerHasConnectionLock, Boolean asyncClose)
   at Microsoft.Data.SqlClient.TdsParser.TryRun(RunBehavior runBehavior, SqlCommand cmdHandler, SqlDataReader dataStream, BulkCopySimpleResultSet bulkCopyHandler, TdsParserStateObject stateObj, Boolean& dataReady)
   at Microsoft.Data.SqlClient.SqlCommand.FinishExecuteReader(SqlDataReader ds, RunBehavior runBehavior, String resetOptionsString, Boolean isInternal, Boolean forDescribeParameterEncryption, Boolean shouldCacheForAlwaysEncrypted)
   at Microsoft.Data.SqlClient.SqlCommand.CompleteAsyncExecuteReader(Boolean isInternal, Boolean forDescribeParameterEncryption)
   at Microsoft.Data.SqlClient.SqlCommand.InternalEndExecuteNonQuery(IAsyncResult asyncResult, Boolean isInternal, String endMethod)
   at Microsoft.Data.SqlClient.SqlCommand.EndExecuteNonQueryInternal(IAsyncResult asyncResult)
   at Microsoft.Data.SqlClient.SqlCommand.EndExecuteNonQueryAsync(IAsyncResult asyncResult)
   at Microsoft.Data.SqlClient.SqlCommand.<>c.<InternalExecuteNonQueryAsync>b__210_1(IAsyncResult result)
   at System.Threading.Tasks.TaskFactory`1.FromAsyncCoreLogic(IAsyncResult iar, Func`2 endFunction, Action`1 endAction, Task`1 promise, Boolean requiresSynchronization)
--- End of stack trace from previous location ---
   at LibraryApp.Data.Repositories.BookRepository.UpdateAsync(Int32 bookId, UpdateBookCommand cmd, CancellationToken ct) in c:\Users\Thales\Desktop\netcore\LibraryApp\LibraryApp.Data\Repositories\BookRepository.cs:line 251
   at LibraryApp.Data.Services.BookService.UpdateAsync(Int32 bookId, UpdateBookCommand cmd, CancellationToken ct) in c:\Users\Thales\Desktop\netcore\LibraryApp\LibraryApp.Data\Services\BookService.cs:line 164
   at LibraryApp.Data.Services.BookService.UpdateAsync(Int32 bookId, UpdateBookCommand cmd, CancellationToken ct) in c:\Users\Thales\Desktop\netcore\LibraryApp\LibraryApp.Data\Services\BookService.cs:line 183
   at BooksController.Update(Int32 id, UpdateBookCommand command, CancellationToken ct) in c:\Users\Thales\Desktop\netcore\LibraryApp\LibraryApp.Api\Controllers\BooksController.cs:line 64
   at Microsoft.AspNetCore.Mvc.Infrastructure.ActionMethodExecutor.TaskOfIActionResultExecutor.Execute(ActionContext actionContext, IActionResultTypeMapper mapper, ObjectMethodExecutor executor, Object controller, Object[] arguments)
   at Microsoft.AspNetCore.Mvc.Infrastructure.ControllerActionInvoker.<InvokeActionMethodAsync>g__Awaited|12_0(ControllerActionInvoker invoker, ValueTask`1 actionResultValueTask)
   at Microsoft.AspNetCore.Mvc.Infrastructure.ControllerActionInvoker.<InvokeNextActionFilterAsync>g__Awaited|10_0(ControllerActionInvoker invoker, Task lastTask, State next, Scope scope, Object state, Boolean isCompleted)
   at Microsoft.AspNetCore.Mvc.Infrastructure.ControllerActionInvoker.Rethrow(ActionExecutedContextSealed context)
   at Microsoft.AspNetCore.Mvc.Infrastructure.ControllerActionInvoker.Next(State& next, Scope& scope, Object& state, Boolean& isCompleted)
   at Microsoft.AspNetCore.Mvc.Infrastructure.ControllerActionInvoker.<InvokeInnerFilterAsync>g__Awaited|13_0(ControllerActionInvoker invoker, Task lastTask, State next, Scope scope, Object state, Boolean isCompleted)
   at Microsoft.AspNetCore.Mvc.Infrastructure.ResourceInvoker.<InvokeFilterPipelineAsync>g__Awaited|20_0(ResourceInvoker invoker, Task lastTask, State next, Scope scope, Object state, Boolean isCompleted)
   at Microsoft.AspNetCore.Mvc.Infrastructure.ResourceInvoker.<InvokeAsync>g__Logged|17_1(ResourceInvoker invoker)
   at Microsoft.AspNetCore.Mvc.Infrastructure.ResourceInvoker.<InvokeAsync>g__Logged|17_1(ResourceInvoker invoker)
   at Swashbuckle.AspNetCore.SwaggerUI.SwaggerUIMiddleware.Invoke(HttpContext httpContext)
   at Swashbuckle.AspNetCore.Swagger.SwaggerMiddleware.Invoke(HttpContext httpContext, ISwaggerProvider swaggerProvider)
   at Serilog.AspNetCore.RequestLoggingMiddleware.Invoke(HttpContext httpContext)
   at LibraryApp.Api.Middleware.ExceptionMiddleware.InvokeAsync(HttpContext context) in c:\Users\Thales\Desktop\netcore\LibraryApp\LibraryApp.Api\Middleware\ExceptionMiddleware.cs:line 22
ClientConnectionId:bf2a2f69-5943-4d28-968e-3e9680f77102
Error Number:515,State:2,Class:16
2026-06-07 11:21:33.902 +03:00 [INF] Request finished HTTP/1.1 PUT http://localhost:5112/api/Books/1 - 500 null application/problem+json 5393.1403ms
2026-06-07 11:22:10.816 +03:00 [INF] Now listening on: http://localhost:5112
2026-06-07 11:22:10.858 +03:00 [INF] Application started. Press Ctrl+C to shut down.
2026-06-07 11:22:10.859 +03:00 [INF] Hosting environment: Development
2026-06-07 11:22:10.859 +03:00 [INF] Content root path: c:\Users\Thales\Desktop\netcore\LibraryApp\LibraryApp.Api
2026-06-07 11:22:25.710 +03:00 [INF] Request starting HTTP/1.1 PUT http://localhost:5112/api/Books/1 - application/json 140
2026-06-07 11:22:25.765 +03:00 [INF] CORS policy execution failed.
2026-06-07 11:22:25.766 +03:00 [INF] Request origin http://localhost:5112 does not have permission to access the resource.
2026-06-07 11:22:25.853 +03:00 [INF] Route matched with {action = "Update", controller = "Books"}. Executing controller action with signature System.Threading.Tasks.Task`1[Microsoft.AspNetCore.Mvc.IActionResult] Update(Int32, UpdateBookCommand, System.Threading.CancellationToken) on controller BooksController (LibraryApp.Api).
2026-06-07 11:22:31.629 +03:00 [ERR] SQL error while updating book 1: Cannot insert the value NULL into column 'PublicationYear', table 'LibraryDb.dbo.Books'; column does not allow nulls. UPDATE fails.
The statement has been terminated.
Microsoft.Data.SqlClient.SqlException (0x80131904): Cannot insert the value NULL into column 'PublicationYear', table 'LibraryDb.dbo.Books'; column does not allow nulls. UPDATE fails.
The statement has been terminated.
   at Microsoft.Data.SqlClient.SqlConnection.OnError(SqlException exception, Boolean breakConnection, Action`1 wrapCloseInAction)
   at Microsoft.Data.SqlClient.SqlInternalConnection.OnError(SqlException exception, Boolean breakConnection, Action`1 wrapCloseInAction)
   at Microsoft.Data.SqlClient.TdsParser.ThrowExceptionAndWarning(TdsParserStateObject stateObj, Boolean callerHasConnectionLock, Boolean asyncClose)
   at Microsoft.Data.SqlClient.TdsParser.TryRun(RunBehavior runBehavior, SqlCommand cmdHandler, SqlDataReader dataStream, BulkCopySimpleResultSet bulkCopyHandler, TdsParserStateObject stateObj, Boolean& dataReady)
   at Microsoft.Data.SqlClient.SqlCommand.FinishExecuteReader(SqlDataReader ds, RunBehavior runBehavior, String resetOptionsString, Boolean isInternal, Boolean forDescribeParameterEncryption, Boolean shouldCacheForAlwaysEncrypted)
   at Microsoft.Data.SqlClient.SqlCommand.CompleteAsyncExecuteReader(Boolean isInternal, Boolean forDescribeParameterEncryption)
   at Microsoft.Data.SqlClient.SqlCommand.InternalEndExecuteNonQuery(IAsyncResult asyncResult, Boolean isInternal, String endMethod)
   at Microsoft.Data.SqlClient.SqlCommand.EndExecuteNonQueryInternal(IAsyncResult asyncResult)
   at Microsoft.Data.SqlClient.SqlCommand.EndExecuteNonQueryAsync(IAsyncResult asyncResult)
   at Microsoft.Data.SqlClient.SqlCommand.<>c.<InternalExecuteNonQueryAsync>b__210_1(IAsyncResult result)
   at System.Threading.Tasks.TaskFactory`1.FromAsyncCoreLogic(IAsyncResult iar, Func`2 endFunction, Action`1 endAction, Task`1 promise, Boolean requiresSynchronization)
--- End of stack trace from previous location ---
   at LibraryApp.Data.Repositories.BookRepository.UpdateAsync(Int32 bookId, UpdateBookCommand cmd, CancellationToken ct) in c:\Users\Thales\Desktop\netcore\LibraryApp\LibraryApp.Data\Repositories\BookRepository.cs:line 251
ClientConnectionId:7e390882-bf20-487f-8366-7e2e0c1ede78
Error Number:515,State:2,Class:16
2026-06-07 11:22:31.669 +03:00 [ERR] Failed to update book 1.
Microsoft.Data.SqlClient.SqlException (0x80131904): Cannot insert the value NULL into column 'PublicationYear', table 'LibraryDb.dbo.Books'; column does not allow nulls. UPDATE fails.
The statement has been terminated.
   at Microsoft.Data.SqlClient.SqlConnection.OnError(SqlException exception, Boolean breakConnection, Action`1 wrapCloseInAction)
   at Microsoft.Data.SqlClient.SqlInternalConnection.OnError(SqlException exception, Boolean breakConnection, Action`1 wrapCloseInAction)
   at Microsoft.Data.SqlClient.TdsParser.ThrowExceptionAndWarning(TdsParserStateObject stateObj, Boolean callerHasConnectionLock, Boolean asyncClose)
   at Microsoft.Data.SqlClient.TdsParser.TryRun(RunBehavior runBehavior, SqlCommand cmdHandler, SqlDataReader dataStream, BulkCopySimpleResultSet bulkCopyHandler, TdsParserStateObject stateObj, Boolean& dataReady)
   at Microsoft.Data.SqlClient.SqlCommand.FinishExecuteReader(SqlDataReader ds, RunBehavior runBehavior, String resetOptionsString, Boolean isInternal, Boolean forDescribeParameterEncryption, Boolean shouldCacheForAlwaysEncrypted)
   at Microsoft.Data.SqlClient.SqlCommand.CompleteAsyncExecuteReader(Boolean isInternal, Boolean forDescribeParameterEncryption)
   at Microsoft.Data.SqlClient.SqlCommand.InternalEndExecuteNonQuery(IAsyncResult asyncResult, Boolean isInternal, String endMethod)
   at Microsoft.Data.SqlClient.SqlCommand.EndExecuteNonQueryInternal(IAsyncResult asyncResult)
   at Microsoft.Data.SqlClient.SqlCommand.EndExecuteNonQueryAsync(IAsyncResult asyncResult)
   at Microsoft.Data.SqlClient.SqlCommand.<>c.<InternalExecuteNonQueryAsync>b__210_1(IAsyncResult result)
   at System.Threading.Tasks.TaskFactory`1.FromAsyncCoreLogic(IAsyncResult iar, Func`2 endFunction, Action`1 endAction, Task`1 promise, Boolean requiresSynchronization)
--- End of stack trace from previous location ---
   at LibraryApp.Data.Repositories.BookRepository.UpdateAsync(Int32 bookId, UpdateBookCommand cmd, CancellationToken ct) in c:\Users\Thales\Desktop\netcore\LibraryApp\LibraryApp.Data\Repositories\BookRepository.cs:line 251
   at LibraryApp.Data.Services.BookService.UpdateAsync(Int32 bookId, UpdateBookCommand cmd, CancellationToken ct) in c:\Users\Thales\Desktop\netcore\LibraryApp\LibraryApp.Data\Services\BookService.cs:line 164
ClientConnectionId:7e390882-bf20-487f-8366-7e2e0c1ede78
Error Number:515,State:2,Class:16
2026-06-07 11:22:31.695 +03:00 [INF] Executed action BooksController.Update (LibraryApp.Api) in 5831.2337ms
2026-06-07 11:22:31.713 +03:00 [ERR] HTTP PUT /api/Books/1 responded 500 in 5947.5887 ms
Microsoft.Data.SqlClient.SqlException (0x80131904): Cannot insert the value NULL into column 'PublicationYear', table 'LibraryDb.dbo.Books'; column does not allow nulls. UPDATE fails.
The statement has been terminated.
   at Microsoft.Data.SqlClient.SqlConnection.OnError(SqlException exception, Boolean breakConnection, Action`1 wrapCloseInAction)
   at Microsoft.Data.SqlClient.SqlInternalConnection.OnError(SqlException exception, Boolean breakConnection, Action`1 wrapCloseInAction)
   at Microsoft.Data.SqlClient.TdsParser.ThrowExceptionAndWarning(TdsParserStateObject stateObj, Boolean callerHasConnectionLock, Boolean asyncClose)
   at Microsoft.Data.SqlClient.TdsParser.TryRun(RunBehavior runBehavior, SqlCommand cmdHandler, SqlDataReader dataStream, BulkCopySimpleResultSet bulkCopyHandler, TdsParserStateObject stateObj, Boolean& dataReady)
   at Microsoft.Data.SqlClient.SqlCommand.FinishExecuteReader(SqlDataReader ds, RunBehavior runBehavior, String resetOptionsString, Boolean isInternal, Boolean forDescribeParameterEncryption, Boolean shouldCacheForAlwaysEncrypted)
   at Microsoft.Data.SqlClient.SqlCommand.CompleteAsyncExecuteReader(Boolean isInternal, Boolean forDescribeParameterEncryption)
   at Microsoft.Data.SqlClient.SqlCommand.InternalEndExecuteNonQuery(IAsyncResult asyncResult, Boolean isInternal, String endMethod)
   at Microsoft.Data.SqlClient.SqlCommand.EndExecuteNonQueryInternal(IAsyncResult asyncResult)
   at Microsoft.Data.SqlClient.SqlCommand.EndExecuteNonQueryAsync(IAsyncResult asyncResult)
   at Microsoft.Data.SqlClient.SqlCommand.<>c.<InternalExecuteNonQueryAsync>b__210_1(IAsyncResult result)
   at System.Threading.Tasks.TaskFactory`1.FromAsyncCoreLogic(IAsyncResult iar, Func`2 endFunction, Action`1 endAction, Task`1 promise, Boolean requiresSynchronization)
--- End of stack trace from previous location ---
   at LibraryApp.Data.Repositories.BookRepository.UpdateAsync(Int32 bookId, UpdateBookCommand cmd, CancellationToken ct) in c:\Users\Thales\Desktop\netcore\LibraryApp\LibraryApp.Data\Repositories\BookRepository.cs:line 251
   at LibraryApp.Data.Services.BookService.UpdateAsync(Int32 bookId, UpdateBookCommand cmd, CancellationToken ct) in c:\Users\Thales\Desktop\netcore\LibraryApp\LibraryApp.Data\Services\BookService.cs:line 164
   at LibraryApp.Data.Services.BookService.UpdateAsync(Int32 bookId, UpdateBookCommand cmd, CancellationToken ct) in c:\Users\Thales\Desktop\netcore\LibraryApp\LibraryApp.Data\Services\BookService.cs:line 183
   at BooksController.Update(Int32 id, UpdateBookCommand command, CancellationToken ct) in c:\Users\Thales\Desktop\netcore\LibraryApp\LibraryApp.Api\Controllers\BooksController.cs:line 64
   at Microsoft.AspNetCore.Mvc.Infrastructure.ActionMethodExecutor.TaskOfIActionResultExecutor.Execute(ActionContext actionContext, IActionResultTypeMapper mapper, ObjectMethodExecutor executor, Object controller, Object[] arguments)
   at Microsoft.AspNetCore.Mvc.Infrastructure.ControllerActionInvoker.<InvokeActionMethodAsync>g__Awaited|12_0(ControllerActionInvoker invoker, ValueTask`1 actionResultValueTask)
   at Microsoft.AspNetCore.Mvc.Infrastructure.ControllerActionInvoker.<InvokeNextActionFilterAsync>g__Awaited|10_0(ControllerActionInvoker invoker, Task lastTask, State next, Scope scope, Object state, Boolean isCompleted)
   at Microsoft.AspNetCore.Mvc.Infrastructure.ControllerActionInvoker.Rethrow(ActionExecutedContextSealed context)
   at Microsoft.AspNetCore.Mvc.Infrastructure.ControllerActionInvoker.Next(State& next, Scope& scope, Object& state, Boolean& isCompleted)
   at Microsoft.AspNetCore.Mvc.Infrastructure.ControllerActionInvoker.<InvokeInnerFilterAsync>g__Awaited|13_0(ControllerActionInvoker invoker, Task lastTask, State next, Scope scope, Object state, Boolean isCompleted)
   at Microsoft.AspNetCore.Mvc.Infrastructure.ResourceInvoker.<InvokeFilterPipelineAsync>g__Awaited|20_0(ResourceInvoker invoker, Task lastTask, State next, Scope scope, Object state, Boolean isCompleted)
   at Microsoft.AspNetCore.Mvc.Infrastructure.ResourceInvoker.<InvokeAsync>g__Logged|17_1(ResourceInvoker invoker)
   at Microsoft.AspNetCore.Mvc.Infrastructure.ResourceInvoker.<InvokeAsync>g__Logged|17_1(ResourceInvoker invoker)
   at Swashbuckle.AspNetCore.SwaggerUI.SwaggerUIMiddleware.Invoke(HttpContext httpContext)
   at Swashbuckle.AspNetCore.Swagger.SwaggerMiddleware.Invoke(HttpContext httpContext, ISwaggerProvider swaggerProvider)
   at Serilog.AspNetCore.RequestLoggingMiddleware.Invoke(HttpContext httpContext)
ClientConnectionId:7e390882-bf20-487f-8366-7e2e0c1ede78
Error Number:515,State:2,Class:16
2026-06-07 11:22:31.739 +03:00 [ERR] Unhandled exception on PUT /api/Books/1
Microsoft.Data.SqlClient.SqlException (0x80131904): Cannot insert the value NULL into column 'PublicationYear', table 'LibraryDb.dbo.Books'; column does not allow nulls. UPDATE fails.
The statement has been terminated.
   at Microsoft.Data.SqlClient.SqlConnection.OnError(SqlException exception, Boolean breakConnection, Action`1 wrapCloseInAction)
   at Microsoft.Data.SqlClient.SqlInternalConnection.OnError(SqlException exception, Boolean breakConnection, Action`1 wrapCloseInAction)
   at Microsoft.Data.SqlClient.TdsParser.ThrowExceptionAndWarning(TdsParserStateObject stateObj, Boolean callerHasConnectionLock, Boolean asyncClose)
   at Microsoft.Data.SqlClient.TdsParser.TryRun(RunBehavior runBehavior, SqlCommand cmdHandler, SqlDataReader dataStream, BulkCopySimpleResultSet bulkCopyHandler, TdsParserStateObject stateObj, Boolean& dataReady)
   at Microsoft.Data.SqlClient.SqlCommand.FinishExecuteReader(SqlDataReader ds, RunBehavior runBehavior, String resetOptionsString, Boolean isInternal, Boolean forDescribeParameterEncryption, Boolean shouldCacheForAlwaysEncrypted)
   at Microsoft.Data.SqlClient.SqlCommand.CompleteAsyncExecuteReader(Boolean isInternal, Boolean forDescribeParameterEncryption)
   at Microsoft.Data.SqlClient.SqlCommand.InternalEndExecuteNonQuery(IAsyncResult asyncResult, Boolean isInternal, String endMethod)
   at Microsoft.Data.SqlClient.SqlCommand.EndExecuteNonQueryInternal(IAsyncResult asyncResult)
   at Microsoft.Data.SqlClient.SqlCommand.EndExecuteNonQueryAsync(IAsyncResult asyncResult)
   at Microsoft.Data.SqlClient.SqlCommand.<>c.<InternalExecuteNonQueryAsync>b__210_1(IAsyncResult result)
   at System.Threading.Tasks.TaskFactory`1.FromAsyncCoreLogic(IAsyncResult iar, Func`2 endFunction, Action`1 endAction, Task`1 promise, Boolean requiresSynchronization)
--- End of stack trace from previous location ---
   at LibraryApp.Data.Repositories.BookRepository.UpdateAsync(Int32 bookId, UpdateBookCommand cmd, CancellationToken ct) in c:\Users\Thales\Desktop\netcore\LibraryApp\LibraryApp.Data\Repositories\BookRepository.cs:line 251
   at LibraryApp.Data.Services.BookService.UpdateAsync(Int32 bookId, UpdateBookCommand cmd, CancellationToken ct) in c:\Users\Thales\Desktop\netcore\LibraryApp\LibraryApp.Data\Services\BookService.cs:line 164
   at LibraryApp.Data.Services.BookService.UpdateAsync(Int32 bookId, UpdateBookCommand cmd, CancellationToken ct) in c:\Users\Thales\Desktop\netcore\LibraryApp\LibraryApp.Data\Services\BookService.cs:line 183
   at BooksController.Update(Int32 id, UpdateBookCommand command, CancellationToken ct) in c:\Users\Thales\Desktop\netcore\LibraryApp\LibraryApp.Api\Controllers\BooksController.cs:line 64
   at Microsoft.AspNetCore.Mvc.Infrastructure.ActionMethodExecutor.TaskOfIActionResultExecutor.Execute(ActionContext actionContext, IActionResultTypeMapper mapper, ObjectMethodExecutor executor, Object controller, Object[] arguments)
   at Microsoft.AspNetCore.Mvc.Infrastructure.ControllerActionInvoker.<InvokeActionMethodAsync>g__Awaited|12_0(ControllerActionInvoker invoker, ValueTask`1 actionResultValueTask)
   at Microsoft.AspNetCore.Mvc.Infrastructure.ControllerActionInvoker.<InvokeNextActionFilterAsync>g__Awaited|10_0(ControllerActionInvoker invoker, Task lastTask, State next, Scope scope, Object state, Boolean isCompleted)
   at Microsoft.AspNetCore.Mvc.Infrastructure.ControllerActionInvoker.Rethrow(ActionExecutedContextSealed context)
   at Microsoft.AspNetCore.Mvc.Infrastructure.ControllerActionInvoker.Next(State& next, Scope& scope, Object& state, Boolean& isCompleted)
   at Microsoft.AspNetCore.Mvc.Infrastructure.ControllerActionInvoker.<InvokeInnerFilterAsync>g__Awaited|13_0(ControllerActionInvoker invoker, Task lastTask, State next, Scope scope, Object state, Boolean isCompleted)
   at Microsoft.AspNetCore.Mvc.Infrastructure.ResourceInvoker.<InvokeFilterPipelineAsync>g__Awaited|20_0(ResourceInvoker invoker, Task lastTask, State next, Scope scope, Object state, Boolean isCompleted)
   at Microsoft.AspNetCore.Mvc.Infrastructure.ResourceInvoker.<InvokeAsync>g__Logged|17_1(ResourceInvoker invoker)
   at Microsoft.AspNetCore.Mvc.Infrastructure.ResourceInvoker.<InvokeAsync>g__Logged|17_1(ResourceInvoker invoker)
   at Swashbuckle.AspNetCore.SwaggerUI.SwaggerUIMiddleware.Invoke(HttpContext httpContext)
   at Swashbuckle.AspNetCore.Swagger.SwaggerMiddleware.Invoke(HttpContext httpContext, ISwaggerProvider swaggerProvider)
   at Serilog.AspNetCore.RequestLoggingMiddleware.Invoke(HttpContext httpContext)
   at LibraryApp.Api.Middleware.ExceptionMiddleware.InvokeAsync(HttpContext context) in c:\Users\Thales\Desktop\netcore\LibraryApp\LibraryApp.Api\Middleware\ExceptionMiddleware.cs:line 22
ClientConnectionId:7e390882-bf20-487f-8366-7e2e0c1ede78
Error Number:515,State:2,Class:16
2026-06-07 11:22:31.818 +03:00 [INF] Request finished HTTP/1.1 PUT http://localhost:5112/api/Books/1 - 500 null application/problem+json 6111.6217ms
2026-06-07 11:28:31.332 +03:00 [INF] Now listening on: http://localhost:5112
2026-06-07 11:28:31.386 +03:00 [INF] Application started. Press Ctrl+C to shut down.
2026-06-07 11:28:31.387 +03:00 [INF] Hosting environment: Development
2026-06-07 11:28:31.387 +03:00 [INF] Content root path: c:\Users\Thales\Desktop\netcore\LibraryApp\LibraryApp.Api
2026-06-07 11:28:49.233 +03:00 [INF] Request starting HTTP/1.1 PUT http://localhost:5112/api/Books/1 - application/json 140
2026-06-07 11:28:49.294 +03:00 [INF] CORS policy execution failed.
2026-06-07 11:28:49.295 +03:00 [INF] Request origin http://localhost:5112 does not have permission to access the resource.
2026-06-07 11:28:49.387 +03:00 [INF] Route matched with {action = "Update", controller = "Books"}. Executing controller action with signature System.Threading.Tasks.Task`1[Microsoft.AspNetCore.Mvc.IActionResult] Update(Int32, UpdateBookCommand, System.Threading.CancellationToken) on controller BooksController (LibraryApp.Api).
2026-06-07 11:28:55.291 +03:00 [INF] Book 1 updated via raw SQL: 1 authors, 1 categories
2026-06-07 11:28:55.422 +03:00 [INF] Book 1 'aaaaa' updated via raw SQL. Authors: [1]. Categories: [1].
2026-06-07 11:28:55.664 +03:00 [WRN] Compiling a query which loads related collections for more than one collection navigation, either via 'Include' or through projection, but no 'QuerySplittingBehavior' has been configured. By default, Entity Framework will use 'QuerySplittingBehavior.SingleQuery', which can potentially result in slow query performance. See https://go.microsoft.com/fwlink/?linkid=2134277 for more information. To identify the query that's triggering this warning call 'ConfigureWarnings(w => w.Throw(RelationalEventId.MultipleCollectionIncludeWarning))'.
2026-06-07 11:28:55.774 +03:00 [INF] Executing OkObjectResult, writing value of type 'BookDto'.
2026-06-07 11:28:55.859 +03:00 [INF] Executed action BooksController.Update (LibraryApp.Api) in 6460.9618ms
2026-06-07 11:28:55.877 +03:00 [INF] HTTP PUT /api/Books/1 responded 200 in 6583.4224 ms
2026-06-07 11:28:55.903 +03:00 [INF] Request finished HTTP/1.1 PUT http://localhost:5112/api/Books/1 - 200 null application/json; charset=utf-8 6671.7004ms
2026-06-07 11:29:02.734 +03:00 [INF] Request starting HTTP/1.1 OPTIONS http://localhost:5112/api/books/5 - null null
2026-06-07 11:29:02.740 +03:00 [INF] CORS policy execution successful.
2026-06-07 11:29:02.743 +03:00 [INF] HTTP OPTIONS /api/books/5 responded 204 in 4.0529 ms
2026-06-07 11:29:02.744 +03:00 [INF] Request finished HTTP/1.1 OPTIONS http://localhost:5112/api/books/5 - 204 null null 10.2962ms
2026-06-07 11:29:02.751 +03:00 [INF] Request starting HTTP/1.1 GET http://localhost:5112/api/books/5 - application/json null
2026-06-07 11:29:02.753 +03:00 [INF] CORS policy execution successful.
2026-06-07 11:29:02.767 +03:00 [INF] Route matched with {action = "GetById", controller = "Books"}. Executing controller action with signature System.Threading.Tasks.Task`1[Microsoft.AspNetCore.Mvc.IActionResult] GetById(Int32, System.Threading.CancellationToken) on controller BooksController (LibraryApp.Api).
2026-06-07 11:29:02.803 +03:00 [INF] Executing OkObjectResult, writing value of type 'BookDto'.
2026-06-07 11:29:02.804 +03:00 [INF] Executed action BooksController.GetById (LibraryApp.Api) in 36.8564ms
2026-06-07 11:29:02.804 +03:00 [INF] HTTP GET /api/books/5 responded 200 in 51.5648 ms
2026-06-07 11:29:02.805 +03:00 [INF] Request finished HTTP/1.1 GET http://localhost:5112/api/books/5 - 200 null application/json; charset=utf-8 54.3142ms
2026-06-07 11:29:03.782 +03:00 [INF] Request starting HTTP/1.1 OPTIONS http://localhost:5112/api/authors - null null
2026-06-07 11:29:03.782 +03:00 [INF] CORS policy execution successful.
2026-06-07 11:29:03.783 +03:00 [INF] HTTP OPTIONS /api/authors responded 204 in 0.3207 ms
2026-06-07 11:29:03.783 +03:00 [INF] Request finished HTTP/1.1 OPTIONS http://localhost:5112/api/authors - 204 null null 1.1349ms
2026-06-07 11:29:03.783 +03:00 [INF] Request starting HTTP/1.1 OPTIONS http://localhost:5112/api/categories - null null
2026-06-07 11:29:03.784 +03:00 [INF] CORS policy execution successful.
2026-06-07 11:29:03.784 +03:00 [INF] HTTP OPTIONS /api/categories responded 204 in 0.1734 ms
2026-06-07 11:29:03.784 +03:00 [INF] Request finished HTTP/1.1 OPTIONS http://localhost:5112/api/categories - 204 null null 0.7335ms
2026-06-07 11:29:03.786 +03:00 [INF] Request starting HTTP/1.1 GET http://localhost:5112/api/books/5 - application/json null
2026-06-07 11:29:03.786 +03:00 [INF] CORS policy execution successful.
2026-06-07 11:29:03.788 +03:00 [INF] Route matched with {action = "GetById", controller = "Books"}. Executing controller action with signature System.Threading.Tasks.Task`1[Microsoft.AspNetCore.Mvc.IActionResult] GetById(Int32, System.Threading.CancellationToken) on controller BooksController (LibraryApp.Api).
2026-06-07 11:29:03.791 +03:00 [INF] Request starting HTTP/1.1 GET http://localhost:5112/api/authors - application/json null
2026-06-07 11:29:03.792 +03:00 [INF] CORS policy execution successful.
2026-06-07 11:29:03.792 +03:00 [INF] Request starting HTTP/1.1 GET http://localhost:5112/api/categories - application/json null
2026-06-07 11:29:03.792 +03:00 [INF] CORS policy execution successful.
2026-06-07 11:29:03.798 +03:00 [INF] Route matched with {action = "GetAll", controller = "Categories"}. Executing controller action with signature System.Threading.Tasks.Task`1[Microsoft.AspNetCore.Mvc.IActionResult] GetAll(System.Threading.CancellationToken) on controller LibraryApp.Api.Controllers.CategoriesController (LibraryApp.Api).
2026-06-07 11:29:03.798 +03:00 [INF] Route matched with {action = "GetAll", controller = "Authors"}. Executing controller action with signature System.Threading.Tasks.Task`1[Microsoft.AspNetCore.Mvc.IActionResult] GetAll(System.Threading.CancellationToken) on controller LibraryApp.Api.Controllers.AuthorsController (LibraryApp.Api).
2026-06-07 11:29:03.935 +03:00 [INF] Executing OkObjectResult, writing value of type 'System.Collections.Generic.List`1[[<>f__AnonymousType1`2[[System.Int32, System.Private.CoreLib, Version=8.0.0.0, Culture=neutral, PublicKeyToken=7cec85d7bea7798e],[System.String, System.Private.CoreLib, Version=8.0.0.0, Culture=neutral, PublicKeyToken=7cec85d7bea7798e]], LibraryApp.Api, Version=1.0.0.0, Culture=neutral, PublicKeyToken=null]]'.
2026-06-07 11:29:03.943 +03:00 [INF] Executing OkObjectResult, writing value of type 'BookDto'.
2026-06-07 11:29:03.943 +03:00 [INF] Executing OkObjectResult, writing value of type 'System.Collections.Generic.List`1[[LibraryApp.Core.DTOs.AuthorDto, LibraryApp.Core, Version=1.0.0.0, Culture=neutral, PublicKeyToken=null]]'.
2026-06-07 11:29:03.943 +03:00 [INF] Executed action BooksController.GetById (LibraryApp.Api) in 155.1826ms
2026-06-07 11:29:03.943 +03:00 [INF] HTTP GET /api/books/5 responded 200 in 157.3456 ms
2026-06-07 11:29:03.943 +03:00 [INF] Executed action LibraryApp.Api.Controllers.CategoriesController.GetAll (LibraryApp.Api) in 145.0757ms
2026-06-07 11:29:03.943 +03:00 [INF] Request finished HTTP/1.1 GET http://localhost:5112/api/books/5 - 200 null application/json; charset=utf-8 157.9371ms
2026-06-07 11:29:03.944 +03:00 [INF] HTTP GET /api/categories responded 200 in 151.5562 ms
2026-06-07 11:29:03.946 +03:00 [INF] Executed action LibraryApp.Api.Controllers.AuthorsController.GetAll (LibraryApp.Api) in 147.3732ms
2026-06-07 11:29:03.946 +03:00 [INF] HTTP GET /api/authors responded 200 in 154.5666 ms
2026-06-07 11:29:03.946 +03:00 [INF] Request finished HTTP/1.1 GET http://localhost:5112/api/authors - 200 null application/json; charset=utf-8 155.2316ms
2026-06-07 11:29:03.947 +03:00 [INF] Request finished HTTP/1.1 GET http://localhost:5112/api/categories - 200 null application/json; charset=utf-8 155.5856ms
2026-06-07 11:29:07.395 +03:00 [INF] Request starting HTTP/1.1 OPTIONS http://localhost:5112/api/books/5 - null null
2026-06-07 11:29:07.396 +03:00 [INF] CORS policy execution successful.
2026-06-07 11:29:07.396 +03:00 [INF] HTTP OPTIONS /api/books/5 responded 204 in 0.2852 ms
2026-06-07 11:29:07.396 +03:00 [INF] Request finished HTTP/1.1 OPTIONS http://localhost:5112/api/books/5 - 204 null null 0.9024ms
2026-06-07 11:29:07.402 +03:00 [INF] Request starting HTTP/1.1 PUT http://localhost:5112/api/books/5 - application/json 162
2026-06-07 11:29:07.402 +03:00 [INF] CORS policy execution successful.
2026-06-07 11:29:07.403 +03:00 [INF] Route matched with {action = "Update", controller = "Books"}. Executing controller action with signature System.Threading.Tasks.Task`1[Microsoft.AspNetCore.Mvc.IActionResult] Update(Int32, UpdateBookCommand, System.Threading.CancellationToken) on controller BooksController (LibraryApp.Api).
2026-06-07 11:29:07.418 +03:00 [INF] Book 5 updated via raw SQL: 0 authors, 0 categories
2026-06-07 11:29:07.422 +03:00 [INF] Book 5 '(unchanged)' updated via raw SQL. Authors: [(unchanged)]. Categories: [(unchanged)].
2026-06-07 11:29:07.424 +03:00 [INF] Executing OkObjectResult, writing value of type 'BookDto'.
2026-06-07 11:29:07.425 +03:00 [INF] Executed action BooksController.Update (LibraryApp.Api) in 22.0223ms
2026-06-07 11:29:07.425 +03:00 [INF] HTTP PUT /api/books/5 responded 200 in 22.7926 ms
2026-06-07 11:29:07.425 +03:00 [INF] Request finished HTTP/1.1 PUT http://localhost:5112/api/books/5 - 200 null application/json; charset=utf-8 23.5385ms
2026-06-07 11:29:07.456 +03:00 [INF] Request starting HTTP/1.1 GET http://localhost:5112/api/books/5 - application/json null
2026-06-07 11:29:07.456 +03:00 [INF] CORS policy execution successful.
2026-06-07 11:29:07.456 +03:00 [INF] Route matched with {action = "GetById", controller = "Books"}. Executing controller action with signature System.Threading.Tasks.Task`1[Microsoft.AspNetCore.Mvc.IActionResult] GetById(Int32, System.Threading.CancellationToken) on controller BooksController (LibraryApp.Api).
2026-06-07 11:29:07.460 +03:00 [INF] Executing OkObjectResult, writing value of type 'BookDto'.
2026-06-07 11:29:07.460 +03:00 [INF] Executed action BooksController.GetById (LibraryApp.Api) in 3.7417ms
2026-06-07 11:29:07.460 +03:00 [INF] HTTP GET /api/books/5 responded 200 in 4.2867 ms
2026-06-07 11:29:07.460 +03:00 [INF] Request finished HTTP/1.1 GET http://localhost:5112/api/books/5 - 200 null application/json; charset=utf-8 4.9043ms
2026-06-07 11:29:11.995 +03:00 [INF] Request starting HTTP/1.1 OPTIONS http://localhost:5112/api/authors - null null
2026-06-07 11:29:11.995 +03:00 [INF] Request starting HTTP/1.1 OPTIONS http://localhost:5112/api/categories - null null
2026-06-07 11:29:11.996 +03:00 [INF] CORS policy execution successful.
2026-06-07 11:29:11.996 +03:00 [INF] CORS policy execution successful.
2026-06-07 11:29:11.997 +03:00 [INF] HTTP OPTIONS /api/categories responded 204 in 0.2710 ms
2026-06-07 11:29:11.997 +03:00 [INF] HTTP OPTIONS /api/authors responded 204 in 0.4197 ms
2026-06-07 11:29:11.997 +03:00 [INF] Request finished HTTP/1.1 OPTIONS http://localhost:5112/api/categories - 204 null null 1.2917ms
2026-06-07 11:29:11.997 +03:00 [INF] Request finished HTTP/1.1 OPTIONS http://localhost:5112/api/authors - 204 null null 2.1888ms
2026-06-07 11:29:11.997 +03:00 [INF] Request starting HTTP/1.1 GET http://localhost:5112/api/books/5 - application/json null
2026-06-07 11:29:11.998 +03:00 [INF] CORS policy execution successful.
2026-06-07 11:29:11.998 +03:00 [INF] Route matched with {action = "GetById", controller = "Books"}. Executing controller action with signature System.Threading.Tasks.Task`1[Microsoft.AspNetCore.Mvc.IActionResult] GetById(Int32, System.Threading.CancellationToken) on controller BooksController (LibraryApp.Api).
2026-06-07 11:29:12.003 +03:00 [INF] Executing OkObjectResult, writing value of type 'BookDto'.
2026-06-07 11:29:12.003 +03:00 [INF] Executed action BooksController.GetById (LibraryApp.Api) in 4.8241ms
2026-06-07 11:29:12.003 +03:00 [INF] HTTP GET /api/books/5 responded 200 in 5.5446 ms
2026-06-07 11:29:12.004 +03:00 [INF] Request starting HTTP/1.1 GET http://localhost:5112/api/categories - application/json null
2026-06-07 11:29:12.004 +03:00 [INF] Request finished HTTP/1.1 GET http://localhost:5112/api/books/5 - 200 null application/json; charset=utf-8 6.0549ms
2026-06-07 11:29:12.004 +03:00 [INF] Request starting HTTP/1.1 GET http://localhost:5112/api/authors - application/json null
2026-06-07 11:29:12.004 +03:00 [INF] CORS policy execution successful.
2026-06-07 11:29:12.004 +03:00 [INF] CORS policy execution successful.
2026-06-07 11:29:12.004 +03:00 [INF] Route matched with {action = "GetAll", controller = "Categories"}. Executing controller action with signature System.Threading.Tasks.Task`1[Microsoft.AspNetCore.Mvc.IActionResult] GetAll(System.Threading.CancellationToken) on controller LibraryApp.Api.Controllers.CategoriesController (LibraryApp.Api).
2026-06-07 11:29:12.004 +03:00 [INF] Route matched with {action = "GetAll", controller = "Authors"}. Executing controller action with signature System.Threading.Tasks.Task`1[Microsoft.AspNetCore.Mvc.IActionResult] GetAll(System.Threading.CancellationToken) on controller LibraryApp.Api.Controllers.AuthorsController (LibraryApp.Api).
2026-06-07 11:29:12.008 +03:00 [INF] Executing OkObjectResult, writing value of type 'System.Collections.Generic.List`1[[<>f__AnonymousType1`2[[System.Int32, System.Private.CoreLib, Version=8.0.0.0, Culture=neutral, PublicKeyToken=7cec85d7bea7798e],[System.String, System.Private.CoreLib, Version=8.0.0.0, Culture=neutral, PublicKeyToken=7cec85d7bea7798e]], LibraryApp.Api, Version=1.0.0.0, Culture=neutral, PublicKeyToken=null]]'.
2026-06-07 11:29:12.009 +03:00 [INF] Executed action LibraryApp.Api.Controllers.CategoriesController.GetAll (LibraryApp.Api) in 4.0722ms
2026-06-07 11:29:12.009 +03:00 [INF] Executing OkObjectResult, writing value of type 'System.Collections.Generic.List`1[[LibraryApp.Core.DTOs.AuthorDto, LibraryApp.Core, Version=1.0.0.0, Culture=neutral, PublicKeyToken=null]]'.
2026-06-07 11:29:12.009 +03:00 [INF] HTTP GET /api/categories responded 200 in 4.8729 ms
2026-06-07 11:29:12.009 +03:00 [INF] Executed action LibraryApp.Api.Controllers.AuthorsController.GetAll (LibraryApp.Api) in 4.4564ms
2026-06-07 11:29:12.009 +03:00 [INF] HTTP GET /api/authors responded 200 in 4.9471 ms
2026-06-07 11:29:12.009 +03:00 [INF] Request finished HTTP/1.1 GET http://localhost:5112/api/categories - 200 null application/json; charset=utf-8 5.4595ms
2026-06-07 11:29:12.009 +03:00 [INF] Request finished HTTP/1.1 GET http://localhost:5112/api/authors - 200 null application/json; charset=utf-8 5.5547ms
2026-06-07 11:31:59.732 +03:00 [INF] Request starting HTTP/1.1 GET http://localhost:5112/api/authors - application/json null
2026-06-07 11:31:59.734 +03:00 [INF] Request starting HTTP/1.1 GET http://localhost:5112/api/categories - application/json null
2026-06-07 11:31:59.734 +03:00 [INF] Request starting HTTP/1.1 GET http://localhost:5112/api/books/5 - application/json null
2026-06-07 11:31:59.734 +03:00 [INF] Route matched with {action = "GetAll", controller = "Authors"}. Executing controller action with signature System.Threading.Tasks.Task`1[Microsoft.AspNetCore.Mvc.IActionResult] GetAll(System.Threading.CancellationToken) on controller LibraryApp.Api.Controllers.AuthorsController (LibraryApp.Api).
2026-06-07 11:31:59.734 +03:00 [INF] Route matched with {action = "GetAll", controller = "Categories"}. Executing controller action with signature System.Threading.Tasks.Task`1[Microsoft.AspNetCore.Mvc.IActionResult] GetAll(System.Threading.CancellationToken) on controller LibraryApp.Api.Controllers.CategoriesController (LibraryApp.Api).
2026-06-07 11:31:59.734 +03:00 [INF] Route matched with {action = "GetById", controller = "Books"}. Executing controller action with signature System.Threading.Tasks.Task`1[Microsoft.AspNetCore.Mvc.IActionResult] GetById(Int32, System.Threading.CancellationToken) on controller BooksController (LibraryApp.Api).
2026-06-07 11:31:59.740 +03:00 [INF] Executing OkObjectResult, writing value of type 'System.Collections.Generic.List`1[[<>f__AnonymousType1`2[[System.Int32, System.Private.CoreLib, Version=8.0.0.0, Culture=neutral, PublicKeyToken=7cec85d7bea7798e],[System.String, System.Private.CoreLib, Version=8.0.0.0, Culture=neutral, PublicKeyToken=7cec85d7bea7798e]], LibraryApp.Api, Version=1.0.0.0, Culture=neutral, PublicKeyToken=null]]'.
2026-06-07 11:31:59.740 +03:00 [INF] Executed action LibraryApp.Api.Controllers.CategoriesController.GetAll (LibraryApp.Api) in 5.9514ms
2026-06-07 11:31:59.741 +03:00 [INF] HTTP GET /api/categories responded 200 in 6.3252 ms
2026-06-07 11:31:59.741 +03:00 [INF] Executing OkObjectResult, writing value of type 'System.Collections.Generic.List`1[[LibraryApp.Core.DTOs.AuthorDto, LibraryApp.Core, Version=1.0.0.0, Culture=neutral, PublicKeyToken=null]]'.
2026-06-07 11:31:59.741 +03:00 [INF] Request finished HTTP/1.1 GET http://localhost:5112/api/categories - 200 null application/json; charset=utf-8 6.8166ms
2026-06-07 11:31:59.741 +03:00 [INF] Executed action LibraryApp.Api.Controllers.AuthorsController.GetAll (LibraryApp.Api) in 6.8426ms
2026-06-07 11:31:59.741 +03:00 [INF] HTTP GET /api/authors responded 200 in 8.1311 ms
2026-06-07 11:31:59.741 +03:00 [INF] Request finished HTTP/1.1 GET http://localhost:5112/api/authors - 200 null application/json; charset=utf-8 8.928ms
2026-06-07 11:31:59.742 +03:00 [INF] Executing OkObjectResult, writing value of type 'BookDto'.
2026-06-07 11:31:59.742 +03:00 [INF] Executed action BooksController.GetById (LibraryApp.Api) in 7.5747ms
2026-06-07 11:31:59.742 +03:00 [INF] HTTP GET /api/books/5 responded 200 in 8.0346 ms
2026-06-07 11:31:59.743 +03:00 [INF] Request finished HTTP/1.1 GET http://localhost:5112/api/books/5 - 200 null application/json; charset=utf-8 8.4328ms
2026-06-07 11:32:01.825 +03:00 [INF] Request starting HTTP/1.1 OPTIONS http://localhost:5112/api/authors - null null
2026-06-07 11:32:01.826 +03:00 [INF] CORS policy execution successful.
2026-06-07 11:32:01.826 +03:00 [INF] HTTP OPTIONS /api/authors responded 204 in 0.2840 ms
2026-06-07 11:32:01.826 +03:00 [INF] Request finished HTTP/1.1 OPTIONS http://localhost:5112/api/authors - 204 null null 0.669ms
2026-06-07 11:32:01.836 +03:00 [INF] Request starting HTTP/1.1 GET http://localhost:5112/api/authors - application/json null
2026-06-07 11:32:01.837 +03:00 [INF] CORS policy execution successful.
2026-06-07 11:32:01.837 +03:00 [INF] Route matched with {action = "GetAll", controller = "Authors"}. Executing controller action with signature System.Threading.Tasks.Task`1[Microsoft.AspNetCore.Mvc.IActionResult] GetAll(System.Threading.CancellationToken) on controller LibraryApp.Api.Controllers.AuthorsController (LibraryApp.Api).
2026-06-07 11:32:01.851 +03:00 [INF] Executing OkObjectResult, writing value of type 'System.Collections.Generic.List`1[[LibraryApp.Core.DTOs.AuthorDto, LibraryApp.Core, Version=1.0.0.0, Culture=neutral, PublicKeyToken=null]]'.
2026-06-07 11:32:01.852 +03:00 [INF] Executed action LibraryApp.Api.Controllers.AuthorsController.GetAll (LibraryApp.Api) in 14.9928ms
2026-06-07 11:32:01.852 +03:00 [INF] HTTP GET /api/authors responded 200 in 15.7145 ms
2026-06-07 11:32:01.853 +03:00 [INF] Request finished HTTP/1.1 GET http://localhost:5112/api/authors - 200 null application/json; charset=utf-8 16.353ms
2026-06-07 11:32:01.854 +03:00 [INF] Request starting HTTP/1.1 OPTIONS http://localhost:5112/api/categories - null null
2026-06-07 11:32:01.854 +03:00 [INF] CORS policy execution successful.
2026-06-07 11:32:01.855 +03:00 [INF] HTTP OPTIONS /api/categories responded 204 in 0.4502 ms
2026-06-07 11:32:01.855 +03:00 [INF] Request finished HTTP/1.1 OPTIONS http://localhost:5112/api/categories - 204 null null 1.2582ms
2026-06-07 11:32:01.864 +03:00 [INF] Request starting HTTP/1.1 GET http://localhost:5112/api/categories - application/json null
2026-06-07 11:32:01.864 +03:00 [INF] CORS policy execution successful.
2026-06-07 11:32:01.864 +03:00 [INF] Route matched with {action = "GetAll", controller = "Categories"}. Executing controller action with signature System.Threading.Tasks.Task`1[Microsoft.AspNetCore.Mvc.IActionResult] GetAll(System.Threading.CancellationToken) on controller LibraryApp.Api.Controllers.CategoriesController (LibraryApp.Api).
2026-06-07 11:32:01.869 +03:00 [INF] Executing OkObjectResult, writing value of type 'System.Collections.Generic.List`1[[<>f__AnonymousType1`2[[System.Int32, System.Private.CoreLib, Version=8.0.0.0, Culture=neutral, PublicKeyToken=7cec85d7bea7798e],[System.String, System.Private.CoreLib, Version=8.0.0.0, Culture=neutral, PublicKeyToken=7cec85d7bea7798e]], LibraryApp.Api, Version=1.0.0.0, Culture=neutral, PublicKeyToken=null]]'.
2026-06-07 11:32:01.870 +03:00 [INF] Executed action LibraryApp.Api.Controllers.CategoriesController.GetAll (LibraryApp.Api) in 5.1901ms
2026-06-07 11:32:01.870 +03:00 [INF] HTTP GET /api/categories responded 200 in 5.8930 ms
2026-06-07 11:32:01.870 +03:00 [INF] Request starting HTTP/1.1 OPTIONS http://localhost:5112/api/books/5 - null null
2026-06-07 11:32:01.870 +03:00 [INF] CORS policy execution successful.
2026-06-07 11:32:01.870 +03:00 [INF] Request finished HTTP/1.1 GET http://localhost:5112/api/categories - 200 null application/json; charset=utf-8 6.3713ms
2026-06-07 11:32:01.870 +03:00 [INF] HTTP OPTIONS /api/books/5 responded 204 in 0.1344 ms
2026-06-07 11:32:01.873 +03:00 [INF] Request finished HTTP/1.1 OPTIONS http://localhost:5112/api/books/5 - 204 null null 3.2555ms
2026-06-07 11:32:01.883 +03:00 [INF] Request starting HTTP/1.1 GET http://localhost:5112/api/books/5 - application/json null
2026-06-07 11:32:01.883 +03:00 [INF] CORS policy execution successful.
2026-06-07 11:32:01.883 +03:00 [INF] Route matched with {action = "GetById", controller = "Books"}. Executing controller action with signature System.Threading.Tasks.Task`1[Microsoft.AspNetCore.Mvc.IActionResult] GetById(Int32, System.Threading.CancellationToken) on controller BooksController (LibraryApp.Api).
2026-06-07 11:32:01.891 +03:00 [INF] Executing OkObjectResult, writing value of type 'BookDto'.
2026-06-07 11:32:01.891 +03:00 [INF] Executed action BooksController.GetById (LibraryApp.Api) in 7.4613ms
2026-06-07 11:32:01.891 +03:00 [INF] HTTP GET /api/books/5 responded 200 in 8.1699 ms
2026-06-07 11:32:01.891 +03:00 [INF] Request finished HTTP/1.1 GET http://localhost:5112/api/books/5 - 200 null application/json; charset=utf-8 8.5737ms
2026-06-07 11:33:16.424 +03:00 [INF] Request starting HTTP/1.1 GET http://localhost:5112/api/authors - application/json null
2026-06-07 11:33:16.425 +03:00 [INF] Route matched with {action = "GetAll", controller = "Authors"}. Executing controller action with signature System.Threading.Tasks.Task`1[Microsoft.AspNetCore.Mvc.IActionResult] GetAll(System.Threading.CancellationToken) on controller LibraryApp.Api.Controllers.AuthorsController (LibraryApp.Api).
2026-06-07 11:33:16.425 +03:00 [INF] Request starting HTTP/1.1 GET http://localhost:5112/api/categories - application/json null
2026-06-07 11:33:16.425 +03:00 [INF] Route matched with {action = "GetAll", controller = "Categories"}. Executing controller action with signature System.Threading.Tasks.Task`1[Microsoft.AspNetCore.Mvc.IActionResult] GetAll(System.Threading.CancellationToken) on controller LibraryApp.Api.Controllers.CategoriesController (LibraryApp.Api).
2026-06-07 11:33:16.425 +03:00 [INF] Request starting HTTP/1.1 GET http://localhost:5112/api/books/5 - application/json null
2026-06-07 11:33:16.426 +03:00 [INF] Route matched with {action = "GetById", controller = "Books"}. Executing controller action with signature System.Threading.Tasks.Task`1[Microsoft.AspNetCore.Mvc.IActionResult] GetById(Int32, System.Threading.CancellationToken) on controller BooksController (LibraryApp.Api).
2026-06-07 11:33:16.430 +03:00 [INF] Executing OkObjectResult, writing value of type 'System.Collections.Generic.List`1[[<>f__AnonymousType1`2[[System.Int32, System.Private.CoreLib, Version=8.0.0.0, Culture=neutral, PublicKeyToken=7cec85d7bea7798e],[System.String, System.Private.CoreLib, Version=8.0.0.0, Culture=neutral, PublicKeyToken=7cec85d7bea7798e]], LibraryApp.Api, Version=1.0.0.0, Culture=neutral, PublicKeyToken=null]]'.
2026-06-07 11:33:16.430 +03:00 [INF] Executing OkObjectResult, writing value of type 'System.Collections.Generic.List`1[[LibraryApp.Core.DTOs.AuthorDto, LibraryApp.Core, Version=1.0.0.0, Culture=neutral, PublicKeyToken=null]]'.
2026-06-07 11:33:16.431 +03:00 [INF] Executed action LibraryApp.Api.Controllers.CategoriesController.GetAll (LibraryApp.Api) in 5.6027ms
2026-06-07 11:33:16.431 +03:00 [INF] Executed action LibraryApp.Api.Controllers.AuthorsController.GetAll (LibraryApp.Api) in 5.909ms
2026-06-07 11:33:16.431 +03:00 [INF] HTTP GET /api/categories responded 200 in 5.9979 ms
2026-06-07 11:33:16.431 +03:00 [INF] HTTP GET /api/authors responded 200 in 6.6720 ms
2026-06-07 11:33:16.431 +03:00 [INF] Request finished HTTP/1.1 GET http://localhost:5112/api/categories - 200 null application/json; charset=utf-8 6.5767ms
2026-06-07 11:33:16.431 +03:00 [INF] Request finished HTTP/1.1 GET http://localhost:5112/api/authors - 200 null application/json; charset=utf-8 7.3371ms
2026-06-07 11:33:16.434 +03:00 [INF] Executing OkObjectResult, writing value of type 'BookDto'.
2026-06-07 11:33:16.435 +03:00 [INF] Executed action BooksController.GetById (LibraryApp.Api) in 8.6735ms
2026-06-07 11:33:16.435 +03:00 [INF] HTTP GET /api/books/5 responded 200 in 9.1844 ms
2026-06-07 11:33:16.435 +03:00 [INF] Request finished HTTP/1.1 GET http://localhost:5112/api/books/5 - 200 null application/json; charset=utf-8 9.8911ms
2026-06-07 11:33:16.835 +03:00 [INF] Request starting HTTP/1.1 OPTIONS http://localhost:5112/api/authors - null null
2026-06-07 11:33:16.837 +03:00 [INF] CORS policy execution successful.
2026-06-07 11:33:16.838 +03:00 [INF] HTTP OPTIONS /api/authors responded 204 in 1.3393 ms
2026-06-07 11:33:16.840 +03:00 [INF] Request finished HTTP/1.1 OPTIONS http://localhost:5112/api/authors - 204 null null 4.7453ms
2026-06-07 11:33:16.844 +03:00 [INF] Request starting HTTP/1.1 OPTIONS http://localhost:5112/api/books/5 - null null
2026-06-07 11:33:16.844 +03:00 [INF] CORS policy execution successful.
2026-06-07 11:33:16.845 +03:00 [INF] HTTP OPTIONS /api/books/5 responded 204 in 0.4490 ms
2026-06-07 11:33:16.845 +03:00 [INF] Request finished HTTP/1.1 OPTIONS http://localhost:5112/api/books/5 - 204 null null 1.2352ms
2026-06-07 11:33:16.846 +03:00 [INF] Request starting HTTP/1.1 OPTIONS http://localhost:5112/api/categories - null null
2026-06-07 11:33:16.847 +03:00 [INF] CORS policy execution successful.
2026-06-07 11:33:16.851 +03:00 [INF] HTTP OPTIONS /api/categories responded 204 in 4.6480 ms
2026-06-07 11:33:16.852 +03:00 [INF] Request starting HTTP/1.1 GET http://localhost:5112/api/authors - application/json null
2026-06-07 11:33:16.853 +03:00 [INF] CORS policy execution successful.
2026-06-07 11:33:16.853 +03:00 [INF] Route matched with {action = "GetAll", controller = "Authors"}. Executing controller action with signature System.Threading.Tasks.Task`1[Microsoft.AspNetCore.Mvc.IActionResult] GetAll(System.Threading.CancellationToken) on controller LibraryApp.Api.Controllers.AuthorsController (LibraryApp.Api).
2026-06-07 11:33:16.853 +03:00 [INF] Request finished HTTP/1.1 OPTIONS http://localhost:5112/api/categories - 204 null null 11.1227ms
2026-06-07 11:33:16.854 +03:00 [INF] Request starting HTTP/1.1 GET http://localhost:5112/api/books/5 - application/json null
2026-06-07 11:33:16.854 +03:00 [INF] CORS policy execution successful.
2026-06-07 11:33:16.854 +03:00 [INF] Route matched with {action = "GetById", controller = "Books"}. Executing controller action with signature System.Threading.Tasks.Task`1[Microsoft.AspNetCore.Mvc.IActionResult] GetById(Int32, System.Threading.CancellationToken) on controller BooksController (LibraryApp.Api).
2026-06-07 11:33:16.860 +03:00 [INF] Executing OkObjectResult, writing value of type 'BookDto'.
2026-06-07 11:33:16.861 +03:00 [INF] Executing OkObjectResult, writing value of type 'System.Collections.Generic.List`1[[LibraryApp.Core.DTOs.AuthorDto, LibraryApp.Core, Version=1.0.0.0, Culture=neutral, PublicKeyToken=null]]'.
2026-06-07 11:33:16.861 +03:00 [INF] Executed action BooksController.GetById (LibraryApp.Api) in 6.8261ms
2026-06-07 11:33:16.861 +03:00 [INF] HTTP GET /api/books/5 responded 200 in 7.4067 ms
2026-06-07 11:33:16.861 +03:00 [INF] Request starting HTTP/1.1 GET http://localhost:5112/api/categories - application/json null
2026-06-07 11:33:16.861 +03:00 [INF] Executed action LibraryApp.Api.Controllers.AuthorsController.GetAll (LibraryApp.Api) in 8.1472ms
2026-06-07 11:33:16.862 +03:00 [INF] HTTP GET /api/authors responded 200 in 9.0286 ms
2026-06-07 11:33:16.862 +03:00 [INF] CORS policy execution successful.
2026-06-07 11:33:16.862 +03:00 [INF] Request finished HTTP/1.1 GET http://localhost:5112/api/authors - 200 null application/json; charset=utf-8 9.4265ms
2026-06-07 11:33:16.862 +03:00 [INF] Request finished HTTP/1.1 GET http://localhost:5112/api/books/5 - 200 null application/json; charset=utf-8 7.8711ms
2026-06-07 11:33:16.862 +03:00 [INF] Route matched with {action = "GetAll", controller = "Categories"}. Executing controller action with signature System.Threading.Tasks.Task`1[Microsoft.AspNetCore.Mvc.IActionResult] GetAll(System.Threading.CancellationToken) on controller LibraryApp.Api.Controllers.CategoriesController (LibraryApp.Api).
2026-06-07 11:33:16.869 +03:00 [INF] Executing OkObjectResult, writing value of type 'System.Collections.Generic.List`1[[<>f__AnonymousType1`2[[System.Int32, System.Private.CoreLib, Version=8.0.0.0, Culture=neutral, PublicKeyToken=7cec85d7bea7798e],[System.String, System.Private.CoreLib, Version=8.0.0.0, Culture=neutral, PublicKeyToken=7cec85d7bea7798e]], LibraryApp.Api, Version=1.0.0.0, Culture=neutral, PublicKeyToken=null]]'.
2026-06-07 11:33:16.870 +03:00 [INF] Executed action LibraryApp.Api.Controllers.CategoriesController.GetAll (LibraryApp.Api) in 7.6894ms
2026-06-07 11:33:16.870 +03:00 [INF] HTTP GET /api/categories responded 200 in 8.6757 ms
2026-06-07 11:33:16.871 +03:00 [INF] Request finished HTTP/1.1 GET http://localhost:5112/api/categories - 200 null application/json; charset=utf-8 9.132ms
2026-06-07 11:38:42.755 +03:00 [INF] Request starting HTTP/1.1 OPTIONS http://localhost:5112/api/books?page=1&pageSize=20 - null null
2026-06-07 11:38:42.755 +03:00 [INF] CORS policy execution successful.
2026-06-07 11:38:42.755 +03:00 [INF] HTTP OPTIONS /api/books responded 204 in 0.3423 ms
2026-06-07 11:38:42.755 +03:00 [INF] Request finished HTTP/1.1 OPTIONS http://localhost:5112/api/books?page=1&pageSize=20 - 204 null null 1.0279ms
2026-06-07 11:38:42.762 +03:00 [INF] Request starting HTTP/1.1 GET http://localhost:5112/api/books?page=1&pageSize=20 - application/json null
2026-06-07 11:38:42.763 +03:00 [INF] CORS policy execution successful.
2026-06-07 11:38:42.779 +03:00 [INF] Route matched with {action = "Search", controller = "Books"}. Executing controller action with signature System.Threading.Tasks.Task`1[Microsoft.AspNetCore.Mvc.IActionResult] Search(BookSearchQuery, System.Threading.CancellationToken) on controller BooksController (LibraryApp.Api).
2026-06-07 11:38:42.918 +03:00 [WRN] Compiling a query which loads related collections for more than one collection navigation, either via 'Include' or through projection, but no 'QuerySplittingBehavior' has been configured. By default, Entity Framework will use 'QuerySplittingBehavior.SingleQuery', which can potentially result in slow query performance. See https://go.microsoft.com/fwlink/?linkid=2134277 for more information. To identify the query that's triggering this warning call 'ConfigureWarnings(w => w.Throw(RelationalEventId.MultipleCollectionIncludeWarning))'.
2026-06-07 11:38:42.973 +03:00 [INF] Executing OkObjectResult, writing value of type 'PagedResult`1[[BookDto, LibraryApp.Core, Version=1.0.0.0, Culture=neutral, PublicKeyToken=null]]'.
2026-06-07 11:38:42.977 +03:00 [INF] Executed action BooksController.Search (LibraryApp.Api) in 197.7001ms
2026-06-07 11:38:42.977 +03:00 [INF] HTTP GET /api/books responded 200 in 214.8857 ms
2026-06-07 11:38:42.978 +03:00 [INF] Request finished HTTP/1.1 GET http://localhost:5112/api/books?page=1&pageSize=20 - 200 null application/json; charset=utf-8 215.3272ms
2026-06-07 11:38:44.718 +03:00 [INF] Request starting HTTP/1.1 OPTIONS http://localhost:5112/api/authors - null null
2026-06-07 11:38:44.718 +03:00 [INF] CORS policy execution successful.
2026-06-07 11:38:44.718 +03:00 [INF] HTTP OPTIONS /api/authors responded 204 in 0.3330 ms
2026-06-07 11:38:44.719 +03:00 [INF] Request finished HTTP/1.1 OPTIONS http://localhost:5112/api/authors - 204 null null 0.7046ms
2026-06-07 11:38:44.720 +03:00 [INF] Request starting HTTP/1.1 OPTIONS http://localhost:5112/api/categories - null null
2026-06-07 11:38:44.721 +03:00 [INF] CORS policy execution successful.
2026-06-07 11:38:44.722 +03:00 [INF] HTTP OPTIONS /api/categories responded 204 in 0.2340 ms
2026-06-07 11:38:44.722 +03:00 [INF] Request finished HTTP/1.1 OPTIONS http://localhost:5112/api/categories - 204 null null 1.9562ms
2026-06-07 11:38:44.727 +03:00 [INF] Request starting HTTP/1.1 GET http://localhost:5112/api/authors - application/json null
2026-06-07 11:38:44.727 +03:00 [INF] CORS policy execution successful.
2026-06-07 11:38:44.728 +03:00 [INF] Route matched with {action = "GetAll", controller = "Authors"}. Executing controller action with signature System.Threading.Tasks.Task`1[Microsoft.AspNetCore.Mvc.IActionResult] GetAll(System.Threading.CancellationToken) on controller LibraryApp.Api.Controllers.AuthorsController (LibraryApp.Api).
2026-06-07 11:38:44.728 +03:00 [INF] Request starting HTTP/1.1 GET http://localhost:5112/api/categories - application/json null
2026-06-07 11:38:44.728 +03:00 [INF] CORS policy execution successful.
2026-06-07 11:38:44.728 +03:00 [INF] Route matched with {action = "GetAll", controller = "Categories"}. Executing controller action with signature System.Threading.Tasks.Task`1[Microsoft.AspNetCore.Mvc.IActionResult] GetAll(System.Threading.CancellationToken) on controller LibraryApp.Api.Controllers.CategoriesController (LibraryApp.Api).
2026-06-07 11:38:44.732 +03:00 [INF] Executing OkObjectResult, writing value of type 'System.Collections.Generic.List`1[[LibraryApp.Core.DTOs.AuthorDto, LibraryApp.Core, Version=1.0.0.0, Culture=neutral, PublicKeyToken=null]]'.
2026-06-07 11:38:44.733 +03:00 [INF] Executed action LibraryApp.Api.Controllers.AuthorsController.GetAll (LibraryApp.Api) in 4.8866ms
2026-06-07 11:38:44.733 +03:00 [INF] HTTP GET /api/authors responded 200 in 5.5035 ms
2026-06-07 11:38:44.733 +03:00 [INF] Request finished HTTP/1.1 GET http://localhost:5112/api/authors - 200 null application/json; charset=utf-8 5.8537ms
2026-06-07 11:38:44.744 +03:00 [INF] Executing OkObjectResult, writing value of type 'System.Collections.Generic.List`1[[<>f__AnonymousType1`2[[System.Int32, System.Private.CoreLib, Version=8.0.0.0, Culture=neutral, PublicKeyToken=7cec85d7bea7798e],[System.String, System.Private.CoreLib, Version=8.0.0.0, Culture=neutral, PublicKeyToken=7cec85d7bea7798e]], LibraryApp.Api, Version=1.0.0.0, Culture=neutral, PublicKeyToken=null]]'.
2026-06-07 11:38:44.744 +03:00 [INF] Executed action LibraryApp.Api.Controllers.CategoriesController.GetAll (LibraryApp.Api) in 15.8159ms
2026-06-07 11:38:44.745 +03:00 [INF] HTTP GET /api/categories responded 200 in 16.4446 ms
2026-06-07 11:38:44.745 +03:00 [INF] Request finished HTTP/1.1 GET http://localhost:5112/api/categories - 200 null application/json; charset=utf-8 16.8674ms
2026-06-07 11:38:49.675 +03:00 [INF] Request starting HTTP/1.1 GET http://localhost:5112/api/authors - application/json null
2026-06-07 11:38:49.676 +03:00 [INF] Route matched with {action = "GetAll", controller = "Authors"}. Executing controller action with signature System.Threading.Tasks.Task`1[Microsoft.AspNetCore.Mvc.IActionResult] GetAll(System.Threading.CancellationToken) on controller LibraryApp.Api.Controllers.AuthorsController (LibraryApp.Api).
2026-06-07 11:38:49.677 +03:00 [INF] Request starting HTTP/1.1 GET http://localhost:5112/api/categories - application/json null
2026-06-07 11:38:49.678 +03:00 [INF] Route matched with {action = "GetAll", controller = "Categories"}. Executing controller action with signature System.Threading.Tasks.Task`1[Microsoft.AspNetCore.Mvc.IActionResult] GetAll(System.Threading.CancellationToken) on controller LibraryApp.Api.Controllers.CategoriesController (LibraryApp.Api).
2026-06-07 11:38:49.683 +03:00 [INF] Executing OkObjectResult, writing value of type 'System.Collections.Generic.List`1[[LibraryApp.Core.DTOs.AuthorDto, LibraryApp.Core, Version=1.0.0.0, Culture=neutral, PublicKeyToken=null]]'.
2026-06-07 11:38:49.683 +03:00 [INF] Executing OkObjectResult, writing value of type 'System.Collections.Generic.List`1[[<>f__AnonymousType1`2[[System.Int32, System.Private.CoreLib, Version=8.0.0.0, Culture=neutral, PublicKeyToken=7cec85d7bea7798e],[System.String, System.Private.CoreLib, Version=8.0.0.0, Culture=neutral, PublicKeyToken=7cec85d7bea7798e]], LibraryApp.Api, Version=1.0.0.0, Culture=neutral, PublicKeyToken=null]]'.
2026-06-07 11:38:49.683 +03:00 [INF] Executed action LibraryApp.Api.Controllers.AuthorsController.GetAll (LibraryApp.Api) in 6.7072ms
2026-06-07 11:38:49.684 +03:00 [INF] Executed action LibraryApp.Api.Controllers.CategoriesController.GetAll (LibraryApp.Api) in 5.2017ms
2026-06-07 11:38:49.684 +03:00 [INF] HTTP GET /api/authors responded 200 in 7.8828 ms
2026-06-07 11:38:49.684 +03:00 [INF] HTTP GET /api/categories responded 200 in 6.1458 ms
2026-06-07 11:38:49.684 +03:00 [INF] Request finished HTTP/1.1 GET http://localhost:5112/api/authors - 200 null application/json; charset=utf-8 9.3637ms
2026-06-07 11:38:49.684 +03:00 [INF] Request finished HTTP/1.1 GET http://localhost:5112/api/categories - 200 null application/json; charset=utf-8 6.7553ms
2026-06-07 11:38:50.116 +03:00 [INF] Request starting HTTP/1.1 OPTIONS http://localhost:5112/api/authors - null null
2026-06-07 11:38:50.117 +03:00 [INF] CORS policy execution successful.
2026-06-07 11:38:50.117 +03:00 [INF] HTTP OPTIONS /api/authors responded 204 in 0.1330 ms
2026-06-07 11:38:50.117 +03:00 [INF] Request finished HTTP/1.1 OPTIONS http://localhost:5112/api/authors - 204 null null 0.4292ms
2026-06-07 11:38:50.117 +03:00 [INF] Request starting HTTP/1.1 OPTIONS http://localhost:5112/api/categories - null null
2026-06-07 11:38:50.117 +03:00 [INF] CORS policy execution successful.
2026-06-07 11:38:50.117 +03:00 [INF] HTTP OPTIONS /api/categories responded 204 in 0.1098 ms
2026-06-07 11:38:50.117 +03:00 [INF] Request finished HTTP/1.1 OPTIONS http://localhost:5112/api/categories - 204 null null 0.5212ms
2026-06-07 11:38:50.123 +03:00 [INF] Request starting HTTP/1.1 GET http://localhost:5112/api/authors - application/json null
2026-06-07 11:38:50.123 +03:00 [INF] CORS policy execution successful.
2026-06-07 11:38:50.123 +03:00 [INF] Request starting HTTP/1.1 GET http://localhost:5112/api/categories - application/json null
2026-06-07 11:38:50.123 +03:00 [INF] CORS policy execution successful.
2026-06-07 11:38:50.123 +03:00 [INF] Route matched with {action = "GetAll", controller = "Authors"}. Executing controller action with signature System.Threading.Tasks.Task`1[Microsoft.AspNetCore.Mvc.IActionResult] GetAll(System.Threading.CancellationToken) on controller LibraryApp.Api.Controllers.AuthorsController (LibraryApp.Api).
2026-06-07 11:38:50.123 +03:00 [INF] Route matched with {action = "GetAll", controller = "Categories"}. Executing controller action with signature System.Threading.Tasks.Task`1[Microsoft.AspNetCore.Mvc.IActionResult] GetAll(System.Threading.CancellationToken) on controller LibraryApp.Api.Controllers.CategoriesController (LibraryApp.Api).
2026-06-07 11:38:50.127 +03:00 [INF] Executing OkObjectResult, writing value of type 'System.Collections.Generic.List`1[[LibraryApp.Core.DTOs.AuthorDto, LibraryApp.Core, Version=1.0.0.0, Culture=neutral, PublicKeyToken=null]]'.
2026-06-07 11:38:50.127 +03:00 [INF] Executing OkObjectResult, writing value of type 'System.Collections.Generic.List`1[[<>f__AnonymousType1`2[[System.Int32, System.Private.CoreLib, Version=8.0.0.0, Culture=neutral, PublicKeyToken=7cec85d7bea7798e],[System.String, System.Private.CoreLib, Version=8.0.0.0, Culture=neutral, PublicKeyToken=7cec85d7bea7798e]], LibraryApp.Api, Version=1.0.0.0, Culture=neutral, PublicKeyToken=null]]'.
2026-06-07 11:38:50.127 +03:00 [INF] Executed action LibraryApp.Api.Controllers.AuthorsController.GetAll (LibraryApp.Api) in 3.5551ms
2026-06-07 11:38:50.127 +03:00 [INF] HTTP GET /api/authors responded 200 in 3.9350 ms
2026-06-07 11:38:50.127 +03:00 [INF] Executed action LibraryApp.Api.Controllers.CategoriesController.GetAll (LibraryApp.Api) in 3.2678ms
2026-06-07 11:38:50.127 +03:00 [INF] HTTP GET /api/categories responded 200 in 3.8972 ms
2026-06-07 11:38:50.127 +03:00 [INF] Request finished HTTP/1.1 GET http://localhost:5112/api/authors - 200 null application/json; charset=utf-8 4.2802ms
2026-06-07 11:38:50.127 +03:00 [INF] Request finished HTTP/1.1 GET http://localhost:5112/api/categories - 200 null application/json; charset=utf-8 4.1719ms
2026-06-07 11:40:37.320 +03:00 [INF] Request starting HTTP/1.1 GET http://localhost:5112/api/authors - application/json null
2026-06-07 11:40:37.320 +03:00 [INF] Route matched with {action = "GetAll", controller = "Authors"}. Executing controller action with signature System.Threading.Tasks.Task`1[Microsoft.AspNetCore.Mvc.IActionResult] GetAll(System.Threading.CancellationToken) on controller LibraryApp.Api.Controllers.AuthorsController (LibraryApp.Api).
2026-06-07 11:40:37.321 +03:00 [INF] Request starting HTTP/1.1 GET http://localhost:5112/api/categories - application/json null
2026-06-07 11:40:37.321 +03:00 [INF] Route matched with {action = "GetAll", controller = "Categories"}. Executing controller action with signature System.Threading.Tasks.Task`1[Microsoft.AspNetCore.Mvc.IActionResult] GetAll(System.Threading.CancellationToken) on controller LibraryApp.Api.Controllers.CategoriesController (LibraryApp.Api).
2026-06-07 11:40:37.323 +03:00 [INF] Executing OkObjectResult, writing value of type 'System.Collections.Generic.List`1[[LibraryApp.Core.DTOs.AuthorDto, LibraryApp.Core, Version=1.0.0.0, Culture=neutral, PublicKeyToken=null]]'.
2026-06-07 11:40:37.323 +03:00 [INF] Executed action LibraryApp.Api.Controllers.AuthorsController.GetAll (LibraryApp.Api) in 3.3122ms
2026-06-07 11:40:37.323 +03:00 [INF] Executing OkObjectResult, writing value of type 'System.Collections.Generic.List`1[[<>f__AnonymousType1`2[[System.Int32, System.Private.CoreLib, Version=8.0.0.0, Culture=neutral, PublicKeyToken=7cec85d7bea7798e],[System.String, System.Private.CoreLib, Version=8.0.0.0, Culture=neutral, PublicKeyToken=7cec85d7bea7798e]], LibraryApp.Api, Version=1.0.0.0, Culture=neutral, PublicKeyToken=null]]'.
2026-06-07 11:40:37.323 +03:00 [INF] HTTP GET /api/authors responded 200 in 3.6622 ms
2026-06-07 11:40:37.324 +03:00 [INF] Request finished HTTP/1.1 GET http://localhost:5112/api/authors - 200 null application/json; charset=utf-8 4.067ms
2026-06-07 11:40:37.324 +03:00 [INF] Executed action LibraryApp.Api.Controllers.CategoriesController.GetAll (LibraryApp.Api) in 2.5641ms
2026-06-07 11:40:37.324 +03:00 [INF] HTTP GET /api/categories responded 200 in 2.9468 ms
2026-06-07 11:40:37.324 +03:00 [INF] Request finished HTTP/1.1 GET http://localhost:5112/api/categories - 200 null application/json; charset=utf-8 3.2599ms
2026-06-07 11:40:37.722 +03:00 [INF] Request starting HTTP/1.1 OPTIONS http://localhost:5112/api/categories - null null
2026-06-07 11:40:37.722 +03:00 [INF] CORS policy execution successful.
2026-06-07 11:40:37.722 +03:00 [INF] HTTP OPTIONS /api/categories responded 204 in 0.1618 ms
2026-06-07 11:40:37.722 +03:00 [INF] Request finished HTTP/1.1 OPTIONS http://localhost:5112/api/categories - 204 null null 0.4264ms
2026-06-07 11:40:37.726 +03:00 [INF] Request starting HTTP/1.1 OPTIONS http://localhost:5112/api/authors - null null
2026-06-07 11:40:37.727 +03:00 [INF] CORS policy execution successful.
2026-06-07 11:40:37.728 +03:00 [INF] HTTP OPTIONS /api/authors responded 204 in 0.8210 ms
2026-06-07 11:40:37.728 +03:00 [INF] Request finished HTTP/1.1 OPTIONS http://localhost:5112/api/authors - 204 null null 6.2414ms
2026-06-07 11:40:37.730 +03:00 [INF] Request starting HTTP/1.1 GET http://localhost:5112/api/categories - application/json null
2026-06-07 11:40:37.730 +03:00 [INF] CORS policy execution successful.
2026-06-07 11:40:37.730 +03:00 [INF] Route matched with {action = "GetAll", controller = "Categories"}. Executing controller action with signature System.Threading.Tasks.Task`1[Microsoft.AspNetCore.Mvc.IActionResult] GetAll(System.Threading.CancellationToken) on controller LibraryApp.Api.Controllers.CategoriesController (LibraryApp.Api).
2026-06-07 11:40:37.733 +03:00 [INF] Request starting HTTP/1.1 GET http://localhost:5112/api/authors - application/json null
2026-06-07 11:40:37.733 +03:00 [INF] CORS policy execution successful.
2026-06-07 11:40:37.734 +03:00 [INF] Route matched with {action = "GetAll", controller = "Authors"}. Executing controller action with signature System.Threading.Tasks.Task`1[Microsoft.AspNetCore.Mvc.IActionResult] GetAll(System.Threading.CancellationToken) on controller LibraryApp.Api.Controllers.AuthorsController (LibraryApp.Api).
2026-06-07 11:40:37.736 +03:00 [INF] Executing OkObjectResult, writing value of type 'System.Collections.Generic.List`1[[<>f__AnonymousType1`2[[System.Int32, System.Private.CoreLib, Version=8.0.0.0, Culture=neutral, PublicKeyToken=7cec85d7bea7798e],[System.String, System.Private.CoreLib, Version=8.0.0.0, Culture=neutral, PublicKeyToken=7cec85d7bea7798e]], LibraryApp.Api, Version=1.0.0.0, Culture=neutral, PublicKeyToken=null]]'.
2026-06-07 11:40:37.736 +03:00 [INF] Executed action LibraryApp.Api.Controllers.CategoriesController.GetAll (LibraryApp.Api) in 5.7261ms
2026-06-07 11:40:37.736 +03:00 [INF] HTTP GET /api/categories responded 200 in 6.3191 ms
2026-06-07 11:40:37.737 +03:00 [INF] Request finished HTTP/1.1 GET http://localhost:5112/api/categories - 200 null application/json; charset=utf-8 6.622ms
2026-06-07 11:40:37.737 +03:00 [INF] Executing OkObjectResult, writing value of type 'System.Collections.Generic.List`1[[LibraryApp.Core.DTOs.AuthorDto, LibraryApp.Core, Version=1.0.0.0, Culture=neutral, PublicKeyToken=null]]'.
2026-06-07 11:40:37.737 +03:00 [INF] Executed action LibraryApp.Api.Controllers.AuthorsController.GetAll (LibraryApp.Api) in 3.8145ms
2026-06-07 11:40:37.738 +03:00 [INF] HTTP GET /api/authors responded 200 in 4.2024 ms
2026-06-07 11:40:37.738 +03:00 [INF] Request finished HTTP/1.1 GET http://localhost:5112/api/authors - 200 null application/json; charset=utf-8 4.6343ms
2026-06-07 11:41:03.083 +03:00 [INF] Request starting HTTP/1.1 GET http://localhost:5112/api/authors - application/json null
2026-06-07 11:41:03.083 +03:00 [INF] Route matched with {action = "GetAll", controller = "Authors"}. Executing controller action with signature System.Threading.Tasks.Task`1[Microsoft.AspNetCore.Mvc.IActionResult] GetAll(System.Threading.CancellationToken) on controller LibraryApp.Api.Controllers.AuthorsController (LibraryApp.Api).
2026-06-07 11:41:03.084 +03:00 [INF] Request starting HTTP/1.1 GET http://localhost:5112/api/categories - application/json null
2026-06-07 11:41:03.084 +03:00 [INF] Route matched with {action = "GetAll", controller = "Categories"}. Executing controller action with signature System.Threading.Tasks.Task`1[Microsoft.AspNetCore.Mvc.IActionResult] GetAll(System.Threading.CancellationToken) on controller LibraryApp.Api.Controllers.CategoriesController (LibraryApp.Api).
2026-06-07 11:41:03.084 +03:00 [INF] Request starting HTTP/1.1 GET http://localhost:5112/api/authors - application/json null
2026-06-07 11:41:03.085 +03:00 [INF] Route matched with {action = "GetAll", controller = "Authors"}. Executing controller action with signature System.Threading.Tasks.Task`1[Microsoft.AspNetCore.Mvc.IActionResult] GetAll(System.Threading.CancellationToken) on controller LibraryApp.Api.Controllers.AuthorsController (LibraryApp.Api).
2026-06-07 11:41:03.085 +03:00 [INF] Request starting HTTP/1.1 GET http://localhost:5112/api/categories - application/json null
2026-06-07 11:41:03.085 +03:00 [INF] Route matched with {action = "GetAll", controller = "Categories"}. Executing controller action with signature System.Threading.Tasks.Task`1[Microsoft.AspNetCore.Mvc.IActionResult] GetAll(System.Threading.CancellationToken) on controller LibraryApp.Api.Controllers.CategoriesController (LibraryApp.Api).
2026-06-07 11:41:03.088 +03:00 [INF] Executing OkObjectResult, writing value of type 'System.Collections.Generic.List`1[[<>f__AnonymousType1`2[[System.Int32, System.Private.CoreLib, Version=8.0.0.0, Culture=neutral, PublicKeyToken=7cec85d7bea7798e],[System.String, System.Private.CoreLib, Version=8.0.0.0, Culture=neutral, PublicKeyToken=7cec85d7bea7798e]], LibraryApp.Api, Version=1.0.0.0, Culture=neutral, PublicKeyToken=null]]'.
2026-06-07 11:41:03.088 +03:00 [INF] Executing OkObjectResult, writing value of type 'System.Collections.Generic.List`1[[LibraryApp.Core.DTOs.AuthorDto, LibraryApp.Core, Version=1.0.0.0, Culture=neutral, PublicKeyToken=null]]'.
2026-06-07 11:41:03.088 +03:00 [INF] Executed action LibraryApp.Api.Controllers.AuthorsController.GetAll (LibraryApp.Api) in 4.6266ms
2026-06-07 11:41:03.088 +03:00 [INF] HTTP GET /api/authors responded 200 in 5.2223 ms
2026-06-07 11:41:03.088 +03:00 [INF] Executed action LibraryApp.Api.Controllers.CategoriesController.GetAll (LibraryApp.Api) in 3.8604ms
2026-06-07 11:41:03.088 +03:00 [INF] Request finished HTTP/1.1 GET http://localhost:5112/api/authors - 200 null application/json; charset=utf-8 5.599ms
2026-06-07 11:41:03.088 +03:00 [INF] HTTP GET /api/categories responded 200 in 4.7376 ms
2026-06-07 11:41:03.089 +03:00 [INF] Request finished HTTP/1.1 GET http://localhost:5112/api/categories - 200 null application/json; charset=utf-8 5.1179ms
2026-06-07 11:41:03.098 +03:00 [INF] Executing OkObjectResult, writing value of type 'System.Collections.Generic.List`1[[<>f__AnonymousType1`2[[System.Int32, System.Private.CoreLib, Version=8.0.0.0, Culture=neutral, PublicKeyToken=7cec85d7bea7798e],[System.String, System.Private.CoreLib, Version=8.0.0.0, Culture=neutral, PublicKeyToken=7cec85d7bea7798e]], LibraryApp.Api, Version=1.0.0.0, Culture=neutral, PublicKeyToken=null]]'.
2026-06-07 11:41:03.098 +03:00 [INF] Executing OkObjectResult, writing value of type 'System.Collections.Generic.List`1[[LibraryApp.Core.DTOs.AuthorDto, LibraryApp.Core, Version=1.0.0.0, Culture=neutral, PublicKeyToken=null]]'.
2026-06-07 11:41:03.098 +03:00 [INF] Executed action LibraryApp.Api.Controllers.CategoriesController.GetAll (LibraryApp.Api) in 13.1662ms
2026-06-07 11:41:03.099 +03:00 [INF] HTTP GET /api/categories responded 200 in 13.4464 ms
2026-06-07 11:41:03.099 +03:00 [INF] Executed action LibraryApp.Api.Controllers.AuthorsController.GetAll (LibraryApp.Api) in 13.7394ms
2026-06-07 11:41:03.099 +03:00 [INF] HTTP GET /api/authors responded 200 in 14.0499 ms
2026-06-07 11:41:03.099 +03:00 [INF] Request finished HTTP/1.1 GET http://localhost:5112/api/categories - 200 null application/json; charset=utf-8 13.759ms
2026-06-07 11:41:03.099 +03:00 [INF] Request finished HTTP/1.1 GET http://localhost:5112/api/authors - 200 null application/json; charset=utf-8 14.3417ms
2026-06-07 11:41:03.402 +03:00 [INF] Request starting HTTP/1.1 OPTIONS http://localhost:5112/api/authors - null null
2026-06-07 11:41:03.403 +03:00 [INF] CORS policy execution successful.
2026-06-07 11:41:03.403 +03:00 [INF] HTTP OPTIONS /api/authors responded 204 in 0.1328 ms
2026-06-07 11:41:03.403 +03:00 [INF] Request finished HTTP/1.1 OPTIONS http://localhost:5112/api/authors - 204 null null 0.4491ms
2026-06-07 11:41:03.404 +03:00 [INF] Request starting HTTP/1.1 OPTIONS http://localhost:5112/api/categories - null null
2026-06-07 11:41:03.404 +03:00 [INF] CORS policy execution successful.
2026-06-07 11:41:03.404 +03:00 [INF] HTTP OPTIONS /api/categories responded 204 in 0.1791 ms
2026-06-07 11:41:03.404 +03:00 [INF] Request finished HTTP/1.1 OPTIONS http://localhost:5112/api/categories - 204 null null 0.448ms
2026-06-07 11:41:03.420 +03:00 [INF] Request starting HTTP/1.1 GET http://localhost:5112/api/authors - application/json null
2026-06-07 11:41:03.420 +03:00 [INF] CORS policy execution successful.
2026-06-07 11:41:03.420 +03:00 [INF] Route matched with {action = "GetAll", controller = "Authors"}. Executing controller action with signature System.Threading.Tasks.Task`1[Microsoft.AspNetCore.Mvc.IActionResult] GetAll(System.Threading.CancellationToken) on controller LibraryApp.Api.Controllers.AuthorsController (LibraryApp.Api).
2026-06-07 11:41:03.423 +03:00 [INF] Request starting HTTP/1.1 GET http://localhost:5112/api/categories - application/json null
2026-06-07 11:41:03.423 +03:00 [INF] CORS policy execution successful.
2026-06-07 11:41:03.423 +03:00 [INF] Route matched with {action = "GetAll", controller = "Categories"}. Executing controller action with signature System.Threading.Tasks.Task`1[Microsoft.AspNetCore.Mvc.IActionResult] GetAll(System.Threading.CancellationToken) on controller LibraryApp.Api.Controllers.CategoriesController (LibraryApp.Api).
2026-06-07 11:41:03.430 +03:00 [INF] Executing OkObjectResult, writing value of type 'System.Collections.Generic.List`1[[<>f__AnonymousType1`2[[System.Int32, System.Private.CoreLib, Version=8.0.0.0, Culture=neutral, PublicKeyToken=7cec85d7bea7798e],[System.String, System.Private.CoreLib, Version=8.0.0.0, Culture=neutral, PublicKeyToken=7cec85d7bea7798e]], LibraryApp.Api, Version=1.0.0.0, Culture=neutral, PublicKeyToken=null]]'.
2026-06-07 11:41:03.435 +03:00 [INF] Executed action LibraryApp.Api.Controllers.CategoriesController.GetAll (LibraryApp.Api) in 11.2741ms
2026-06-07 11:41:03.435 +03:00 [INF] HTTP GET /api/categories responded 200 in 11.9131 ms
2026-06-07 11:41:03.436 +03:00 [INF] Executing OkObjectResult, writing value of type 'System.Collections.Generic.List`1[[LibraryApp.Core.DTOs.AuthorDto, LibraryApp.Core, Version=1.0.0.0, Culture=neutral, PublicKeyToken=null]]'.
2026-06-07 11:41:03.437 +03:00 [INF] Executed action LibraryApp.Api.Controllers.AuthorsController.GetAll (LibraryApp.Api) in 16.2151ms
2026-06-07 11:41:03.437 +03:00 [INF] HTTP GET /api/authors responded 200 in 16.7578 ms
2026-06-07 11:41:03.437 +03:00 [INF] Request finished HTTP/1.1 GET http://localhost:5112/api/categories - 200 null application/json; charset=utf-8 14.144ms
2026-06-07 11:41:03.437 +03:00 [INF] Request finished HTTP/1.1 GET http://localhost:5112/api/authors - 200 null application/json; charset=utf-8 17.256ms
2026-06-07 11:41:05.111 +03:00 [INF] Request starting HTTP/1.1 OPTIONS http://localhost:5112/api/books?page=1&pageSize=20 - null null
2026-06-07 11:41:05.112 +03:00 [INF] CORS policy execution successful.
2026-06-07 11:41:05.112 +03:00 [INF] HTTP OPTIONS /api/books responded 204 in 0.1476 ms
2026-06-07 11:41:05.112 +03:00 [INF] Request finished HTTP/1.1 OPTIONS http://localhost:5112/api/books?page=1&pageSize=20 - 204 null null 1.2952ms
2026-06-07 11:41:05.119 +03:00 [INF] Request starting HTTP/1.1 GET http://localhost:5112/api/books?page=1&pageSize=20 - application/json null
2026-06-07 11:41:05.119 +03:00 [INF] CORS policy execution successful.
2026-06-07 11:41:05.119 +03:00 [INF] Route matched with {action = "Search", controller = "Books"}. Executing controller action with signature System.Threading.Tasks.Task`1[Microsoft.AspNetCore.Mvc.IActionResult] Search(BookSearchQuery, System.Threading.CancellationToken) on controller BooksController (LibraryApp.Api).
2026-06-07 11:41:05.127 +03:00 [INF] Executing OkObjectResult, writing value of type 'PagedResult`1[[BookDto, LibraryApp.Core, Version=1.0.0.0, Culture=neutral, PublicKeyToken=null]]'.
2026-06-07 11:41:05.128 +03:00 [INF] Executed action BooksController.Search (LibraryApp.Api) in 8.602ms
2026-06-07 11:41:05.128 +03:00 [INF] HTTP GET /api/books responded 200 in 9.0806 ms
2026-06-07 11:41:05.128 +03:00 [INF] Request finished HTTP/1.1 GET http://localhost:5112/api/books?page=1&pageSize=20 - 200 null application/json; charset=utf-8 9.6628ms
2026-06-07 11:43:11.036 +03:00 [INF] Request starting HTTP/1.1 GET http://localhost:5112/api/Members - null null
2026-06-07 11:43:11.051 +03:00 [INF] Route matched with {action = "GetAll", controller = "Members"}. Executing controller action with signature System.Threading.Tasks.Task`1[Microsoft.AspNetCore.Mvc.IActionResult] GetAll(System.Threading.CancellationToken) on controller LibraryApp.Api.Controllers.MembersController (LibraryApp.Api).
2026-06-07 11:43:11.076 +03:00 [INF] Executing OkObjectResult, writing value of type 'System.Collections.Generic.List`1[[LibraryApp.Core.DTOs.MemberDto, LibraryApp.Core, Version=1.0.0.0, Culture=neutral, PublicKeyToken=null]]'.
2026-06-07 11:43:11.087 +03:00 [INF] Executed action LibraryApp.Api.Controllers.MembersController.GetAll (LibraryApp.Api) in 35.8662ms
2026-06-07 11:43:11.087 +03:00 [INF] HTTP GET /api/Members responded 200 in 50.8671 ms
2026-06-07 11:43:11.087 +03:00 [INF] Request finished HTTP/1.1 GET http://localhost:5112/api/Members - 200 null application/json; charset=utf-8 51.3013ms
2026-06-07 11:43:21.265 +03:00 [INF] Request starting HTTP/1.1 POST http://localhost:5112/api/Members - application/json 47
2026-06-07 11:43:21.266 +03:00 [INF] CORS policy execution failed.
2026-06-07 11:43:21.266 +03:00 [INF] Request origin http://localhost:5112 does not have permission to access the resource.
2026-06-07 11:43:21.271 +03:00 [INF] Route matched with {action = "Create", controller = "Members"}. Executing controller action with signature System.Threading.Tasks.Task`1[Microsoft.AspNetCore.Mvc.IActionResult] Create(LibraryApp.Core.DTOs.CreateMemberCommand, System.Threading.CancellationToken) on controller LibraryApp.Api.Controllers.MembersController (LibraryApp.Api).
2026-06-07 11:43:21.320 +03:00 [INF] Executing BadRequestObjectResult, writing value of type 'Microsoft.AspNetCore.Mvc.ValidationProblemDetails'.
2026-06-07 11:43:21.353 +03:00 [INF] Executed action LibraryApp.Api.Controllers.MembersController.Create (LibraryApp.Api) in 81.6129ms
2026-06-07 11:43:21.354 +03:00 [INF] HTTP POST /api/Members responded 400 in 87.7873 ms
2026-06-07 11:43:21.354 +03:00 [INF] Request finished HTTP/1.1 POST http://localhost:5112/api/Members - 400 null application/problem+json; charset=utf-8 88.96ms
2026-06-07 11:43:36.649 +03:00 [INF] Request starting HTTP/1.1 POST http://localhost:5112/api/Members - application/json 56
2026-06-07 11:43:36.649 +03:00 [INF] CORS policy execution failed.
2026-06-07 11:43:36.649 +03:00 [INF] Request origin http://localhost:5112 does not have permission to access the resource.
2026-06-07 11:43:36.649 +03:00 [INF] Route matched with {action = "Create", controller = "Members"}. Executing controller action with signature System.Threading.Tasks.Task`1[Microsoft.AspNetCore.Mvc.IActionResult] Create(LibraryApp.Core.DTOs.CreateMemberCommand, System.Threading.CancellationToken) on controller LibraryApp.Api.Controllers.MembersController (LibraryApp.Api).
2026-06-07 11:43:36.721 +03:00 [INF] Member created: MemberId=3, FullName=string, Email=string@mail.com
2026-06-07 11:43:36.723 +03:00 [INF] Executing CreatedAtActionResult, writing value of type 'LibraryApp.Core.DTOs.CreateMemberResult'.
2026-06-07 11:43:36.747 +03:00 [INF] Executed action LibraryApp.Api.Controllers.MembersController.Create (LibraryApp.Api) in 97.6072ms
2026-06-07 11:43:36.747 +03:00 [INF] HTTP POST /api/Members responded 201 in 98.2501 ms
2026-06-07 11:43:36.747 +03:00 [INF] Request finished HTTP/1.1 POST http://localhost:5112/api/Members - 201 null application/json; charset=utf-8 98.7708ms
2026-06-07 11:43:50.321 +03:00 [INF] Request starting HTTP/1.1 GET http://localhost:5112/api/Members/3 - null null
2026-06-07 11:43:50.326 +03:00 [INF] Route matched with {action = "GetById", controller = "Members"}. Executing controller action with signature System.Threading.Tasks.Task`1[Microsoft.AspNetCore.Mvc.IActionResult] GetById(Int32, System.Threading.CancellationToken) on controller LibraryApp.Api.Controllers.MembersController (LibraryApp.Api).
2026-06-07 11:43:50.338 +03:00 [INF] Executing OkObjectResult, writing value of type 'LibraryApp.Core.DTOs.MemberDto'.
2026-06-07 11:43:50.338 +03:00 [INF] Executed action LibraryApp.Api.Controllers.MembersController.GetById (LibraryApp.Api) in 12.2344ms
2026-06-07 11:43:50.339 +03:00 [INF] HTTP GET /api/Members/3 responded 200 in 16.9247 ms
2026-06-07 11:43:50.339 +03:00 [INF] Request finished HTTP/1.1 GET http://localhost:5112/api/Members/3 - 200 null application/json; charset=utf-8 17.3994ms
2026-06-07 11:44:15.310 +03:00 [INF] Request starting HTTP/1.1 PUT http://localhost:5112/api/Members/3 - application/json 27
2026-06-07 11:44:15.311 +03:00 [INF] CORS policy execution failed.
2026-06-07 11:44:15.311 +03:00 [INF] Request origin http://localhost:5112 does not have permission to access the resource.
2026-06-07 11:44:15.316 +03:00 [INF] Route matched with {action = "Update", controller = "Members"}. Executing controller action with signature System.Threading.Tasks.Task`1[Microsoft.AspNetCore.Mvc.IActionResult] Update(Int32, LibraryApp.Core.DTOs.UpdateMemberCommand, System.Threading.CancellationToken) on controller LibraryApp.Api.Controllers.MembersController (LibraryApp.Api).
2026-06-07 11:44:15.327 +03:00 [INF] Executing BadRequestObjectResult, writing value of type 'Microsoft.AspNetCore.Mvc.ValidationProblemDetails'.
2026-06-07 11:44:15.327 +03:00 [INF] Executed action LibraryApp.Api.Controllers.MembersController.Update (LibraryApp.Api) in 10.6006ms
2026-06-07 11:44:15.327 +03:00 [INF] HTTP PUT /api/Members/3 responded 400 in 16.6912 ms
2026-06-07 11:44:15.328 +03:00 [INF] Request finished HTTP/1.1 PUT http://localhost:5112/api/Members/3 - 400 null application/problem+json; charset=utf-8 17.1756ms
2026-06-07 11:46:12.410 +03:00 [INF] Request starting HTTP/1.1 PUT http://localhost:5112/api/Members/3 - application/json 26
2026-06-07 11:46:12.411 +03:00 [INF] CORS policy execution failed.
2026-06-07 11:46:12.411 +03:00 [INF] Request origin http://localhost:5112 does not have permission to access the resource.
2026-06-07 11:46:12.411 +03:00 [INF] Route matched with {action = "Update", controller = "Members"}. Executing controller action with signature System.Threading.Tasks.Task`1[Microsoft.AspNetCore.Mvc.IActionResult] Update(Int32, LibraryApp.Core.DTOs.UpdateMemberCommand, System.Threading.CancellationToken) on controller LibraryApp.Api.Controllers.MembersController (LibraryApp.Api).
2026-06-07 11:46:12.481 +03:00 [INF] Updated member via pure ADO.NET: MemberId=3
2026-06-07 11:46:12.490 +03:00 [INF] Member updated: MemberId=3, FullName=thales, Email=string@mail.com
2026-06-07 11:46:12.493 +03:00 [INF] Executing OkObjectResult, writing value of type 'LibraryApp.Core.DTOs.MemberDto'.
2026-06-07 11:46:12.493 +03:00 [INF] Executed action LibraryApp.Api.Controllers.MembersController.Update (LibraryApp.Api) in 82.0063ms
2026-06-07 11:46:12.493 +03:00 [INF] HTTP PUT /api/Members/3 responded 200 in 82.5457 ms
2026-06-07 11:46:12.493 +03:00 [INF] Request finished HTTP/1.1 PUT http://localhost:5112/api/Members/3 - 200 null application/json; charset=utf-8 83.0548ms
2026-06-07 11:46:23.247 +03:00 [INF] Request starting HTTP/1.1 DELETE http://localhost:5112/api/Members/3 - null null
2026-06-07 11:46:23.247 +03:00 [INF] CORS policy execution failed.
2026-06-07 11:46:23.247 +03:00 [INF] Request origin http://localhost:5112 does not have permission to access the resource.
2026-06-07 11:46:23.260 +03:00 [INF] Route matched with {action = "Delete", controller = "Members"}. Executing controller action with signature System.Threading.Tasks.Task`1[Microsoft.AspNetCore.Mvc.IActionResult] Delete(Int32, System.Threading.CancellationToken) on controller LibraryApp.Api.Controllers.MembersController (LibraryApp.Api).
2026-06-07 11:46:23.300 +03:00 [INF] Deleted member: MemberId=3
2026-06-07 11:46:23.374 +03:00 [WRN] Savepoints are disabled because Multiple Active Result Sets (MARS) is enabled. If 'SaveChanges' fails, then the transaction cannot be automatically rolled back to a known clean state. Instead, the transaction should be rolled back by the application before retrying 'SaveChanges'. See https://go.microsoft.com/fwlink/?linkid=2149338 for more information and examples. To identify the code which triggers this warning, call 'ConfigureWarnings(w => w.Throw(SqlServerEventId.SavepointsDisabledBecauseOfMARS))'.
2026-06-07 11:46:23.402 +03:00 [INF] Member deleted: MemberId=3
2026-06-07 11:46:23.406 +03:00 [INF] Executing StatusCodeResult, setting HTTP status code 204
2026-06-07 11:46:23.406 +03:00 [INF] Executed action LibraryApp.Api.Controllers.MembersController.Delete (LibraryApp.Api) in 145.4385ms
2026-06-07 11:46:23.406 +03:00 [INF] HTTP DELETE /api/Members/3 responded 204 in 158.9034 ms
2026-06-07 11:46:23.406 +03:00 [INF] Request finished HTTP/1.1 DELETE http://localhost:5112/api/Members/3 - 204 null null 159.3ms
2026-06-07 11:46:42.359 +03:00 [INF] Request starting HTTP/1.1 GET http://localhost:5112/api/Members - null null
2026-06-07 11:46:42.359 +03:00 [INF] Route matched with {action = "GetAll", controller = "Members"}. Executing controller action with signature System.Threading.Tasks.Task`1[Microsoft.AspNetCore.Mvc.IActionResult] GetAll(System.Threading.CancellationToken) on controller LibraryApp.Api.Controllers.MembersController (LibraryApp.Api).
2026-06-07 11:46:42.369 +03:00 [INF] Executing OkObjectResult, writing value of type 'System.Collections.Generic.List`1[[LibraryApp.Core.DTOs.MemberDto, LibraryApp.Core, Version=1.0.0.0, Culture=neutral, PublicKeyToken=null]]'.
2026-06-07 11:46:42.369 +03:00 [INF] Executed action LibraryApp.Api.Controllers.MembersController.GetAll (LibraryApp.Api) in 9.443ms
2026-06-07 11:46:42.370 +03:00 [INF] HTTP GET /api/Members responded 200 in 11.1854 ms
2026-06-07 11:46:42.371 +03:00 [INF] Request finished HTTP/1.1 GET http://localhost:5112/api/Members - 200 null application/json; charset=utf-8 12.0012ms
2026-06-07 11:47:13.826 +03:00 [INF] Request starting HTTP/1.1 OPTIONS http://localhost:5112/api/loans/active - null null
2026-06-07 11:47:13.827 +03:00 [INF] CORS policy execution successful.
2026-06-07 11:47:13.827 +03:00 [INF] HTTP OPTIONS /api/loans/active responded 204 in 0.1406 ms
2026-06-07 11:47:13.827 +03:00 [INF] Request finished HTTP/1.1 OPTIONS http://localhost:5112/api/loans/active - 204 null null 0.7175ms
2026-06-07 11:47:13.832 +03:00 [INF] Request starting HTTP/1.1 GET http://localhost:5112/api/loans/active - application/json null
2026-06-07 11:47:13.834 +03:00 [INF] CORS policy execution successful.
2026-06-07 11:47:13.840 +03:00 [INF] Route matched with {action = "GetActive", controller = "Loans"}. Executing controller action with signature System.Threading.Tasks.Task`1[Microsoft.AspNetCore.Mvc.IActionResult] GetActive(System.Threading.CancellationToken) on controller LibraryApp.Api.Controllers.LoansController (LibraryApp.Api).
2026-06-07 11:47:13.898 +03:00 [INF] Executing OkObjectResult, writing value of type 'System.Collections.Generic.List`1[[LibraryApp.Core.DTOs.ActiveLoanDto, LibraryApp.Core, Version=1.0.0.0, Culture=neutral, PublicKeyToken=null]]'.
2026-06-07 11:47:13.904 +03:00 [INF] Executed action LibraryApp.Api.Controllers.LoansController.GetActive (LibraryApp.Api) in 63.7167ms
2026-06-07 11:47:13.904 +03:00 [INF] HTTP GET /api/loans/active responded 200 in 70.9969 ms
2026-06-07 11:47:13.905 +03:00 [INF] Request finished HTTP/1.1 GET http://localhost:5112/api/loans/active - 200 null application/json; charset=utf-8 72.5003ms
2026-06-07 11:49:05.607 +03:00 [INF] Request starting HTTP/1.1 OPTIONS http://localhost:5112/api/loans/checkout - null null
2026-06-07 11:49:05.607 +03:00 [INF] CORS policy execution successful.
2026-06-07 11:49:05.607 +03:00 [INF] HTTP OPTIONS /api/loans/checkout responded 204 in 0.3143 ms
2026-06-07 11:49:05.607 +03:00 [INF] Request finished HTTP/1.1 OPTIONS http://localhost:5112/api/loans/checkout - 204 null null 0.7585ms
2026-06-07 11:49:05.617 +03:00 [INF] Request starting HTTP/1.1 POST http://localhost:5112/api/loans/checkout - application/json 25
2026-06-07 11:49:05.618 +03:00 [INF] CORS policy execution successful.
2026-06-07 11:49:05.629 +03:00 [INF] Route matched with {action = "CheckOut", controller = "Loans"}. Executing controller action with signature System.Threading.Tasks.Task`1[Microsoft.AspNetCore.Mvc.IActionResult] CheckOut(LibraryApp.Core.DTOs.CheckOutCommand, System.Threading.CancellationToken) on controller LibraryApp.Api.Controllers.LoansController (LibraryApp.Api).
2026-06-07 11:49:05.657 +03:00 [WRN] The query uses the 'First'/'FirstOrDefault' operator without 'OrderBy' and filter operators. This may lead to unpredictable results.
2026-06-07 11:49:05.857 +03:00 [WRN] Savepoints are disabled because Multiple Active Result Sets (MARS) is enabled. If 'SaveChanges' fails, then the transaction cannot be automatically rolled back to a known clean state. Instead, the transaction should be rolled back by the application before retrying 'SaveChanges'. See https://go.microsoft.com/fwlink/?linkid=2149338 for more information and examples. To identify the code which triggers this warning, call 'ConfigureWarnings(w => w.Throw(SqlServerEventId.SavepointsDisabledBecauseOfMARS))'.
2026-06-07 11:49:05.905 +03:00 [INF] Loan 3 created: member 1, copy 1
2026-06-07 11:49:05.905 +03:00 [INF] Executing CreatedAtActionResult, writing value of type 'LibraryApp.Core.DTOs.LoanDto'.
2026-06-07 11:49:05.908 +03:00 [INF] Executed action LibraryApp.Api.Controllers.LoansController.CheckOut (LibraryApp.Api) in 278.8856ms
2026-06-07 11:49:05.908 +03:00 [INF] HTTP POST /api/loans/checkout responded 201 in 290.2759 ms
2026-06-07 11:49:05.908 +03:00 [INF] Request finished HTTP/1.1 POST http://localhost:5112/api/loans/checkout - 201 null application/json; charset=utf-8 291.2162ms
2026-06-07 11:49:05.925 +03:00 [INF] Request starting HTTP/1.1 OPTIONS http://localhost:5112/api/loans/active - null null
2026-06-07 11:49:05.926 +03:00 [INF] CORS policy execution successful.
2026-06-07 11:49:05.926 +03:00 [INF] HTTP OPTIONS /api/loans/active responded 204 in 0.1609 ms
2026-06-07 11:49:05.926 +03:00 [INF] Request finished HTTP/1.1 OPTIONS http://localhost:5112/api/loans/active - 204 null null 0.4967ms
2026-06-07 11:49:05.932 +03:00 [INF] Request starting HTTP/1.1 GET http://localhost:5112/api/loans/active - application/json null
2026-06-07 11:49:05.932 +03:00 [INF] CORS policy execution successful.
2026-06-07 11:49:05.933 +03:00 [INF] Route matched with {action = "GetActive", controller = "Loans"}. Executing controller action with signature System.Threading.Tasks.Task`1[Microsoft.AspNetCore.Mvc.IActionResult] GetActive(System.Threading.CancellationToken) on controller LibraryApp.Api.Controllers.LoansController (LibraryApp.Api).
2026-06-07 11:49:05.938 +03:00 [INF] Executing OkObjectResult, writing value of type 'System.Collections.Generic.List`1[[LibraryApp.Core.DTOs.ActiveLoanDto, LibraryApp.Core, Version=1.0.0.0, Culture=neutral, PublicKeyToken=null]]'.
2026-06-07 11:49:05.941 +03:00 [INF] Executed action LibraryApp.Api.Controllers.LoansController.GetActive (LibraryApp.Api) in 8.1407ms
2026-06-07 11:49:05.941 +03:00 [INF] HTTP GET /api/loans/active responded 200 in 8.5442 ms
2026-06-07 11:49:05.941 +03:00 [INF] Request finished HTTP/1.1 GET http://localhost:5112/api/loans/active - 200 null application/json; charset=utf-8 8.9223ms
2026-06-07 11:49:26.132 +03:00 [INF] Request starting HTTP/1.1 OPTIONS http://localhost:5112/api/loans/checkout - null null
2026-06-07 11:49:26.132 +03:00 [INF] CORS policy execution successful.
2026-06-07 11:49:26.132 +03:00 [INF] HTTP OPTIONS /api/loans/checkout responded 204 in 0.1376 ms
2026-06-07 11:49:26.132 +03:00 [INF] Request finished HTTP/1.1 OPTIONS http://localhost:5112/api/loans/checkout - 204 null null 0.4548ms
2026-06-07 11:49:26.137 +03:00 [INF] Request starting HTTP/1.1 POST http://localhost:5112/api/loans/checkout - application/json 25
2026-06-07 11:49:26.137 +03:00 [INF] CORS policy execution successful.
2026-06-07 11:49:26.137 +03:00 [INF] Route matched with {action = "CheckOut", controller = "Loans"}. Executing controller action with signature System.Threading.Tasks.Task`1[Microsoft.AspNetCore.Mvc.IActionResult] CheckOut(LibraryApp.Core.DTOs.CheckOutCommand, System.Threading.CancellationToken) on controller LibraryApp.Api.Controllers.LoansController (LibraryApp.Api).
2026-06-07 11:49:26.148 +03:00 [WRN] Savepoints are disabled because Multiple Active Result Sets (MARS) is enabled. If 'SaveChanges' fails, then the transaction cannot be automatically rolled back to a known clean state. Instead, the transaction should be rolled back by the application before retrying 'SaveChanges'. See https://go.microsoft.com/fwlink/?linkid=2149338 for more information and examples. To identify the code which triggers this warning, call 'ConfigureWarnings(w => w.Throw(SqlServerEventId.SavepointsDisabledBecauseOfMARS))'.
2026-06-07 11:49:26.153 +03:00 [INF] Loan 4 created: member 1, copy 3
2026-06-07 11:49:26.153 +03:00 [INF] Executing CreatedAtActionResult, writing value of type 'LibraryApp.Core.DTOs.LoanDto'.
2026-06-07 11:49:26.154 +03:00 [INF] Executed action LibraryApp.Api.Controllers.LoansController.CheckOut (LibraryApp.Api) in 16.9205ms
2026-06-07 11:49:26.154 +03:00 [INF] HTTP POST /api/loans/checkout responded 201 in 17.4013 ms
2026-06-07 11:49:26.155 +03:00 [INF] Request finished HTTP/1.1 POST http://localhost:5112/api/loans/checkout - 201 null application/json; charset=utf-8 17.7692ms
2026-06-07 11:49:26.161 +03:00 [INF] Request starting HTTP/1.1 OPTIONS http://localhost:5112/api/loans/active - null null
2026-06-07 11:49:26.162 +03:00 [INF] CORS policy execution successful.
2026-06-07 11:49:26.162 +03:00 [INF] HTTP OPTIONS /api/loans/active responded 204 in 0.1032 ms
2026-06-07 11:49:26.162 +03:00 [INF] Request finished HTTP/1.1 OPTIONS http://localhost:5112/api/loans/active - 204 null null 0.4126ms
2026-06-07 11:49:26.167 +03:00 [INF] Request starting HTTP/1.1 GET http://localhost:5112/api/loans/active - application/json null
2026-06-07 11:49:26.167 +03:00 [INF] CORS policy execution successful.
2026-06-07 11:49:26.167 +03:00 [INF] Route matched with {action = "GetActive", controller = "Loans"}. Executing controller action with signature System.Threading.Tasks.Task`1[Microsoft.AspNetCore.Mvc.IActionResult] GetActive(System.Threading.CancellationToken) on controller LibraryApp.Api.Controllers.LoansController (LibraryApp.Api).
2026-06-07 11:49:26.170 +03:00 [INF] Executing OkObjectResult, writing value of type 'System.Collections.Generic.List`1[[LibraryApp.Core.DTOs.ActiveLoanDto, LibraryApp.Core, Version=1.0.0.0, Culture=neutral, PublicKeyToken=null]]'.
2026-06-07 11:49:26.170 +03:00 [INF] Executed action LibraryApp.Api.Controllers.LoansController.GetActive (LibraryApp.Api) in 3.2884ms
2026-06-07 11:49:26.170 +03:00 [INF] HTTP GET /api/loans/active responded 200 in 3.6905 ms
2026-06-07 11:49:26.171 +03:00 [INF] Request finished HTTP/1.1 GET http://localhost:5112/api/loans/active - 200 null application/json; charset=utf-8 4.018ms
2026-06-07 11:49:29.976 +03:00 [INF] Request starting HTTP/1.1 OPTIONS http://localhost:5112/api/books?page=1&pageSize=20 - null null
2026-06-07 11:49:29.977 +03:00 [INF] CORS policy execution successful.
2026-06-07 11:49:29.977 +03:00 [INF] HTTP OPTIONS /api/books responded 204 in 0.1894 ms
2026-06-07 11:49:29.977 +03:00 [INF] Request finished HTTP/1.1 OPTIONS http://localhost:5112/api/books?page=1&pageSize=20 - 204 null null 1.4154ms
2026-06-07 11:49:29.983 +03:00 [INF] Request starting HTTP/1.1 GET http://localhost:5112/api/books?page=1&pageSize=20 - application/json null
2026-06-07 11:49:29.983 +03:00 [INF] CORS policy execution successful.
2026-06-07 11:49:29.983 +03:00 [INF] Route matched with {action = "Search", controller = "Books"}. Executing controller action with signature System.Threading.Tasks.Task`1[Microsoft.AspNetCore.Mvc.IActionResult] Search(BookSearchQuery, System.Threading.CancellationToken) on controller BooksController (LibraryApp.Api).
2026-06-07 11:49:29.994 +03:00 [INF] Executing OkObjectResult, writing value of type 'PagedResult`1[[BookDto, LibraryApp.Core, Version=1.0.0.0, Culture=neutral, PublicKeyToken=null]]'.
2026-06-07 11:49:29.995 +03:00 [INF] Executed action BooksController.Search (LibraryApp.Api) in 10.9717ms
2026-06-07 11:49:29.995 +03:00 [INF] HTTP GET /api/books responded 200 in 11.5535 ms
2026-06-07 11:49:29.995 +03:00 [INF] Request finished HTTP/1.1 GET http://localhost:5112/api/books?page=1&pageSize=20 - 200 null application/json; charset=utf-8 12.0207ms
2026-06-07 11:49:36.631 +03:00 [INF] Request starting HTTP/1.1 OPTIONS http://localhost:5112/api/books?authorName=Orwell&page=1&pageSize=20 - null null
2026-06-07 11:49:36.631 +03:00 [INF] CORS policy execution successful.
2026-06-07 11:49:36.631 +03:00 [INF] HTTP OPTIONS /api/books responded 204 in 0.1116 ms
2026-06-07 11:49:36.631 +03:00 [INF] Request finished HTTP/1.1 OPTIONS http://localhost:5112/api/books?authorName=Orwell&page=1&pageSize=20 - 204 null null 0.4273ms
2026-06-07 11:49:36.636 +03:00 [INF] Request starting HTTP/1.1 GET http://localhost:5112/api/books?authorName=Orwell&page=1&pageSize=20 - application/json null
2026-06-07 11:49:36.636 +03:00 [INF] CORS policy execution successful.
2026-06-07 11:49:36.636 +03:00 [INF] Route matched with {action = "Search", controller = "Books"}. Executing controller action with signature System.Threading.Tasks.Task`1[Microsoft.AspNetCore.Mvc.IActionResult] Search(BookSearchQuery, System.Threading.CancellationToken) on controller BooksController (LibraryApp.Api).
2026-06-07 11:49:36.678 +03:00 [WRN] Compiling a query which loads related collections for more than one collection navigation, either via 'Include' or through projection, but no 'QuerySplittingBehavior' has been configured. By default, Entity Framework will use 'QuerySplittingBehavior.SingleQuery', which can potentially result in slow query performance. See https://go.microsoft.com/fwlink/?linkid=2134277 for more information. To identify the query that's triggering this warning call 'ConfigureWarnings(w => w.Throw(RelationalEventId.MultipleCollectionIncludeWarning))'.
2026-06-07 11:49:36.724 +03:00 [INF] Executing OkObjectResult, writing value of type 'PagedResult`1[[BookDto, LibraryApp.Core, Version=1.0.0.0, Culture=neutral, PublicKeyToken=null]]'.
2026-06-07 11:49:36.725 +03:00 [INF] Executed action BooksController.Search (LibraryApp.Api) in 88.4179ms
2026-06-07 11:49:36.725 +03:00 [INF] HTTP GET /api/books responded 200 in 88.7899 ms
2026-06-07 11:49:36.725 +03:00 [INF] Request finished HTTP/1.1 GET http://localhost:5112/api/books?authorName=Orwell&page=1&pageSize=20 - 200 null application/json; charset=utf-8 89.1926ms
2026-06-07 11:49:39.526 +03:00 [INF] Request starting HTTP/1.1 OPTIONS http://localhost:5112/api/books?page=1&pageSize=20 - null null
2026-06-07 11:49:39.527 +03:00 [INF] CORS policy execution successful.
2026-06-07 11:49:39.527 +03:00 [INF] HTTP OPTIONS /api/books responded 204 in 0.0705 ms
2026-06-07 11:49:39.527 +03:00 [INF] Request finished HTTP/1.1 OPTIONS http://localhost:5112/api/books?page=1&pageSize=20 - 204 null null 0.3403ms
2026-06-07 11:49:39.531 +03:00 [INF] Request starting HTTP/1.1 GET http://localhost:5112/api/books?page=1&pageSize=20 - application/json null
2026-06-07 11:49:39.531 +03:00 [INF] CORS policy execution successful.
2026-06-07 11:49:39.531 +03:00 [INF] Route matched with {action = "Search", controller = "Books"}. Executing controller action with signature System.Threading.Tasks.Task`1[Microsoft.AspNetCore.Mvc.IActionResult] Search(BookSearchQuery, System.Threading.CancellationToken) on controller BooksController (LibraryApp.Api).
2026-06-07 11:49:39.537 +03:00 [INF] Executing OkObjectResult, writing value of type 'PagedResult`1[[BookDto, LibraryApp.Core, Version=1.0.0.0, Culture=neutral, PublicKeyToken=null]]'.
2026-06-07 11:49:39.538 +03:00 [INF] Executed action BooksController.Search (LibraryApp.Api) in 6.6441ms
2026-06-07 11:49:39.538 +03:00 [INF] HTTP GET /api/books responded 200 in 7.1802 ms
2026-06-07 11:49:39.539 +03:00 [INF] Request finished HTTP/1.1 GET http://localhost:5112/api/books?page=1&pageSize=20 - 200 null application/json; charset=utf-8 7.597ms
2026-06-07 11:49:41.668 +03:00 [INF] Request starting HTTP/1.1 OPTIONS http://localhost:5112/api/books?authorName=sss&page=1&pageSize=20 - null null
2026-06-07 11:49:41.668 +03:00 [INF] CORS policy execution successful.
2026-06-07 11:49:41.668 +03:00 [INF] HTTP OPTIONS /api/books responded 204 in 0.1276 ms
2026-06-07 11:49:41.668 +03:00 [INF] Request finished HTTP/1.1 OPTIONS http://localhost:5112/api/books?authorName=sss&page=1&pageSize=20 - 204 null null 0.5395ms
2026-06-07 11:49:41.674 +03:00 [INF] Request starting HTTP/1.1 GET http://localhost:5112/api/books?authorName=sss&page=1&pageSize=20 - application/json null
2026-06-07 11:49:41.674 +03:00 [INF] CORS policy execution successful.
2026-06-07 11:49:41.674 +03:00 [INF] Route matched with {action = "Search", controller = "Books"}. Executing controller action with signature System.Threading.Tasks.Task`1[Microsoft.AspNetCore.Mvc.IActionResult] Search(BookSearchQuery, System.Threading.CancellationToken) on controller BooksController (LibraryApp.Api).
2026-06-07 11:49:41.680 +03:00 [INF] Executing OkObjectResult, writing value of type 'PagedResult`1[[BookDto, LibraryApp.Core, Version=1.0.0.0, Culture=neutral, PublicKeyToken=null]]'.
2026-06-07 11:49:41.680 +03:00 [INF] Executed action BooksController.Search (LibraryApp.Api) in 5.7685ms
2026-06-07 11:49:41.680 +03:00 [INF] HTTP GET /api/books responded 200 in 6.1275 ms
2026-06-07 11:49:41.680 +03:00 [INF] Request finished HTTP/1.1 GET http://localhost:5112/api/books?authorName=sss&page=1&pageSize=20 - 200 null application/json; charset=utf-8 6.4527ms
2026-06-07 11:49:42.868 +03:00 [INF] Request starting HTTP/1.1 GET http://localhost:5112/api/books?page=1&pageSize=20 - application/json null
2026-06-07 11:49:42.868 +03:00 [INF] CORS policy execution successful.
2026-06-07 11:49:42.868 +03:00 [INF] Route matched with {action = "Search", controller = "Books"}. Executing controller action with signature System.Threading.Tasks.Task`1[Microsoft.AspNetCore.Mvc.IActionResult] Search(BookSearchQuery, System.Threading.CancellationToken) on controller BooksController (LibraryApp.Api).
2026-06-07 11:49:42.874 +03:00 [INF] Executing OkObjectResult, writing value of type 'PagedResult`1[[BookDto, LibraryApp.Core, Version=1.0.0.0, Culture=neutral, PublicKeyToken=null]]'.
2026-06-07 11:49:42.874 +03:00 [INF] Executed action BooksController.Search (LibraryApp.Api) in 5.9227ms
2026-06-07 11:49:42.874 +03:00 [INF] HTTP GET /api/books responded 200 in 6.3311 ms
2026-06-07 11:49:42.875 +03:00 [INF] Request finished HTTP/1.1 GET http://localhost:5112/api/books?page=1&pageSize=20 - 200 null application/json; charset=utf-8 6.6284ms
2026-06-07 11:49:49.096 +03:00 [INF] Request starting HTTP/1.1 OPTIONS http://localhost:5112/api/books?page=1&pageSize=20 - null null
2026-06-07 11:49:49.096 +03:00 [INF] CORS policy execution successful.
2026-06-07 11:49:49.096 +03:00 [INF] HTTP OPTIONS /api/books responded 204 in 0.2160 ms
2026-06-07 11:49:49.096 +03:00 [INF] Request finished HTTP/1.1 OPTIONS http://localhost:5112/api/books?page=1&pageSize=20 - 204 null null 0.4902ms
2026-06-07 11:49:49.101 +03:00 [INF] Request starting HTTP/1.1 GET http://localhost:5112/api/books?page=1&pageSize=20 - application/json null
2026-06-07 11:49:49.102 +03:00 [INF] CORS policy execution successful.
2026-06-07 11:49:49.102 +03:00 [INF] Route matched with {action = "Search", controller = "Books"}. Executing controller action with signature System.Threading.Tasks.Task`1[Microsoft.AspNetCore.Mvc.IActionResult] Search(BookSearchQuery, System.Threading.CancellationToken) on controller BooksController (LibraryApp.Api).
2026-06-07 11:49:49.107 +03:00 [INF] Executing OkObjectResult, writing value of type 'PagedResult`1[[BookDto, LibraryApp.Core, Version=1.0.0.0, Culture=neutral, PublicKeyToken=null]]'.
2026-06-07 11:49:49.107 +03:00 [INF] Executed action BooksController.Search (LibraryApp.Api) in 5.1759ms
2026-06-07 11:49:49.107 +03:00 [INF] HTTP GET /api/books responded 200 in 5.6669 ms
2026-06-07 11:49:49.107 +03:00 [INF] Request finished HTTP/1.1 GET http://localhost:5112/api/books?page=1&pageSize=20 - 200 null application/json; charset=utf-8 6.123ms
2026-06-07 11:52:06.554 +03:00 [INF] Request starting HTTP/1.1 OPTIONS http://localhost:5112/api/authors - null null
2026-06-07 11:52:06.555 +03:00 [INF] CORS policy execution successful.
2026-06-07 11:52:06.555 +03:00 [INF] HTTP OPTIONS /api/authors responded 204 in 0.1476 ms
2026-06-07 11:52:06.555 +03:00 [INF] Request finished HTTP/1.1 OPTIONS http://localhost:5112/api/authors - 204 null null 0.8664ms
2026-06-07 11:52:06.557 +03:00 [INF] Request starting HTTP/1.1 OPTIONS http://localhost:5112/api/categories - null null
2026-06-07 11:52:06.557 +03:00 [INF] CORS policy execution successful.
2026-06-07 11:52:06.557 +03:00 [INF] HTTP OPTIONS /api/categories responded 204 in 0.0799 ms
2026-06-07 11:52:06.558 +03:00 [INF] Request finished HTTP/1.1 OPTIONS http://localhost:5112/api/categories - 204 null null 0.4218ms
2026-06-07 11:52:06.563 +03:00 [INF] Request starting HTTP/1.1 GET http://localhost:5112/api/authors - application/json null
2026-06-07 11:52:06.563 +03:00 [INF] Request starting HTTP/1.1 GET http://localhost:5112/api/categories - application/json null
2026-06-07 11:52:06.563 +03:00 [INF] CORS policy execution successful.
2026-06-07 11:52:06.563 +03:00 [INF] CORS policy execution successful.
2026-06-07 11:52:06.564 +03:00 [INF] Route matched with {action = "GetAll", controller = "Categories"}. Executing controller action with signature System.Threading.Tasks.Task`1[Microsoft.AspNetCore.Mvc.IActionResult] GetAll(System.Threading.CancellationToken) on controller LibraryApp.Api.Controllers.CategoriesController (LibraryApp.Api).
2026-06-07 11:52:06.564 +03:00 [INF] Route matched with {action = "GetAll", controller = "Authors"}. Executing controller action with signature System.Threading.Tasks.Task`1[Microsoft.AspNetCore.Mvc.IActionResult] GetAll(System.Threading.CancellationToken) on controller LibraryApp.Api.Controllers.AuthorsController (LibraryApp.Api).
2026-06-07 11:52:06.567 +03:00 [INF] Executing OkObjectResult, writing value of type 'System.Collections.Generic.List`1[[<>f__AnonymousType1`2[[System.Int32, System.Private.CoreLib, Version=8.0.0.0, Culture=neutral, PublicKeyToken=7cec85d7bea7798e],[System.String, System.Private.CoreLib, Version=8.0.0.0, Culture=neutral, PublicKeyToken=7cec85d7bea7798e]], LibraryApp.Api, Version=1.0.0.0, Culture=neutral, PublicKeyToken=null]]'.
2026-06-07 11:52:06.567 +03:00 [INF] Executed action LibraryApp.Api.Controllers.CategoriesController.GetAll (LibraryApp.Api) in 3.4943ms
2026-06-07 11:52:06.567 +03:00 [INF] HTTP GET /api/categories responded 200 in 4.1877 ms
2026-06-07 11:52:06.568 +03:00 [INF] Request finished HTTP/1.1 GET http://localhost:5112/api/categories - 200 null application/json; charset=utf-8 4.7612ms
2026-06-07 11:52:06.569 +03:00 [INF] Executing OkObjectResult, writing value of type 'System.Collections.Generic.List`1[[LibraryApp.Core.DTOs.AuthorDto, LibraryApp.Core, Version=1.0.0.0, Culture=neutral, PublicKeyToken=null]]'.
2026-06-07 11:52:06.569 +03:00 [INF] Executed action LibraryApp.Api.Controllers.AuthorsController.GetAll (LibraryApp.Api) in 4.9796ms
2026-06-07 11:52:06.569 +03:00 [INF] HTTP GET /api/authors responded 200 in 5.7322 ms
2026-06-07 11:52:06.569 +03:00 [INF] Request finished HTTP/1.1 GET http://localhost:5112/api/authors - 200 null application/json; charset=utf-8 6.13ms
2026-06-07 11:55:31.367 +03:00 [INF] Request starting HTTP/1.1 GET http://localhost:5112/api/authors - application/json null
2026-06-07 11:55:31.367 +03:00 [INF] Request starting HTTP/1.1 GET http://localhost:5112/api/categories - application/json null
2026-06-07 11:55:31.367 +03:00 [INF] Route matched with {action = "GetAll", controller = "Authors"}. Executing controller action with signature System.Threading.Tasks.Task`1[Microsoft.AspNetCore.Mvc.IActionResult] GetAll(System.Threading.CancellationToken) on controller LibraryApp.Api.Controllers.AuthorsController (LibraryApp.Api).
2026-06-07 11:55:31.367 +03:00 [INF] Route matched with {action = "GetAll", controller = "Categories"}. Executing controller action with signature System.Threading.Tasks.Task`1[Microsoft.AspNetCore.Mvc.IActionResult] GetAll(System.Threading.CancellationToken) on controller LibraryApp.Api.Controllers.CategoriesController (LibraryApp.Api).
2026-06-07 11:55:31.372 +03:00 [INF] Executing OkObjectResult, writing value of type 'System.Collections.Generic.List`1[[<>f__AnonymousType1`2[[System.Int32, System.Private.CoreLib, Version=8.0.0.0, Culture=neutral, PublicKeyToken=7cec85d7bea7798e],[System.String, System.Private.CoreLib, Version=8.0.0.0, Culture=neutral, PublicKeyToken=7cec85d7bea7798e]], LibraryApp.Api, Version=1.0.0.0, Culture=neutral, PublicKeyToken=null]]'.
2026-06-07 11:55:31.372 +03:00 [INF] Executed action LibraryApp.Api.Controllers.CategoriesController.GetAll (LibraryApp.Api) in 4.5309ms
2026-06-07 11:55:31.372 +03:00 [INF] HTTP GET /api/categories responded 200 in 4.7947 ms
2026-06-07 11:55:31.374 +03:00 [INF] Request finished HTTP/1.1 GET http://localhost:5112/api/categories - 200 null application/json; charset=utf-8 6.2483ms
2026-06-07 11:55:31.384 +03:00 [INF] Executing OkObjectResult, writing value of type 'System.Collections.Generic.List`1[[LibraryApp.Core.DTOs.AuthorDto, LibraryApp.Core, Version=1.0.0.0, Culture=neutral, PublicKeyToken=null]]'.
2026-06-07 11:55:31.384 +03:00 [INF] Executed action LibraryApp.Api.Controllers.AuthorsController.GetAll (LibraryApp.Api) in 16.9454ms
2026-06-07 11:55:31.384 +03:00 [INF] HTTP GET /api/authors responded 200 in 17.3250 ms
2026-06-07 11:55:31.385 +03:00 [INF] Request finished HTTP/1.1 GET http://localhost:5112/api/authors - 200 null application/json; charset=utf-8 17.7462ms
2026-06-07 11:55:32.111 +03:00 [INF] Request starting HTTP/1.1 OPTIONS http://localhost:5112/api/authors - null null
2026-06-07 11:55:32.111 +03:00 [INF] CORS policy execution successful.
2026-06-07 11:55:32.111 +03:00 [INF] HTTP OPTIONS /api/authors responded 204 in 0.0916 ms
2026-06-07 11:55:32.112 +03:00 [INF] Request finished HTTP/1.1 OPTIONS http://localhost:5112/api/authors - 204 null null 0.4028ms
2026-06-07 11:55:32.112 +03:00 [INF] Request starting HTTP/1.1 OPTIONS http://localhost:5112/api/categories - null null
2026-06-07 11:55:32.113 +03:00 [INF] CORS policy execution successful.
2026-06-07 11:55:32.113 +03:00 [INF] HTTP OPTIONS /api/categories responded 204 in 0.0918 ms
2026-06-07 11:55:32.113 +03:00 [INF] Request finished HTTP/1.1 OPTIONS http://localhost:5112/api/categories - 204 null null 0.3962ms
2026-06-07 11:55:32.119 +03:00 [INF] Request starting HTTP/1.1 GET http://localhost:5112/api/authors - application/json null
2026-06-07 11:55:32.119 +03:00 [INF] CORS policy execution successful.
2026-06-07 11:55:32.120 +03:00 [INF] Request starting HTTP/1.1 GET http://localhost:5112/api/categories - application/json null
2026-06-07 11:55:32.121 +03:00 [INF] Route matched with {action = "GetAll", controller = "Authors"}. Executing controller action with signature System.Threading.Tasks.Task`1[Microsoft.AspNetCore.Mvc.IActionResult] GetAll(System.Threading.CancellationToken) on controller LibraryApp.Api.Controllers.AuthorsController (LibraryApp.Api).
2026-06-07 11:55:32.121 +03:00 [INF] CORS policy execution successful.
2026-06-07 11:55:32.121 +03:00 [INF] Route matched with {action = "GetAll", controller = "Categories"}. Executing controller action with signature System.Threading.Tasks.Task`1[Microsoft.AspNetCore.Mvc.IActionResult] GetAll(System.Threading.CancellationToken) on controller LibraryApp.Api.Controllers.CategoriesController (LibraryApp.Api).
2026-06-07 11:55:32.123 +03:00 [INF] Executing OkObjectResult, writing value of type 'System.Collections.Generic.List`1[[<>f__AnonymousType1`2[[System.Int32, System.Private.CoreLib, Version=8.0.0.0, Culture=neutral, PublicKeyToken=7cec85d7bea7798e],[System.String, System.Private.CoreLib, Version=8.0.0.0, Culture=neutral, PublicKeyToken=7cec85d7bea7798e]], LibraryApp.Api, Version=1.0.0.0, Culture=neutral, PublicKeyToken=null]]'.
2026-06-07 11:55:32.124 +03:00 [INF] Executed action LibraryApp.Api.Controllers.CategoriesController.GetAll (LibraryApp.Api) in 3.0013ms
2026-06-07 11:55:32.124 +03:00 [INF] HTTP GET /api/categories responded 200 in 3.6429 ms
2026-06-07 11:55:32.125 +03:00 [INF] Executing OkObjectResult, writing value of type 'System.Collections.Generic.List`1[[LibraryApp.Core.DTOs.AuthorDto, LibraryApp.Core, Version=1.0.0.0, Culture=neutral, PublicKeyToken=null]]'.
2026-06-07 11:55:32.125 +03:00 [INF] Request finished HTTP/1.1 GET http://localhost:5112/api/categories - 200 null application/json; charset=utf-8 4.5443ms
2026-06-07 11:55:32.125 +03:00 [INF] Executed action LibraryApp.Api.Controllers.AuthorsController.GetAll (LibraryApp.Api) in 4.1524ms
2026-06-07 11:55:32.125 +03:00 [INF] HTTP GET /api/authors responded 200 in 5.9000 ms
2026-06-07 11:55:32.125 +03:00 [INF] Request finished HTTP/1.1 GET http://localhost:5112/api/authors - 200 null application/json; charset=utf-8 6.2894ms
2026-06-07 11:55:51.219 +03:00 [INF] Request starting HTTP/1.1 GET http://localhost:5112/api/books?page=1&pageSize=20 - application/json null
2026-06-07 11:55:51.220 +03:00 [INF] Route matched with {action = "Search", controller = "Books"}. Executing controller action with signature System.Threading.Tasks.Task`1[Microsoft.AspNetCore.Mvc.IActionResult] Search(BookSearchQuery, System.Threading.CancellationToken) on controller BooksController (LibraryApp.Api).
2026-06-07 11:55:51.227 +03:00 [INF] Executing OkObjectResult, writing value of type 'PagedResult`1[[BookDto, LibraryApp.Core, Version=1.0.0.0, Culture=neutral, PublicKeyToken=null]]'.
2026-06-07 11:55:51.227 +03:00 [INF] Executed action BooksController.Search (LibraryApp.Api) in 7.3142ms
2026-06-07 11:55:51.227 +03:00 [INF] HTTP GET /api/books responded 200 in 7.7505 ms
2026-06-07 11:55:51.227 +03:00 [INF] Request finished HTTP/1.1 GET http://localhost:5112/api/books?page=1&pageSize=20 - 200 null application/json; charset=utf-8 8.1475ms
2026-06-07 11:55:51.230 +03:00 [INF] Request starting HTTP/1.1 GET http://localhost:5112/api/loans/active - application/json null
2026-06-07 11:55:51.230 +03:00 [INF] Route matched with {action = "GetActive", controller = "Loans"}. Executing controller action with signature System.Threading.Tasks.Task`1[Microsoft.AspNetCore.Mvc.IActionResult] GetActive(System.Threading.CancellationToken) on controller LibraryApp.Api.Controllers.LoansController (LibraryApp.Api).
2026-06-07 11:55:51.234 +03:00 [INF] Executing OkObjectResult, writing value of type 'System.Collections.Generic.List`1[[LibraryApp.Core.DTOs.ActiveLoanDto, LibraryApp.Core, Version=1.0.0.0, Culture=neutral, PublicKeyToken=null]]'.
2026-06-07 11:55:51.235 +03:00 [INF] Executed action LibraryApp.Api.Controllers.LoansController.GetActive (LibraryApp.Api) in 4.3082ms
2026-06-07 11:55:51.235 +03:00 [INF] HTTP GET /api/loans/active responded 200 in 4.6063 ms
2026-06-07 11:55:51.235 +03:00 [INF] Request finished HTTP/1.1 GET http://localhost:5112/api/loans/active - 200 null application/json; charset=utf-8 4.9106ms
2026-06-07 11:56:25.047 +03:00 [INF] Request starting HTTP/1.1 GET http://localhost:5112/api/loans/active - application/json null
2026-06-07 11:56:25.047 +03:00 [INF] Route matched with {action = "GetActive", controller = "Loans"}. Executing controller action with signature System.Threading.Tasks.Task`1[Microsoft.AspNetCore.Mvc.IActionResult] GetActive(System.Threading.CancellationToken) on controller LibraryApp.Api.Controllers.LoansController (LibraryApp.Api).
2026-06-07 11:56:25.056 +03:00 [INF] Executing OkObjectResult, writing value of type 'System.Collections.Generic.List`1[[LibraryApp.Core.DTOs.ActiveLoanDto, LibraryApp.Core, Version=1.0.0.0, Culture=neutral, PublicKeyToken=null]]'.
2026-06-07 11:56:25.056 +03:00 [INF] Executed action LibraryApp.Api.Controllers.LoansController.GetActive (LibraryApp.Api) in 9.0974ms
2026-06-07 11:56:25.056 +03:00 [INF] HTTP GET /api/loans/active responded 200 in 9.3494 ms
2026-06-07 11:56:25.056 +03:00 [INF] Request finished HTTP/1.1 GET http://localhost:5112/api/loans/active - 200 null application/json; charset=utf-8 9.6386ms
2026-06-07 11:56:25.072 +03:00 [INF] Request starting HTTP/1.1 GET http://localhost:5112/api/books?page=1&pageSize=20 - application/json null
2026-06-07 11:56:25.072 +03:00 [INF] Route matched with {action = "Search", controller = "Books"}. Executing controller action with signature System.Threading.Tasks.Task`1[Microsoft.AspNetCore.Mvc.IActionResult] Search(BookSearchQuery, System.Threading.CancellationToken) on controller BooksController (LibraryApp.Api).
2026-06-07 11:56:25.095 +03:00 [INF] Executing OkObjectResult, writing value of type 'PagedResult`1[[BookDto, LibraryApp.Core, Version=1.0.0.0, Culture=neutral, PublicKeyToken=null]]'.
2026-06-07 11:56:25.095 +03:00 [INF] Executed action BooksController.Search (LibraryApp.Api) in 22.3483ms
2026-06-07 11:56:25.095 +03:00 [INF] HTTP GET /api/books responded 200 in 22.7009 ms
2026-06-07 11:56:25.095 +03:00 [INF] Request finished HTTP/1.1 GET http://localhost:5112/api/books?page=1&pageSize=20 - 200 null application/json; charset=utf-8 23.0518ms
2026-06-07 12:20:15.168 +03:00 [INF] Now listening on: http://localhost:5112
2026-06-07 12:20:15.378 +03:00 [INF] Request starting HTTP/1.1 GET http://localhost:5112/index.html - null null
2026-06-07 12:20:15.426 +03:00 [INF] Application started. Press Ctrl+C to shut down.
2026-06-07 12:20:15.430 +03:00 [INF] Hosting environment: Development
2026-06-07 12:20:15.433 +03:00 [INF] Content root path: C:\Users\Thales\Desktop\netcore\LibraryApp\LibraryApp.Api
2026-06-07 12:20:15.696 +03:00 [INF] Request starting HTTP/1.1 GET http://localhost:5112/swagger - null null
2026-06-07 12:20:15.847 +03:00 [INF] HTTP GET /swagger responded 404 in 7.0923 ms
2026-06-07 12:20:15.879 +03:00 [INF] Request finished HTTP/1.1 GET http://localhost:5112/swagger - 404 null null 182.5353ms
2026-06-07 12:20:15.928 +03:00 [INF] Request reached the end of the middleware pipeline without being handled by application code. Request path: GET http://localhost:5112/swagger, Response status code: 404
2026-06-07 12:20:15.990 +03:00 [INF] HTTP GET /index.html responded 200 in 153.8971 ms
2026-06-07 12:20:16.010 +03:00 [INF] Request finished HTTP/1.1 GET http://localhost:5112/index.html - 200 null text/html;charset=utf-8 635.1921ms
2026-06-07 12:20:16.027 +03:00 [INF] Request starting HTTP/1.1 GET http://localhost:5112/swagger-ui-standalone-preset.js - null null
2026-06-07 12:20:16.028 +03:00 [INF] Request starting HTTP/1.1 GET http://localhost:5112/swagger-ui-bundle.js - null null
2026-06-07 12:20:16.035 +03:00 [INF] Request starting HTTP/1.1 GET http://localhost:5112/swagger-ui.css - null null
2026-06-07 12:20:16.090 +03:00 [INF] Sending file. Request path: '/swagger-ui-standalone-preset.js'. Physical path: 'N/A'
2026-06-07 12:20:16.093 +03:00 [INF] Sending file. Request path: '/swagger-ui.css'. Physical path: 'N/A'
2026-06-07 12:20:16.113 +03:00 [INF] HTTP GET /swagger-ui-standalone-preset.js responded 200 in 63.7263 ms
2026-06-07 12:20:16.127 +03:00 [INF] HTTP GET /swagger-ui.css responded 200 in 42.2417 ms
2026-06-07 12:20:16.134 +03:00 [INF] Sending file. Request path: '/swagger-ui-bundle.js'. Physical path: 'N/A'
2026-06-07 12:20:16.169 +03:00 [INF] Request finished HTTP/1.1 GET http://localhost:5112/swagger-ui-standalone-preset.js - 200 230280 text/javascript 141.7144ms
2026-06-07 12:20:16.178 +03:00 [INF] Request finished HTTP/1.1 GET http://localhost:5112/swagger-ui.css - 200 152034 text/css 142.1403ms
2026-06-07 12:20:16.187 +03:00 [INF] HTTP GET /swagger-ui-bundle.js responded 200 in 128.6999 ms
2026-06-07 12:20:16.247 +03:00 [INF] Request starting HTTP/1.1 GET http://localhost:5112/_vs/browserLink - null null
2026-06-07 12:20:16.254 +03:00 [INF] Request finished HTTP/1.1 GET http://localhost:5112/swagger-ui-bundle.js - 200 1456926 text/javascript 226.6281ms
2026-06-07 12:20:16.299 +03:00 [INF] Request starting HTTP/1.1 GET http://localhost:5112/_framework/aspnetcore-browser-refresh.js - null null
2026-06-07 12:20:16.354 +03:00 [INF] Request finished HTTP/1.1 GET http://localhost:5112/_vs/browserLink - 200 null text/javascript; charset=UTF-8 106.4593ms
2026-06-07 12:20:16.377 +03:00 [INF] Request finished HTTP/1.1 GET http://localhost:5112/_framework/aspnetcore-browser-refresh.js - 200 14933 application/javascript; charset=utf-8 78.0218ms
2026-06-07 12:20:16.848 +03:00 [INF] Request starting HTTP/1.1 GET http://localhost:5112/swagger/v1/swagger.json - null null
2026-06-07 12:20:16.916 +03:00 [INF] Request starting HTTP/1.1 GET http://localhost:5112/favicon-32x32.png - null null
2026-06-07 12:20:16.933 +03:00 [INF] Sending file. Request path: '/favicon-32x32.png'. Physical path: 'N/A'
2026-06-07 12:20:16.944 +03:00 [INF] HTTP GET /favicon-32x32.png responded 200 in 11.3605 ms
2026-06-07 12:20:16.961 +03:00 [INF] Request finished HTTP/1.1 GET http://localhost:5112/favicon-32x32.png - 200 628 image/png 44.4894ms
2026-06-07 12:20:16.984 +03:00 [INF] HTTP GET /swagger/v1/swagger.json responded 200 in 119.3881 ms
2026-06-07 12:20:16.998 +03:00 [INF] Request finished HTTP/1.1 GET http://localhost:5112/swagger/v1/swagger.json - 200 null application/json;charset=utf-8 149.8996ms
2026-06-07 12:20:18.124 +03:00 [INF] Request starting HTTP/1.1 GET http://localhost:5112/swagger-ui-standalone-preset.js - null null
2026-06-07 12:20:18.124 +03:00 [INF] Request starting HTTP/1.1 GET http://localhost:5112/swagger-ui-bundle.js - null null
2026-06-07 12:20:18.125 +03:00 [INF] Request starting HTTP/1.1 GET http://localhost:5112/_vs/browserLink - null null
2026-06-07 12:20:18.126 +03:00 [INF] Request starting HTTP/1.1 GET http://localhost:5112/_framework/aspnetcore-browser-refresh.js - null null
2026-06-07 12:20:18.136 +03:00 [INF] Sending file. Request path: '/swagger-ui-standalone-preset.js'. Physical path: 'N/A'
2026-06-07 12:20:18.149 +03:00 [INF] Sending file. Request path: '/swagger-ui-bundle.js'. Physical path: 'N/A'
2026-06-07 12:20:18.158 +03:00 [INF] Request finished HTTP/1.1 GET http://localhost:5112/_vs/browserLink - 200 null text/javascript; charset=UTF-8 32.4998ms
2026-06-07 12:20:18.159 +03:00 [INF] Request finished HTTP/1.1 GET http://localhost:5112/_framework/aspnetcore-browser-refresh.js - 200 14933 application/javascript; charset=utf-8 32.8176ms
2026-06-07 12:20:18.164 +03:00 [INF] HTTP GET /swagger-ui-standalone-preset.js responded 200 in 29.9594 ms
2026-06-07 12:20:18.167 +03:00 [INF] HTTP GET /swagger-ui-bundle.js responded 200 in 24.5022 ms
2026-06-07 12:20:18.192 +03:00 [INF] Request finished HTTP/1.1 GET http://localhost:5112/swagger-ui-standalone-preset.js - 200 230280 text/javascript 67.8001ms
2026-06-07 12:20:18.196 +03:00 [INF] Request finished HTTP/1.1 GET http://localhost:5112/swagger-ui-bundle.js - 200 1456926 text/javascript 72.0927ms
2026-06-07 12:20:21.519 +03:00 [INF] Request starting HTTP/1.1 GET http://localhost:5112/api/loans/active - application/json null
2026-06-07 12:20:21.567 +03:00 [INF] Route matched with {action = "GetActive", controller = "Loans"}. Executing controller action with signature System.Threading.Tasks.Task`1[Microsoft.AspNetCore.Mvc.IActionResult] GetActive(System.Threading.CancellationToken) on controller LibraryApp.Api.Controllers.LoansController (LibraryApp.Api).
2026-06-07 12:20:25.918 +03:00 [INF] Executing OkObjectResult, writing value of type 'System.Collections.Generic.List`1[[LibraryApp.Core.DTOs.ActiveLoanDto, LibraryApp.Core, Version=1.0.0.0, Culture=neutral, PublicKeyToken=null]]'.
2026-06-07 12:20:25.952 +03:00 [INF] Executed action LibraryApp.Api.Controllers.LoansController.GetActive (LibraryApp.Api) in 4373.9304ms
2026-06-07 12:20:25.960 +03:00 [INF] HTTP GET /api/loans/active responded 200 in 4430.2778 ms
2026-06-07 12:20:25.977 +03:00 [INF] Request finished HTTP/1.1 GET http://localhost:5112/api/loans/active - 200 null application/json; charset=utf-8 4457.9377ms
2026-06-07 12:20:26.347 +03:00 [INF] Request starting HTTP/1.1 OPTIONS http://localhost:5112/api/loans/active - null null
2026-06-07 12:20:26.383 +03:00 [INF] CORS policy execution successful.
2026-06-07 12:20:26.391 +03:00 [INF] HTTP OPTIONS /api/loans/active responded 204 in 13.8206 ms
2026-06-07 12:20:26.396 +03:00 [INF] Request finished HTTP/1.1 OPTIONS http://localhost:5112/api/loans/active - 204 null null 49.713ms
2026-06-07 12:20:26.410 +03:00 [INF] Request starting HTTP/1.1 GET http://localhost:5112/api/loans/active - application/json null
2026-06-07 12:20:26.421 +03:00 [INF] CORS policy execution successful.
2026-06-07 12:20:26.424 +03:00 [INF] Route matched with {action = "GetActive", controller = "Loans"}. Executing controller action with signature System.Threading.Tasks.Task`1[Microsoft.AspNetCore.Mvc.IActionResult] GetActive(System.Threading.CancellationToken) on controller LibraryApp.Api.Controllers.LoansController (LibraryApp.Api).
2026-06-07 12:20:26.473 +03:00 [INF] Executing OkObjectResult, writing value of type 'System.Collections.Generic.List`1[[LibraryApp.Core.DTOs.ActiveLoanDto, LibraryApp.Core, Version=1.0.0.0, Culture=neutral, PublicKeyToken=null]]'.
2026-06-07 12:20:26.479 +03:00 [INF] Executed action LibraryApp.Api.Controllers.LoansController.GetActive (LibraryApp.Api) in 48.9777ms
2026-06-07 12:20:26.486 +03:00 [INF] HTTP GET /api/loans/active responded 200 in 65.3093 ms
2026-06-07 12:20:26.492 +03:00 [INF] Request finished HTTP/1.1 GET http://localhost:5112/api/loans/active - 200 null application/json; charset=utf-8 81.7216ms
2026-06-07 12:20:28.715 +03:00 [INF] Request starting HTTP/1.1 OPTIONS http://localhost:5112/api/books?page=1&pageSize=20 - null null
2026-06-07 12:20:28.724 +03:00 [INF] CORS policy execution successful.
2026-06-07 12:20:28.729 +03:00 [INF] HTTP OPTIONS /api/books responded 204 in 5.2254 ms
2026-06-07 12:20:28.737 +03:00 [INF] Request finished HTTP/1.1 OPTIONS http://localhost:5112/api/books?page=1&pageSize=20 - 204 null null 22.8291ms
2026-06-07 12:20:28.746 +03:00 [INF] Request starting HTTP/1.1 GET http://localhost:5112/api/books?page=1&pageSize=20 - application/json null
2026-06-07 12:20:28.754 +03:00 [INF] CORS policy execution successful.
2026-06-07 12:20:28.769 +03:00 [INF] Route matched with {action = "Search", controller = "Books"}. Executing controller action with signature System.Threading.Tasks.Task`1[Microsoft.AspNetCore.Mvc.IActionResult] Search(BookSearchQuery, System.Threading.CancellationToken) on controller BooksController (LibraryApp.Api).
2026-06-07 12:20:29.023 +03:00 [WRN] Compiling a query which loads related collections for more than one collection navigation, either via 'Include' or through projection, but no 'QuerySplittingBehavior' has been configured. By default, Entity Framework will use 'QuerySplittingBehavior.SingleQuery', which can potentially result in slow query performance. See https://go.microsoft.com/fwlink/?linkid=2134277 for more information. To identify the query that's triggering this warning call 'ConfigureWarnings(w => w.Throw(RelationalEventId.MultipleCollectionIncludeWarning))'.
2026-06-07 12:20:29.097 +03:00 [INF] Executing OkObjectResult, writing value of type 'PagedResult`1[[BookDto, LibraryApp.Core, Version=1.0.0.0, Culture=neutral, PublicKeyToken=null]]'.
2026-06-07 12:20:29.108 +03:00 [INF] Executed action BooksController.Search (LibraryApp.Api) in 333.6317ms
2026-06-07 12:20:29.111 +03:00 [INF] HTTP GET /api/books responded 200 in 357.3830 ms
2026-06-07 12:20:29.118 +03:00 [INF] Request finished HTTP/1.1 GET http://localhost:5112/api/books?page=1&pageSize=20 - 200 null application/json; charset=utf-8 372.4925ms
2026-06-07 12:21:17.788 +03:00 [INF] Request starting HTTP/1.1 OPTIONS http://localhost:5112/api/authors - null null
2026-06-07 12:21:17.790 +03:00 [INF] Request starting HTTP/1.1 OPTIONS http://localhost:5112/api/categories - null null
2026-06-07 12:21:17.794 +03:00 [INF] CORS policy execution successful.
2026-06-07 12:21:17.803 +03:00 [INF] CORS policy execution successful.
2026-06-07 12:21:17.804 +03:00 [INF] HTTP OPTIONS /api/authors responded 204 in 9.6308 ms
2026-06-07 12:21:17.806 +03:00 [INF] HTTP OPTIONS /api/categories responded 204 in 3.0158 ms
2026-06-07 12:21:17.810 +03:00 [INF] Request finished HTTP/1.1 OPTIONS http://localhost:5112/api/authors - 204 null null 21.5737ms
2026-06-07 12:21:17.816 +03:00 [INF] Request finished HTTP/1.1 OPTIONS http://localhost:5112/api/categories - 204 null null 26.5718ms
2026-06-07 12:21:17.825 +03:00 [INF] Request starting HTTP/1.1 GET http://localhost:5112/api/authors - application/json null
2026-06-07 12:21:17.834 +03:00 [INF] Request starting HTTP/1.1 GET http://localhost:5112/api/categories - application/json null
2026-06-07 12:21:17.839 +03:00 [INF] CORS policy execution successful.
2026-06-07 12:21:17.845 +03:00 [INF] CORS policy execution successful.
2026-06-07 12:21:17.852 +03:00 [INF] Route matched with {action = "GetAll", controller = "Authors"}. Executing controller action with signature System.Threading.Tasks.Task`1[Microsoft.AspNetCore.Mvc.IActionResult] GetAll(System.Threading.CancellationToken) on controller LibraryApp.Api.Controllers.AuthorsController (LibraryApp.Api).
2026-06-07 12:21:17.854 +03:00 [INF] Route matched with {action = "GetAll", controller = "Categories"}. Executing controller action with signature System.Threading.Tasks.Task`1[Microsoft.AspNetCore.Mvc.IActionResult] GetAll(System.Threading.CancellationToken) on controller LibraryApp.Api.Controllers.CategoriesController (LibraryApp.Api).
2026-06-07 12:21:17.870 +03:00 [INF] Executing OkObjectResult, writing value of type 'System.Collections.Generic.List`1[[LibraryApp.Core.DTOs.AuthorDto, LibraryApp.Core, Version=1.0.0.0, Culture=neutral, PublicKeyToken=null]]'.
2026-06-07 12:21:17.877 +03:00 [INF] Executed action LibraryApp.Api.Controllers.AuthorsController.GetAll (LibraryApp.Api) in 18.8027ms
2026-06-07 12:21:17.880 +03:00 [INF] HTTP GET /api/authors responded 200 in 40.1993 ms
2026-06-07 12:21:17.881 +03:00 [INF] Executing OkObjectResult, writing value of type 'System.Collections.Generic.List`1[[<>f__AnonymousType1`2[[System.Int32, System.Private.CoreLib, Version=8.0.0.0, Culture=neutral, PublicKeyToken=7cec85d7bea7798e],[System.String, System.Private.CoreLib, Version=8.0.0.0, Culture=neutral, PublicKeyToken=7cec85d7bea7798e]], LibraryApp.Api, Version=1.0.0.0, Culture=neutral, PublicKeyToken=null]]'.
2026-06-07 12:21:17.885 +03:00 [INF] Request finished HTTP/1.1 GET http://localhost:5112/api/authors - 200 null application/json; charset=utf-8 60.1613ms
2026-06-07 12:21:17.893 +03:00 [INF] Executed action LibraryApp.Api.Controllers.CategoriesController.GetAll (LibraryApp.Api) in 31.7745ms
2026-06-07 12:21:17.899 +03:00 [INF] HTTP GET /api/categories responded 200 in 54.1512 ms
2026-06-07 12:21:17.906 +03:00 [INF] Request finished HTTP/1.1 GET http://localhost:5112/api/categories - 200 null application/json; charset=utf-8 72.6932ms
2026-06-07 12:21:49.152 +03:00 [INF] Request starting HTTP/1.1 GET http://localhost:5112/api/authors - application/json null
2026-06-07 12:21:49.153 +03:00 [INF] Request starting HTTP/1.1 GET http://localhost:5112/api/categories - application/json null
2026-06-07 12:21:49.158 +03:00 [INF] Route matched with {action = "GetAll", controller = "Authors"}. Executing controller action with signature System.Threading.Tasks.Task`1[Microsoft.AspNetCore.Mvc.IActionResult] GetAll(System.Threading.CancellationToken) on controller LibraryApp.Api.Controllers.AuthorsController (LibraryApp.Api).
2026-06-07 12:21:49.162 +03:00 [INF] Route matched with {action = "GetAll", controller = "Categories"}. Executing controller action with signature System.Threading.Tasks.Task`1[Microsoft.AspNetCore.Mvc.IActionResult] GetAll(System.Threading.CancellationToken) on controller LibraryApp.Api.Controllers.CategoriesController (LibraryApp.Api).
2026-06-07 12:21:49.170 +03:00 [INF] Executing OkObjectResult, writing value of type 'System.Collections.Generic.List`1[[LibraryApp.Core.DTOs.AuthorDto, LibraryApp.Core, Version=1.0.0.0, Culture=neutral, PublicKeyToken=null]]'.
2026-06-07 12:21:49.171 +03:00 [INF] Executing OkObjectResult, writing value of type 'System.Collections.Generic.List`1[[<>f__AnonymousType1`2[[System.Int32, System.Private.CoreLib, Version=8.0.0.0, Culture=neutral, PublicKeyToken=7cec85d7bea7798e],[System.String, System.Private.CoreLib, Version=8.0.0.0, Culture=neutral, PublicKeyToken=7cec85d7bea7798e]], LibraryApp.Api, Version=1.0.0.0, Culture=neutral, PublicKeyToken=null]]'.
2026-06-07 12:21:49.172 +03:00 [INF] Executed action LibraryApp.Api.Controllers.AuthorsController.GetAll (LibraryApp.Api) in 7.2496ms
2026-06-07 12:21:49.176 +03:00 [INF] Executed action LibraryApp.Api.Controllers.CategoriesController.GetAll (LibraryApp.Api) in 6.5487ms
2026-06-07 12:21:49.179 +03:00 [INF] HTTP GET /api/authors responded 200 in 21.1995 ms
2026-06-07 12:21:49.181 +03:00 [INF] HTTP GET /api/categories responded 200 in 18.8311 ms
2026-06-07 12:21:49.184 +03:00 [INF] Request finished HTTP/1.1 GET http://localhost:5112/api/authors - 200 null application/json; charset=utf-8 31.3992ms
2026-06-07 12:21:49.188 +03:00 [INF] Request finished HTTP/1.1 GET http://localhost:5112/api/categories - 200 null application/json; charset=utf-8 35.2452ms
2026-06-07 12:21:49.440 +03:00 [INF] Request starting HTTP/1.1 OPTIONS http://localhost:5112/api/authors - null null
2026-06-07 12:21:49.442 +03:00 [INF] Request starting HTTP/1.1 OPTIONS http://localhost:5112/api/categories - null null
2026-06-07 12:21:49.447 +03:00 [INF] CORS policy execution successful.
2026-06-07 12:21:49.452 +03:00 [INF] CORS policy execution successful.
2026-06-07 12:21:49.455 +03:00 [INF] HTTP OPTIONS /api/authors responded 204 in 8.6735 ms
2026-06-07 12:21:49.458 +03:00 [INF] HTTP OPTIONS /api/categories responded 204 in 5.6373 ms
2026-06-07 12:21:49.462 +03:00 [INF] Request finished HTTP/1.1 OPTIONS http://localhost:5112/api/authors - 204 null null 21.5888ms
2026-06-07 12:21:49.467 +03:00 [INF] Request finished HTTP/1.1 OPTIONS http://localhost:5112/api/categories - 204 null null 24.2529ms
2026-06-07 12:21:49.474 +03:00 [INF] Request starting HTTP/1.1 GET http://localhost:5112/api/authors - application/json null
2026-06-07 12:21:49.482 +03:00 [INF] Request starting HTTP/1.1 GET http://localhost:5112/api/categories - application/json null
2026-06-07 12:21:49.488 +03:00 [INF] CORS policy execution successful.
2026-06-07 12:21:49.494 +03:00 [INF] CORS policy execution successful.
2026-06-07 12:21:49.496 +03:00 [INF] Route matched with {action = "GetAll", controller = "Authors"}. Executing controller action with signature System.Threading.Tasks.Task`1[Microsoft.AspNetCore.Mvc.IActionResult] GetAll(System.Threading.CancellationToken) on controller LibraryApp.Api.Controllers.AuthorsController (LibraryApp.Api).
2026-06-07 12:21:49.498 +03:00 [INF] Route matched with {action = "GetAll", controller = "Categories"}. Executing controller action with signature System.Threading.Tasks.Task`1[Microsoft.AspNetCore.Mvc.IActionResult] GetAll(System.Threading.CancellationToken) on controller LibraryApp.Api.Controllers.CategoriesController (LibraryApp.Api).
2026-06-07 12:21:49.510 +03:00 [INF] Executing OkObjectResult, writing value of type 'System.Collections.Generic.List`1[[<>f__AnonymousType1`2[[System.Int32, System.Private.CoreLib, Version=8.0.0.0, Culture=neutral, PublicKeyToken=7cec85d7bea7798e],[System.String, System.Private.CoreLib, Version=8.0.0.0, Culture=neutral, PublicKeyToken=7cec85d7bea7798e]], LibraryApp.Api, Version=1.0.0.0, Culture=neutral, PublicKeyToken=null]]'.
2026-06-07 12:21:49.513 +03:00 [INF] Executing OkObjectResult, writing value of type 'System.Collections.Generic.List`1[[LibraryApp.Core.DTOs.AuthorDto, LibraryApp.Core, Version=1.0.0.0, Culture=neutral, PublicKeyToken=null]]'.
2026-06-07 12:21:49.513 +03:00 [INF] Executed action LibraryApp.Api.Controllers.CategoriesController.GetAll (LibraryApp.Api) in 6.7224ms
2026-06-07 12:21:49.517 +03:00 [INF] Executed action LibraryApp.Api.Controllers.AuthorsController.GetAll (LibraryApp.Api) in 14.5294ms
2026-06-07 12:21:49.521 +03:00 [INF] HTTP GET /api/categories responded 200 in 26.3359 ms
2026-06-07 12:21:49.524 +03:00 [INF] HTTP GET /api/authors responded 200 in 36.3506 ms
2026-06-07 12:21:49.529 +03:00 [INF] Request finished HTTP/1.1 GET http://localhost:5112/api/categories - 200 null application/json; charset=utf-8 47.3149ms
2026-06-07 12:21:49.533 +03:00 [INF] Request finished HTTP/1.1 GET http://localhost:5112/api/authors - 200 null application/json; charset=utf-8 59.4915ms
2026-06-07 12:22:04.464 +03:00 [INF] Request starting HTTP/1.1 GET http://localhost:5112/api/loans/active - application/json null
2026-06-07 12:22:04.464 +03:00 [INF] Request starting HTTP/1.1 GET http://localhost:5112/api/books?page=1&pageSize=20 - application/json null
2026-06-07 12:22:04.471 +03:00 [INF] Route matched with {action = "GetActive", controller = "Loans"}. Executing controller action with signature System.Threading.Tasks.Task`1[Microsoft.AspNetCore.Mvc.IActionResult] GetActive(System.Threading.CancellationToken) on controller LibraryApp.Api.Controllers.LoansController (LibraryApp.Api).
2026-06-07 12:22:04.476 +03:00 [INF] Route matched with {action = "Search", controller = "Books"}. Executing controller action with signature System.Threading.Tasks.Task`1[Microsoft.AspNetCore.Mvc.IActionResult] Search(BookSearchQuery, System.Threading.CancellationToken) on controller BooksController (LibraryApp.Api).
2026-06-07 12:22:04.484 +03:00 [INF] Executing OkObjectResult, writing value of type 'System.Collections.Generic.List`1[[LibraryApp.Core.DTOs.ActiveLoanDto, LibraryApp.Core, Version=1.0.0.0, Culture=neutral, PublicKeyToken=null]]'.
2026-06-07 12:22:04.487 +03:00 [INF] Executed action LibraryApp.Api.Controllers.LoansController.GetActive (LibraryApp.Api) in 7.8385ms
2026-06-07 12:22:04.489 +03:00 [INF] HTTP GET /api/loans/active responded 200 in 18.0865 ms
2026-06-07 12:22:04.490 +03:00 [INF] Executing OkObjectResult, writing value of type 'PagedResult`1[[BookDto, LibraryApp.Core, Version=1.0.0.0, Culture=neutral, PublicKeyToken=null]]'.
2026-06-07 12:22:04.492 +03:00 [INF] Request finished HTTP/1.1 GET http://localhost:5112/api/loans/active - 200 null application/json; charset=utf-8 28.1628ms
2026-06-07 12:22:04.494 +03:00 [INF] Executed action BooksController.Search (LibraryApp.Api) in 11.5642ms
2026-06-07 12:22:04.502 +03:00 [INF] HTTP GET /api/books responded 200 in 26.2279 ms
2026-06-07 12:22:04.507 +03:00 [INF] Request finished HTTP/1.1 GET http://localhost:5112/api/books?page=1&pageSize=20 - 200 null application/json; charset=utf-8 42.6452ms
2026-06-07 12:23:24.263 +03:00 [INF] Request starting HTTP/1.1 OPTIONS http://localhost:5112/api/books - null null
2026-06-07 12:23:24.269 +03:00 [INF] CORS policy execution successful.
2026-06-07 12:23:24.271 +03:00 [INF] HTTP OPTIONS /api/books responded 204 in 1.5524 ms
2026-06-07 12:23:24.275 +03:00 [INF] Request finished HTTP/1.1 OPTIONS http://localhost:5112/api/books - 204 null null 12.0752ms
2026-06-07 12:23:24.282 +03:00 [INF] Request starting HTTP/1.1 POST http://localhost:5112/api/books - application/json 353
2026-06-07 12:23:24.287 +03:00 [INF] CORS policy execution successful.
2026-06-07 12:23:24.295 +03:00 [INF] Route matched with {action = "Create", controller = "Books"}. Executing controller action with signature System.Threading.Tasks.Task`1[Microsoft.AspNetCore.Mvc.IActionResult] Create(CreateBookCommand, System.Threading.CancellationToken) on controller BooksController (LibraryApp.Api).
2026-06-07 12:23:24.383 +03:00 [INF] Executed action BooksController.Create (LibraryApp.Api) in 84.4316ms
2026-06-07 12:23:24.387 +03:00 [ERR] HTTP POST /api/books responded 500 in 100.1068 ms
System.ArgumentNullException: Value cannot be null. (Parameter 'source')
   at System.Linq.ThrowHelper.ThrowArgumentNullException(ExceptionArgument argument)
   at System.Linq.Enumerable.All[TSource](IEnumerable`1 source, Func`2 predicate)
   at LibraryApp.Api.Validators.CreateBookCommandValidator.<>c.<.ctor>b__1_6(List`1 ids) in C:\Users\Thales\Desktop\netcore\LibraryApp\LibraryApp.Api\Validators\CreateBookCommandValidator.cs:line 32
   at FluentValidation.DefaultValidatorExtensions.<>c__DisplayClass27_0`2.<Must>b__0(T x, TProperty val) in /_/src/FluentValidation/DefaultValidatorExtensions.cs:line 421
   at FluentValidation.DefaultValidatorExtensions.<>c__DisplayClass28_0`2.<Must>b__0(T x, TProperty val, ValidationContext`1 _) in /_/src/FluentValidation/DefaultValidatorExtensions.cs:line 437
   at FluentValidation.DefaultValidatorExtensions.<>c__DisplayClass29_0`2.<Must>b__0(T instance, TProperty property, ValidationContext`1 propertyValidatorContext) in /_/src/FluentValidation/DefaultValidatorExtensions.cs:line 453
   at FluentValidation.Validators.PredicateValidator`2.IsValid(ValidationContext`1 context, TProperty value) in /_/src/FluentValidation/Validators/PredicateValidator.cs:line 36
   at FluentValidation.Internal.RuleComponent`2.InvokePropertyValidator(ValidationContext`1 context, TProperty value) in /_/src/FluentValidation/Internal/RuleComponent.cs:line 92
   at FluentValidation.Internal.RuleComponent`2.ValidateAsync(ValidationContext`1 context, TProperty value, Boolean useAsync, CancellationToken cancellation) in /_/src/FluentValidation/Internal/RuleComponent.cs:line 83
   at FluentValidation.Internal.PropertyRule`2.ValidateAsync(ValidationContext`1 context, Boolean useAsync, CancellationToken cancellation) in /_/src/FluentValidation/Internal/PropertyRule.cs:line 156
   at FluentValidation.AbstractValidator`1.ValidateInternalAsync(ValidationContext`1 context, Boolean useAsync, CancellationToken cancellation) in /_/src/FluentValidation/AbstractValidator.cs:line 246
   at FluentValidation.AbstractValidator`1.Validate(ValidationContext`1 context) in /_/src/FluentValidation/AbstractValidator.cs:line 202
   at FluentValidation.AbstractValidator`1.FluentValidation.IValidator.Validate(IValidationContext context) in /_/src/FluentValidation/AbstractValidator.cs:line 153
   at FluentValidation.AspNetCore.FluentValidationModelValidator.Validate(ModelValidationContext mvContext) in /_/src/FluentValidation.AspNetCore/FluentValidationModelValidatorProvider.cs:line 150
   at Microsoft.AspNetCore.Mvc.ModelBinding.Validation.ValidationVisitor.ValidateNode()
   at Microsoft.AspNetCore.Mvc.ModelBinding.Validation.ValidationVisitor.VisitComplexType(IValidationStrategy defaultStrategy)
   at Microsoft.AspNetCore.Mvc.ModelBinding.Validation.ValidationVisitor.VisitImplementation(ModelMetadata& metadata, String& key, Object model)
   at Microsoft.AspNetCore.Mvc.ModelBinding.Validation.ValidationVisitor.Visit(ModelMetadata metadata, String key, Object model)
   at FluentValidation.AspNetCore.FluentValidationVisitor.<>n__1(ModelMetadata metadata, String key, Object model, Boolean alwaysValidateAtTopLevel, Object container)
   at FluentValidation.AspNetCore.FluentValidationVisitor.<>c__DisplayClass2_0.<Validate>g__BaseValidate|0() in /_/src/FluentValidation.AspNetCore/FluentValidationVisitor.cs:line 45
   at FluentValidation.AspNetCore.FluentValidationVisitor.ValidateInternal(ModelMetadata metadata, String key, Object model, Func`1 continuation) in /_/src/FluentValidation.AspNetCore/FluentValidationVisitor.cs:line 63
   at FluentValidation.AspNetCore.FluentValidationVisitor.Validate(ModelMetadata metadata, String key, Object model, Boolean alwaysValidateAtTopLevel, Object container) in /_/src/FluentValidation.AspNetCore/FluentValidationVisitor.cs:line 47
   at Microsoft.AspNetCore.Mvc.ModelBinding.ObjectModelValidator.Validate(ActionContext actionContext, ValidationStateDictionary validationState, String prefix, Object model, ModelMetadata metadata, Object container)
   at Microsoft.AspNetCore.Mvc.ModelBinding.ParameterBinder.EnforceBindRequiredAndValidate(ObjectModelValidator baseObjectValidator, ActionContext actionContext, ParameterDescriptor parameter, ModelMetadata metadata, ModelBindingContext modelBindingContext, ModelBindingResult modelBindingResult, Object container)
   at Microsoft.AspNetCore.Mvc.ModelBinding.ParameterBinder.BindModelAsync(ActionContext actionContext, IModelBinder modelBinder, IValueProvider valueProvider, ParameterDescriptor parameter, ModelMetadata metadata, Object value, Object container)
   at Microsoft.AspNetCore.Mvc.Controllers.ControllerBinderDelegateProvider.<>c__DisplayClass0_0.<<CreateBinderDelegate>g__Bind|0>d.MoveNext()
--- End of stack trace from previous location ---
   at Microsoft.AspNetCore.Mvc.Infrastructure.ControllerActionInvoker.<InvokeInnerFilterAsync>g__Awaited|13_0(ControllerActionInvoker invoker, Task lastTask, State next, Scope scope, Object state, Boolean isCompleted)
   at Microsoft.AspNetCore.Mvc.Infrastructure.ResourceInvoker.<InvokeFilterPipelineAsync>g__Awaited|20_0(ResourceInvoker invoker, Task lastTask, State next, Scope scope, Object state, Boolean isCompleted)
   at Microsoft.AspNetCore.Mvc.Infrastructure.ResourceInvoker.<InvokeAsync>g__Logged|17_1(ResourceInvoker invoker)
   at Microsoft.AspNetCore.Mvc.Infrastructure.ResourceInvoker.<InvokeAsync>g__Logged|17_1(ResourceInvoker invoker)
   at Swashbuckle.AspNetCore.SwaggerUI.SwaggerUIMiddleware.Invoke(HttpContext httpContext)
   at Swashbuckle.AspNetCore.Swagger.SwaggerMiddleware.Invoke(HttpContext httpContext, ISwaggerProvider swaggerProvider)
   at Serilog.AspNetCore.RequestLoggingMiddleware.Invoke(HttpContext httpContext)
2026-06-07 12:23:24.436 +03:00 [ERR] Unhandled exception on POST /api/books
System.ArgumentNullException: Value cannot be null. (Parameter 'source')
   at System.Linq.ThrowHelper.ThrowArgumentNullException(ExceptionArgument argument)
   at System.Linq.Enumerable.All[TSource](IEnumerable`1 source, Func`2 predicate)
   at LibraryApp.Api.Validators.CreateBookCommandValidator.<>c.<.ctor>b__1_6(List`1 ids) in C:\Users\Thales\Desktop\netcore\LibraryApp\LibraryApp.Api\Validators\CreateBookCommandValidator.cs:line 32
   at FluentValidation.DefaultValidatorExtensions.<>c__DisplayClass27_0`2.<Must>b__0(T x, TProperty val) in /_/src/FluentValidation/DefaultValidatorExtensions.cs:line 421
   at FluentValidation.DefaultValidatorExtensions.<>c__DisplayClass28_0`2.<Must>b__0(T x, TProperty val, ValidationContext`1 _) in /_/src/FluentValidation/DefaultValidatorExtensions.cs:line 437
   at FluentValidation.DefaultValidatorExtensions.<>c__DisplayClass29_0`2.<Must>b__0(T instance, TProperty property, ValidationContext`1 propertyValidatorContext) in /_/src/FluentValidation/DefaultValidatorExtensions.cs:line 453
   at FluentValidation.Validators.PredicateValidator`2.IsValid(ValidationContext`1 context, TProperty value) in /_/src/FluentValidation/Validators/PredicateValidator.cs:line 36
   at FluentValidation.Internal.RuleComponent`2.InvokePropertyValidator(ValidationContext`1 context, TProperty value) in /_/src/FluentValidation/Internal/RuleComponent.cs:line 92
   at FluentValidation.Internal.RuleComponent`2.ValidateAsync(ValidationContext`1 context, TProperty value, Boolean useAsync, CancellationToken cancellation) in /_/src/FluentValidation/Internal/RuleComponent.cs:line 83
   at FluentValidation.Internal.PropertyRule`2.ValidateAsync(ValidationContext`1 context, Boolean useAsync, CancellationToken cancellation) in /_/src/FluentValidation/Internal/PropertyRule.cs:line 156
   at FluentValidation.AbstractValidator`1.ValidateInternalAsync(ValidationContext`1 context, Boolean useAsync, CancellationToken cancellation) in /_/src/FluentValidation/AbstractValidator.cs:line 246
   at FluentValidation.AbstractValidator`1.Validate(ValidationContext`1 context) in /_/src/FluentValidation/AbstractValidator.cs:line 202
   at FluentValidation.AbstractValidator`1.FluentValidation.IValidator.Validate(IValidationContext context) in /_/src/FluentValidation/AbstractValidator.cs:line 153
   at FluentValidation.AspNetCore.FluentValidationModelValidator.Validate(ModelValidationContext mvContext) in /_/src/FluentValidation.AspNetCore/FluentValidationModelValidatorProvider.cs:line 150
   at Microsoft.AspNetCore.Mvc.ModelBinding.Validation.ValidationVisitor.ValidateNode()
   at Microsoft.AspNetCore.Mvc.ModelBinding.Validation.ValidationVisitor.VisitComplexType(IValidationStrategy defaultStrategy)
   at Microsoft.AspNetCore.Mvc.ModelBinding.Validation.ValidationVisitor.VisitImplementation(ModelMetadata& metadata, String& key, Object model)
   at Microsoft.AspNetCore.Mvc.ModelBinding.Validation.ValidationVisitor.Visit(ModelMetadata metadata, String key, Object model)
   at FluentValidation.AspNetCore.FluentValidationVisitor.<>n__1(ModelMetadata metadata, String key, Object model, Boolean alwaysValidateAtTopLevel, Object container)
   at FluentValidation.AspNetCore.FluentValidationVisitor.<>c__DisplayClass2_0.<Validate>g__BaseValidate|0() in /_/src/FluentValidation.AspNetCore/FluentValidationVisitor.cs:line 45
   at FluentValidation.AspNetCore.FluentValidationVisitor.ValidateInternal(ModelMetadata metadata, String key, Object model, Func`1 continuation) in /_/src/FluentValidation.AspNetCore/FluentValidationVisitor.cs:line 63
   at FluentValidation.AspNetCore.FluentValidationVisitor.Validate(ModelMetadata metadata, String key, Object model, Boolean alwaysValidateAtTopLevel, Object container) in /_/src/FluentValidation.AspNetCore/FluentValidationVisitor.cs:line 47
   at Microsoft.AspNetCore.Mvc.ModelBinding.ObjectModelValidator.Validate(ActionContext actionContext, ValidationStateDictionary validationState, String prefix, Object model, ModelMetadata metadata, Object container)
   at Microsoft.AspNetCore.Mvc.ModelBinding.ParameterBinder.EnforceBindRequiredAndValidate(ObjectModelValidator baseObjectValidator, ActionContext actionContext, ParameterDescriptor parameter, ModelMetadata metadata, ModelBindingContext modelBindingContext, ModelBindingResult modelBindingResult, Object container)
   at Microsoft.AspNetCore.Mvc.ModelBinding.ParameterBinder.BindModelAsync(ActionContext actionContext, IModelBinder modelBinder, IValueProvider valueProvider, ParameterDescriptor parameter, ModelMetadata metadata, Object value, Object container)
   at Microsoft.AspNetCore.Mvc.Controllers.ControllerBinderDelegateProvider.<>c__DisplayClass0_0.<<CreateBinderDelegate>g__Bind|0>d.MoveNext()
--- End of stack trace from previous location ---
   at Microsoft.AspNetCore.Mvc.Infrastructure.ControllerActionInvoker.<InvokeInnerFilterAsync>g__Awaited|13_0(ControllerActionInvoker invoker, Task lastTask, State next, Scope scope, Object state, Boolean isCompleted)
   at Microsoft.AspNetCore.Mvc.Infrastructure.ResourceInvoker.<InvokeFilterPipelineAsync>g__Awaited|20_0(ResourceInvoker invoker, Task lastTask, State next, Scope scope, Object state, Boolean isCompleted)
   at Microsoft.AspNetCore.Mvc.Infrastructure.ResourceInvoker.<InvokeAsync>g__Logged|17_1(ResourceInvoker invoker)
   at Microsoft.AspNetCore.Mvc.Infrastructure.ResourceInvoker.<InvokeAsync>g__Logged|17_1(ResourceInvoker invoker)
   at Swashbuckle.AspNetCore.SwaggerUI.SwaggerUIMiddleware.Invoke(HttpContext httpContext)
   at Swashbuckle.AspNetCore.Swagger.SwaggerMiddleware.Invoke(HttpContext httpContext, ISwaggerProvider swaggerProvider)
   at Serilog.AspNetCore.RequestLoggingMiddleware.Invoke(HttpContext httpContext)
   at LibraryApp.Api.Middleware.ExceptionMiddleware.InvokeAsync(HttpContext context) in C:\Users\Thales\Desktop\netcore\LibraryApp\LibraryApp.Api\Middleware\ExceptionMiddleware.cs:line 22
2026-06-07 12:23:24.458 +03:00 [INF] Request finished HTTP/1.1 POST http://localhost:5112/api/books - 500 null application/problem+json 175.4693ms
2026-06-07 12:23:40.907 +03:00 [INF] Request starting HTTP/1.1 OPTIONS http://localhost:5112/api/books - null null
2026-06-07 12:23:40.917 +03:00 [INF] CORS policy execution successful.
2026-06-07 12:23:40.920 +03:00 [INF] HTTP OPTIONS /api/books responded 204 in 4.1349 ms
2026-06-07 12:23:40.924 +03:00 [INF] Request finished HTTP/1.1 OPTIONS http://localhost:5112/api/books - 204 null null 16.8238ms
2026-06-07 12:23:40.933 +03:00 [INF] Request starting HTTP/1.1 POST http://localhost:5112/api/books - application/json 353
2026-06-07 12:23:40.938 +03:00 [INF] CORS policy execution successful.
2026-06-07 12:23:40.941 +03:00 [INF] Route matched with {action = "Create", controller = "Books"}. Executing controller action with signature System.Threading.Tasks.Task`1[Microsoft.AspNetCore.Mvc.IActionResult] Create(CreateBookCommand, System.Threading.CancellationToken) on controller BooksController (LibraryApp.Api).
2026-06-07 12:23:40.949 +03:00 [INF] Executed action BooksController.Create (LibraryApp.Api) in 4.2873ms
2026-06-07 12:23:40.952 +03:00 [ERR] HTTP POST /api/books responded 500 in 13.9954 ms
System.ArgumentNullException: Value cannot be null. (Parameter 'source')
   at System.Linq.ThrowHelper.ThrowArgumentNullException(ExceptionArgument argument)
   at System.Linq.Enumerable.All[TSource](IEnumerable`1 source, Func`2 predicate)
   at LibraryApp.Api.Validators.CreateBookCommandValidator.<>c.<.ctor>b__1_6(List`1 ids) in C:\Users\Thales\Desktop\netcore\LibraryApp\LibraryApp.Api\Validators\CreateBookCommandValidator.cs:line 32
   at FluentValidation.DefaultValidatorExtensions.<>c__DisplayClass27_0`2.<Must>b__0(T x, TProperty val) in /_/src/FluentValidation/DefaultValidatorExtensions.cs:line 421
   at FluentValidation.DefaultValidatorExtensions.<>c__DisplayClass28_0`2.<Must>b__0(T x, TProperty val, ValidationContext`1 _) in /_/src/FluentValidation/DefaultValidatorExtensions.cs:line 437
   at FluentValidation.DefaultValidatorExtensions.<>c__DisplayClass29_0`2.<Must>b__0(T instance, TProperty property, ValidationContext`1 propertyValidatorContext) in /_/src/FluentValidation/DefaultValidatorExtensions.cs:line 453
   at FluentValidation.Validators.PredicateValidator`2.IsValid(ValidationContext`1 context, TProperty value) in /_/src/FluentValidation/Validators/PredicateValidator.cs:line 36
   at FluentValidation.Internal.RuleComponent`2.InvokePropertyValidator(ValidationContext`1 context, TProperty value) in /_/src/FluentValidation/Internal/RuleComponent.cs:line 92
   at FluentValidation.Internal.RuleComponent`2.ValidateAsync(ValidationContext`1 context, TProperty value, Boolean useAsync, CancellationToken cancellation) in /_/src/FluentValidation/Internal/RuleComponent.cs:line 83
   at FluentValidation.Internal.PropertyRule`2.ValidateAsync(ValidationContext`1 context, Boolean useAsync, CancellationToken cancellation) in /_/src/FluentValidation/Internal/PropertyRule.cs:line 156
   at FluentValidation.AbstractValidator`1.ValidateInternalAsync(ValidationContext`1 context, Boolean useAsync, CancellationToken cancellation) in /_/src/FluentValidation/AbstractValidator.cs:line 246
   at FluentValidation.AbstractValidator`1.Validate(ValidationContext`1 context) in /_/src/FluentValidation/AbstractValidator.cs:line 202
   at FluentValidation.AbstractValidator`1.FluentValidation.IValidator.Validate(IValidationContext context) in /_/src/FluentValidation/AbstractValidator.cs:line 153
   at FluentValidation.AspNetCore.FluentValidationModelValidator.Validate(ModelValidationContext mvContext) in /_/src/FluentValidation.AspNetCore/FluentValidationModelValidatorProvider.cs:line 150
   at Microsoft.AspNetCore.Mvc.ModelBinding.Validation.ValidationVisitor.ValidateNode()
   at Microsoft.AspNetCore.Mvc.ModelBinding.Validation.ValidationVisitor.VisitComplexType(IValidationStrategy defaultStrategy)
   at Microsoft.AspNetCore.Mvc.ModelBinding.Validation.ValidationVisitor.VisitImplementation(ModelMetadata& metadata, String& key, Object model)
   at Microsoft.AspNetCore.Mvc.ModelBinding.Validation.ValidationVisitor.Visit(ModelMetadata metadata, String key, Object model)
   at FluentValidation.AspNetCore.FluentValidationVisitor.<>n__1(ModelMetadata metadata, String key, Object model, Boolean alwaysValidateAtTopLevel, Object container)
   at FluentValidation.AspNetCore.FluentValidationVisitor.<>c__DisplayClass2_0.<Validate>g__BaseValidate|0() in /_/src/FluentValidation.AspNetCore/FluentValidationVisitor.cs:line 45
   at FluentValidation.AspNetCore.FluentValidationVisitor.ValidateInternal(ModelMetadata metadata, String key, Object model, Func`1 continuation) in /_/src/FluentValidation.AspNetCore/FluentValidationVisitor.cs:line 63
   at FluentValidation.AspNetCore.FluentValidationVisitor.Validate(ModelMetadata metadata, String key, Object model, Boolean alwaysValidateAtTopLevel, Object container) in /_/src/FluentValidation.AspNetCore/FluentValidationVisitor.cs:line 47
   at Microsoft.AspNetCore.Mvc.ModelBinding.ObjectModelValidator.Validate(ActionContext actionContext, ValidationStateDictionary validationState, String prefix, Object model, ModelMetadata metadata, Object container)
   at Microsoft.AspNetCore.Mvc.ModelBinding.ParameterBinder.EnforceBindRequiredAndValidate(ObjectModelValidator baseObjectValidator, ActionContext actionContext, ParameterDescriptor parameter, ModelMetadata metadata, ModelBindingContext modelBindingContext, ModelBindingResult modelBindingResult, Object container)
   at Microsoft.AspNetCore.Mvc.ModelBinding.ParameterBinder.BindModelAsync(ActionContext actionContext, IModelBinder modelBinder, IValueProvider valueProvider, ParameterDescriptor parameter, ModelMetadata metadata, Object value, Object container)
   at Microsoft.AspNetCore.Mvc.Controllers.ControllerBinderDelegateProvider.<>c__DisplayClass0_0.<<CreateBinderDelegate>g__Bind|0>d.MoveNext()
--- End of stack trace from previous location ---
   at Microsoft.AspNetCore.Mvc.Infrastructure.ControllerActionInvoker.<InvokeInnerFilterAsync>g__Awaited|13_0(ControllerActionInvoker invoker, Task lastTask, State next, Scope scope, Object state, Boolean isCompleted)
   at Microsoft.AspNetCore.Mvc.Infrastructure.ResourceInvoker.<InvokeFilterPipelineAsync>g__Awaited|20_0(ResourceInvoker invoker, Task lastTask, State next, Scope scope, Object state, Boolean isCompleted)
   at Microsoft.AspNetCore.Mvc.Infrastructure.ResourceInvoker.<InvokeAsync>g__Logged|17_1(ResourceInvoker invoker)
   at Microsoft.AspNetCore.Mvc.Infrastructure.ResourceInvoker.<InvokeAsync>g__Logged|17_1(ResourceInvoker invoker)
   at Swashbuckle.AspNetCore.SwaggerUI.SwaggerUIMiddleware.Invoke(HttpContext httpContext)
   at Swashbuckle.AspNetCore.Swagger.SwaggerMiddleware.Invoke(HttpContext httpContext, ISwaggerProvider swaggerProvider)
   at Serilog.AspNetCore.RequestLoggingMiddleware.Invoke(HttpContext httpContext)
2026-06-07 12:23:40.977 +03:00 [ERR] Unhandled exception on POST /api/books
System.ArgumentNullException: Value cannot be null. (Parameter 'source')
   at System.Linq.ThrowHelper.ThrowArgumentNullException(ExceptionArgument argument)
   at System.Linq.Enumerable.All[TSource](IEnumerable`1 source, Func`2 predicate)
   at LibraryApp.Api.Validators.CreateBookCommandValidator.<>c.<.ctor>b__1_6(List`1 ids) in C:\Users\Thales\Desktop\netcore\LibraryApp\LibraryApp.Api\Validators\CreateBookCommandValidator.cs:line 32
   at FluentValidation.DefaultValidatorExtensions.<>c__DisplayClass27_0`2.<Must>b__0(T x, TProperty val) in /_/src/FluentValidation/DefaultValidatorExtensions.cs:line 421
   at FluentValidation.DefaultValidatorExtensions.<>c__DisplayClass28_0`2.<Must>b__0(T x, TProperty val, ValidationContext`1 _) in /_/src/FluentValidation/DefaultValidatorExtensions.cs:line 437
   at FluentValidation.DefaultValidatorExtensions.<>c__DisplayClass29_0`2.<Must>b__0(T instance, TProperty property, ValidationContext`1 propertyValidatorContext) in /_/src/FluentValidation/DefaultValidatorExtensions.cs:line 453
   at FluentValidation.Validators.PredicateValidator`2.IsValid(ValidationContext`1 context, TProperty value) in /_/src/FluentValidation/Validators/PredicateValidator.cs:line 36
   at FluentValidation.Internal.RuleComponent`2.InvokePropertyValidator(ValidationContext`1 context, TProperty value) in /_/src/FluentValidation/Internal/RuleComponent.cs:line 92
   at FluentValidation.Internal.RuleComponent`2.ValidateAsync(ValidationContext`1 context, TProperty value, Boolean useAsync, CancellationToken cancellation) in /_/src/FluentValidation/Internal/RuleComponent.cs:line 83
   at FluentValidation.Internal.PropertyRule`2.ValidateAsync(ValidationContext`1 context, Boolean useAsync, CancellationToken cancellation) in /_/src/FluentValidation/Internal/PropertyRule.cs:line 156
   at FluentValidation.AbstractValidator`1.ValidateInternalAsync(ValidationContext`1 context, Boolean useAsync, CancellationToken cancellation) in /_/src/FluentValidation/AbstractValidator.cs:line 246
   at FluentValidation.AbstractValidator`1.Validate(ValidationContext`1 context) in /_/src/FluentValidation/AbstractValidator.cs:line 202
   at FluentValidation.AbstractValidator`1.FluentValidation.IValidator.Validate(IValidationContext context) in /_/src/FluentValidation/AbstractValidator.cs:line 153
   at FluentValidation.AspNetCore.FluentValidationModelValidator.Validate(ModelValidationContext mvContext) in /_/src/FluentValidation.AspNetCore/FluentValidationModelValidatorProvider.cs:line 150
   at Microsoft.AspNetCore.Mvc.ModelBinding.Validation.ValidationVisitor.ValidateNode()
   at Microsoft.AspNetCore.Mvc.ModelBinding.Validation.ValidationVisitor.VisitComplexType(IValidationStrategy defaultStrategy)
   at Microsoft.AspNetCore.Mvc.ModelBinding.Validation.ValidationVisitor.VisitImplementation(ModelMetadata& metadata, String& key, Object model)
   at Microsoft.AspNetCore.Mvc.ModelBinding.Validation.ValidationVisitor.Visit(ModelMetadata metadata, String key, Object model)
   at FluentValidation.AspNetCore.FluentValidationVisitor.<>n__1(ModelMetadata metadata, String key, Object model, Boolean alwaysValidateAtTopLevel, Object container)
   at FluentValidation.AspNetCore.FluentValidationVisitor.<>c__DisplayClass2_0.<Validate>g__BaseValidate|0() in /_/src/FluentValidation.AspNetCore/FluentValidationVisitor.cs:line 45
   at FluentValidation.AspNetCore.FluentValidationVisitor.ValidateInternal(ModelMetadata metadata, String key, Object model, Func`1 continuation) in /_/src/FluentValidation.AspNetCore/FluentValidationVisitor.cs:line 63
   at FluentValidation.AspNetCore.FluentValidationVisitor.Validate(ModelMetadata metadata, String key, Object model, Boolean alwaysValidateAtTopLevel, Object container) in /_/src/FluentValidation.AspNetCore/FluentValidationVisitor.cs:line 47
   at Microsoft.AspNetCore.Mvc.ModelBinding.ObjectModelValidator.Validate(ActionContext actionContext, ValidationStateDictionary validationState, String prefix, Object model, ModelMetadata metadata, Object container)
   at Microsoft.AspNetCore.Mvc.ModelBinding.ParameterBinder.EnforceBindRequiredAndValidate(ObjectModelValidator baseObjectValidator, ActionContext actionContext, ParameterDescriptor parameter, ModelMetadata metadata, ModelBindingContext modelBindingContext, ModelBindingResult modelBindingResult, Object container)
   at Microsoft.AspNetCore.Mvc.ModelBinding.ParameterBinder.BindModelAsync(ActionContext actionContext, IModelBinder modelBinder, IValueProvider valueProvider, ParameterDescriptor parameter, ModelMetadata metadata, Object value, Object container)
   at Microsoft.AspNetCore.Mvc.Controllers.ControllerBinderDelegateProvider.<>c__DisplayClass0_0.<<CreateBinderDelegate>g__Bind|0>d.MoveNext()
--- End of stack trace from previous location ---
   at Microsoft.AspNetCore.Mvc.Infrastructure.ControllerActionInvoker.<InvokeInnerFilterAsync>g__Awaited|13_0(ControllerActionInvoker invoker, Task lastTask, State next, Scope scope, Object state, Boolean isCompleted)
   at Microsoft.AspNetCore.Mvc.Infrastructure.ResourceInvoker.<InvokeFilterPipelineAsync>g__Awaited|20_0(ResourceInvoker invoker, Task lastTask, State next, Scope scope, Object state, Boolean isCompleted)
   at Microsoft.AspNetCore.Mvc.Infrastructure.ResourceInvoker.<InvokeAsync>g__Logged|17_1(ResourceInvoker invoker)
   at Microsoft.AspNetCore.Mvc.Infrastructure.ResourceInvoker.<InvokeAsync>g__Logged|17_1(ResourceInvoker invoker)
   at Swashbuckle.AspNetCore.SwaggerUI.SwaggerUIMiddleware.Invoke(HttpContext httpContext)
   at Swashbuckle.AspNetCore.Swagger.SwaggerMiddleware.Invoke(HttpContext httpContext, ISwaggerProvider swaggerProvider)
   at Serilog.AspNetCore.RequestLoggingMiddleware.Invoke(HttpContext httpContext)
   at LibraryApp.Api.Middleware.ExceptionMiddleware.InvokeAsync(HttpContext context) in C:\Users\Thales\Desktop\netcore\LibraryApp\LibraryApp.Api\Middleware\ExceptionMiddleware.cs:line 22
2026-06-07 12:23:41.000 +03:00 [INF] Request finished HTTP/1.1 POST http://localhost:5112/api/books - 500 null application/problem+json 67.4791ms
2026-06-07 12:27:33.951 +03:00 [INF] Now listening on: http://localhost:5112
2026-06-07 12:27:34.152 +03:00 [INF] Request starting HTTP/1.1 GET http://localhost:5112/swagger - null null
2026-06-07 12:27:34.165 +03:00 [INF] Application started. Press Ctrl+C to shut down.
2026-06-07 12:27:34.168 +03:00 [INF] Hosting environment: Development
2026-06-07 12:27:34.170 +03:00 [INF] Content root path: C:\Users\Thales\Desktop\netcore\LibraryApp\LibraryApp.Api
2026-06-07 12:27:34.325 +03:00 [INF] HTTP GET /swagger responded 404 in 5.3474 ms
2026-06-07 12:27:34.339 +03:00 [INF] Request finished HTTP/1.1 GET http://localhost:5112/swagger - 404 null null 189.0423ms
2026-06-07 12:27:34.355 +03:00 [INF] Request reached the end of the middleware pipeline without being handled by application code. Request path: GET http://localhost:5112/swagger, Response status code: 404
2026-06-07 12:27:38.460 +03:00 [INF] Request starting HTTP/1.1 GET http://localhost:5112/swagger - null null
2026-06-07 12:27:38.475 +03:00 [INF] HTTP GET /swagger responded 404 in 0.5297 ms
2026-06-07 12:27:38.479 +03:00 [INF] Request finished HTTP/1.1 GET http://localhost:5112/swagger - 404 null null 19.6807ms
2026-06-07 12:27:38.487 +03:00 [INF] Request reached the end of the middleware pipeline without being handled by application code. Request path: GET http://localhost:5112/swagger, Response status code: 404
2026-06-07 12:27:41.118 +03:00 [INF] Request starting HTTP/1.1 GET http://localhost:5112/index.html - null null
2026-06-07 12:27:41.225 +03:00 [INF] HTTP GET /index.html responded 200 in 95.7713 ms
2026-06-07 12:27:41.231 +03:00 [INF] Request finished HTTP/1.1 GET http://localhost:5112/index.html - 200 null text/html;charset=utf-8 112.9565ms
2026-06-07 12:27:41.266 +03:00 [INF] Request starting HTTP/1.1 GET http://localhost:5112/_framework/aspnetcore-browser-refresh.js - null null
2026-06-07 12:27:41.278 +03:00 [INF] Request finished HTTP/1.1 GET http://localhost:5112/_framework/aspnetcore-browser-refresh.js - 200 14933 application/javascript; charset=utf-8 11.5897ms
2026-06-07 12:27:41.360 +03:00 [INF] Request starting HTTP/1.1 GET http://localhost:5112/_framework/aspnetcore-browser-refresh.js - null null
2026-06-07 12:27:41.366 +03:00 [INF] Request finished HTTP/1.1 GET http://localhost:5112/_framework/aspnetcore-browser-refresh.js - 200 14933 application/javascript; charset=utf-8 6.265ms
2026-06-07 12:27:41.409 +03:00 [INF] Request starting HTTP/1.1 GET http://localhost:5112/_vs/browserLink - null null
2026-06-07 12:27:41.451 +03:00 [INF] Request finished HTTP/1.1 GET http://localhost:5112/_vs/browserLink - 200 null text/javascript; charset=UTF-8 40.5568ms
2026-06-07 12:27:41.723 +03:00 [INF] Request starting HTTP/1.1 GET http://localhost:5112/swagger/v1/swagger.json - null null
2026-06-07 12:27:41.880 +03:00 [INF] HTTP GET /swagger/v1/swagger.json responded 200 in 147.4096 ms
2026-06-07 12:27:41.888 +03:00 [INF] Request finished HTTP/1.1 GET http://localhost:5112/swagger/v1/swagger.json - 200 null application/json;charset=utf-8 165.6693ms
2026-06-07 12:27:42.955 +03:00 [INF] Request starting HTTP/1.1 GET http://localhost:5112/_vs/browserLink - null null
2026-06-07 12:27:42.974 +03:00 [INF] Request finished HTTP/1.1 GET http://localhost:5112/_vs/browserLink - 200 null text/javascript; charset=UTF-8 18.6684ms
2026-06-07 12:27:44.470 +03:00 [INF] Request starting HTTP/1.1 OPTIONS http://localhost:5112/api/books - null null
2026-06-07 12:27:44.488 +03:00 [INF] CORS policy execution successful.
2026-06-07 12:27:44.497 +03:00 [INF] HTTP OPTIONS /api/books responded 204 in 15.5348 ms
2026-06-07 12:27:44.508 +03:00 [INF] Request finished HTTP/1.1 OPTIONS http://localhost:5112/api/books - 204 null null 38.0248ms
2026-06-07 12:27:44.534 +03:00 [INF] Request starting HTTP/1.1 POST http://localhost:5112/api/books - application/json 353
2026-06-07 12:27:44.546 +03:00 [INF] CORS policy execution successful.
2026-06-07 12:27:44.584 +03:00 [INF] Route matched with {action = "Create", controller = "Books"}. Executing controller action with signature System.Threading.Tasks.Task`1[Microsoft.AspNetCore.Mvc.IActionResult] Create(CreateBookCommand, System.Threading.CancellationToken) on controller BooksController (LibraryApp.Api).
2026-06-07 12:27:45.778 +03:00 [INF] Executing BadRequestObjectResult, writing value of type 'Microsoft.AspNetCore.Mvc.ValidationProblemDetails'.
2026-06-07 12:27:45.813 +03:00 [INF] Executed action BooksController.Create (LibraryApp.Api) in 1212.782ms
2026-06-07 12:27:45.816 +03:00 [INF] HTTP POST /api/books responded 400 in 1270.2696 ms
2026-06-07 12:27:45.829 +03:00 [INF] Request finished HTTP/1.1 POST http://localhost:5112/api/books - 400 null application/problem+json; charset=utf-8 1294.9726ms
2026-06-07 12:28:54.584 +03:00 [INF] Request starting HTTP/1.1 GET http://localhost:5112/api/authors - application/json null
2026-06-07 12:28:54.585 +03:00 [INF] Request starting HTTP/1.1 GET http://localhost:5112/api/categories - application/json null
2026-06-07 12:28:54.597 +03:00 [INF] Route matched with {action = "GetAll", controller = "Authors"}. Executing controller action with signature System.Threading.Tasks.Task`1[Microsoft.AspNetCore.Mvc.IActionResult] GetAll(System.Threading.CancellationToken) on controller LibraryApp.Api.Controllers.AuthorsController (LibraryApp.Api).
2026-06-07 12:28:54.599 +03:00 [INF] Route matched with {action = "GetAll", controller = "Categories"}. Executing controller action with signature System.Threading.Tasks.Task`1[Microsoft.AspNetCore.Mvc.IActionResult] GetAll(System.Threading.CancellationToken) on controller LibraryApp.Api.Controllers.CategoriesController (LibraryApp.Api).
2026-06-07 12:28:55.253 +03:00 [INF] Executing OkObjectResult, writing value of type 'System.Collections.Generic.List`1[[<>f__AnonymousType1`2[[System.Int32, System.Private.CoreLib, Version=8.0.0.0, Culture=neutral, PublicKeyToken=7cec85d7bea7798e],[System.String, System.Private.CoreLib, Version=8.0.0.0, Culture=neutral, PublicKeyToken=7cec85d7bea7798e]], LibraryApp.Api, Version=1.0.0.0, Culture=neutral, PublicKeyToken=null]]'.
2026-06-07 12:28:55.253 +03:00 [INF] Executing OkObjectResult, writing value of type 'System.Collections.Generic.List`1[[LibraryApp.Core.DTOs.AuthorDto, LibraryApp.Core, Version=1.0.0.0, Culture=neutral, PublicKeyToken=null]]'.
2026-06-07 12:28:55.263 +03:00 [INF] Executed action LibraryApp.Api.Controllers.AuthorsController.GetAll (LibraryApp.Api) in 661.859ms
2026-06-07 12:28:55.263 +03:00 [INF] Executed action LibraryApp.Api.Controllers.CategoriesController.GetAll (LibraryApp.Api) in 658.1759ms
2026-06-07 12:28:55.268 +03:00 [INF] HTTP GET /api/authors responded 200 in 677.5746 ms
2026-06-07 12:28:55.270 +03:00 [INF] HTTP GET /api/categories responded 200 in 674.8368 ms
2026-06-07 12:28:55.277 +03:00 [INF] Request finished HTTP/1.1 GET http://localhost:5112/api/authors - 200 null application/json; charset=utf-8 693.1672ms
2026-06-07 12:28:55.281 +03:00 [INF] Request finished HTTP/1.1 GET http://localhost:5112/api/categories - 200 null application/json; charset=utf-8 696.3303ms
2026-06-07 12:28:56.253 +03:00 [INF] Request starting HTTP/1.1 OPTIONS http://localhost:5112/api/authors - null null
2026-06-07 12:28:56.254 +03:00 [INF] Request starting HTTP/1.1 OPTIONS http://localhost:5112/api/categories - null null
2026-06-07 12:28:56.271 +03:00 [INF] CORS policy execution successful.
2026-06-07 12:28:56.279 +03:00 [INF] CORS policy execution successful.
2026-06-07 12:28:56.281 +03:00 [INF] HTTP OPTIONS /api/authors responded 204 in 10.3106 ms
2026-06-07 12:28:56.282 +03:00 [INF] HTTP OPTIONS /api/categories responded 204 in 3.0473 ms
2026-06-07 12:28:56.286 +03:00 [INF] Request finished HTTP/1.1 OPTIONS http://localhost:5112/api/authors - 204 null null 32.901ms
2026-06-07 12:28:56.291 +03:00 [INF] Request finished HTTP/1.1 OPTIONS http://localhost:5112/api/categories - 204 null null 37.0301ms
2026-06-07 12:28:56.322 +03:00 [INF] Request starting HTTP/1.1 GET http://localhost:5112/api/authors - application/json null
2026-06-07 12:28:56.335 +03:00 [INF] Request starting HTTP/1.1 GET http://localhost:5112/api/categories - application/json null
2026-06-07 12:28:56.341 +03:00 [INF] CORS policy execution successful.
2026-06-07 12:28:56.349 +03:00 [INF] CORS policy execution successful.
2026-06-07 12:28:56.352 +03:00 [INF] Route matched with {action = "GetAll", controller = "Authors"}. Executing controller action with signature System.Threading.Tasks.Task`1[Microsoft.AspNetCore.Mvc.IActionResult] GetAll(System.Threading.CancellationToken) on controller LibraryApp.Api.Controllers.AuthorsController (LibraryApp.Api).
2026-06-07 12:28:56.354 +03:00 [INF] Route matched with {action = "GetAll", controller = "Categories"}. Executing controller action with signature System.Threading.Tasks.Task`1[Microsoft.AspNetCore.Mvc.IActionResult] GetAll(System.Threading.CancellationToken) on controller LibraryApp.Api.Controllers.CategoriesController (LibraryApp.Api).
2026-06-07 12:28:56.435 +03:00 [INF] Executing OkObjectResult, writing value of type 'System.Collections.Generic.List`1[[<>f__AnonymousType1`2[[System.Int32, System.Private.CoreLib, Version=8.0.0.0, Culture=neutral, PublicKeyToken=7cec85d7bea7798e],[System.String, System.Private.CoreLib, Version=8.0.0.0, Culture=neutral, PublicKeyToken=7cec85d7bea7798e]], LibraryApp.Api, Version=1.0.0.0, Culture=neutral, PublicKeyToken=null]]'.
2026-06-07 12:28:56.439 +03:00 [INF] Executed action LibraryApp.Api.Controllers.CategoriesController.GetAll (LibraryApp.Api) in 70.5065ms
2026-06-07 12:28:56.442 +03:00 [INF] Executing OkObjectResult, writing value of type 'System.Collections.Generic.List`1[[LibraryApp.Core.DTOs.AuthorDto, LibraryApp.Core, Version=1.0.0.0, Culture=neutral, PublicKeyToken=null]]'.
2026-06-07 12:28:56.446 +03:00 [INF] HTTP GET /api/categories responded 200 in 97.3963 ms
2026-06-07 12:28:56.450 +03:00 [INF] Executed action LibraryApp.Api.Controllers.AuthorsController.GetAll (LibraryApp.Api) in 92.303ms
2026-06-07 12:28:56.454 +03:00 [INF] Request finished HTTP/1.1 GET http://localhost:5112/api/categories - 200 null application/json; charset=utf-8 119.8158ms
2026-06-07 12:28:56.458 +03:00 [INF] HTTP GET /api/authors responded 200 in 116.6493 ms
2026-06-07 12:28:56.470 +03:00 [INF] Request finished HTTP/1.1 GET http://localhost:5112/api/authors - 200 null application/json; charset=utf-8 147.7758ms
2026-06-07 12:29:29.254 +03:00 [INF] Request starting HTTP/1.1 OPTIONS http://localhost:5112/api/books - null null
2026-06-07 12:29:29.261 +03:00 [INF] CORS policy execution successful.
2026-06-07 12:29:29.263 +03:00 [INF] HTTP OPTIONS /api/books responded 204 in 1.9223 ms
2026-06-07 12:29:29.271 +03:00 [INF] Request finished HTTP/1.1 OPTIONS http://localhost:5112/api/books - 204 null null 16.4538ms
2026-06-07 12:29:29.280 +03:00 [INF] Request starting HTTP/1.1 POST http://localhost:5112/api/books - application/json 322
2026-06-07 12:29:29.286 +03:00 [INF] CORS policy execution successful.
2026-06-07 12:29:29.289 +03:00 [INF] Route matched with {action = "Create", controller = "Books"}. Executing controller action with signature System.Threading.Tasks.Task`1[Microsoft.AspNetCore.Mvc.IActionResult] Create(CreateBookCommand, System.Threading.CancellationToken) on controller BooksController (LibraryApp.Api).
2026-06-07 12:29:29.301 +03:00 [INF] Executing BadRequestObjectResult, writing value of type 'Microsoft.AspNetCore.Mvc.ValidationProblemDetails'.
2026-06-07 12:29:29.305 +03:00 [INF] Executed action BooksController.Create (LibraryApp.Api) in 11.5773ms
2026-06-07 12:29:29.308 +03:00 [INF] HTTP POST /api/books responded 400 in 22.1855 ms
2026-06-07 12:29:29.313 +03:00 [INF] Request finished HTTP/1.1 POST http://localhost:5112/api/books - 400 null application/problem+json; charset=utf-8 33.8266ms
2026-06-07 12:31:11.158 +03:00 [INF] Now listening on: http://localhost:5112
2026-06-07 12:31:11.308 +03:00 [INF] Application started. Press Ctrl+C to shut down.
2026-06-07 12:31:11.311 +03:00 [INF] Hosting environment: Development
2026-06-07 12:31:11.314 +03:00 [INF] Content root path: C:\Users\Thales\Desktop\netcore\LibraryApp\LibraryApp.Api
2026-06-07 12:31:11.705 +03:00 [INF] Request starting HTTP/1.1 GET http://localhost:5112/swagger - null null
2026-06-07 12:31:11.862 +03:00 [INF] HTTP GET /swagger responded 404 in 3.4241 ms
2026-06-07 12:31:11.874 +03:00 [INF] Request finished HTTP/1.1 GET http://localhost:5112/swagger - 404 null null 170.7122ms
2026-06-07 12:31:11.891 +03:00 [INF] Request reached the end of the middleware pipeline without being handled by application code. Request path: GET http://localhost:5112/swagger, Response status code: 404
2026-06-07 12:31:19.799 +03:00 [INF] Request starting HTTP/1.1 GET http://localhost:5112/api/categories - application/json null
2026-06-07 12:31:19.799 +03:00 [INF] Request starting HTTP/1.1 GET http://localhost:5112/api/authors - application/json null
2026-06-07 12:31:19.841 +03:00 [INF] Route matched with {action = "GetAll", controller = "Authors"}. Executing controller action with signature System.Threading.Tasks.Task`1[Microsoft.AspNetCore.Mvc.IActionResult] GetAll(System.Threading.CancellationToken) on controller LibraryApp.Api.Controllers.AuthorsController (LibraryApp.Api).
2026-06-07 12:31:19.841 +03:00 [INF] Route matched with {action = "GetAll", controller = "Categories"}. Executing controller action with signature System.Threading.Tasks.Task`1[Microsoft.AspNetCore.Mvc.IActionResult] GetAll(System.Threading.CancellationToken) on controller LibraryApp.Api.Controllers.CategoriesController (LibraryApp.Api).
2026-06-07 12:31:21.381 +03:00 [INF] Executing OkObjectResult, writing value of type 'System.Collections.Generic.List`1[[<>f__AnonymousType1`2[[System.Int32, System.Private.CoreLib, Version=8.0.0.0, Culture=neutral, PublicKeyToken=7cec85d7bea7798e],[System.String, System.Private.CoreLib, Version=8.0.0.0, Culture=neutral, PublicKeyToken=7cec85d7bea7798e]], LibraryApp.Api, Version=1.0.0.0, Culture=neutral, PublicKeyToken=null]]'.
2026-06-07 12:31:21.381 +03:00 [INF] Executing OkObjectResult, writing value of type 'System.Collections.Generic.List`1[[LibraryApp.Core.DTOs.AuthorDto, LibraryApp.Core, Version=1.0.0.0, Culture=neutral, PublicKeyToken=null]]'.
2026-06-07 12:31:21.396 +03:00 [INF] Executed action LibraryApp.Api.Controllers.AuthorsController.GetAll (LibraryApp.Api) in 1547.343ms
2026-06-07 12:31:21.396 +03:00 [INF] Executed action LibraryApp.Api.Controllers.CategoriesController.GetAll (LibraryApp.Api) in 1542.9859ms
2026-06-07 12:31:21.400 +03:00 [INF] HTTP GET /api/authors responded 200 in 1591.3728 ms
2026-06-07 12:31:21.402 +03:00 [INF] HTTP GET /api/categories responded 200 in 1593.8495 ms
2026-06-07 12:31:21.413 +03:00 [INF] Request finished HTTP/1.1 GET http://localhost:5112/api/authors - 200 null application/json; charset=utf-8 1615.4246ms
2026-06-07 12:31:21.413 +03:00 [INF] Request finished HTTP/1.1 GET http://localhost:5112/api/categories - 200 null application/json; charset=utf-8 1614.7974ms
2026-06-07 12:31:22.325 +03:00 [INF] Request starting HTTP/1.1 OPTIONS http://localhost:5112/api/categories - null null
2026-06-07 12:31:22.326 +03:00 [INF] Request starting HTTP/1.1 OPTIONS http://localhost:5112/api/authors - null null
2026-06-07 12:31:22.354 +03:00 [INF] CORS policy execution successful.
2026-06-07 12:31:22.354 +03:00 [INF] CORS policy execution successful.
2026-06-07 12:31:22.357 +03:00 [INF] HTTP OPTIONS /api/authors responded 204 in 4.7301 ms
2026-06-07 12:31:22.358 +03:00 [INF] HTTP OPTIONS /api/categories responded 204 in 8.0322 ms
2026-06-07 12:31:22.364 +03:00 [INF] Request finished HTTP/1.1 OPTIONS http://localhost:5112/api/authors - 204 null null 37.8487ms
2026-06-07 12:31:22.368 +03:00 [INF] Request finished HTTP/1.1 OPTIONS http://localhost:5112/api/categories - 204 null null 42.4138ms
2026-06-07 12:31:22.375 +03:00 [INF] Request starting HTTP/1.1 GET http://localhost:5112/api/authors - application/json null
2026-06-07 12:31:22.385 +03:00 [INF] Request starting HTTP/1.1 GET http://localhost:5112/api/categories - application/json null
2026-06-07 12:31:22.391 +03:00 [INF] CORS policy execution successful.
2026-06-07 12:31:22.400 +03:00 [INF] CORS policy execution successful.
2026-06-07 12:31:22.403 +03:00 [INF] Route matched with {action = "GetAll", controller = "Authors"}. Executing controller action with signature System.Threading.Tasks.Task`1[Microsoft.AspNetCore.Mvc.IActionResult] GetAll(System.Threading.CancellationToken) on controller LibraryApp.Api.Controllers.AuthorsController (LibraryApp.Api).
2026-06-07 12:31:22.403 +03:00 [INF] Route matched with {action = "GetAll", controller = "Categories"}. Executing controller action with signature System.Threading.Tasks.Task`1[Microsoft.AspNetCore.Mvc.IActionResult] GetAll(System.Threading.CancellationToken) on controller LibraryApp.Api.Controllers.CategoriesController (LibraryApp.Api).
2026-06-07 12:31:22.492 +03:00 [INF] Executing OkObjectResult, writing value of type 'System.Collections.Generic.List`1[[<>f__AnonymousType1`2[[System.Int32, System.Private.CoreLib, Version=8.0.0.0, Culture=neutral, PublicKeyToken=7cec85d7bea7798e],[System.String, System.Private.CoreLib, Version=8.0.0.0, Culture=neutral, PublicKeyToken=7cec85d7bea7798e]], LibraryApp.Api, Version=1.0.0.0, Culture=neutral, PublicKeyToken=null]]'.
2026-06-07 12:31:22.492 +03:00 [INF] Executing OkObjectResult, writing value of type 'System.Collections.Generic.List`1[[LibraryApp.Core.DTOs.AuthorDto, LibraryApp.Core, Version=1.0.0.0, Culture=neutral, PublicKeyToken=null]]'.
2026-06-07 12:31:22.497 +03:00 [INF] Executed action LibraryApp.Api.Controllers.CategoriesController.GetAll (LibraryApp.Api) in 82.807ms
2026-06-07 12:31:22.499 +03:00 [INF] Executed action LibraryApp.Api.Controllers.AuthorsController.GetAll (LibraryApp.Api) in 91.2463ms
2026-06-07 12:31:22.501 +03:00 [INF] HTTP GET /api/categories responded 200 in 101.7115 ms
2026-06-07 12:31:22.505 +03:00 [INF] HTTP GET /api/authors responded 200 in 113.6863 ms
2026-06-07 12:31:22.509 +03:00 [INF] Request finished HTTP/1.1 GET http://localhost:5112/api/categories - 200 null application/json; charset=utf-8 124.2335ms
2026-06-07 12:31:22.514 +03:00 [INF] Request finished HTTP/1.1 GET http://localhost:5112/api/authors - 200 null application/json; charset=utf-8 138.9741ms
2026-06-07 12:32:12.919 +03:00 [INF] Request starting HTTP/1.1 OPTIONS http://localhost:5112/api/books - null null
2026-06-07 12:32:12.927 +03:00 [INF] CORS policy execution successful.
2026-06-07 12:32:12.933 +03:00 [INF] HTTP OPTIONS /api/books responded 204 in 5.9486 ms
2026-06-07 12:32:12.939 +03:00 [INF] Request finished HTTP/1.1 OPTIONS http://localhost:5112/api/books - 204 null null 19.6238ms
2026-06-07 12:32:12.950 +03:00 [INF] Request starting HTTP/1.1 POST http://localhost:5112/api/books - application/json 178
2026-06-07 12:32:12.956 +03:00 [INF] CORS policy execution successful.
2026-06-07 12:32:12.969 +03:00 [INF] Route matched with {action = "Create", controller = "Books"}. Executing controller action with signature System.Threading.Tasks.Task`1[Microsoft.AspNetCore.Mvc.IActionResult] Create(CreateBookCommand, System.Threading.CancellationToken) on controller BooksController (LibraryApp.Api).
2026-06-07 12:32:13.123 +03:00 [INF] Executed action BooksController.Create (LibraryApp.Api) in 148.9928ms
2026-06-07 12:32:13.127 +03:00 [ERR] HTTP POST /api/books responded 500 in 170.8565 ms
ValidationException: One or more validation errors occurred.
   at LibraryApp.Data.Services.BookService.CreateAsync(CreateBookCommand cmd, CancellationToken ct) in C:\Users\Thales\Desktop\netcore\LibraryApp\LibraryApp.Data\Services\BookService.cs:line 29
   at BooksController.Create(CreateBookCommand command, CancellationToken ct) in C:\Users\Thales\Desktop\netcore\LibraryApp\LibraryApp.Api\Controllers\BooksController.cs:line 43
   at Microsoft.AspNetCore.Mvc.Infrastructure.ActionMethodExecutor.TaskOfIActionResultExecutor.Execute(ActionContext actionContext, IActionResultTypeMapper mapper, ObjectMethodExecutor executor, Object controller, Object[] arguments)
   at Microsoft.AspNetCore.Mvc.Infrastructure.ControllerActionInvoker.<InvokeActionMethodAsync>g__Awaited|12_0(ControllerActionInvoker invoker, ValueTask`1 actionResultValueTask)
   at Microsoft.AspNetCore.Mvc.Infrastructure.ControllerActionInvoker.<InvokeNextActionFilterAsync>g__Awaited|10_0(ControllerActionInvoker invoker, Task lastTask, State next, Scope scope, Object state, Boolean isCompleted)
   at Microsoft.AspNetCore.Mvc.Infrastructure.ControllerActionInvoker.Rethrow(ActionExecutedContextSealed context)
   at Microsoft.AspNetCore.Mvc.Infrastructure.ControllerActionInvoker.Next(State& next, Scope& scope, Object& state, Boolean& isCompleted)
   at Microsoft.AspNetCore.Mvc.Infrastructure.ControllerActionInvoker.<InvokeInnerFilterAsync>g__Awaited|13_0(ControllerActionInvoker invoker, Task lastTask, State next, Scope scope, Object state, Boolean isCompleted)
   at Microsoft.AspNetCore.Mvc.Infrastructure.ResourceInvoker.<InvokeFilterPipelineAsync>g__Awaited|20_0(ResourceInvoker invoker, Task lastTask, State next, Scope scope, Object state, Boolean isCompleted)
   at Microsoft.AspNetCore.Mvc.Infrastructure.ResourceInvoker.<InvokeAsync>g__Logged|17_1(ResourceInvoker invoker)
   at Microsoft.AspNetCore.Mvc.Infrastructure.ResourceInvoker.<InvokeAsync>g__Logged|17_1(ResourceInvoker invoker)
   at Swashbuckle.AspNetCore.SwaggerUI.SwaggerUIMiddleware.Invoke(HttpContext httpContext)
   at Swashbuckle.AspNetCore.Swagger.SwaggerMiddleware.Invoke(HttpContext httpContext, ISwaggerProvider swaggerProvider)
   at Serilog.AspNetCore.RequestLoggingMiddleware.Invoke(HttpContext httpContext)
2026-06-07 12:32:13.193 +03:00 [INF] Request finished HTTP/1.1 POST http://localhost:5112/api/books - 422 null application/problem+json 243.167ms
2026-06-07 12:36:45.498 +03:00 [INF] Now listening on: http://localhost:5112
2026-06-07 12:36:45.669 +03:00 [INF] Application started. Press Ctrl+C to shut down.
2026-06-07 12:36:45.673 +03:00 [INF] Hosting environment: Development
2026-06-07 12:36:45.675 +03:00 [INF] Content root path: C:\Users\Thales\Desktop\netcore\LibraryApp\LibraryApp.Api
2026-06-07 12:36:46.018 +03:00 [INF] Request starting HTTP/1.1 GET http://localhost:5112/swagger - null null
2026-06-07 12:36:46.185 +03:00 [INF] HTTP GET /swagger responded 404 in 4.1089 ms
2026-06-07 12:36:46.198 +03:00 [INF] Request finished HTTP/1.1 GET http://localhost:5112/swagger - 404 null null 181.3249ms
2026-06-07 12:36:46.212 +03:00 [INF] Request reached the end of the middleware pipeline without being handled by application code. Request path: GET http://localhost:5112/swagger, Response status code: 404
2026-06-07 12:36:53.718 +03:00 [INF] Request starting HTTP/1.1 OPTIONS http://localhost:5112/api/books - null null
2026-06-07 12:36:53.732 +03:00 [INF] CORS policy execution successful.
2026-06-07 12:36:53.739 +03:00 [INF] HTTP OPTIONS /api/books responded 204 in 11.5511 ms
2026-06-07 12:36:53.744 +03:00 [INF] Request finished HTTP/1.1 OPTIONS http://localhost:5112/api/books - 204 null null 27.3005ms
2026-06-07 12:36:53.757 +03:00 [INF] Request starting HTTP/1.1 POST http://localhost:5112/api/books - application/json 178
2026-06-07 12:36:53.769 +03:00 [INF] CORS policy execution successful.
2026-06-07 12:36:53.808 +03:00 [INF] Route matched with {action = "Create", controller = "Books"}. Executing controller action with signature System.Threading.Tasks.Task`1[Microsoft.AspNetCore.Mvc.IActionResult] Create(CreateBookCommand, System.Threading.CancellationToken) on controller BooksController (LibraryApp.Api).
2026-06-07 12:36:54.879 +03:00 [INF] Executing ObjectResult, writing value of type 'Microsoft.AspNetCore.Mvc.ValidationProblemDetails'.
2026-06-07 12:36:54.907 +03:00 [INF] Executed action BooksController.Create (LibraryApp.Api) in 1089.7767ms
2026-06-07 12:36:54.911 +03:00 [INF] HTTP POST /api/books responded 422 in 1143.3273 ms
2026-06-07 12:36:54.923 +03:00 [INF] Request finished HTTP/1.1 POST http://localhost:5112/api/books - 422 null application/problem+json; charset=utf-8 1165.7581ms
2026-06-07 12:50:10.977 +03:00 [INF] Now listening on: http://localhost:5112
2026-06-07 12:50:11.019 +03:00 [INF] Application started. Press Ctrl+C to shut down.
2026-06-07 12:50:11.020 +03:00 [INF] Hosting environment: Development
2026-06-07 12:50:11.020 +03:00 [INF] Content root path: c:\Users\Thales\Desktop\netcore\LibraryApp\LibraryApp.Api
2026-06-07 12:50:17.932 +03:00 [INF] Request starting HTTP/1.1 GET http://localhost:5112/index.html - null null
2026-06-07 12:50:18.120 +03:00 [INF] HTTP GET /index.html responded 200 in 150.0872 ms
2026-06-07 12:50:18.126 +03:00 [INF] Request finished HTTP/1.1 GET http://localhost:5112/index.html - 200 null text/html;charset=utf-8 196.5786ms
2026-06-07 12:50:18.548 +03:00 [INF] Request starting HTTP/1.1 GET http://localhost:5112/swagger/v1/swagger.json - null null
2026-06-07 12:50:18.805 +03:00 [INF] HTTP GET /swagger/v1/swagger.json responded 200 in 255.2149 ms
2026-06-07 12:50:18.807 +03:00 [INF] Request finished HTTP/1.1 GET http://localhost:5112/swagger/v1/swagger.json - 200 null application/json;charset=utf-8 259.7382ms
2026-06-07 12:50:23.663 +03:00 [INF] Request starting HTTP/1.1 OPTIONS http://localhost:5112/api/books - null null
2026-06-07 12:50:23.672 +03:00 [INF] CORS policy execution successful.
2026-06-07 12:50:23.676 +03:00 [INF] HTTP OPTIONS /api/books responded 204 in 8.2152 ms
2026-06-07 12:50:23.677 +03:00 [INF] Request finished HTTP/1.1 OPTIONS http://localhost:5112/api/books - 204 null null 13.664ms
2026-06-07 12:50:23.682 +03:00 [INF] Request starting HTTP/1.1 POST http://localhost:5112/api/books - application/json 178
2026-06-07 12:50:23.686 +03:00 [INF] CORS policy execution successful.
2026-06-07 12:50:23.734 +03:00 [INF] Route matched with {action = "Create", controller = "Books"}. Executing controller action with signature System.Threading.Tasks.Task`1[Microsoft.AspNetCore.Mvc.IActionResult] Create(CreateBookCommand, System.Threading.CancellationToken) on controller BooksController (LibraryApp.Api).
2026-06-07 12:50:24.790 +03:00 [INF] Executing ObjectResult, writing value of type 'Microsoft.AspNetCore.Mvc.ValidationProblemDetails'.
2026-06-07 12:50:24.815 +03:00 [INF] Executed action BooksController.Create (LibraryApp.Api) in 1076.4894ms
2026-06-07 12:50:24.815 +03:00 [INF] HTTP POST /api/books responded 422 in 1129.7315 ms
2026-06-07 12:50:24.821 +03:00 [INF] Request finished HTTP/1.1 POST http://localhost:5112/api/books - 422 null application/problem+json; charset=utf-8 1138.7198ms
2026-06-07 12:50:45.977 +03:00 [INF] Request starting HTTP/1.1 POST http://localhost:5112/api/Books - application/json 203
2026-06-07 12:50:45.978 +03:00 [INF] CORS policy execution failed.
2026-06-07 12:50:45.978 +03:00 [INF] Request origin http://localhost:5112 does not have permission to access the resource.
2026-06-07 12:50:45.979 +03:00 [INF] Route matched with {action = "Create", controller = "Books"}. Executing controller action with signature System.Threading.Tasks.Task`1[Microsoft.AspNetCore.Mvc.IActionResult] Create(CreateBookCommand, System.Threading.CancellationToken) on controller BooksController (LibraryApp.Api).
2026-06-07 12:50:46.013 +03:00 [INF] Executing ObjectResult, writing value of type 'Microsoft.AspNetCore.Mvc.ValidationProblemDetails'.
2026-06-07 12:50:46.014 +03:00 [INF] Executed action BooksController.Create (LibraryApp.Api) in 32.658ms
2026-06-07 12:50:46.014 +03:00 [INF] HTTP POST /api/Books responded 422 in 36.5629 ms
2026-06-07 12:50:46.015 +03:00 [INF] Request finished HTTP/1.1 POST http://localhost:5112/api/Books - 422 null application/problem+json; charset=utf-8 37.6052ms
2026-06-07 12:51:32.647 +03:00 [INF] Request starting HTTP/1.1 POST http://localhost:5112/api/Books - application/json 305
2026-06-07 12:51:32.647 +03:00 [INF] CORS policy execution failed.
2026-06-07 12:51:32.648 +03:00 [INF] Request origin http://localhost:5112 does not have permission to access the resource.
2026-06-07 12:51:32.648 +03:00 [INF] Route matched with {action = "Create", controller = "Books"}. Executing controller action with signature System.Threading.Tasks.Task`1[Microsoft.AspNetCore.Mvc.IActionResult] Create(CreateBookCommand, System.Threading.CancellationToken) on controller BooksController (LibraryApp.Api).
2026-06-07 12:51:35.084 +03:00 [WRN] Savepoints are disabled because Multiple Active Result Sets (MARS) is enabled. If 'SaveChanges' fails, then the transaction cannot be automatically rolled back to a known clean state. Instead, the transaction should be rolled back by the application before retrying 'SaveChanges'. See https://go.microsoft.com/fwlink/?linkid=2149338 for more information and examples. To identify the code which triggers this warning, call 'ConfigureWarnings(w => w.Throw(SqlServerEventId.SavepointsDisabledBecauseOfMARS))'.
2026-06-07 12:51:35.156 +03:00 [INF] Book created: 7 'The Great Adventure' ISBN=978-3-16-148410-0.
2026-06-07 12:51:35.158 +03:00 [INF] Executing CreatedAtActionResult, writing value of type 'CreateBookResult'.
2026-06-07 12:51:35.178 +03:00 [INF] Executed action BooksController.Create (LibraryApp.Api) in 2529.6472ms
2026-06-07 12:51:35.179 +03:00 [INF] HTTP POST /api/Books responded 201 in 2531.4270 ms
2026-06-07 12:51:35.184 +03:00 [INF] Request finished HTTP/1.1 POST http://localhost:5112/api/Books - 201 null application/json; charset=utf-8 2536.9953ms
2026-06-07 12:53:12.383 +03:00 [INF] Request starting HTTP/1.1 GET http://localhost:5112/api/authors - application/json null
2026-06-07 12:53:12.383 +03:00 [INF] Request starting HTTP/1.1 GET http://localhost:5112/api/categories - application/json null
2026-06-07 12:53:12.391 +03:00 [INF] Route matched with {action = "GetAll", controller = "Categories"}. Executing controller action with signature System.Threading.Tasks.Task`1[Microsoft.AspNetCore.Mvc.IActionResult] GetAll(System.Threading.CancellationToken) on controller LibraryApp.Api.Controllers.CategoriesController (LibraryApp.Api).
2026-06-07 12:53:12.391 +03:00 [INF] Route matched with {action = "GetAll", controller = "Authors"}. Executing controller action with signature System.Threading.Tasks.Task`1[Microsoft.AspNetCore.Mvc.IActionResult] GetAll(System.Threading.CancellationToken) on controller LibraryApp.Api.Controllers.AuthorsController (LibraryApp.Api).
2026-06-07 12:53:12.408 +03:00 [INF] Executing OkObjectResult, writing value of type 'System.Collections.Generic.List`1[[<>f__AnonymousType1`2[[System.Int32, System.Private.CoreLib, Version=8.0.0.0, Culture=neutral, PublicKeyToken=7cec85d7bea7798e],[System.String, System.Private.CoreLib, Version=8.0.0.0, Culture=neutral, PublicKeyToken=7cec85d7bea7798e]], LibraryApp.Api, Version=1.0.0.0, Culture=neutral, PublicKeyToken=null]]'.
2026-06-07 12:53:12.414 +03:00 [INF] Executed action LibraryApp.Api.Controllers.CategoriesController.GetAll (LibraryApp.Api) in 22.1699ms
2026-06-07 12:53:12.414 +03:00 [INF] HTTP GET /api/categories responded 200 in 30.6098 ms
2026-06-07 12:53:12.414 +03:00 [INF] Executing OkObjectResult, writing value of type 'System.Collections.Generic.List`1[[LibraryApp.Core.DTOs.AuthorDto, LibraryApp.Core, Version=1.0.0.0, Culture=neutral, PublicKeyToken=null]]'.
2026-06-07 12:53:12.416 +03:00 [INF] Executed action LibraryApp.Api.Controllers.AuthorsController.GetAll (LibraryApp.Api) in 24.3751ms
2026-06-07 12:53:12.417 +03:00 [INF] HTTP GET /api/authors responded 200 in 33.1970 ms
2026-06-07 12:53:12.417 +03:00 [INF] Request finished HTTP/1.1 GET http://localhost:5112/api/authors - 200 null application/json; charset=utf-8 34.0134ms
2026-06-07 12:53:12.417 +03:00 [INF] Request finished HTTP/1.1 GET http://localhost:5112/api/categories - 200 null application/json; charset=utf-8 34.0414ms
2026-06-07 12:53:13.467 +03:00 [INF] Request starting HTTP/1.1 OPTIONS http://localhost:5112/api/authors - null null
2026-06-07 12:53:13.467 +03:00 [INF] CORS policy execution successful.
2026-06-07 12:53:13.467 +03:00 [INF] Request starting HTTP/1.1 OPTIONS http://localhost:5112/api/categories - null null
2026-06-07 12:53:13.469 +03:00 [INF] HTTP OPTIONS /api/authors responded 204 in 1.6215 ms
2026-06-07 12:53:13.469 +03:00 [INF] Request finished HTTP/1.1 OPTIONS http://localhost:5112/api/authors - 204 null null 2.5824ms
2026-06-07 12:53:13.470 +03:00 [INF] CORS policy execution successful.
2026-06-07 12:53:13.470 +03:00 [INF] HTTP OPTIONS /api/categories responded 204 in 0.2105 ms
2026-06-07 12:53:13.471 +03:00 [INF] Request finished HTTP/1.1 OPTIONS http://localhost:5112/api/categories - 204 null null 3.8385ms
2026-06-07 12:53:13.477 +03:00 [INF] Request starting HTTP/1.1 GET http://localhost:5112/api/authors - application/json null
2026-06-07 12:53:13.477 +03:00 [INF] CORS policy execution successful.
2026-06-07 12:53:13.478 +03:00 [INF] Route matched with {action = "GetAll", controller = "Authors"}. Executing controller action with signature System.Threading.Tasks.Task`1[Microsoft.AspNetCore.Mvc.IActionResult] GetAll(System.Threading.CancellationToken) on controller LibraryApp.Api.Controllers.AuthorsController (LibraryApp.Api).
2026-06-07 12:53:13.478 +03:00 [INF] Request starting HTTP/1.1 GET http://localhost:5112/api/categories - application/json null
2026-06-07 12:53:13.478 +03:00 [INF] CORS policy execution successful.
2026-06-07 12:53:13.479 +03:00 [INF] Route matched with {action = "GetAll", controller = "Categories"}. Executing controller action with signature System.Threading.Tasks.Task`1[Microsoft.AspNetCore.Mvc.IActionResult] GetAll(System.Threading.CancellationToken) on controller LibraryApp.Api.Controllers.CategoriesController (LibraryApp.Api).
2026-06-07 12:53:13.490 +03:00 [INF] Executing OkObjectResult, writing value of type 'System.Collections.Generic.List`1[[<>f__AnonymousType1`2[[System.Int32, System.Private.CoreLib, Version=8.0.0.0, Culture=neutral, PublicKeyToken=7cec85d7bea7798e],[System.String, System.Private.CoreLib, Version=8.0.0.0, Culture=neutral, PublicKeyToken=7cec85d7bea7798e]], LibraryApp.Api, Version=1.0.0.0, Culture=neutral, PublicKeyToken=null]]'.
2026-06-07 12:53:13.491 +03:00 [INF] Executed action LibraryApp.Api.Controllers.CategoriesController.GetAll (LibraryApp.Api) in 12.1956ms
2026-06-07 12:53:13.491 +03:00 [INF] HTTP GET /api/categories responded 200 in 12.7591 ms
2026-06-07 12:53:13.491 +03:00 [INF] Executing OkObjectResult, writing value of type 'System.Collections.Generic.List`1[[LibraryApp.Core.DTOs.AuthorDto, LibraryApp.Core, Version=1.0.0.0, Culture=neutral, PublicKeyToken=null]]'.
2026-06-07 12:53:13.491 +03:00 [INF] Request finished HTTP/1.1 GET http://localhost:5112/api/categories - 200 null application/json; charset=utf-8 13.3412ms
2026-06-07 12:53:13.492 +03:00 [INF] Executed action LibraryApp.Api.Controllers.AuthorsController.GetAll (LibraryApp.Api) in 13.851ms
2026-06-07 12:53:13.492 +03:00 [INF] HTTP GET /api/authors responded 200 in 14.2843 ms
2026-06-07 12:53:13.492 +03:00 [INF] Request finished HTTP/1.1 GET http://localhost:5112/api/authors - 200 null application/json; charset=utf-8 15.1136ms
2026-06-07 12:53:16.682 +03:00 [INF] Request starting HTTP/1.1 GET http://localhost:5112/api/authors - application/json null
2026-06-07 12:53:16.682 +03:00 [INF] Request starting HTTP/1.1 GET http://localhost:5112/api/categories - application/json null
2026-06-07 12:53:16.682 +03:00 [INF] Route matched with {action = "GetAll", controller = "Authors"}. Executing controller action with signature System.Threading.Tasks.Task`1[Microsoft.AspNetCore.Mvc.IActionResult] GetAll(System.Threading.CancellationToken) on controller LibraryApp.Api.Controllers.AuthorsController (LibraryApp.Api).
2026-06-07 12:53:16.682 +03:00 [INF] Route matched with {action = "GetAll", controller = "Categories"}. Executing controller action with signature System.Threading.Tasks.Task`1[Microsoft.AspNetCore.Mvc.IActionResult] GetAll(System.Threading.CancellationToken) on controller LibraryApp.Api.Controllers.CategoriesController (LibraryApp.Api).
2026-06-07 12:53:16.687 +03:00 [INF] Executing OkObjectResult, writing value of type 'System.Collections.Generic.List`1[[<>f__AnonymousType1`2[[System.Int32, System.Private.CoreLib, Version=8.0.0.0, Culture=neutral, PublicKeyToken=7cec85d7bea7798e],[System.String, System.Private.CoreLib, Version=8.0.0.0, Culture=neutral, PublicKeyToken=7cec85d7bea7798e]], LibraryApp.Api, Version=1.0.0.0, Culture=neutral, PublicKeyToken=null]]'.
2026-06-07 12:53:16.687 +03:00 [INF] Executing OkObjectResult, writing value of type 'System.Collections.Generic.List`1[[LibraryApp.Core.DTOs.AuthorDto, LibraryApp.Core, Version=1.0.0.0, Culture=neutral, PublicKeyToken=null]]'.
2026-06-07 12:53:16.687 +03:00 [INF] Executed action LibraryApp.Api.Controllers.AuthorsController.GetAll (LibraryApp.Api) in 4.8041ms
2026-06-07 12:53:16.687 +03:00 [INF] Executed action LibraryApp.Api.Controllers.CategoriesController.GetAll (LibraryApp.Api) in 4.642ms
2026-06-07 12:53:16.687 +03:00 [INF] HTTP GET /api/authors responded 200 in 5.2188 ms
2026-06-07 12:53:16.687 +03:00 [INF] HTTP GET /api/categories responded 200 in 5.1372 ms
2026-06-07 12:53:16.687 +03:00 [INF] Request finished HTTP/1.1 GET http://localhost:5112/api/authors - 200 null application/json; charset=utf-8 5.7786ms
2026-06-07 12:53:16.688 +03:00 [INF] Request finished HTTP/1.1 GET http://localhost:5112/api/categories - 200 null application/json; charset=utf-8 5.4813ms
2026-06-07 12:53:17.675 +03:00 [INF] Request starting HTTP/1.1 OPTIONS http://localhost:5112/api/authors - null null
2026-06-07 12:53:17.675 +03:00 [INF] Request starting HTTP/1.1 OPTIONS http://localhost:5112/api/categories - null null
2026-06-07 12:53:17.676 +03:00 [INF] CORS policy execution successful.
2026-06-07 12:53:17.676 +03:00 [INF] HTTP OPTIONS /api/categories responded 204 in 0.2418 ms
2026-06-07 12:53:17.676 +03:00 [INF] Request finished HTTP/1.1 OPTIONS http://localhost:5112/api/categories - 204 null null 0.8516ms
2026-06-07 12:53:17.680 +03:00 [INF] CORS policy execution successful.
2026-06-07 12:53:17.680 +03:00 [INF] HTTP OPTIONS /api/authors responded 204 in 0.3754 ms
2026-06-07 12:53:17.680 +03:00 [INF] Request finished HTTP/1.1 OPTIONS http://localhost:5112/api/authors - 204 null null 5.793ms
2026-06-07 12:53:17.686 +03:00 [INF] Request starting HTTP/1.1 GET http://localhost:5112/api/categories - application/json null
2026-06-07 12:53:17.687 +03:00 [INF] CORS policy execution successful.
2026-06-07 12:53:17.687 +03:00 [INF] Route matched with {action = "GetAll", controller = "Categories"}. Executing controller action with signature System.Threading.Tasks.Task`1[Microsoft.AspNetCore.Mvc.IActionResult] GetAll(System.Threading.CancellationToken) on controller LibraryApp.Api.Controllers.CategoriesController (LibraryApp.Api).
2026-06-07 12:53:17.689 +03:00 [INF] Request starting HTTP/1.1 GET http://localhost:5112/api/authors - application/json null
2026-06-07 12:53:17.689 +03:00 [INF] CORS policy execution successful.
2026-06-07 12:53:17.689 +03:00 [INF] Route matched with {action = "GetAll", controller = "Authors"}. Executing controller action with signature System.Threading.Tasks.Task`1[Microsoft.AspNetCore.Mvc.IActionResult] GetAll(System.Threading.CancellationToken) on controller LibraryApp.Api.Controllers.AuthorsController (LibraryApp.Api).
2026-06-07 12:53:17.691 +03:00 [INF] Executing OkObjectResult, writing value of type 'System.Collections.Generic.List`1[[<>f__AnonymousType1`2[[System.Int32, System.Private.CoreLib, Version=8.0.0.0, Culture=neutral, PublicKeyToken=7cec85d7bea7798e],[System.String, System.Private.CoreLib, Version=8.0.0.0, Culture=neutral, PublicKeyToken=7cec85d7bea7798e]], LibraryApp.Api, Version=1.0.0.0, Culture=neutral, PublicKeyToken=null]]'.
2026-06-07 12:53:17.691 +03:00 [INF] Executed action LibraryApp.Api.Controllers.CategoriesController.GetAll (LibraryApp.Api) in 3.5799ms
2026-06-07 12:53:17.691 +03:00 [INF] HTTP GET /api/categories responded 200 in 4.5888 ms
2026-06-07 12:53:17.692 +03:00 [INF] Request finished HTTP/1.1 GET http://localhost:5112/api/categories - 200 null application/json; charset=utf-8 5.188ms
2026-06-07 12:53:17.692 +03:00 [INF] Executing OkObjectResult, writing value of type 'System.Collections.Generic.List`1[[LibraryApp.Core.DTOs.AuthorDto, LibraryApp.Core, Version=1.0.0.0, Culture=neutral, PublicKeyToken=null]]'.
2026-06-07 12:53:17.692 +03:00 [INF] Executed action LibraryApp.Api.Controllers.AuthorsController.GetAll (LibraryApp.Api) in 2.9527ms
2026-06-07 12:53:17.693 +03:00 [INF] HTTP GET /api/authors responded 200 in 3.4614 ms
2026-06-07 12:53:17.693 +03:00 [INF] Request finished HTTP/1.1 GET http://localhost:5112/api/authors - 200 null application/json; charset=utf-8 4.3124ms
2026-06-07 12:53:36.702 +03:00 [INF] Request starting HTTP/1.1 GET http://localhost:5112/api/loans/active - application/json null
2026-06-07 12:53:36.703 +03:00 [INF] Request starting HTTP/1.1 GET http://localhost:5112/api/books?page=1&pageSize=20 - application/json null
2026-06-07 12:53:36.706 +03:00 [INF] Route matched with {action = "GetActive", controller = "Loans"}. Executing controller action with signature System.Threading.Tasks.Task`1[Microsoft.AspNetCore.Mvc.IActionResult] GetActive(System.Threading.CancellationToken) on controller LibraryApp.Api.Controllers.LoansController (LibraryApp.Api).
2026-06-07 12:53:36.710 +03:00 [INF] Route matched with {action = "Search", controller = "Books"}. Executing controller action with signature System.Threading.Tasks.Task`1[Microsoft.AspNetCore.Mvc.IActionResult] Search(BookSearchQuery, System.Threading.CancellationToken) on controller BooksController (LibraryApp.Api).
2026-06-07 12:53:36.786 +03:00 [WRN] Compiling a query which loads related collections for more than one collection navigation, either via 'Include' or through projection, but no 'QuerySplittingBehavior' has been configured. By default, Entity Framework will use 'QuerySplittingBehavior.SingleQuery', which can potentially result in slow query performance. See https://go.microsoft.com/fwlink/?linkid=2134277 for more information. To identify the query that's triggering this warning call 'ConfigureWarnings(w => w.Throw(RelationalEventId.MultipleCollectionIncludeWarning))'.
2026-06-07 12:53:36.806 +03:00 [INF] Executing OkObjectResult, writing value of type 'System.Collections.Generic.List`1[[LibraryApp.Core.DTOs.ActiveLoanDto, LibraryApp.Core, Version=1.0.0.0, Culture=neutral, PublicKeyToken=null]]'.
2026-06-07 12:53:36.814 +03:00 [INF] Executed action LibraryApp.Api.Controllers.LoansController.GetActive (LibraryApp.Api) in 107.6113ms
2026-06-07 12:53:36.814 +03:00 [INF] HTTP GET /api/loans/active responded 200 in 111.9582 ms
2026-06-07 12:53:36.814 +03:00 [INF] Request finished HTTP/1.1 GET http://localhost:5112/api/loans/active - 200 null application/json; charset=utf-8 112.5368ms
2026-06-07 12:53:36.822 +03:00 [INF] Executing OkObjectResult, writing value of type 'PagedResult`1[[BookDto, LibraryApp.Core, Version=1.0.0.0, Culture=neutral, PublicKeyToken=null]]'.
2026-06-07 12:53:36.831 +03:00 [INF] Executed action BooksController.Search (LibraryApp.Api) in 120.0962ms
2026-06-07 12:53:36.831 +03:00 [INF] HTTP GET /api/books responded 200 in 127.8362 ms
2026-06-07 12:53:36.831 +03:00 [INF] Request finished HTTP/1.1 GET http://localhost:5112/api/books?page=1&pageSize=20 - 200 null application/json; charset=utf-8 128.2194ms
2026-06-07 12:55:00.010 +03:00 [INF] Request starting HTTP/1.1 OPTIONS http://localhost:5112/api/books - null null
2026-06-07 12:55:00.013 +03:00 [INF] CORS policy execution successful.
2026-06-07 12:55:00.013 +03:00 [INF] HTTP OPTIONS /api/books responded 204 in 0.4170 ms
2026-06-07 12:55:00.013 +03:00 [INF] Request finished HTTP/1.1 OPTIONS http://localhost:5112/api/books - 204 null null 2.5929ms
2026-06-07 12:55:00.027 +03:00 [INF] Request starting HTTP/1.1 POST http://localhost:5112/api/books - application/json 339
2026-06-07 12:55:00.027 +03:00 [INF] CORS policy execution successful.
2026-06-07 12:55:00.027 +03:00 [INF] Route matched with {action = "Create", controller = "Books"}. Executing controller action with signature System.Threading.Tasks.Task`1[Microsoft.AspNetCore.Mvc.IActionResult] Create(CreateBookCommand, System.Threading.CancellationToken) on controller BooksController (LibraryApp.Api).
2026-06-07 12:55:00.063 +03:00 [WRN] Savepoints are disabled because Multiple Active Result Sets (MARS) is enabled. If 'SaveChanges' fails, then the transaction cannot be automatically rolled back to a known clean state. Instead, the transaction should be rolled back by the application before retrying 'SaveChanges'. See https://go.microsoft.com/fwlink/?linkid=2149338 for more information and examples. To identify the code which triggers this warning, call 'ConfigureWarnings(w => w.Throw(SqlServerEventId.SavepointsDisabledBecauseOfMARS))'.
2026-06-07 12:55:00.098 +03:00 [INF] Book created: 8 'Dignissimos labore in fugit itaque et ab sunt dolor' ISBN=99999999999999999999.
2026-06-07 12:55:00.099 +03:00 [INF] Executing CreatedAtActionResult, writing value of type 'CreateBookResult'.
2026-06-07 12:55:00.102 +03:00 [INF] Executed action BooksController.Create (LibraryApp.Api) in 74.2436ms
2026-06-07 12:55:00.102 +03:00 [INF] HTTP POST /api/books responded 201 in 75.1203 ms
2026-06-07 12:55:00.103 +03:00 [INF] Request finished HTTP/1.1 POST http://localhost:5112/api/books - 201 null application/json; charset=utf-8 75.7871ms
2026-06-07 12:55:01.690 +03:00 [INF] Request starting HTTP/1.1 OPTIONS http://localhost:5112/api/books?page=1&pageSize=20 - null null
2026-06-07 12:55:01.690 +03:00 [INF] CORS policy execution successful.
2026-06-07 12:55:01.690 +03:00 [INF] HTTP OPTIONS /api/books responded 204 in 0.1684 ms
2026-06-07 12:55:01.691 +03:00 [INF] Request finished HTTP/1.1 OPTIONS http://localhost:5112/api/books?page=1&pageSize=20 - 204 null null 0.522ms
2026-06-07 12:55:01.702 +03:00 [INF] Request starting HTTP/1.1 GET http://localhost:5112/api/books?page=1&pageSize=20 - application/json null
2026-06-07 12:55:01.702 +03:00 [INF] CORS policy execution successful.
2026-06-07 12:55:01.702 +03:00 [INF] Route matched with {action = "Search", controller = "Books"}. Executing controller action with signature System.Threading.Tasks.Task`1[Microsoft.AspNetCore.Mvc.IActionResult] Search(BookSearchQuery, System.Threading.CancellationToken) on controller BooksController (LibraryApp.Api).
2026-06-07 12:55:01.711 +03:00 [INF] Executing OkObjectResult, writing value of type 'PagedResult`1[[BookDto, LibraryApp.Core, Version=1.0.0.0, Culture=neutral, PublicKeyToken=null]]'.
2026-06-07 12:55:01.712 +03:00 [INF] Executed action BooksController.Search (LibraryApp.Api) in 9.3112ms
2026-06-07 12:55:01.712 +03:00 [INF] HTTP GET /api/books responded 200 in 9.8668 ms
2026-06-07 12:55:01.712 +03:00 [INF] Request finished HTTP/1.1 GET http://localhost:5112/api/books?page=1&pageSize=20 - 200 null application/json; charset=utf-8 10.2155ms
2026-06-07 12:55:10.269 +03:00 [INF] Request starting HTTP/1.1 OPTIONS http://localhost:5112/api/books/8 - null null
2026-06-07 12:55:10.270 +03:00 [INF] CORS policy execution successful.
2026-06-07 12:55:10.270 +03:00 [INF] HTTP OPTIONS /api/books/8 responded 204 in 0.1638 ms
2026-06-07 12:55:10.270 +03:00 [INF] Request finished HTTP/1.1 OPTIONS http://localhost:5112/api/books/8 - 204 null null 0.7326ms
2026-06-07 12:55:10.275 +03:00 [INF] Request starting HTTP/1.1 GET http://localhost:5112/api/books/8 - application/json null
2026-06-07 12:55:10.276 +03:00 [INF] CORS policy execution successful.
2026-06-07 12:55:10.282 +03:00 [INF] Route matched with {action = "GetById", controller = "Books"}. Executing controller action with signature System.Threading.Tasks.Task`1[Microsoft.AspNetCore.Mvc.IActionResult] GetById(Int32, System.Threading.CancellationToken) on controller BooksController (LibraryApp.Api).
2026-06-07 12:55:10.307 +03:00 [WRN] Compiling a query which loads related collections for more than one collection navigation, either via 'Include' or through projection, but no 'QuerySplittingBehavior' has been configured. By default, Entity Framework will use 'QuerySplittingBehavior.SingleQuery', which can potentially result in slow query performance. See https://go.microsoft.com/fwlink/?linkid=2134277 for more information. To identify the query that's triggering this warning call 'ConfigureWarnings(w => w.Throw(RelationalEventId.MultipleCollectionIncludeWarning))'.
2026-06-07 12:55:10.330 +03:00 [INF] Executing OkObjectResult, writing value of type 'BookDto'.
2026-06-07 12:55:10.331 +03:00 [INF] Executed action BooksController.GetById (LibraryApp.Api) in 48.3655ms
2026-06-07 12:55:10.331 +03:00 [INF] HTTP GET /api/books/8 responded 200 in 55.0218 ms
2026-06-07 12:55:10.331 +03:00 [INF] Request finished HTTP/1.1 GET http://localhost:5112/api/books/8 - 200 null application/json; charset=utf-8 55.6981ms
2026-06-07 12:55:11.741 +03:00 [INF] Request starting HTTP/1.1 OPTIONS http://localhost:5112/api/authors - null null
2026-06-07 12:55:11.741 +03:00 [INF] CORS policy execution successful.
2026-06-07 12:55:11.741 +03:00 [INF] HTTP OPTIONS /api/authors responded 204 in 0.2089 ms
2026-06-07 12:55:11.741 +03:00 [INF] Request finished HTTP/1.1 OPTIONS http://localhost:5112/api/authors - 204 null null 0.5799ms
2026-06-07 12:55:11.750 +03:00 [INF] Request starting HTTP/1.1 OPTIONS http://localhost:5112/api/categories - null null
2026-06-07 12:55:11.750 +03:00 [INF] CORS policy execution successful.
2026-06-07 12:55:11.750 +03:00 [INF] HTTP OPTIONS /api/categories responded 204 in 0.1847 ms
2026-06-07 12:55:11.751 +03:00 [INF] Request starting HTTP/1.1 OPTIONS http://localhost:5112/api/books/8 - null null
2026-06-07 12:55:11.751 +03:00 [INF] Request finished HTTP/1.1 OPTIONS http://localhost:5112/api/categories - 204 null null 1.2079ms
2026-06-07 12:55:11.754 +03:00 [INF] CORS policy execution successful.
2026-06-07 12:55:11.754 +03:00 [INF] HTTP OPTIONS /api/books/8 responded 204 in 0.5337 ms
2026-06-07 12:55:11.754 +03:00 [INF] Request finished HTTP/1.1 OPTIONS http://localhost:5112/api/books/8 - 204 null null 3.704ms
2026-06-07 12:55:11.755 +03:00 [INF] Request starting HTTP/1.1 GET http://localhost:5112/api/authors - application/json null
2026-06-07 12:55:11.755 +03:00 [INF] CORS policy execution successful.
2026-06-07 12:55:11.756 +03:00 [INF] Route matched with {action = "GetAll", controller = "Authors"}. Executing controller action with signature System.Threading.Tasks.Task`1[Microsoft.AspNetCore.Mvc.IActionResult] GetAll(System.Threading.CancellationToken) on controller LibraryApp.Api.Controllers.AuthorsController (LibraryApp.Api).
2026-06-07 12:55:11.759 +03:00 [INF] Executing OkObjectResult, writing value of type 'System.Collections.Generic.List`1[[LibraryApp.Core.DTOs.AuthorDto, LibraryApp.Core, Version=1.0.0.0, Culture=neutral, PublicKeyToken=null]]'.
2026-06-07 12:55:11.760 +03:00 [INF] Executed action LibraryApp.Api.Controllers.AuthorsController.GetAll (LibraryApp.Api) in 3.8639ms
2026-06-07 12:55:11.760 +03:00 [INF] HTTP GET /api/authors responded 200 in 4.4518 ms
2026-06-07 12:55:11.760 +03:00 [INF] Request finished HTTP/1.1 GET http://localhost:5112/api/authors - 200 null application/json; charset=utf-8 4.782ms
2026-06-07 12:55:11.764 +03:00 [INF] Request starting HTTP/1.1 GET http://localhost:5112/api/categories - application/json null
2026-06-07 12:55:11.765 +03:00 [INF] Request starting HTTP/1.1 GET http://localhost:5112/api/books/8 - application/json null
2026-06-07 12:55:11.766 +03:00 [INF] CORS policy execution successful.
2026-06-07 12:55:11.767 +03:00 [INF] CORS policy execution successful.
2026-06-07 12:55:11.767 +03:00 [INF] Route matched with {action = "GetById", controller = "Books"}. Executing controller action with signature System.Threading.Tasks.Task`1[Microsoft.AspNetCore.Mvc.IActionResult] GetById(Int32, System.Threading.CancellationToken) on controller BooksController (LibraryApp.Api).
2026-06-07 12:55:11.767 +03:00 [INF] Route matched with {action = "GetAll", controller = "Categories"}. Executing controller action with signature System.Threading.Tasks.Task`1[Microsoft.AspNetCore.Mvc.IActionResult] GetAll(System.Threading.CancellationToken) on controller LibraryApp.Api.Controllers.CategoriesController (LibraryApp.Api).
2026-06-07 12:55:11.769 +03:00 [INF] Executing OkObjectResult, writing value of type 'BookDto'.
2026-06-07 12:55:11.769 +03:00 [INF] Executing OkObjectResult, writing value of type 'System.Collections.Generic.List`1[[<>f__AnonymousType1`2[[System.Int32, System.Private.CoreLib, Version=8.0.0.0, Culture=neutral, PublicKeyToken=7cec85d7bea7798e],[System.String, System.Private.CoreLib, Version=8.0.0.0, Culture=neutral, PublicKeyToken=7cec85d7bea7798e]], LibraryApp.Api, Version=1.0.0.0, Culture=neutral, PublicKeyToken=null]]'.
2026-06-07 12:55:11.770 +03:00 [INF] Executed action LibraryApp.Api.Controllers.CategoriesController.GetAll (LibraryApp.Api) in 2.6988ms
2026-06-07 12:55:11.770 +03:00 [INF] Executed action BooksController.GetById (LibraryApp.Api) in 3.0825ms
2026-06-07 12:55:11.770 +03:00 [INF] HTTP GET /api/categories responded 200 in 3.4054 ms
2026-06-07 12:55:11.770 +03:00 [INF] HTTP GET /api/books/8 responded 200 in 3.6100 ms
2026-06-07 12:55:11.770 +03:00 [INF] Request finished HTTP/1.1 GET http://localhost:5112/api/books/8 - 200 null application/json; charset=utf-8 4.7097ms
2026-06-07 12:55:11.770 +03:00 [INF] Request finished HTTP/1.1 GET http://localhost:5112/api/categories - 200 null application/json; charset=utf-8 6.0782ms
2026-06-07 13:00:28.773 +03:00 [INF] Request starting HTTP/1.1 GET http://localhost:5112/api/authors - application/json null
2026-06-07 13:00:28.773 +03:00 [INF] Request starting HTTP/1.1 GET http://localhost:5112/api/categories - application/json null
2026-06-07 13:00:28.773 +03:00 [INF] Route matched with {action = "GetAll", controller = "Authors"}. Executing controller action with signature System.Threading.Tasks.Task`1[Microsoft.AspNetCore.Mvc.IActionResult] GetAll(System.Threading.CancellationToken) on controller LibraryApp.Api.Controllers.AuthorsController (LibraryApp.Api).
2026-06-07 13:00:28.774 +03:00 [INF] Route matched with {action = "GetAll", controller = "Categories"}. Executing controller action with signature System.Threading.Tasks.Task`1[Microsoft.AspNetCore.Mvc.IActionResult] GetAll(System.Threading.CancellationToken) on controller LibraryApp.Api.Controllers.CategoriesController (LibraryApp.Api).
2026-06-07 13:00:28.774 +03:00 [INF] Request starting HTTP/1.1 GET http://localhost:5112/api/books/8 - application/json null
2026-06-07 13:00:28.774 +03:00 [INF] Route matched with {action = "GetById", controller = "Books"}. Executing controller action with signature System.Threading.Tasks.Task`1[Microsoft.AspNetCore.Mvc.IActionResult] GetById(Int32, System.Threading.CancellationToken) on controller BooksController (LibraryApp.Api).
2026-06-07 13:00:28.779 +03:00 [INF] Executing OkObjectResult, writing value of type 'System.Collections.Generic.List`1[[LibraryApp.Core.DTOs.AuthorDto, LibraryApp.Core, Version=1.0.0.0, Culture=neutral, PublicKeyToken=null]]'.
2026-06-07 13:00:28.779 +03:00 [INF] Executing OkObjectResult, writing value of type 'System.Collections.Generic.List`1[[<>f__AnonymousType1`2[[System.Int32, System.Private.CoreLib, Version=8.0.0.0, Culture=neutral, PublicKeyToken=7cec85d7bea7798e],[System.String, System.Private.CoreLib, Version=8.0.0.0, Culture=neutral, PublicKeyToken=7cec85d7bea7798e]], LibraryApp.Api, Version=1.0.0.0, Culture=neutral, PublicKeyToken=null]]'.
2026-06-07 13:00:28.779 +03:00 [INF] Executed action LibraryApp.Api.Controllers.AuthorsController.GetAll (LibraryApp.Api) in 5.6527ms
2026-06-07 13:00:28.779 +03:00 [INF] Executed action LibraryApp.Api.Controllers.CategoriesController.GetAll (LibraryApp.Api) in 5.2554ms
2026-06-07 13:00:28.780 +03:00 [INF] HTTP GET /api/categories responded 200 in 5.8192 ms
2026-06-07 13:00:28.780 +03:00 [INF] HTTP GET /api/authors responded 200 in 6.3208 ms
2026-06-07 13:00:28.780 +03:00 [INF] Request finished HTTP/1.1 GET http://localhost:5112/api/categories - 200 null application/json; charset=utf-8 6.4607ms
2026-06-07 13:00:28.780 +03:00 [INF] Request finished HTTP/1.1 GET http://localhost:5112/api/authors - 200 null application/json; charset=utf-8 7.0575ms
2026-06-07 13:00:28.788 +03:00 [INF] Executing OkObjectResult, writing value of type 'BookDto'.
2026-06-07 13:00:28.788 +03:00 [INF] Executed action BooksController.GetById (LibraryApp.Api) in 13.5798ms
2026-06-07 13:00:28.788 +03:00 [INF] HTTP GET /api/books/8 responded 200 in 13.8579 ms
2026-06-07 13:00:28.788 +03:00 [INF] Request finished HTTP/1.1 GET http://localhost:5112/api/books/8 - 200 null application/json; charset=utf-8 14.2471ms
2026-06-07 13:00:29.668 +03:00 [INF] Request starting HTTP/1.1 OPTIONS http://localhost:5112/api/authors - null null
2026-06-07 13:00:29.668 +03:00 [INF] CORS policy execution successful.
2026-06-07 13:00:29.669 +03:00 [INF] HTTP OPTIONS /api/authors responded 204 in 0.6055 ms
2026-06-07 13:00:29.669 +03:00 [INF] Request finished HTTP/1.1 OPTIONS http://localhost:5112/api/authors - 204 null null 0.9875ms
2026-06-07 13:00:29.677 +03:00 [INF] Request starting HTTP/1.1 OPTIONS http://localhost:5112/api/books/8 - null null
2026-06-07 13:00:29.677 +03:00 [INF] Request starting HTTP/1.1 GET http://localhost:5112/api/authors - application/json null
2026-06-07 13:00:29.677 +03:00 [INF] CORS policy execution successful.
2026-06-07 13:00:29.677 +03:00 [INF] CORS policy execution successful.
2026-06-07 13:00:29.678 +03:00 [INF] Route matched with {action = "GetAll", controller = "Authors"}. Executing controller action with signature System.Threading.Tasks.Task`1[Microsoft.AspNetCore.Mvc.IActionResult] GetAll(System.Threading.CancellationToken) on controller LibraryApp.Api.Controllers.AuthorsController (LibraryApp.Api).
2026-06-07 13:00:29.678 +03:00 [INF] HTTP OPTIONS /api/books/8 responded 204 in 0.2999 ms
2026-06-07 13:00:29.679 +03:00 [INF] Request finished HTTP/1.1 OPTIONS http://localhost:5112/api/books/8 - 204 null null 1.9339ms
2026-06-07 13:00:29.679 +03:00 [INF] Request starting HTTP/1.1 OPTIONS http://localhost:5112/api/categories - null null
2026-06-07 13:00:29.680 +03:00 [INF] CORS policy execution successful.
2026-06-07 13:00:29.680 +03:00 [INF] HTTP OPTIONS /api/categories responded 204 in 0.1556 ms
2026-06-07 13:00:29.680 +03:00 [INF] Request finished HTTP/1.1 OPTIONS http://localhost:5112/api/categories - 204 null null 0.5356ms
2026-06-07 13:00:29.681 +03:00 [INF] Executing OkObjectResult, writing value of type 'System.Collections.Generic.List`1[[LibraryApp.Core.DTOs.AuthorDto, LibraryApp.Core, Version=1.0.0.0, Culture=neutral, PublicKeyToken=null]]'.
2026-06-07 13:00:29.681 +03:00 [INF] Executed action LibraryApp.Api.Controllers.AuthorsController.GetAll (LibraryApp.Api) in 3.3525ms
2026-06-07 13:00:29.681 +03:00 [INF] HTTP GET /api/authors responded 200 in 3.7644 ms
2026-06-07 13:00:29.681 +03:00 [INF] Request finished HTTP/1.1 GET http://localhost:5112/api/authors - 200 null application/json; charset=utf-8 4.2392ms
2026-06-07 13:00:29.703 +03:00 [INF] Request starting HTTP/1.1 GET http://localhost:5112/api/books/8 - application/json null
2026-06-07 13:00:29.703 +03:00 [INF] CORS policy execution successful.
2026-06-07 13:00:29.704 +03:00 [INF] Route matched with {action = "GetById", controller = "Books"}. Executing controller action with signature System.Threading.Tasks.Task`1[Microsoft.AspNetCore.Mvc.IActionResult] GetById(Int32, System.Threading.CancellationToken) on controller BooksController (LibraryApp.Api).
2026-06-07 13:00:29.706 +03:00 [INF] Request starting HTTP/1.1 GET http://localhost:5112/api/categories - application/json null
2026-06-07 13:00:29.706 +03:00 [INF] CORS policy execution successful.
2026-06-07 13:00:29.706 +03:00 [INF] Route matched with {action = "GetAll", controller = "Categories"}. Executing controller action with signature System.Threading.Tasks.Task`1[Microsoft.AspNetCore.Mvc.IActionResult] GetAll(System.Threading.CancellationToken) on controller LibraryApp.Api.Controllers.CategoriesController (LibraryApp.Api).
2026-06-07 13:00:29.709 +03:00 [INF] Executing OkObjectResult, writing value of type 'System.Collections.Generic.List`1[[<>f__AnonymousType1`2[[System.Int32, System.Private.CoreLib, Version=8.0.0.0, Culture=neutral, PublicKeyToken=7cec85d7bea7798e],[System.String, System.Private.CoreLib, Version=8.0.0.0, Culture=neutral, PublicKeyToken=7cec85d7bea7798e]], LibraryApp.Api, Version=1.0.0.0, Culture=neutral, PublicKeyToken=null]]'.
2026-06-07 13:00:29.709 +03:00 [INF] Executed action LibraryApp.Api.Controllers.CategoriesController.GetAll (LibraryApp.Api) in 3.366ms
2026-06-07 13:00:29.710 +03:00 [INF] HTTP GET /api/categories responded 200 in 3.7501 ms
2026-06-07 13:00:29.710 +03:00 [INF] Request finished HTTP/1.1 GET http://localhost:5112/api/categories - 200 null application/json; charset=utf-8 4.2576ms
2026-06-07 13:00:29.713 +03:00 [INF] Executing OkObjectResult, writing value of type 'BookDto'.
2026-06-07 13:00:29.713 +03:00 [INF] Executed action BooksController.GetById (LibraryApp.Api) in 7.7258ms
2026-06-07 13:00:29.713 +03:00 [INF] HTTP GET /api/books/8 responded 200 in 10.0954 ms
2026-06-07 13:00:29.714 +03:00 [INF] Request finished HTTP/1.1 GET http://localhost:5112/api/books/8 - 200 null application/json; charset=utf-8 10.7482ms
2026-06-07 13:03:04.951 +03:00 [INF] Request starting HTTP/1.1 GET http://localhost:5112/api/authors - application/json null
2026-06-07 13:03:04.952 +03:00 [INF] Request starting HTTP/1.1 GET http://localhost:5112/api/categories - application/json null
2026-06-07 13:03:04.952 +03:00 [INF] Route matched with {action = "GetAll", controller = "Authors"}. Executing controller action with signature System.Threading.Tasks.Task`1[Microsoft.AspNetCore.Mvc.IActionResult] GetAll(System.Threading.CancellationToken) on controller LibraryApp.Api.Controllers.AuthorsController (LibraryApp.Api).
2026-06-07 13:03:04.952 +03:00 [INF] Route matched with {action = "GetAll", controller = "Categories"}. Executing controller action with signature System.Threading.Tasks.Task`1[Microsoft.AspNetCore.Mvc.IActionResult] GetAll(System.Threading.CancellationToken) on controller LibraryApp.Api.Controllers.CategoriesController (LibraryApp.Api).
2026-06-07 13:03:04.953 +03:00 [INF] Request starting HTTP/1.1 GET http://localhost:5112/api/books/8 - application/json null
2026-06-07 13:03:04.953 +03:00 [INF] Route matched with {action = "GetById", controller = "Books"}. Executing controller action with signature System.Threading.Tasks.Task`1[Microsoft.AspNetCore.Mvc.IActionResult] GetById(Int32, System.Threading.CancellationToken) on controller BooksController (LibraryApp.Api).
2026-06-07 13:03:04.955 +03:00 [INF] Executing OkObjectResult, writing value of type 'System.Collections.Generic.List`1[[LibraryApp.Core.DTOs.AuthorDto, LibraryApp.Core, Version=1.0.0.0, Culture=neutral, PublicKeyToken=null]]'.
2026-06-07 13:03:04.955 +03:00 [INF] Executing OkObjectResult, writing value of type 'System.Collections.Generic.List`1[[<>f__AnonymousType1`2[[System.Int32, System.Private.CoreLib, Version=8.0.0.0, Culture=neutral, PublicKeyToken=7cec85d7bea7798e],[System.String, System.Private.CoreLib, Version=8.0.0.0, Culture=neutral, PublicKeyToken=7cec85d7bea7798e]], LibraryApp.Api, Version=1.0.0.0, Culture=neutral, PublicKeyToken=null]]'.
2026-06-07 13:03:04.955 +03:00 [INF] Executed action LibraryApp.Api.Controllers.AuthorsController.GetAll (LibraryApp.Api) in 3.3669ms
2026-06-07 13:03:04.955 +03:00 [INF] Request starting HTTP/1.1 GET http://localhost:5112/api/authors - application/json null
2026-06-07 13:03:04.956 +03:00 [INF] HTTP GET /api/authors responded 200 in 4.0278 ms
2026-06-07 13:03:04.955 +03:00 [INF] Request starting HTTP/1.1 GET http://localhost:5112/api/categories - application/json null
2026-06-07 13:03:04.956 +03:00 [INF] Request finished HTTP/1.1 GET http://localhost:5112/api/authors - 200 null application/json; charset=utf-8 4.4549ms
2026-06-07 13:03:04.956 +03:00 [INF] Executed action LibraryApp.Api.Controllers.CategoriesController.GetAll (LibraryApp.Api) in 3.6479ms
2026-06-07 13:03:04.956 +03:00 [INF] Route matched with {action = "GetAll", controller = "Authors"}. Executing controller action with signature System.Threading.Tasks.Task`1[Microsoft.AspNetCore.Mvc.IActionResult] GetAll(System.Threading.CancellationToken) on controller LibraryApp.Api.Controllers.AuthorsController (LibraryApp.Api).
2026-06-07 13:03:04.956 +03:00 [INF] Request starting HTTP/1.1 GET http://localhost:5112/api/books/8 - application/json null
2026-06-07 13:03:04.956 +03:00 [INF] HTTP GET /api/categories responded 200 in 4.1080 ms
2026-06-07 13:03:04.956 +03:00 [INF] Route matched with {action = "GetById", controller = "Books"}. Executing controller action with signature System.Threading.Tasks.Task`1[Microsoft.AspNetCore.Mvc.IActionResult] GetById(Int32, System.Threading.CancellationToken) on controller BooksController (LibraryApp.Api).
2026-06-07 13:03:04.956 +03:00 [INF] Request finished HTTP/1.1 GET http://localhost:5112/api/categories - 200 null application/json; charset=utf-8 4.429ms
2026-06-07 13:03:04.956 +03:00 [INF] Route matched with {action = "GetAll", controller = "Categories"}. Executing controller action with signature System.Threading.Tasks.Task`1[Microsoft.AspNetCore.Mvc.IActionResult] GetAll(System.Threading.CancellationToken) on controller LibraryApp.Api.Controllers.CategoriesController (LibraryApp.Api).
2026-06-07 13:03:04.958 +03:00 [INF] Executing OkObjectResult, writing value of type 'BookDto'.
2026-06-07 13:03:04.958 +03:00 [INF] Executed action BooksController.GetById (LibraryApp.Api) in 5.0352ms
2026-06-07 13:03:04.958 +03:00 [INF] HTTP GET /api/books/8 responded 200 in 5.3183 ms
2026-06-07 13:03:04.958 +03:00 [INF] Request finished HTTP/1.1 GET http://localhost:5112/api/books/8 - 200 null application/json; charset=utf-8 5.8616ms
2026-06-07 13:03:04.959 +03:00 [INF] Executing OkObjectResult, writing value of type 'System.Collections.Generic.List`1[[LibraryApp.Core.DTOs.AuthorDto, LibraryApp.Core, Version=1.0.0.0, Culture=neutral, PublicKeyToken=null]]'.
2026-06-07 13:03:04.959 +03:00 [INF] Executing OkObjectResult, writing value of type 'BookDto'.
2026-06-07 13:03:04.959 +03:00 [INF] Executed action LibraryApp.Api.Controllers.AuthorsController.GetAll (LibraryApp.Api) in 2.8881ms
2026-06-07 13:03:04.959 +03:00 [INF] Executed action BooksController.GetById (LibraryApp.Api) in 2.7304ms
2026-06-07 13:03:04.959 +03:00 [INF] HTTP GET /api/books/8 responded 200 in 2.9261 ms
2026-06-07 13:03:04.959 +03:00 [INF] HTTP GET /api/authors responded 200 in 3.1993 ms
2026-06-07 13:03:04.959 +03:00 [INF] Request finished HTTP/1.1 GET http://localhost:5112/api/authors - 200 null application/json; charset=utf-8 3.7223ms
2026-06-07 13:03:04.959 +03:00 [INF] Request finished HTTP/1.1 GET http://localhost:5112/api/books/8 - 200 null application/json; charset=utf-8 3.2112ms
2026-06-07 13:03:04.960 +03:00 [INF] Executing OkObjectResult, writing value of type 'System.Collections.Generic.List`1[[<>f__AnonymousType1`2[[System.Int32, System.Private.CoreLib, Version=8.0.0.0, Culture=neutral, PublicKeyToken=7cec85d7bea7798e],[System.String, System.Private.CoreLib, Version=8.0.0.0, Culture=neutral, PublicKeyToken=7cec85d7bea7798e]], LibraryApp.Api, Version=1.0.0.0, Culture=neutral, PublicKeyToken=null]]'.
2026-06-07 13:03:04.960 +03:00 [INF] Executed action LibraryApp.Api.Controllers.CategoriesController.GetAll (LibraryApp.Api) in 3.497ms
2026-06-07 13:03:04.960 +03:00 [INF] HTTP GET /api/categories responded 200 in 4.2099 ms
2026-06-07 13:03:04.960 +03:00 [INF] Request finished HTTP/1.1 GET http://localhost:5112/api/categories - 200 null application/json; charset=utf-8 4.7765ms
2026-06-07 13:03:05.861 +03:00 [INF] Request starting HTTP/1.1 OPTIONS http://localhost:5112/api/authors - null null
2026-06-07 13:03:05.862 +03:00 [INF] CORS policy execution successful.
2026-06-07 13:03:05.862 +03:00 [INF] HTTP OPTIONS /api/authors responded 204 in 0.1420 ms
2026-06-07 13:03:05.862 +03:00 [INF] Request finished HTTP/1.1 OPTIONS http://localhost:5112/api/authors - 204 null null 0.4687ms
2026-06-07 13:03:05.872 +03:00 [INF] Request starting HTTP/1.1 OPTIONS http://localhost:5112/api/categories - null null
2026-06-07 13:03:05.874 +03:00 [INF] CORS policy execution successful.
2026-06-07 13:03:05.875 +03:00 [INF] HTTP OPTIONS /api/categories responded 204 in 1.6030 ms
2026-06-07 13:03:05.876 +03:00 [INF] Request starting HTTP/1.1 GET http://localhost:5112/api/authors - application/json null
2026-06-07 13:03:05.876 +03:00 [INF] CORS policy execution successful.
2026-06-07 13:03:05.877 +03:00 [INF] Route matched with {action = "GetAll", controller = "Authors"}. Executing controller action with signature System.Threading.Tasks.Task`1[Microsoft.AspNetCore.Mvc.IActionResult] GetAll(System.Threading.CancellationToken) on controller LibraryApp.Api.Controllers.AuthorsController (LibraryApp.Api).
2026-06-07 13:03:05.877 +03:00 [INF] Request starting HTTP/1.1 OPTIONS http://localhost:5112/api/books/8 - null null
2026-06-07 13:03:05.877 +03:00 [INF] CORS policy execution successful.
2026-06-07 13:03:05.877 +03:00 [INF] HTTP OPTIONS /api/books/8 responded 204 in 0.1296 ms
2026-06-07 13:03:05.877 +03:00 [INF] Request finished HTTP/1.1 OPTIONS http://localhost:5112/api/books/8 - 204 null null 0.688ms
2026-06-07 13:03:05.879 +03:00 [INF] Request finished HTTP/1.1 OPTIONS http://localhost:5112/api/categories - 204 null null 7.1629ms
2026-06-07 13:03:05.891 +03:00 [INF] Executing OkObjectResult, writing value of type 'System.Collections.Generic.List`1[[LibraryApp.Core.DTOs.AuthorDto, LibraryApp.Core, Version=1.0.0.0, Culture=neutral, PublicKeyToken=null]]'.
2026-06-07 13:03:05.892 +03:00 [INF] Executed action LibraryApp.Api.Controllers.AuthorsController.GetAll (LibraryApp.Api) in 14.5679ms
2026-06-07 13:03:05.892 +03:00 [INF] HTTP GET /api/authors responded 200 in 15.4985 ms
2026-06-07 13:03:05.892 +03:00 [INF] Request finished HTTP/1.1 GET http://localhost:5112/api/authors - 200 null application/json; charset=utf-8 16.9219ms
2026-06-07 13:03:05.913 +03:00 [INF] Request starting HTTP/1.1 GET http://localhost:5112/api/books/8 - application/json null
2026-06-07 13:03:05.913 +03:00 [INF] CORS policy execution successful.
2026-06-07 13:03:05.914 +03:00 [INF] Route matched with {action = "GetById", controller = "Books"}. Executing controller action with signature System.Threading.Tasks.Task`1[Microsoft.AspNetCore.Mvc.IActionResult] GetById(Int32, System.Threading.CancellationToken) on controller BooksController (LibraryApp.Api).
2026-06-07 13:03:05.914 +03:00 [INF] Request starting HTTP/1.1 GET http://localhost:5112/api/categories - application/json null
2026-06-07 13:03:05.914 +03:00 [INF] CORS policy execution successful.
2026-06-07 13:03:05.914 +03:00 [INF] Route matched with {action = "GetAll", controller = "Categories"}. Executing controller action with signature System.Threading.Tasks.Task`1[Microsoft.AspNetCore.Mvc.IActionResult] GetAll(System.Threading.CancellationToken) on controller LibraryApp.Api.Controllers.CategoriesController (LibraryApp.Api).
2026-06-07 13:03:05.916 +03:00 [INF] Executing OkObjectResult, writing value of type 'BookDto'.
2026-06-07 13:03:05.917 +03:00 [INF] Executed action BooksController.GetById (LibraryApp.Api) in 2.8492ms
2026-06-07 13:03:05.917 +03:00 [INF] HTTP GET /api/books/8 responded 200 in 3.2731 ms
2026-06-07 13:03:05.917 +03:00 [INF] Request finished HTTP/1.1 GET http://localhost:5112/api/books/8 - 200 null application/json; charset=utf-8 4.1054ms
2026-06-07 13:03:05.919 +03:00 [INF] Executing OkObjectResult, writing value of type 'System.Collections.Generic.List`1[[<>f__AnonymousType1`2[[System.Int32, System.Private.CoreLib, Version=8.0.0.0, Culture=neutral, PublicKeyToken=7cec85d7bea7798e],[System.String, System.Private.CoreLib, Version=8.0.0.0, Culture=neutral, PublicKeyToken=7cec85d7bea7798e]], LibraryApp.Api, Version=1.0.0.0, Culture=neutral, PublicKeyToken=null]]'.
2026-06-07 13:03:05.919 +03:00 [INF] Executed action LibraryApp.Api.Controllers.CategoriesController.GetAll (LibraryApp.Api) in 4.8871ms
2026-06-07 13:03:05.920 +03:00 [INF] HTTP GET /api/categories responded 200 in 5.7561 ms
2026-06-07 13:03:05.921 +03:00 [INF] Request finished HTTP/1.1 GET http://localhost:5112/api/categories - 200 null application/json; charset=utf-8 6.9142ms
2026-06-07 13:03:22.061 +03:00 [INF] Request starting HTTP/1.1 GET http://localhost:5112/api/authors - application/json null
2026-06-07 13:03:22.061 +03:00 [INF] Route matched with {action = "GetAll", controller = "Authors"}. Executing controller action with signature System.Threading.Tasks.Task`1[Microsoft.AspNetCore.Mvc.IActionResult] GetAll(System.Threading.CancellationToken) on controller LibraryApp.Api.Controllers.AuthorsController (LibraryApp.Api).
2026-06-07 13:03:22.061 +03:00 [INF] Request starting HTTP/1.1 GET http://localhost:5112/api/categories - application/json null
2026-06-07 13:03:22.061 +03:00 [INF] Route matched with {action = "GetAll", controller = "Categories"}. Executing controller action with signature System.Threading.Tasks.Task`1[Microsoft.AspNetCore.Mvc.IActionResult] GetAll(System.Threading.CancellationToken) on controller LibraryApp.Api.Controllers.CategoriesController (LibraryApp.Api).
2026-06-07 13:03:22.062 +03:00 [INF] Request starting HTTP/1.1 GET http://localhost:5112/api/books/8 - application/json null
2026-06-07 13:03:22.062 +03:00 [INF] Route matched with {action = "GetById", controller = "Books"}. Executing controller action with signature System.Threading.Tasks.Task`1[Microsoft.AspNetCore.Mvc.IActionResult] GetById(Int32, System.Threading.CancellationToken) on controller BooksController (LibraryApp.Api).
2026-06-07 13:03:22.064 +03:00 [INF] Executing OkObjectResult, writing value of type 'System.Collections.Generic.List`1[[<>f__AnonymousType1`2[[System.Int32, System.Private.CoreLib, Version=8.0.0.0, Culture=neutral, PublicKeyToken=7cec85d7bea7798e],[System.String, System.Private.CoreLib, Version=8.0.0.0, Culture=neutral, PublicKeyToken=7cec85d7bea7798e]], LibraryApp.Api, Version=1.0.0.0, Culture=neutral, PublicKeyToken=null]]'.
2026-06-07 13:03:22.064 +03:00 [INF] Executing OkObjectResult, writing value of type 'System.Collections.Generic.List`1[[LibraryApp.Core.DTOs.AuthorDto, LibraryApp.Core, Version=1.0.0.0, Culture=neutral, PublicKeyToken=null]]'.
2026-06-07 13:03:22.064 +03:00 [INF] Executed action LibraryApp.Api.Controllers.CategoriesController.GetAll (LibraryApp.Api) in 2.492ms
2026-06-07 13:03:22.064 +03:00 [INF] Executed action LibraryApp.Api.Controllers.AuthorsController.GetAll (LibraryApp.Api) in 2.745ms
2026-06-07 13:03:22.064 +03:00 [INF] HTTP GET /api/categories responded 200 in 2.7455 ms
2026-06-07 13:03:22.064 +03:00 [INF] HTTP GET /api/authors responded 200 in 3.0665 ms
2026-06-07 13:03:22.064 +03:00 [INF] Request finished HTTP/1.1 GET http://localhost:5112/api/authors - 200 null application/json; charset=utf-8 3.3651ms
2026-06-07 13:03:22.064 +03:00 [INF] Request finished HTTP/1.1 GET http://localhost:5112/api/categories - 200 null application/json; charset=utf-8 3.0345ms
2026-06-07 13:03:22.067 +03:00 [INF] Executing OkObjectResult, writing value of type 'BookDto'.
2026-06-07 13:03:22.067 +03:00 [INF] Executed action BooksController.GetById (LibraryApp.Api) in 4.7293ms
2026-06-07 13:03:22.067 +03:00 [INF] HTTP GET /api/books/8 responded 200 in 5.2404 ms
2026-06-07 13:03:22.067 +03:00 [INF] Request finished HTTP/1.1 GET http://localhost:5112/api/books/8 - 200 null application/json; charset=utf-8 5.5233ms
2026-06-07 13:03:22.911 +03:00 [INF] Request starting HTTP/1.1 OPTIONS http://localhost:5112/api/authors - null null
2026-06-07 13:03:22.912 +03:00 [INF] CORS policy execution successful.
2026-06-07 13:03:22.912 +03:00 [INF] HTTP OPTIONS /api/authors responded 204 in 0.1217 ms
2026-06-07 13:03:22.913 +03:00 [INF] Request finished HTTP/1.1 OPTIONS http://localhost:5112/api/authors - 204 null null 1.128ms
2026-06-07 13:03:22.916 +03:00 [INF] Request starting HTTP/1.1 OPTIONS http://localhost:5112/api/categories - null null
2026-06-07 13:03:22.918 +03:00 [INF] CORS policy execution successful.
2026-06-07 13:03:22.918 +03:00 [INF] HTTP OPTIONS /api/categories responded 204 in 0.2292 ms
2026-06-07 13:03:22.918 +03:00 [INF] Request finished HTTP/1.1 OPTIONS http://localhost:5112/api/categories - 204 null null 1.7425ms
2026-06-07 13:03:22.919 +03:00 [INF] Request starting HTTP/1.1 OPTIONS http://localhost:5112/api/books/8 - null null
2026-06-07 13:03:22.919 +03:00 [INF] CORS policy execution successful.
2026-06-07 13:03:22.919 +03:00 [INF] HTTP OPTIONS /api/books/8 responded 204 in 0.1154 ms
2026-06-07 13:03:22.919 +03:00 [INF] Request finished HTTP/1.1 OPTIONS http://localhost:5112/api/books/8 - 204 null null 0.3645ms
2026-06-07 13:03:22.921 +03:00 [INF] Request starting HTTP/1.1 GET http://localhost:5112/api/authors - application/json null
2026-06-07 13:03:22.921 +03:00 [INF] CORS policy execution successful.
2026-06-07 13:03:22.921 +03:00 [INF] Route matched with {action = "GetAll", controller = "Authors"}. Executing controller action with signature System.Threading.Tasks.Task`1[Microsoft.AspNetCore.Mvc.IActionResult] GetAll(System.Threading.CancellationToken) on controller LibraryApp.Api.Controllers.AuthorsController (LibraryApp.Api).
2026-06-07 13:03:22.924 +03:00 [INF] Executing OkObjectResult, writing value of type 'System.Collections.Generic.List`1[[LibraryApp.Core.DTOs.AuthorDto, LibraryApp.Core, Version=1.0.0.0, Culture=neutral, PublicKeyToken=null]]'.
2026-06-07 13:03:22.924 +03:00 [INF] Executed action LibraryApp.Api.Controllers.AuthorsController.GetAll (LibraryApp.Api) in 2.5902ms
2026-06-07 13:03:22.924 +03:00 [INF] HTTP GET /api/authors responded 200 in 2.9284 ms
2026-06-07 13:03:22.924 +03:00 [INF] Request finished HTTP/1.1 GET http://localhost:5112/api/authors - 200 null application/json; charset=utf-8 3.1724ms
2026-06-07 13:03:22.925 +03:00 [INF] Request starting HTTP/1.1 GET http://localhost:5112/api/categories - application/json null
2026-06-07 13:03:22.925 +03:00 [INF] CORS policy execution successful.
2026-06-07 13:03:22.925 +03:00 [INF] Request starting HTTP/1.1 GET http://localhost:5112/api/books/8 - application/json null
2026-06-07 13:03:22.925 +03:00 [INF] Route matched with {action = "GetAll", controller = "Categories"}. Executing controller action with signature System.Threading.Tasks.Task`1[Microsoft.AspNetCore.Mvc.IActionResult] GetAll(System.Threading.CancellationToken) on controller LibraryApp.Api.Controllers.CategoriesController (LibraryApp.Api).
2026-06-07 13:03:22.925 +03:00 [INF] CORS policy execution successful.
2026-06-07 13:03:22.926 +03:00 [INF] Route matched with {action = "GetById", controller = "Books"}. Executing controller action with signature System.Threading.Tasks.Task`1[Microsoft.AspNetCore.Mvc.IActionResult] GetById(Int32, System.Threading.CancellationToken) on controller BooksController (LibraryApp.Api).
2026-06-07 13:03:22.928 +03:00 [INF] Executing OkObjectResult, writing value of type 'System.Collections.Generic.List`1[[<>f__AnonymousType1`2[[System.Int32, System.Private.CoreLib, Version=8.0.0.0, Culture=neutral, PublicKeyToken=7cec85d7bea7798e],[System.String, System.Private.CoreLib, Version=8.0.0.0, Culture=neutral, PublicKeyToken=7cec85d7bea7798e]], LibraryApp.Api, Version=1.0.0.0, Culture=neutral, PublicKeyToken=null]]'.
2026-06-07 13:03:22.928 +03:00 [INF] Executing OkObjectResult, writing value of type 'BookDto'.
2026-06-07 13:03:22.928 +03:00 [INF] Executed action BooksController.GetById (LibraryApp.Api) in 2.5141ms
2026-06-07 13:03:22.928 +03:00 [INF] HTTP GET /api/books/8 responded 200 in 3.1962 ms
2026-06-07 13:03:22.929 +03:00 [INF] Request finished HTTP/1.1 GET http://localhost:5112/api/books/8 - 200 null application/json; charset=utf-8 3.7171ms
2026-06-07 13:03:22.929 +03:00 [INF] Executed action LibraryApp.Api.Controllers.CategoriesController.GetAll (LibraryApp.Api) in 3.9409ms
2026-06-07 13:03:22.929 +03:00 [INF] HTTP GET /api/categories responded 200 in 4.2917 ms
2026-06-07 13:03:22.929 +03:00 [INF] Request finished HTTP/1.1 GET http://localhost:5112/api/categories - 200 null application/json; charset=utf-8 4.5354ms
2026-06-07 13:03:27.439 +03:00 [INF] Request starting HTTP/1.1 GET http://localhost:5112/api/authors - application/json null
2026-06-07 13:03:27.440 +03:00 [INF] Route matched with {action = "GetAll", controller = "Authors"}. Executing controller action with signature System.Threading.Tasks.Task`1[Microsoft.AspNetCore.Mvc.IActionResult] GetAll(System.Threading.CancellationToken) on controller LibraryApp.Api.Controllers.AuthorsController (LibraryApp.Api).
2026-06-07 13:03:27.440 +03:00 [INF] Request starting HTTP/1.1 GET http://localhost:5112/api/categories - application/json null
2026-06-07 13:03:27.440 +03:00 [INF] Route matched with {action = "GetAll", controller = "Categories"}. Executing controller action with signature System.Threading.Tasks.Task`1[Microsoft.AspNetCore.Mvc.IActionResult] GetAll(System.Threading.CancellationToken) on controller LibraryApp.Api.Controllers.CategoriesController (LibraryApp.Api).
2026-06-07 13:03:27.440 +03:00 [INF] Request starting HTTP/1.1 GET http://localhost:5112/api/books/8 - application/json null
2026-06-07 13:03:27.440 +03:00 [INF] Route matched with {action = "GetById", controller = "Books"}. Executing controller action with signature System.Threading.Tasks.Task`1[Microsoft.AspNetCore.Mvc.IActionResult] GetById(Int32, System.Threading.CancellationToken) on controller BooksController (LibraryApp.Api).
2026-06-07 13:03:27.442 +03:00 [INF] Executing OkObjectResult, writing value of type 'System.Collections.Generic.List`1[[<>f__AnonymousType1`2[[System.Int32, System.Private.CoreLib, Version=8.0.0.0, Culture=neutral, PublicKeyToken=7cec85d7bea7798e],[System.String, System.Private.CoreLib, Version=8.0.0.0, Culture=neutral, PublicKeyToken=7cec85d7bea7798e]], LibraryApp.Api, Version=1.0.0.0, Culture=neutral, PublicKeyToken=null]]'.
2026-06-07 13:03:27.442 +03:00 [INF] Executing OkObjectResult, writing value of type 'System.Collections.Generic.List`1[[LibraryApp.Core.DTOs.AuthorDto, LibraryApp.Core, Version=1.0.0.0, Culture=neutral, PublicKeyToken=null]]'.
2026-06-07 13:03:27.442 +03:00 [INF] Executed action LibraryApp.Api.Controllers.AuthorsController.GetAll (LibraryApp.Api) in 2.1512ms
2026-06-07 13:03:27.442 +03:00 [INF] Executed action LibraryApp.Api.Controllers.CategoriesController.GetAll (LibraryApp.Api) in 1.8966ms
2026-06-07 13:03:27.442 +03:00 [INF] HTTP GET /api/categories responded 200 in 2.2079 ms
2026-06-07 13:03:27.442 +03:00 [INF] HTTP GET /api/authors responded 200 in 2.3957 ms
2026-06-07 13:03:27.442 +03:00 [INF] Request finished HTTP/1.1 GET http://localhost:5112/api/categories - 200 null application/json; charset=utf-8 2.498ms
2026-06-07 13:03:27.442 +03:00 [INF] Executing OkObjectResult, writing value of type 'BookDto'.
2026-06-07 13:03:27.442 +03:00 [INF] Request finished HTTP/1.1 GET http://localhost:5112/api/authors - 200 null application/json; charset=utf-8 3.0422ms
2026-06-07 13:03:27.442 +03:00 [INF] Executed action BooksController.GetById (LibraryApp.Api) in 2.1425ms
2026-06-07 13:03:27.442 +03:00 [INF] HTTP GET /api/books/8 responded 200 in 2.4585 ms
2026-06-07 13:03:27.443 +03:00 [INF] Request finished HTTP/1.1 GET http://localhost:5112/api/books/8 - 200 null application/json; charset=utf-8 2.6335ms
2026-06-07 13:03:28.241 +03:00 [INF] Request starting HTTP/1.1 OPTIONS http://localhost:5112/api/authors - null null
2026-06-07 13:03:28.241 +03:00 [INF] CORS policy execution successful.
2026-06-07 13:03:28.241 +03:00 [INF] HTTP OPTIONS /api/authors responded 204 in 0.1172 ms
2026-06-07 13:03:28.242 +03:00 [INF] Request finished HTTP/1.1 OPTIONS http://localhost:5112/api/authors - 204 null null 0.3485ms
2026-06-07 13:03:28.247 +03:00 [INF] Request starting HTTP/1.1 OPTIONS http://localhost:5112/api/categories - null null
2026-06-07 13:03:28.247 +03:00 [INF] CORS policy execution successful.
2026-06-07 13:03:28.247 +03:00 [INF] HTTP OPTIONS /api/categories responded 204 in 0.1477 ms
2026-06-07 13:03:28.247 +03:00 [INF] Request finished HTTP/1.1 OPTIONS http://localhost:5112/api/categories - 204 null null 0.3797ms
2026-06-07 13:03:28.248 +03:00 [INF] Request starting HTTP/1.1 OPTIONS http://localhost:5112/api/books/8 - null null
2026-06-07 13:03:28.248 +03:00 [INF] CORS policy execution successful.
2026-06-07 13:03:28.248 +03:00 [INF] HTTP OPTIONS /api/books/8 responded 204 in 0.0769 ms
2026-06-07 13:03:28.248 +03:00 [INF] Request finished HTTP/1.1 OPTIONS http://localhost:5112/api/books/8 - 204 null null 0.2893ms
2026-06-07 13:03:28.253 +03:00 [INF] Request starting HTTP/1.1 GET http://localhost:5112/api/authors - application/json null
2026-06-07 13:03:28.253 +03:00 [INF] CORS policy execution successful.
2026-06-07 13:03:28.253 +03:00 [INF] Route matched with {action = "GetAll", controller = "Authors"}. Executing controller action with signature System.Threading.Tasks.Task`1[Microsoft.AspNetCore.Mvc.IActionResult] GetAll(System.Threading.CancellationToken) on controller LibraryApp.Api.Controllers.AuthorsController (LibraryApp.Api).
2026-06-07 13:03:28.258 +03:00 [INF] Request starting HTTP/1.1 GET http://localhost:5112/api/categories - application/json null
2026-06-07 13:03:28.258 +03:00 [INF] CORS policy execution successful.
2026-06-07 13:03:28.258 +03:00 [INF] Route matched with {action = "GetAll", controller = "Categories"}. Executing controller action with signature System.Threading.Tasks.Task`1[Microsoft.AspNetCore.Mvc.IActionResult] GetAll(System.Threading.CancellationToken) on controller LibraryApp.Api.Controllers.CategoriesController (LibraryApp.Api).
2026-06-07 13:03:28.264 +03:00 [INF] Executing OkObjectResult, writing value of type 'System.Collections.Generic.List`1[[LibraryApp.Core.DTOs.AuthorDto, LibraryApp.Core, Version=1.0.0.0, Culture=neutral, PublicKeyToken=null]]'.
2026-06-07 13:03:28.264 +03:00 [INF] Executed action LibraryApp.Api.Controllers.AuthorsController.GetAll (LibraryApp.Api) in 10.9747ms
2026-06-07 13:03:28.265 +03:00 [INF] HTTP GET /api/authors responded 200 in 11.4333 ms
2026-06-07 13:03:28.265 +03:00 [INF] Request finished HTTP/1.1 GET http://localhost:5112/api/authors - 200 null application/json; charset=utf-8 11.7054ms
2026-06-07 13:03:28.265 +03:00 [INF] Executing OkObjectResult, writing value of type 'System.Collections.Generic.List`1[[<>f__AnonymousType1`2[[System.Int32, System.Private.CoreLib, Version=8.0.0.0, Culture=neutral, PublicKeyToken=7cec85d7bea7798e],[System.String, System.Private.CoreLib, Version=8.0.0.0, Culture=neutral, PublicKeyToken=7cec85d7bea7798e]], LibraryApp.Api, Version=1.0.0.0, Culture=neutral, PublicKeyToken=null]]'.
2026-06-07 13:03:28.265 +03:00 [INF] Executed action LibraryApp.Api.Controllers.CategoriesController.GetAll (LibraryApp.Api) in 6.9344ms
2026-06-07 13:03:28.265 +03:00 [INF] HTTP GET /api/categories responded 200 in 7.2786 ms
2026-06-07 13:03:28.266 +03:00 [INF] Request finished HTTP/1.1 GET http://localhost:5112/api/categories - 200 null application/json; charset=utf-8 7.7473ms
2026-06-07 13:03:28.269 +03:00 [INF] Request starting HTTP/1.1 GET http://localhost:5112/api/books/8 - application/json null
2026-06-07 13:03:28.269 +03:00 [INF] CORS policy execution successful.
2026-06-07 13:03:28.269 +03:00 [INF] Route matched with {action = "GetById", controller = "Books"}. Executing controller action with signature System.Threading.Tasks.Task`1[Microsoft.AspNetCore.Mvc.IActionResult] GetById(Int32, System.Threading.CancellationToken) on controller BooksController (LibraryApp.Api).
2026-06-07 13:03:28.274 +03:00 [INF] Executing OkObjectResult, writing value of type 'BookDto'.
2026-06-07 13:03:28.274 +03:00 [INF] Executed action BooksController.GetById (LibraryApp.Api) in 4.9522ms
2026-06-07 13:03:28.274 +03:00 [INF] HTTP GET /api/books/8 responded 200 in 5.4475 ms
2026-06-07 13:03:28.274 +03:00 [INF] Request finished HTTP/1.1 GET http://localhost:5112/api/books/8 - 200 null application/json; charset=utf-8 5.6857ms
2026-06-07 13:03:46.517 +03:00 [INF] Request starting HTTP/1.1 GET http://localhost:5112/api/loans/active - application/json null
2026-06-07 13:03:46.518 +03:00 [INF] Route matched with {action = "GetActive", controller = "Loans"}. Executing controller action with signature System.Threading.Tasks.Task`1[Microsoft.AspNetCore.Mvc.IActionResult] GetActive(System.Threading.CancellationToken) on controller LibraryApp.Api.Controllers.LoansController (LibraryApp.Api).
2026-06-07 13:03:46.522 +03:00 [INF] Executing OkObjectResult, writing value of type 'System.Collections.Generic.List`1[[LibraryApp.Core.DTOs.ActiveLoanDto, LibraryApp.Core, Version=1.0.0.0, Culture=neutral, PublicKeyToken=null]]'.
2026-06-07 13:03:46.523 +03:00 [INF] Executed action LibraryApp.Api.Controllers.LoansController.GetActive (LibraryApp.Api) in 4.1881ms
2026-06-07 13:03:46.523 +03:00 [INF] HTTP GET /api/loans/active responded 200 in 5.3394 ms
2026-06-07 13:03:46.523 +03:00 [INF] Request finished HTTP/1.1 GET http://localhost:5112/api/loans/active - 200 null application/json; charset=utf-8 6.6557ms
2026-06-07 13:03:46.527 +03:00 [INF] Request starting HTTP/1.1 GET http://localhost:5112/api/books?page=1&pageSize=20 - application/json null
2026-06-07 13:03:46.528 +03:00 [INF] Route matched with {action = "Search", controller = "Books"}. Executing controller action with signature System.Threading.Tasks.Task`1[Microsoft.AspNetCore.Mvc.IActionResult] Search(BookSearchQuery, System.Threading.CancellationToken) on controller BooksController (LibraryApp.Api).
2026-06-07 13:03:46.533 +03:00 [INF] Executing OkObjectResult, writing value of type 'PagedResult`1[[BookDto, LibraryApp.Core, Version=1.0.0.0, Culture=neutral, PublicKeyToken=null]]'.
2026-06-07 13:03:46.534 +03:00 [INF] Executed action BooksController.Search (LibraryApp.Api) in 5.7594ms
2026-06-07 13:03:46.534 +03:00 [INF] HTTP GET /api/books responded 200 in 6.0654 ms
2026-06-07 13:03:46.534 +03:00 [INF] Request finished HTTP/1.1 GET http://localhost:5112/api/books?page=1&pageSize=20 - 200 null application/json; charset=utf-8 6.3458ms
2026-06-07 13:04:04.789 +03:00 [INF] Request starting HTTP/1.1 GET http://localhost:5112/api/authors - application/json null
2026-06-07 13:04:04.789 +03:00 [INF] Route matched with {action = "GetAll", controller = "Authors"}. Executing controller action with signature System.Threading.Tasks.Task`1[Microsoft.AspNetCore.Mvc.IActionResult] GetAll(System.Threading.CancellationToken) on controller LibraryApp.Api.Controllers.AuthorsController (LibraryApp.Api).
2026-06-07 13:04:04.790 +03:00 [INF] Request starting HTTP/1.1 GET http://localhost:5112/api/categories - application/json null
2026-06-07 13:04:04.790 +03:00 [INF] Route matched with {action = "GetAll", controller = "Categories"}. Executing controller action with signature System.Threading.Tasks.Task`1[Microsoft.AspNetCore.Mvc.IActionResult] GetAll(System.Threading.CancellationToken) on controller LibraryApp.Api.Controllers.CategoriesController (LibraryApp.Api).
2026-06-07 13:04:04.791 +03:00 [INF] Request starting HTTP/1.1 GET http://localhost:5112/api/books/8 - application/json null
2026-06-07 13:04:04.791 +03:00 [INF] Route matched with {action = "GetById", controller = "Books"}. Executing controller action with signature System.Threading.Tasks.Task`1[Microsoft.AspNetCore.Mvc.IActionResult] GetById(Int32, System.Threading.CancellationToken) on controller BooksController (LibraryApp.Api).
2026-06-07 13:04:04.792 +03:00 [INF] Executing OkObjectResult, writing value of type 'System.Collections.Generic.List`1[[<>f__AnonymousType1`2[[System.Int32, System.Private.CoreLib, Version=8.0.0.0, Culture=neutral, PublicKeyToken=7cec85d7bea7798e],[System.String, System.Private.CoreLib, Version=8.0.0.0, Culture=neutral, PublicKeyToken=7cec85d7bea7798e]], LibraryApp.Api, Version=1.0.0.0, Culture=neutral, PublicKeyToken=null]]'.
2026-06-07 13:04:04.792 +03:00 [INF] Executing OkObjectResult, writing value of type 'System.Collections.Generic.List`1[[LibraryApp.Core.DTOs.AuthorDto, LibraryApp.Core, Version=1.0.0.0, Culture=neutral, PublicKeyToken=null]]'.
2026-06-07 13:04:04.792 +03:00 [INF] Executed action LibraryApp.Api.Controllers.AuthorsController.GetAll (LibraryApp.Api) in 2.7012ms
2026-06-07 13:04:04.792 +03:00 [INF] Executed action LibraryApp.Api.Controllers.CategoriesController.GetAll (LibraryApp.Api) in 2.1207ms
2026-06-07 13:04:04.792 +03:00 [INF] HTTP GET /api/authors responded 200 in 3.3495 ms
2026-06-07 13:04:04.792 +03:00 [INF] HTTP GET /api/categories responded 200 in 2.4287 ms
2026-06-07 13:04:04.793 +03:00 [INF] Request finished HTTP/1.1 GET http://localhost:5112/api/categories - 200 null application/json; charset=utf-8 2.6644ms
2026-06-07 13:04:04.793 +03:00 [INF] Request finished HTTP/1.1 GET http://localhost:5112/api/authors - 200 null application/json; charset=utf-8 3.6774ms
2026-06-07 13:04:04.794 +03:00 [INF] Executing OkObjectResult, writing value of type 'BookDto'.
2026-06-07 13:04:04.794 +03:00 [INF] Executed action BooksController.GetById (LibraryApp.Api) in 2.6692ms
2026-06-07 13:04:04.794 +03:00 [INF] HTTP GET /api/books/8 responded 200 in 2.9116 ms
2026-06-07 13:04:04.794 +03:00 [INF] Request finished HTTP/1.1 GET http://localhost:5112/api/books/8 - 200 null application/json; charset=utf-8 3.2415ms
2026-06-07 13:04:05.652 +03:00 [INF] Request starting HTTP/1.1 OPTIONS http://localhost:5112/api/authors - null null
2026-06-07 13:04:05.652 +03:00 [INF] CORS policy execution successful.
2026-06-07 13:04:05.652 +03:00 [INF] HTTP OPTIONS /api/authors responded 204 in 0.2458 ms
2026-06-07 13:04:05.653 +03:00 [INF] Request finished HTTP/1.1 OPTIONS http://localhost:5112/api/authors - 204 null null 0.6218ms
2026-06-07 13:04:05.654 +03:00 [INF] Request starting HTTP/1.1 OPTIONS http://localhost:5112/api/categories - null null
2026-06-07 13:04:05.654 +03:00 [INF] CORS policy execution successful.
2026-06-07 13:04:05.654 +03:00 [INF] Request starting HTTP/1.1 OPTIONS http://localhost:5112/api/books/8 - null null
2026-06-07 13:04:05.655 +03:00 [INF] CORS policy execution successful.
2026-06-07 13:04:05.655 +03:00 [INF] HTTP OPTIONS /api/categories responded 204 in 0.5860 ms
2026-06-07 13:04:05.655 +03:00 [INF] Request finished HTTP/1.1 OPTIONS http://localhost:5112/api/categories - 204 null null 0.9867ms
2026-06-07 13:04:05.655 +03:00 [INF] HTTP OPTIONS /api/books/8 responded 204 in 0.3603 ms
2026-06-07 13:04:05.655 +03:00 [INF] Request finished HTTP/1.1 OPTIONS http://localhost:5112/api/books/8 - 204 null null 1.1047ms
2026-06-07 13:04:05.661 +03:00 [INF] Request starting HTTP/1.1 GET http://localhost:5112/api/authors - application/json null
2026-06-07 13:04:05.661 +03:00 [INF] CORS policy execution successful.
2026-06-07 13:04:05.661 +03:00 [INF] Route matched with {action = "GetAll", controller = "Authors"}. Executing controller action with signature System.Threading.Tasks.Task`1[Microsoft.AspNetCore.Mvc.IActionResult] GetAll(System.Threading.CancellationToken) on controller LibraryApp.Api.Controllers.AuthorsController (LibraryApp.Api).
2026-06-07 13:04:05.671 +03:00 [INF] Executing OkObjectResult, writing value of type 'System.Collections.Generic.List`1[[LibraryApp.Core.DTOs.AuthorDto, LibraryApp.Core, Version=1.0.0.0, Culture=neutral, PublicKeyToken=null]]'.
2026-06-07 13:04:05.671 +03:00 [INF] Executed action LibraryApp.Api.Controllers.AuthorsController.GetAll (LibraryApp.Api) in 9.8475ms
2026-06-07 13:04:05.671 +03:00 [INF] HTTP GET /api/authors responded 200 in 10.3592 ms
2026-06-07 13:04:05.671 +03:00 [INF] Request finished HTTP/1.1 GET http://localhost:5112/api/authors - 200 null application/json; charset=utf-8 10.6022ms
2026-06-07 13:04:05.678 +03:00 [INF] Request starting HTTP/1.1 GET http://localhost:5112/api/categories - application/json null
2026-06-07 13:04:05.685 +03:00 [INF] CORS policy execution successful.
2026-06-07 13:04:05.686 +03:00 [INF] Route matched with {action = "GetAll", controller = "Categories"}. Executing controller action with signature System.Threading.Tasks.Task`1[Microsoft.AspNetCore.Mvc.IActionResult] GetAll(System.Threading.CancellationToken) on controller LibraryApp.Api.Controllers.CategoriesController (LibraryApp.Api).
2026-06-07 13:04:05.687 +03:00 [INF] Request starting HTTP/1.1 GET http://localhost:5112/api/books/8 - application/json null
2026-06-07 13:04:05.687 +03:00 [INF] CORS policy execution successful.
2026-06-07 13:04:05.687 +03:00 [INF] Route matched with {action = "GetById", controller = "Books"}. Executing controller action with signature System.Threading.Tasks.Task`1[Microsoft.AspNetCore.Mvc.IActionResult] GetById(Int32, System.Threading.CancellationToken) on controller BooksController (LibraryApp.Api).
2026-06-07 13:04:05.690 +03:00 [INF] Executing OkObjectResult, writing value of type 'System.Collections.Generic.List`1[[<>f__AnonymousType1`2[[System.Int32, System.Private.CoreLib, Version=8.0.0.0, Culture=neutral, PublicKeyToken=7cec85d7bea7798e],[System.String, System.Private.CoreLib, Version=8.0.0.0, Culture=neutral, PublicKeyToken=7cec85d7bea7798e]], LibraryApp.Api, Version=1.0.0.0, Culture=neutral, PublicKeyToken=null]]'.
2026-06-07 13:04:05.690 +03:00 [INF] Executed action LibraryApp.Api.Controllers.CategoriesController.GetAll (LibraryApp.Api) in 4.2468ms
2026-06-07 13:04:05.690 +03:00 [INF] HTTP GET /api/categories responded 200 in 5.5221 ms
2026-06-07 13:04:05.691 +03:00 [INF] Request finished HTTP/1.1 GET http://localhost:5112/api/categories - 200 null application/json; charset=utf-8 13.1618ms
2026-06-07 13:04:05.691 +03:00 [INF] Executing OkObjectResult, writing value of type 'BookDto'.
2026-06-07 13:04:05.691 +03:00 [INF] Executed action BooksController.GetById (LibraryApp.Api) in 3.7163ms
2026-06-07 13:04:05.691 +03:00 [INF] HTTP GET /api/books/8 responded 200 in 4.1021 ms
2026-06-07 13:04:05.692 +03:00 [INF] Request finished HTTP/1.1 GET http://localhost:5112/api/books/8 - 200 null application/json; charset=utf-8 4.6082ms
2026-06-07 13:04:11.144 +03:00 [INF] Request starting HTTP/1.1 OPTIONS http://localhost:5112/api/books/8 - null null
2026-06-07 13:04:11.144 +03:00 [INF] CORS policy execution successful.
2026-06-07 13:04:11.144 +03:00 [INF] HTTP OPTIONS /api/books/8 responded 204 in 0.1591 ms
2026-06-07 13:04:11.144 +03:00 [INF] Request finished HTTP/1.1 OPTIONS http://localhost:5112/api/books/8 - 204 null null 0.5124ms
2026-06-07 13:04:11.152 +03:00 [INF] Request starting HTTP/1.1 PUT http://localhost:5112/api/books/8 - application/json 171
2026-06-07 13:04:11.152 +03:00 [INF] CORS policy execution successful.
2026-06-07 13:04:11.159 +03:00 [INF] Route matched with {action = "Update", controller = "Books"}. Executing controller action with signature System.Threading.Tasks.Task`1[Microsoft.AspNetCore.Mvc.IActionResult] Update(Int32, UpdateBookCommand, System.Threading.CancellationToken) on controller BooksController (LibraryApp.Api).
2026-06-07 13:04:11.238 +03:00 [INF] Book 8 updated via raw SQL: 2 authors, 1 categories
2026-06-07 13:04:11.240 +03:00 [INF] Book 8 'Dignissimos labore in fugit itaque et ab sunt dolor' updated via raw SQL. Authors: [1, 3]. Categories: [5].
2026-06-07 13:04:11.242 +03:00 [INF] Executing OkObjectResult, writing value of type 'BookDto'.
2026-06-07 13:04:11.242 +03:00 [INF] Executed action BooksController.Update (LibraryApp.Api) in 83.1574ms
2026-06-07 13:04:11.242 +03:00 [INF] HTTP PUT /api/books/8 responded 200 in 90.2492 ms
2026-06-07 13:04:11.242 +03:00 [INF] Request finished HTTP/1.1 PUT http://localhost:5112/api/books/8 - 200 null application/json; charset=utf-8 90.6388ms
2026-06-07 13:04:11.287 +03:00 [INF] Request starting HTTP/1.1 OPTIONS http://localhost:5112/api/books/8 - null null
2026-06-07 13:04:11.288 +03:00 [INF] CORS policy execution successful.
2026-06-07 13:04:11.288 +03:00 [INF] HTTP OPTIONS /api/books/8 responded 204 in 0.1174 ms
2026-06-07 13:04:11.288 +03:00 [INF] Request finished HTTP/1.1 OPTIONS http://localhost:5112/api/books/8 - 204 null null 0.359ms
2026-06-07 13:04:11.300 +03:00 [INF] Request starting HTTP/1.1 GET http://localhost:5112/api/books/8 - application/json null
2026-06-07 13:04:11.300 +03:00 [INF] CORS policy execution successful.
2026-06-07 13:04:11.300 +03:00 [INF] Route matched with {action = "GetById", controller = "Books"}. Executing controller action with signature System.Threading.Tasks.Task`1[Microsoft.AspNetCore.Mvc.IActionResult] GetById(Int32, System.Threading.CancellationToken) on controller BooksController (LibraryApp.Api).
2026-06-07 13:04:11.304 +03:00 [INF] Executing OkObjectResult, writing value of type 'BookDto'.
2026-06-07 13:04:11.305 +03:00 [INF] Executed action BooksController.GetById (LibraryApp.Api) in 4.77ms
2026-06-07 13:04:11.305 +03:00 [INF] HTTP GET /api/books/8 responded 200 in 5.0925 ms
2026-06-07 13:04:11.305 +03:00 [INF] Request finished HTTP/1.1 GET http://localhost:5112/api/books/8 - 200 null application/json; charset=utf-8 5.3854ms
2026-06-07 13:04:13.251 +03:00 [INF] Request starting HTTP/1.1 OPTIONS http://localhost:5112/api/authors - null null
2026-06-07 13:04:13.251 +03:00 [INF] CORS policy execution successful.
2026-06-07 13:04:13.251 +03:00 [INF] HTTP OPTIONS /api/authors responded 204 in 0.0992 ms
2026-06-07 13:04:13.252 +03:00 [INF] Request finished HTTP/1.1 OPTIONS http://localhost:5112/api/authors - 204 null null 0.4501ms
2026-06-07 13:04:13.252 +03:00 [INF] Request starting HTTP/1.1 OPTIONS http://localhost:5112/api/categories - null null
2026-06-07 13:04:13.252 +03:00 [INF] CORS policy execution successful.
2026-06-07 13:04:13.252 +03:00 [INF] HTTP OPTIONS /api/categories responded 204 in 0.1612 ms
2026-06-07 13:04:13.252 +03:00 [INF] Request finished HTTP/1.1 OPTIONS http://localhost:5112/api/categories - 204 null null 0.3887ms
2026-06-07 13:04:13.253 +03:00 [INF] Request starting HTTP/1.1 OPTIONS http://localhost:5112/api/books/8 - null null
2026-06-07 13:04:13.253 +03:00 [INF] CORS policy execution successful.
2026-06-07 13:04:13.253 +03:00 [INF] HTTP OPTIONS /api/books/8 responded 204 in 0.1081 ms
2026-06-07 13:04:13.253 +03:00 [INF] Request finished HTTP/1.1 OPTIONS http://localhost:5112/api/books/8 - 204 null null 0.3653ms
2026-06-07 13:04:13.263 +03:00 [INF] Request starting HTTP/1.1 GET http://localhost:5112/api/categories - application/json null
2026-06-07 13:04:13.263 +03:00 [INF] Request starting HTTP/1.1 GET http://localhost:5112/api/authors - application/json null
2026-06-07 13:04:13.263 +03:00 [INF] Request starting HTTP/1.1 GET http://localhost:5112/api/books/8 - application/json null
2026-06-07 13:04:13.263 +03:00 [INF] CORS policy execution successful.
2026-06-07 13:04:13.263 +03:00 [INF] CORS policy execution successful.
2026-06-07 13:04:13.264 +03:00 [INF] Route matched with {action = "GetAll", controller = "Categories"}. Executing controller action with signature System.Threading.Tasks.Task`1[Microsoft.AspNetCore.Mvc.IActionResult] GetAll(System.Threading.CancellationToken) on controller LibraryApp.Api.Controllers.CategoriesController (LibraryApp.Api).
2026-06-07 13:04:13.264 +03:00 [INF] Route matched with {action = "GetAll", controller = "Authors"}. Executing controller action with signature System.Threading.Tasks.Task`1[Microsoft.AspNetCore.Mvc.IActionResult] GetAll(System.Threading.CancellationToken) on controller LibraryApp.Api.Controllers.AuthorsController (LibraryApp.Api).
2026-06-07 13:04:13.264 +03:00 [INF] CORS policy execution successful.
2026-06-07 13:04:13.264 +03:00 [INF] Route matched with {action = "GetById", controller = "Books"}. Executing controller action with signature System.Threading.Tasks.Task`1[Microsoft.AspNetCore.Mvc.IActionResult] GetById(Int32, System.Threading.CancellationToken) on controller BooksController (LibraryApp.Api).
2026-06-07 13:04:13.266 +03:00 [INF] Executing OkObjectResult, writing value of type 'System.Collections.Generic.List`1[[<>f__AnonymousType1`2[[System.Int32, System.Private.CoreLib, Version=8.0.0.0, Culture=neutral, PublicKeyToken=7cec85d7bea7798e],[System.String, System.Private.CoreLib, Version=8.0.0.0, Culture=neutral, PublicKeyToken=7cec85d7bea7798e]], LibraryApp.Api, Version=1.0.0.0, Culture=neutral, PublicKeyToken=null]]'.
2026-06-07 13:04:13.266 +03:00 [INF] Executed action LibraryApp.Api.Controllers.CategoriesController.GetAll (LibraryApp.Api) in 2.5431ms
2026-06-07 13:04:13.266 +03:00 [INF] HTTP GET /api/categories responded 200 in 2.9262 ms
2026-06-07 13:04:13.266 +03:00 [INF] Request finished HTTP/1.1 GET http://localhost:5112/api/categories - 200 null application/json; charset=utf-8 3.2143ms
2026-06-07 13:04:13.267 +03:00 [INF] Executing OkObjectResult, writing value of type 'System.Collections.Generic.List`1[[LibraryApp.Core.DTOs.AuthorDto, LibraryApp.Core, Version=1.0.0.0, Culture=neutral, PublicKeyToken=null]]'.
2026-06-07 13:04:13.267 +03:00 [INF] Executed action LibraryApp.Api.Controllers.AuthorsController.GetAll (LibraryApp.Api) in 3.4172ms
2026-06-07 13:04:13.267 +03:00 [INF] HTTP GET /api/authors responded 200 in 3.8713 ms
2026-06-07 13:04:13.268 +03:00 [INF] Request finished HTTP/1.1 GET http://localhost:5112/api/authors - 200 null application/json; charset=utf-8 4.3767ms
2026-06-07 13:04:13.269 +03:00 [INF] Executing OkObjectResult, writing value of type 'BookDto'.
2026-06-07 13:04:13.270 +03:00 [INF] Executed action BooksController.GetById (LibraryApp.Api) in 4.944ms
2026-06-07 13:04:13.270 +03:00 [INF] HTTP GET /api/books/8 responded 200 in 5.9681 ms
2026-06-07 13:04:13.270 +03:00 [INF] Request finished HTTP/1.1 GET http://localhost:5112/api/books/8 - 200 null application/json; charset=utf-8 6.4341ms
2026-06-07 13:04:16.413 +03:00 [INF] Request starting HTTP/1.1 OPTIONS http://localhost:5112/api/books?page=1&pageSize=20 - null null
2026-06-07 13:04:16.413 +03:00 [INF] CORS policy execution successful.
2026-06-07 13:04:16.414 +03:00 [INF] HTTP OPTIONS /api/books responded 204 in 0.1368 ms
2026-06-07 13:04:16.414 +03:00 [INF] Request finished HTTP/1.1 OPTIONS http://localhost:5112/api/books?page=1&pageSize=20 - 204 null null 0.4646ms
2026-06-07 13:04:16.420 +03:00 [INF] Request starting HTTP/1.1 GET http://localhost:5112/api/books?page=1&pageSize=20 - application/json null
2026-06-07 13:04:16.420 +03:00 [INF] CORS policy execution successful.
2026-06-07 13:04:16.421 +03:00 [INF] Route matched with {action = "Search", controller = "Books"}. Executing controller action with signature System.Threading.Tasks.Task`1[Microsoft.AspNetCore.Mvc.IActionResult] Search(BookSearchQuery, System.Threading.CancellationToken) on controller BooksController (LibraryApp.Api).
2026-06-07 13:04:16.426 +03:00 [INF] Executing OkObjectResult, writing value of type 'PagedResult`1[[BookDto, LibraryApp.Core, Version=1.0.0.0, Culture=neutral, PublicKeyToken=null]]'.
2026-06-07 13:04:16.426 +03:00 [INF] Executed action BooksController.Search (LibraryApp.Api) in 5.1775ms
2026-06-07 13:04:16.426 +03:00 [INF] HTTP GET /api/books responded 200 in 5.5852 ms
2026-06-07 13:04:16.426 +03:00 [INF] Request finished HTTP/1.1 GET http://localhost:5112/api/books?page=1&pageSize=20 - 200 null application/json; charset=utf-8 6.0569ms
2026-06-07 13:06:37.737 +03:00 [INF] Request starting HTTP/1.1 GET http://localhost:5112/api/Loans/export - null null
2026-06-07 13:06:37.743 +03:00 [INF] Route matched with {action = "Export", controller = "Loans"}. Executing controller action with signature System.Threading.Tasks.Task`1[Microsoft.AspNetCore.Mvc.IActionResult] Export(System.Threading.CancellationToken) on controller LibraryApp.Api.Controllers.LoansController (LibraryApp.Api).
2026-06-07 13:06:37.772 +03:00 [INF] Executing FileContentResult, sending file with download name 'loans-2026-06-07.csv' ...
2026-06-07 13:06:37.776 +03:00 [INF] Executed action LibraryApp.Api.Controllers.LoansController.Export (LibraryApp.Api) in 33.5689ms
2026-06-07 13:06:37.777 +03:00 [INF] HTTP GET /api/Loans/export responded 200 in 39.2311 ms
2026-06-07 13:06:37.777 +03:00 [INF] Request finished HTTP/1.1 GET http://localhost:5112/api/Loans/export - 200 454 text/csv 39.7689ms
2026-06-07 13:06:41.108 +03:00 [INF] Request starting HTTP/1.1 GET http://localhost:5112/api/Loans/export - null null
2026-06-07 13:06:41.109 +03:00 [INF] Route matched with {action = "Export", controller = "Loans"}. Executing controller action with signature System.Threading.Tasks.Task`1[Microsoft.AspNetCore.Mvc.IActionResult] Export(System.Threading.CancellationToken) on controller LibraryApp.Api.Controllers.LoansController (LibraryApp.Api).
2026-06-07 13:06:41.111 +03:00 [INF] Executing FileContentResult, sending file with download name 'loans-2026-06-07.csv' ...
2026-06-07 13:06:41.112 +03:00 [INF] Executed action LibraryApp.Api.Controllers.LoansController.Export (LibraryApp.Api) in 2.8909ms
2026-06-07 13:06:41.112 +03:00 [INF] HTTP GET /api/Loans/export responded 200 in 3.2098 ms
2026-06-07 13:06:41.112 +03:00 [INF] Request finished HTTP/1.1 GET http://localhost:5112/api/Loans/export - 200 454 text/csv 3.4805ms
2026-06-07 13:11:11.803 +03:00 [INF] Request starting HTTP/1.1 GET http://localhost:5112/api/loans/active - application/json null
2026-06-07 13:11:11.803 +03:00 [INF] Route matched with {action = "GetActive", controller = "Loans"}. Executing controller action with signature System.Threading.Tasks.Task`1[Microsoft.AspNetCore.Mvc.IActionResult] GetActive(System.Threading.CancellationToken) on controller LibraryApp.Api.Controllers.LoansController (LibraryApp.Api).
2026-06-07 13:11:11.813 +03:00 [INF] Request starting HTTP/1.1 GET http://localhost:5112/api/books?page=1&pageSize=20 - application/json null
2026-06-07 13:11:11.813 +03:00 [INF] Route matched with {action = "Search", controller = "Books"}. Executing controller action with signature System.Threading.Tasks.Task`1[Microsoft.AspNetCore.Mvc.IActionResult] Search(BookSearchQuery, System.Threading.CancellationToken) on controller BooksController (LibraryApp.Api).
2026-06-07 13:11:11.918 +03:00 [INF] Executing OkObjectResult, writing value of type 'System.Collections.Generic.List`1[[LibraryApp.Core.DTOs.ActiveLoanDto, LibraryApp.Core, Version=1.0.0.0, Culture=neutral, PublicKeyToken=null]]'.
2026-06-07 13:11:11.918 +03:00 [INF] Executed action LibraryApp.Api.Controllers.LoansController.GetActive (LibraryApp.Api) in 114.7917ms
2026-06-07 13:11:11.918 +03:00 [INF] HTTP GET /api/loans/active responded 200 in 115.0948 ms
2026-06-07 13:11:11.919 +03:00 [INF] Request finished HTTP/1.1 GET http://localhost:5112/api/loans/active - 200 null application/json; charset=utf-8 115.5029ms
2026-06-07 13:11:11.920 +03:00 [INF] Executing OkObjectResult, writing value of type 'PagedResult`1[[BookDto, LibraryApp.Core, Version=1.0.0.0, Culture=neutral, PublicKeyToken=null]]'.
2026-06-07 13:11:11.920 +03:00 [INF] Executed action BooksController.Search (LibraryApp.Api) in 106.9049ms
2026-06-07 13:11:11.920 +03:00 [INF] HTTP GET /api/books responded 200 in 107.1468 ms
2026-06-07 13:11:11.920 +03:00 [INF] Request finished HTTP/1.1 GET http://localhost:5112/api/books?page=1&pageSize=20 - 200 null application/json; charset=utf-8 107.4884ms
2026-06-07 13:13:28.816 +03:00 [INF] Request starting HTTP/1.1 GET http://localhost:5112/api/books?page=1&pageSize=20 - application/json null
2026-06-07 13:13:28.816 +03:00 [INF] Route matched with {action = "Search", controller = "Books"}. Executing controller action with signature System.Threading.Tasks.Task`1[Microsoft.AspNetCore.Mvc.IActionResult] Search(BookSearchQuery, System.Threading.CancellationToken) on controller BooksController (LibraryApp.Api).
2026-06-07 13:13:28.821 +03:00 [INF] Executing OkObjectResult, writing value of type 'PagedResult`1[[BookDto, LibraryApp.Core, Version=1.0.0.0, Culture=neutral, PublicKeyToken=null]]'.
2026-06-07 13:13:28.821 +03:00 [INF] Executed action BooksController.Search (LibraryApp.Api) in 4.7178ms
2026-06-07 13:13:28.821 +03:00 [INF] HTTP GET /api/books responded 200 in 4.9923 ms
2026-06-07 13:13:28.821 +03:00 [INF] Request finished HTTP/1.1 GET http://localhost:5112/api/books?page=1&pageSize=20 - 200 null application/json; charset=utf-8 5.2969ms
2026-06-07 13:13:29.829 +03:00 [INF] Request starting HTTP/1.1 OPTIONS http://localhost:5112/api/books?page=1&pageSize=20 - null null
2026-06-07 13:13:29.830 +03:00 [INF] CORS policy execution successful.
2026-06-07 13:13:29.832 +03:00 [INF] HTTP OPTIONS /api/books responded 204 in 1.5506 ms
2026-06-07 13:13:29.832 +03:00 [INF] Request finished HTTP/1.1 OPTIONS http://localhost:5112/api/books?page=1&pageSize=20 - 204 null null 3.0083ms
2026-06-07 13:13:29.857 +03:00 [INF] Request starting HTTP/1.1 GET http://localhost:5112/api/books?page=1&pageSize=20 - application/json null
2026-06-07 13:13:29.863 +03:00 [INF] CORS policy execution successful.
2026-06-07 13:13:29.863 +03:00 [INF] Route matched with {action = "Search", controller = "Books"}. Executing controller action with signature System.Threading.Tasks.Task`1[Microsoft.AspNetCore.Mvc.IActionResult] Search(BookSearchQuery, System.Threading.CancellationToken) on controller BooksController (LibraryApp.Api).
2026-06-07 13:13:29.870 +03:00 [INF] Executing OkObjectResult, writing value of type 'PagedResult`1[[BookDto, LibraryApp.Core, Version=1.0.0.0, Culture=neutral, PublicKeyToken=null]]'.
2026-06-07 13:13:29.870 +03:00 [INF] Executed action BooksController.Search (LibraryApp.Api) in 6.7133ms
2026-06-07 13:13:29.870 +03:00 [INF] HTTP GET /api/books responded 200 in 7.1490 ms
2026-06-07 13:13:29.870 +03:00 [INF] Request finished HTTP/1.1 GET http://localhost:5112/api/books?page=1&pageSize=20 - 200 null application/json; charset=utf-8 13.6986ms
2026-06-07 13:13:31.461 +03:00 [INF] Request starting HTTP/1.1 OPTIONS http://localhost:5112/api/loans/active - null null
2026-06-07 13:13:31.462 +03:00 [INF] CORS policy execution successful.
2026-06-07 13:13:31.462 +03:00 [INF] HTTP OPTIONS /api/loans/active responded 204 in 0.4037 ms
2026-06-07 13:13:31.462 +03:00 [INF] Request finished HTTP/1.1 OPTIONS http://localhost:5112/api/loans/active - 204 null null 0.9176ms
2026-06-07 13:13:31.486 +03:00 [INF] Request starting HTTP/1.1 OPTIONS http://localhost:5112/api/loans/active - null null
2026-06-07 13:13:31.486 +03:00 [INF] CORS policy execution successful.
2026-06-07 13:13:31.487 +03:00 [INF] HTTP OPTIONS /api/loans/active responded 204 in 0.5526 ms
2026-06-07 13:13:31.487 +03:00 [INF] Request finished HTTP/1.1 OPTIONS http://localhost:5112/api/loans/active - 204 null null 1.4229ms
2026-06-07 13:13:31.488 +03:00 [INF] Request starting HTTP/1.1 GET http://localhost:5112/api/loans/active - application/json null
2026-06-07 13:13:31.488 +03:00 [INF] CORS policy execution successful.
2026-06-07 13:13:31.488 +03:00 [INF] Route matched with {action = "GetActive", controller = "Loans"}. Executing controller action with signature System.Threading.Tasks.Task`1[Microsoft.AspNetCore.Mvc.IActionResult] GetActive(System.Threading.CancellationToken) on controller LibraryApp.Api.Controllers.LoansController (LibraryApp.Api).
2026-06-07 13:13:31.493 +03:00 [INF] Request starting HTTP/1.1 GET http://localhost:5112/api/loans/active - application/json null
2026-06-07 13:13:31.493 +03:00 [INF] CORS policy execution successful.
2026-06-07 13:13:31.494 +03:00 [INF] Route matched with {action = "GetActive", controller = "Loans"}. Executing controller action with signature System.Threading.Tasks.Task`1[Microsoft.AspNetCore.Mvc.IActionResult] GetActive(System.Threading.CancellationToken) on controller LibraryApp.Api.Controllers.LoansController (LibraryApp.Api).
2026-06-07 13:13:31.498 +03:00 [INF] Executing OkObjectResult, writing value of type 'System.Collections.Generic.List`1[[LibraryApp.Core.DTOs.ActiveLoanDto, LibraryApp.Core, Version=1.0.0.0, Culture=neutral, PublicKeyToken=null]]'.
2026-06-07 13:13:31.498 +03:00 [INF] Executed action LibraryApp.Api.Controllers.LoansController.GetActive (LibraryApp.Api) in 9.6281ms
2026-06-07 13:13:31.498 +03:00 [INF] HTTP GET /api/loans/active responded 200 in 10.0677 ms
2026-06-07 13:13:31.498 +03:00 [INF] Request finished HTTP/1.1 GET http://localhost:5112/api/loans/active - 200 null application/json; charset=utf-8 10.4177ms
2026-06-07 13:13:31.499 +03:00 [INF] Executing OkObjectResult, writing value of type 'System.Collections.Generic.List`1[[LibraryApp.Core.DTOs.ActiveLoanDto, LibraryApp.Core, Version=1.0.0.0, Culture=neutral, PublicKeyToken=null]]'.
2026-06-07 13:13:31.500 +03:00 [INF] Executed action LibraryApp.Api.Controllers.LoansController.GetActive (LibraryApp.Api) in 5.9574ms
2026-06-07 13:13:31.500 +03:00 [INF] HTTP GET /api/loans/active responded 200 in 6.6939 ms
2026-06-07 13:13:31.500 +03:00 [INF] Request finished HTTP/1.1 GET http://localhost:5112/api/loans/active - 200 null application/json; charset=utf-8 7.0514ms
2026-06-07 13:13:35.329 +03:00 [INF] Request starting HTTP/1.1 OPTIONS http://localhost:5112/api/loans/export - null null
2026-06-07 13:13:35.330 +03:00 [INF] CORS policy execution successful.
2026-06-07 13:13:35.330 +03:00 [INF] HTTP OPTIONS /api/loans/export responded 204 in 0.3276 ms
2026-06-07 13:13:35.331 +03:00 [INF] Request finished HTTP/1.1 OPTIONS http://localhost:5112/api/loans/export - 204 null null 1.2175ms
2026-06-07 13:13:35.337 +03:00 [INF] Request starting HTTP/1.1 GET http://localhost:5112/api/loans/export - application/json null
2026-06-07 13:13:35.337 +03:00 [INF] CORS policy execution successful.
2026-06-07 13:13:35.338 +03:00 [INF] Route matched with {action = "Export", controller = "Loans"}. Executing controller action with signature System.Threading.Tasks.Task`1[Microsoft.AspNetCore.Mvc.IActionResult] Export(System.Threading.CancellationToken) on controller LibraryApp.Api.Controllers.LoansController (LibraryApp.Api).
2026-06-07 13:13:35.358 +03:00 [INF] Executing FileContentResult, sending file with download name 'loans-2026-06-07.csv' ...
2026-06-07 13:13:35.358 +03:00 [INF] Executed action LibraryApp.Api.Controllers.LoansController.Export (LibraryApp.Api) in 20.4475ms
2026-06-07 13:13:35.359 +03:00 [INF] HTTP GET /api/loans/export responded 200 in 21.1493 ms
2026-06-07 13:13:35.359 +03:00 [INF] Request finished HTTP/1.1 GET http://localhost:5112/api/loans/export - 200 454 text/csv 21.8467ms
2026-06-07 13:13:38.521 +03:00 [INF] Request starting HTTP/1.1 GET http://localhost:5112/api/loans/export - null null
2026-06-07 13:13:38.522 +03:00 [INF] CORS policy execution successful.
2026-06-07 13:13:38.522 +03:00 [INF] Route matched with {action = "Export", controller = "Loans"}. Executing controller action with signature System.Threading.Tasks.Task`1[Microsoft.AspNetCore.Mvc.IActionResult] Export(System.Threading.CancellationToken) on controller LibraryApp.Api.Controllers.LoansController (LibraryApp.Api).
2026-06-07 13:13:38.528 +03:00 [INF] Executing FileContentResult, sending file with download name 'loans-2026-06-07.csv' ...
2026-06-07 13:13:38.528 +03:00 [INF] Executed action LibraryApp.Api.Controllers.LoansController.Export (LibraryApp.Api) in 5.7137ms
2026-06-07 13:13:38.528 +03:00 [INF] HTTP GET /api/loans/export responded 200 in 6.5566 ms
2026-06-07 13:13:38.529 +03:00 [INF] Request finished HTTP/1.1 GET http://localhost:5112/api/loans/export - 200 454 text/csv 7.279ms
2026-06-07 13:13:42.799 +03:00 [INF] Request starting HTTP/1.1 GET http://localhost:5112/api/loans/active - application/json null
2026-06-07 13:13:42.799 +03:00 [INF] Route matched with {action = "GetActive", controller = "Loans"}. Executing controller action with signature System.Threading.Tasks.Task`1[Microsoft.AspNetCore.Mvc.IActionResult] GetActive(System.Threading.CancellationToken) on controller LibraryApp.Api.Controllers.LoansController (LibraryApp.Api).
2026-06-07 13:13:42.802 +03:00 [INF] Executing OkObjectResult, writing value of type 'System.Collections.Generic.List`1[[LibraryApp.Core.DTOs.ActiveLoanDto, LibraryApp.Core, Version=1.0.0.0, Culture=neutral, PublicKeyToken=null]]'.
2026-06-07 13:13:42.803 +03:00 [INF] Executed action LibraryApp.Api.Controllers.LoansController.GetActive (LibraryApp.Api) in 2.9356ms
2026-06-07 13:13:42.803 +03:00 [INF] HTTP GET /api/loans/active responded 200 in 3.1525 ms
2026-06-07 13:13:42.803 +03:00 [INF] Request finished HTTP/1.1 GET http://localhost:5112/api/loans/active - 200 null application/json; charset=utf-8 3.4585ms
2026-06-07 13:13:43.618 +03:00 [INF] Request starting HTTP/1.1 OPTIONS http://localhost:5112/api/loans/active - null null
2026-06-07 13:13:43.626 +03:00 [INF] CORS policy execution successful.
2026-06-07 13:13:43.626 +03:00 [INF] HTTP OPTIONS /api/loans/active responded 204 in 0.7614 ms
2026-06-07 13:13:43.627 +03:00 [INF] Request finished HTTP/1.1 OPTIONS http://localhost:5112/api/loans/active - 204 null null 8.9369ms
2026-06-07 13:13:43.632 +03:00 [INF] Request starting HTTP/1.1 GET http://localhost:5112/api/loans/active - application/json null
2026-06-07 13:13:43.633 +03:00 [INF] CORS policy execution successful.
2026-06-07 13:13:43.640 +03:00 [INF] Route matched with {action = "GetActive", controller = "Loans"}. Executing controller action with signature System.Threading.Tasks.Task`1[Microsoft.AspNetCore.Mvc.IActionResult] GetActive(System.Threading.CancellationToken) on controller LibraryApp.Api.Controllers.LoansController (LibraryApp.Api).
2026-06-07 13:13:43.643 +03:00 [INF] Executing OkObjectResult, writing value of type 'System.Collections.Generic.List`1[[LibraryApp.Core.DTOs.ActiveLoanDto, LibraryApp.Core, Version=1.0.0.0, Culture=neutral, PublicKeyToken=null]]'.
2026-06-07 13:13:43.643 +03:00 [INF] Executed action LibraryApp.Api.Controllers.LoansController.GetActive (LibraryApp.Api) in 2.5516ms
2026-06-07 13:13:43.643 +03:00 [INF] HTTP GET /api/loans/active responded 200 in 9.9684 ms
2026-06-07 13:13:43.643 +03:00 [INF] Request finished HTTP/1.1 GET http://localhost:5112/api/loans/active - 200 null application/json; charset=utf-8 10.604ms
2026-06-07 13:13:43.647 +03:00 [INF] Request starting HTTP/1.1 OPTIONS http://localhost:5112/api/loans/active - null null
2026-06-07 13:13:43.647 +03:00 [INF] CORS policy execution successful.
2026-06-07 13:13:43.648 +03:00 [INF] HTTP OPTIONS /api/loans/active responded 204 in 0.1430 ms
2026-06-07 13:13:43.648 +03:00 [INF] Request finished HTTP/1.1 OPTIONS http://localhost:5112/api/loans/active - 204 null null 0.5256ms
2026-06-07 13:13:43.655 +03:00 [INF] Request starting HTTP/1.1 GET http://localhost:5112/api/loans/active - application/json null
2026-06-07 13:13:43.655 +03:00 [INF] CORS policy execution successful.
2026-06-07 13:13:43.655 +03:00 [INF] Route matched with {action = "GetActive", controller = "Loans"}. Executing controller action with signature System.Threading.Tasks.Task`1[Microsoft.AspNetCore.Mvc.IActionResult] GetActive(System.Threading.CancellationToken) on controller LibraryApp.Api.Controllers.LoansController (LibraryApp.Api).
2026-06-07 13:13:43.659 +03:00 [INF] Executing OkObjectResult, writing value of type 'System.Collections.Generic.List`1[[LibraryApp.Core.DTOs.ActiveLoanDto, LibraryApp.Core, Version=1.0.0.0, Culture=neutral, PublicKeyToken=null]]'.
2026-06-07 13:13:43.660 +03:00 [INF] Executed action LibraryApp.Api.Controllers.LoansController.GetActive (LibraryApp.Api) in 4.5344ms
2026-06-07 13:13:43.660 +03:00 [INF] HTTP GET /api/loans/active responded 200 in 5.0167 ms
2026-06-07 13:13:43.660 +03:00 [INF] Request finished HTTP/1.1 GET http://localhost:5112/api/loans/active - 200 null application/json; charset=utf-8 5.5783ms
2026-06-07 13:14:00.010 +03:00 [INF] Request starting HTTP/1.1 OPTIONS http://localhost:5112/api/loans/3/return - null null
2026-06-07 13:14:00.010 +03:00 [INF] CORS policy execution successful.
2026-06-07 13:14:00.010 +03:00 [INF] HTTP OPTIONS /api/loans/3/return responded 204 in 0.0813 ms
2026-06-07 13:14:00.010 +03:00 [INF] Request finished HTTP/1.1 OPTIONS http://localhost:5112/api/loans/3/return - 204 null null 0.446ms
2026-06-07 13:14:00.023 +03:00 [INF] Request starting HTTP/1.1 PATCH http://localhost:5112/api/loans/3/return - application/json 2
2026-06-07 13:14:00.023 +03:00 [INF] CORS policy execution successful.
2026-06-07 13:14:00.029 +03:00 [INF] Route matched with {action = "Return", controller = "Loans"}. Executing controller action with signature System.Threading.Tasks.Task`1[Microsoft.AspNetCore.Mvc.IActionResult] Return(Int32, System.Threading.CancellationToken) on controller LibraryApp.Api.Controllers.LoansController (LibraryApp.Api).
2026-06-07 13:14:00.101 +03:00 [WRN] Savepoints are disabled because Multiple Active Result Sets (MARS) is enabled. If 'SaveChanges' fails, then the transaction cannot be automatically rolled back to a known clean state. Instead, the transaction should be rolled back by the application before retrying 'SaveChanges'. See https://go.microsoft.com/fwlink/?linkid=2149338 for more information and examples. To identify the code which triggers this warning, call 'ConfigureWarnings(w => w.Throw(SqlServerEventId.SavepointsDisabledBecauseOfMARS))'.
2026-06-07 13:14:00.111 +03:00 [INF] Loan 3 returned. Fine charged: ¤0.00
2026-06-07 13:14:00.114 +03:00 [INF] Executing StatusCodeResult, setting HTTP status code 204
2026-06-07 13:14:00.114 +03:00 [INF] Executed action LibraryApp.Api.Controllers.LoansController.Return (LibraryApp.Api) in 85.3736ms
2026-06-07 13:14:00.115 +03:00 [INF] HTTP PATCH /api/loans/3/return responded 204 in 91.5159 ms
2026-06-07 13:14:00.115 +03:00 [INF] Request finished HTTP/1.1 PATCH http://localhost:5112/api/loans/3/return - 204 null null 92.2504ms
2026-06-07 13:14:00.125 +03:00 [INF] Request starting HTTP/1.1 OPTIONS http://localhost:5112/api/loans/active - null null
2026-06-07 13:14:00.125 +03:00 [INF] CORS policy execution successful.
2026-06-07 13:14:00.125 +03:00 [INF] HTTP OPTIONS /api/loans/active responded 204 in 0.0788 ms
2026-06-07 13:14:00.126 +03:00 [INF] Request finished HTTP/1.1 OPTIONS http://localhost:5112/api/loans/active - 204 null null 0.3949ms
2026-06-07 13:14:00.130 +03:00 [INF] Request starting HTTP/1.1 GET http://localhost:5112/api/loans/active - application/json null
2026-06-07 13:14:00.131 +03:00 [INF] CORS policy execution successful.
2026-06-07 13:14:00.131 +03:00 [INF] Route matched with {action = "GetActive", controller = "Loans"}. Executing controller action with signature System.Threading.Tasks.Task`1[Microsoft.AspNetCore.Mvc.IActionResult] GetActive(System.Threading.CancellationToken) on controller LibraryApp.Api.Controllers.LoansController (LibraryApp.Api).
2026-06-07 13:14:00.133 +03:00 [INF] Executing OkObjectResult, writing value of type 'System.Collections.Generic.List`1[[LibraryApp.Core.DTOs.ActiveLoanDto, LibraryApp.Core, Version=1.0.0.0, Culture=neutral, PublicKeyToken=null]]'.
2026-06-07 13:14:00.134 +03:00 [INF] Executed action LibraryApp.Api.Controllers.LoansController.GetActive (LibraryApp.Api) in 3.2343ms
2026-06-07 13:14:00.134 +03:00 [INF] HTTP GET /api/loans/active responded 200 in 3.5535 ms
2026-06-07 13:14:00.134 +03:00 [INF] Request finished HTTP/1.1 GET http://localhost:5112/api/loans/active - 200 null application/json; charset=utf-8 3.8327ms
2026-06-07 13:14:01.011 +03:00 [INF] Request starting HTTP/1.1 OPTIONS http://localhost:5112/api/loans/export - null null
2026-06-07 13:14:01.011 +03:00 [INF] CORS policy execution successful.
2026-06-07 13:14:01.011 +03:00 [INF] HTTP OPTIONS /api/loans/export responded 204 in 0.0912 ms
2026-06-07 13:14:01.011 +03:00 [INF] Request finished HTTP/1.1 OPTIONS http://localhost:5112/api/loans/export - 204 null null 0.4034ms
2026-06-07 13:14:01.016 +03:00 [INF] Request starting HTTP/1.1 GET http://localhost:5112/api/loans/export - application/json null
2026-06-07 13:14:01.016 +03:00 [INF] CORS policy execution successful.
2026-06-07 13:14:01.016 +03:00 [INF] Route matched with {action = "Export", controller = "Loans"}. Executing controller action with signature System.Threading.Tasks.Task`1[Microsoft.AspNetCore.Mvc.IActionResult] Export(System.Threading.CancellationToken) on controller LibraryApp.Api.Controllers.LoansController (LibraryApp.Api).
2026-06-07 13:14:01.018 +03:00 [INF] Executing FileContentResult, sending file with download name 'loans-2026-06-07.csv' ...
2026-06-07 13:14:01.019 +03:00 [INF] Executed action LibraryApp.Api.Controllers.LoansController.Export (LibraryApp.Api) in 2.2255ms
2026-06-07 13:14:01.019 +03:00 [INF] HTTP GET /api/loans/export responded 200 in 2.6258 ms
2026-06-07 13:14:01.019 +03:00 [INF] Request finished HTTP/1.1 GET http://localhost:5112/api/loans/export - 200 466 text/csv 2.8735ms
2026-06-07 13:16:25.042 +03:00 [INF] Request starting HTTP/1.1 OPTIONS http://localhost:5112/api/books?page=1&pageSize=20 - null null
2026-06-07 13:16:25.042 +03:00 [INF] CORS policy execution successful.
2026-06-07 13:16:25.042 +03:00 [INF] HTTP OPTIONS /api/books responded 204 in 0.2122 ms
2026-06-07 13:16:25.043 +03:00 [INF] Request finished HTTP/1.1 OPTIONS http://localhost:5112/api/books?page=1&pageSize=20 - 204 null null 1.6255ms
2026-06-07 13:16:25.050 +03:00 [INF] Request starting HTTP/1.1 GET http://localhost:5112/api/books?page=1&pageSize=20 - application/json null
2026-06-07 13:16:25.050 +03:00 [INF] CORS policy execution successful.
2026-06-07 13:16:25.051 +03:00 [INF] Route matched with {action = "Search", controller = "Books"}. Executing controller action with signature System.Threading.Tasks.Task`1[Microsoft.AspNetCore.Mvc.IActionResult] Search(BookSearchQuery, System.Threading.CancellationToken) on controller BooksController (LibraryApp.Api).
2026-06-07 13:16:25.056 +03:00 [INF] Executing OkObjectResult, writing value of type 'PagedResult`1[[BookDto, LibraryApp.Core, Version=1.0.0.0, Culture=neutral, PublicKeyToken=null]]'.
2026-06-07 13:16:25.056 +03:00 [INF] Executed action BooksController.Search (LibraryApp.Api) in 4.9934ms
2026-06-07 13:16:25.056 +03:00 [INF] HTTP GET /api/books responded 200 in 5.4300 ms
2026-06-07 13:16:25.056 +03:00 [INF] Request finished HTTP/1.1 GET http://localhost:5112/api/books?page=1&pageSize=20 - 200 null application/json; charset=utf-8 5.9103ms
2026-06-07 13:30:53.375 +03:00 [INF] Request starting HTTP/1.1 GET http://localhost:5112/api/Members - null null
2026-06-07 13:30:53.394 +03:00 [INF] Route matched with {action = "GetAll", controller = "Members"}. Executing controller action with signature System.Threading.Tasks.Task`1[Microsoft.AspNetCore.Mvc.IActionResult] GetAll(System.Threading.CancellationToken) on controller LibraryApp.Api.Controllers.MembersController (LibraryApp.Api).
2026-06-07 13:30:54.737 +03:00 [INF] Executing OkObjectResult, writing value of type 'System.Collections.Generic.List`1[[LibraryApp.Core.DTOs.MemberDto, LibraryApp.Core, Version=1.0.0.0, Culture=neutral, PublicKeyToken=null]]'.
2026-06-07 13:30:54.739 +03:00 [INF] Executed action LibraryApp.Api.Controllers.MembersController.GetAll (LibraryApp.Api) in 1344.7631ms
2026-06-07 13:30:54.739 +03:00 [INF] HTTP GET /api/Members responded 200 in 1363.8755 ms
2026-06-07 13:30:54.740 +03:00 [INF] Request finished HTTP/1.1 GET http://localhost:5112/api/Members - 200 null application/json; charset=utf-8 1364.928ms
2026-06-07 13:31:12.560 +03:00 [INF] Request starting HTTP/1.1 GET http://localhost:5112/swagger/v1/swagger.json - null null
2026-06-07 13:31:12.601 +03:00 [INF] HTTP GET /swagger/v1/swagger.json responded 200 in 40.5623 ms
2026-06-07 13:31:12.602 +03:00 [INF] Request finished HTTP/1.1 GET http://localhost:5112/swagger/v1/swagger.json - 200 null application/json;charset=utf-8 41.0973ms
2026-06-07 13:31:13.034 +03:00 [INF] Request starting HTTP/1.1 GET http://localhost:5112/favicon.ico - null null
2026-06-07 13:31:13.035 +03:00 [INF] HTTP GET /favicon.ico responded 404 in 1.0430 ms
2026-06-07 13:31:13.036 +03:00 [INF] Request finished HTTP/1.1 GET http://localhost:5112/favicon.ico - 404 0 null 1.3553ms
2026-06-07 13:31:13.036 +03:00 [INF] Request reached the end of the middleware pipeline without being handled by application code. Request path: GET http://localhost:5112/favicon.ico, Response status code: 404
2026-06-07 13:31:22.579 +03:00 [INF] Request starting HTTP/1.1 GET http://localhost:5112/swagger/v1/swagger.json - null null
2026-06-07 13:31:22.610 +03:00 [INF] HTTP GET /swagger/v1/swagger.json responded 200 in 30.6507 ms
2026-06-07 13:31:22.610 +03:00 [INF] Request finished HTTP/1.1 GET http://localhost:5112/swagger/v1/swagger.json - 200 null application/json;charset=utf-8 31.1182ms
2026-06-07 13:35:37.940 +03:00 [INF] Request starting HTTP/1.1 GET http://localhost:5112/api/Members - null null
2026-06-07 13:35:37.941 +03:00 [INF] Route matched with {action = "GetAll", controller = "Members"}. Executing controller action with signature System.Threading.Tasks.Task`1[Microsoft.AspNetCore.Mvc.IActionResult] GetAll(System.Threading.CancellationToken) on controller LibraryApp.Api.Controllers.MembersController (LibraryApp.Api).
2026-06-07 13:35:37.945 +03:00 [INF] Executing OkObjectResult, writing value of type 'System.Collections.Generic.List`1[[LibraryApp.Core.DTOs.MemberDto, LibraryApp.Core, Version=1.0.0.0, Culture=neutral, PublicKeyToken=null]]'.
2026-06-07 13:35:37.945 +03:00 [INF] Executed action LibraryApp.Api.Controllers.MembersController.GetAll (LibraryApp.Api) in 4.4679ms
2026-06-07 13:35:37.945 +03:00 [INF] HTTP GET /api/Members responded 200 in 4.7677 ms
2026-06-07 13:35:37.946 +03:00 [INF] Request finished HTTP/1.1 GET http://localhost:5112/api/Members - 200 null application/json; charset=utf-8 5.5247ms
2026-06-07 13:38:22.521 +03:00 [INF] Request starting HTTP/1.1 GET http://localhost:5112/api/books?page=1&pageSize=20 - application/json null
2026-06-07 13:38:22.521 +03:00 [INF] Route matched with {action = "Search", controller = "Books"}. Executing controller action with signature System.Threading.Tasks.Task`1[Microsoft.AspNetCore.Mvc.IActionResult] Search(BookSearchQuery, System.Threading.CancellationToken) on controller BooksController (LibraryApp.Api).
2026-06-07 13:38:22.521 +03:00 [INF] Request starting HTTP/1.1 GET http://localhost:5112/api/books?page=1&pageSize=20 - application/json null
2026-06-07 13:38:22.522 +03:00 [INF] Route matched with {action = "Search", controller = "Books"}. Executing controller action with signature System.Threading.Tasks.Task`1[Microsoft.AspNetCore.Mvc.IActionResult] Search(BookSearchQuery, System.Threading.CancellationToken) on controller BooksController (LibraryApp.Api).
2026-06-07 13:38:22.576 +03:00 [INF] Executing OkObjectResult, writing value of type 'PagedResult`1[[BookDto, LibraryApp.Core, Version=1.0.0.0, Culture=neutral, PublicKeyToken=null]]'.
2026-06-07 13:38:22.577 +03:00 [INF] Executed action BooksController.Search (LibraryApp.Api) in 55.4203ms
2026-06-07 13:38:22.577 +03:00 [INF] HTTP GET /api/books responded 200 in 55.8604 ms
2026-06-07 13:38:22.577 +03:00 [INF] Request finished HTTP/1.1 GET http://localhost:5112/api/books?page=1&pageSize=20 - 200 null application/json; charset=utf-8 56.2629ms
2026-06-07 13:38:22.581 +03:00 [INF] Executing OkObjectResult, writing value of type 'PagedResult`1[[BookDto, LibraryApp.Core, Version=1.0.0.0, Culture=neutral, PublicKeyToken=null]]'.
2026-06-07 13:38:22.582 +03:00 [INF] Executed action BooksController.Search (LibraryApp.Api) in 60.0094ms
2026-06-07 13:38:22.582 +03:00 [INF] HTTP GET /api/books responded 200 in 60.2535 ms
2026-06-07 13:38:22.582 +03:00 [INF] Request finished HTTP/1.1 GET http://localhost:5112/api/books?page=1&pageSize=20 - 200 null application/json; charset=utf-8 60.4812ms
2026-06-07 13:38:23.642 +03:00 [INF] Request starting HTTP/1.1 OPTIONS http://localhost:5112/api/books?page=1&pageSize=20 - null null
2026-06-07 13:38:23.642 +03:00 [INF] CORS policy execution successful.
2026-06-07 13:38:23.642 +03:00 [INF] HTTP OPTIONS /api/books responded 204 in 0.0836 ms
2026-06-07 13:38:23.642 +03:00 [INF] Request finished HTTP/1.1 OPTIONS http://localhost:5112/api/books?page=1&pageSize=20 - 204 null null 0.3298ms
2026-06-07 13:38:23.647 +03:00 [INF] Request starting HTTP/1.1 GET http://localhost:5112/api/books?page=1&pageSize=20 - application/json null
2026-06-07 13:38:23.647 +03:00 [INF] CORS policy execution successful.
2026-06-07 13:38:23.648 +03:00 [INF] Route matched with {action = "Search", controller = "Books"}. Executing controller action with signature System.Threading.Tasks.Task`1[Microsoft.AspNetCore.Mvc.IActionResult] Search(BookSearchQuery, System.Threading.CancellationToken) on controller BooksController (LibraryApp.Api).
2026-06-07 13:38:23.708 +03:00 [INF] Executing OkObjectResult, writing value of type 'PagedResult`1[[BookDto, LibraryApp.Core, Version=1.0.0.0, Culture=neutral, PublicKeyToken=null]]'.
2026-06-07 13:38:23.708 +03:00 [INF] Executed action BooksController.Search (LibraryApp.Api) in 60.2303ms
2026-06-07 13:38:23.708 +03:00 [INF] HTTP GET /api/books responded 200 in 60.5516 ms
2026-06-07 13:38:23.708 +03:00 [INF] Request finished HTTP/1.1 GET http://localhost:5112/api/books?page=1&pageSize=20 - 200 null application/json; charset=utf-8 60.8618ms
2026-06-07 13:38:26.055 +03:00 [INF] Request starting HTTP/1.1 OPTIONS http://localhost:5112/api/members - null null
2026-06-07 13:38:26.055 +03:00 [INF] CORS policy execution successful.
2026-06-07 13:38:26.055 +03:00 [INF] HTTP OPTIONS /api/members responded 204 in 0.2932 ms
2026-06-07 13:38:26.056 +03:00 [INF] Request finished HTTP/1.1 OPTIONS http://localhost:5112/api/members - 204 null null 0.7057ms
2026-06-07 13:38:26.061 +03:00 [INF] Request starting HTTP/1.1 GET http://localhost:5112/api/members - application/json null
2026-06-07 13:38:26.061 +03:00 [INF] CORS policy execution successful.
2026-06-07 13:38:26.062 +03:00 [INF] Route matched with {action = "GetAll", controller = "Members"}. Executing controller action with signature System.Threading.Tasks.Task`1[Microsoft.AspNetCore.Mvc.IActionResult] GetAll(System.Threading.CancellationToken) on controller LibraryApp.Api.Controllers.MembersController (LibraryApp.Api).
2026-06-07 13:38:26.082 +03:00 [INF] Executing OkObjectResult, writing value of type 'System.Collections.Generic.List`1[[LibraryApp.Core.DTOs.MemberDto, LibraryApp.Core, Version=1.0.0.0, Culture=neutral, PublicKeyToken=null]]'.
2026-06-07 13:38:26.082 +03:00 [INF] Executed action LibraryApp.Api.Controllers.MembersController.GetAll (LibraryApp.Api) in 20.2333ms
2026-06-07 13:38:26.082 +03:00 [INF] HTTP GET /api/members responded 200 in 21.3225 ms
2026-06-07 13:38:26.082 +03:00 [INF] Request finished HTTP/1.1 GET http://localhost:5112/api/members - 200 null application/json; charset=utf-8 21.6217ms
2026-06-07 13:38:34.194 +03:00 [INF] Request starting HTTP/1.1 GET http://localhost:5112/api/loans/active - application/json null
2026-06-07 13:38:34.194 +03:00 [INF] Route matched with {action = "GetActive", controller = "Loans"}. Executing controller action with signature System.Threading.Tasks.Task`1[Microsoft.AspNetCore.Mvc.IActionResult] GetActive(System.Threading.CancellationToken) on controller LibraryApp.Api.Controllers.LoansController (LibraryApp.Api).
2026-06-07 13:38:34.207 +03:00 [INF] Request starting HTTP/1.1 GET http://localhost:5112/api/books?page=1&pageSize=20 - application/json null
2026-06-07 13:38:34.208 +03:00 [INF] Route matched with {action = "Search", controller = "Books"}. Executing controller action with signature System.Threading.Tasks.Task`1[Microsoft.AspNetCore.Mvc.IActionResult] Search(BookSearchQuery, System.Threading.CancellationToken) on controller BooksController (LibraryApp.Api).
2026-06-07 13:38:34.212 +03:00 [INF] Executing OkObjectResult, writing value of type 'PagedResult`1[[BookDto, LibraryApp.Core, Version=1.0.0.0, Culture=neutral, PublicKeyToken=null]]'.
2026-06-07 13:38:34.212 +03:00 [INF] Executed action BooksController.Search (LibraryApp.Api) in 4.3439ms
2026-06-07 13:38:34.212 +03:00 [INF] HTTP GET /api/books responded 200 in 4.5869 ms
2026-06-07 13:38:34.212 +03:00 [INF] Request finished HTTP/1.1 GET http://localhost:5112/api/books?page=1&pageSize=20 - 200 null application/json; charset=utf-8 5.1424ms
2026-06-07 13:38:34.214 +03:00 [INF] Request starting HTTP/1.1 GET http://localhost:5112/api/members - application/json null
2026-06-07 13:38:34.214 +03:00 [INF] Route matched with {action = "GetAll", controller = "Members"}. Executing controller action with signature System.Threading.Tasks.Task`1[Microsoft.AspNetCore.Mvc.IActionResult] GetAll(System.Threading.CancellationToken) on controller LibraryApp.Api.Controllers.MembersController (LibraryApp.Api).
2026-06-07 13:38:34.216 +03:00 [INF] Executing OkObjectResult, writing value of type 'System.Collections.Generic.List`1[[LibraryApp.Core.DTOs.MemberDto, LibraryApp.Core, Version=1.0.0.0, Culture=neutral, PublicKeyToken=null]]'.
2026-06-07 13:38:34.216 +03:00 [INF] Executed action LibraryApp.Api.Controllers.MembersController.GetAll (LibraryApp.Api) in 1.7382ms
2026-06-07 13:38:34.216 +03:00 [INF] HTTP GET /api/members responded 200 in 2.0463 ms
2026-06-07 13:38:34.216 +03:00 [INF] Request finished HTTP/1.1 GET http://localhost:5112/api/members - 200 null application/json; charset=utf-8 2.2932ms
2026-06-07 13:38:34.230 +03:00 [INF] Executing OkObjectResult, writing value of type 'System.Collections.Generic.List`1[[LibraryApp.Core.DTOs.ActiveLoanDto, LibraryApp.Core, Version=1.0.0.0, Culture=neutral, PublicKeyToken=null]]'.
2026-06-07 13:38:34.230 +03:00 [INF] Executed action LibraryApp.Api.Controllers.LoansController.GetActive (LibraryApp.Api) in 35.5216ms
2026-06-07 13:38:34.230 +03:00 [INF] HTTP GET /api/loans/active responded 200 in 35.9101 ms
2026-06-07 13:38:34.230 +03:00 [INF] Request finished HTTP/1.1 GET http://localhost:5112/api/loans/active - 200 null application/json; charset=utf-8 36.2625ms
2026-06-07 13:38:35.454 +03:00 [INF] Request starting HTTP/1.1 OPTIONS http://localhost:5112/api/members - null null
2026-06-07 13:38:35.454 +03:00 [INF] CORS policy execution successful.
2026-06-07 13:38:35.454 +03:00 [INF] HTTP OPTIONS /api/members responded 204 in 0.0862 ms
2026-06-07 13:38:35.454 +03:00 [INF] Request finished HTTP/1.1 OPTIONS http://localhost:5112/api/members - 204 null null 0.3486ms
2026-06-07 13:38:35.459 +03:00 [INF] Request starting HTTP/1.1 POST http://localhost:5112/api/members - application/json 99
2026-06-07 13:38:35.459 +03:00 [INF] CORS policy execution successful.
2026-06-07 13:38:35.465 +03:00 [INF] Route matched with {action = "Create", controller = "Members"}. Executing controller action with signature System.Threading.Tasks.Task`1[Microsoft.AspNetCore.Mvc.IActionResult] Create(LibraryApp.Core.DTOs.CreateMemberCommand, System.Threading.CancellationToken) on controller LibraryApp.Api.Controllers.MembersController (LibraryApp.Api).
2026-06-07 13:38:35.486 +03:00 [INF] Executing ObjectResult, writing value of type 'Microsoft.AspNetCore.Mvc.ValidationProblemDetails'.
2026-06-07 13:38:35.486 +03:00 [INF] Executed action LibraryApp.Api.Controllers.MembersController.Create (LibraryApp.Api) in 20.2824ms
2026-06-07 13:38:35.486 +03:00 [INF] HTTP POST /api/members responded 422 in 26.4984 ms
2026-06-07 13:38:35.486 +03:00 [INF] Request finished HTTP/1.1 POST http://localhost:5112/api/members - 422 null application/problem+json; charset=utf-8 26.7594ms
2026-06-07 13:39:40.533 +03:00 [INF] Request starting HTTP/1.1 GET http://localhost:5112/api/members - application/json null
2026-06-07 13:39:40.534 +03:00 [INF] Route matched with {action = "GetAll", controller = "Members"}. Executing controller action with signature System.Threading.Tasks.Task`1[Microsoft.AspNetCore.Mvc.IActionResult] GetAll(System.Threading.CancellationToken) on controller LibraryApp.Api.Controllers.MembersController (LibraryApp.Api).
2026-06-07 13:39:40.535 +03:00 [INF] Request starting HTTP/1.1 GET http://localhost:5112/api/books?page=1&pageSize=20 - application/json null
2026-06-07 13:39:40.535 +03:00 [INF] Route matched with {action = "Search", controller = "Books"}. Executing controller action with signature System.Threading.Tasks.Task`1[Microsoft.AspNetCore.Mvc.IActionResult] Search(BookSearchQuery, System.Threading.CancellationToken) on controller BooksController (LibraryApp.Api).
2026-06-07 13:39:40.536 +03:00 [INF] Executing OkObjectResult, writing value of type 'System.Collections.Generic.List`1[[LibraryApp.Core.DTOs.MemberDto, LibraryApp.Core, Version=1.0.0.0, Culture=neutral, PublicKeyToken=null]]'.
2026-06-07 13:39:40.537 +03:00 [INF] Executed action LibraryApp.Api.Controllers.MembersController.GetAll (LibraryApp.Api) in 2.7219ms
2026-06-07 13:39:40.537 +03:00 [INF] HTTP GET /api/members responded 200 in 2.9841 ms
2026-06-07 13:39:40.537 +03:00 [INF] Request finished HTTP/1.1 GET http://localhost:5112/api/members - 200 null application/json; charset=utf-8 3.5149ms
2026-06-07 13:39:40.540 +03:00 [INF] Executing OkObjectResult, writing value of type 'PagedResult`1[[BookDto, LibraryApp.Core, Version=1.0.0.0, Culture=neutral, PublicKeyToken=null]]'.
2026-06-07 13:39:40.540 +03:00 [INF] Executed action BooksController.Search (LibraryApp.Api) in 4.6831ms
2026-06-07 13:39:40.540 +03:00 [INF] HTTP GET /api/books responded 200 in 4.9400 ms
2026-06-07 13:39:40.540 +03:00 [INF] Request finished HTTP/1.1 GET http://localhost:5112/api/books?page=1&pageSize=20 - 200 null application/json; charset=utf-8 5.3257ms
2026-06-07 13:39:40.552 +03:00 [INF] Request starting HTTP/1.1 GET http://localhost:5112/api/loans/active - application/json null
2026-06-07 13:39:40.553 +03:00 [INF] Route matched with {action = "GetActive", controller = "Loans"}. Executing controller action with signature System.Threading.Tasks.Task`1[Microsoft.AspNetCore.Mvc.IActionResult] GetActive(System.Threading.CancellationToken) on controller LibraryApp.Api.Controllers.LoansController (LibraryApp.Api).
2026-06-07 13:39:40.556 +03:00 [INF] Executing OkObjectResult, writing value of type 'System.Collections.Generic.List`1[[LibraryApp.Core.DTOs.ActiveLoanDto, LibraryApp.Core, Version=1.0.0.0, Culture=neutral, PublicKeyToken=null]]'.
2026-06-07 13:39:40.556 +03:00 [INF] Executed action LibraryApp.Api.Controllers.LoansController.GetActive (LibraryApp.Api) in 2.538ms
2026-06-07 13:39:40.556 +03:00 [INF] HTTP GET /api/loans/active responded 200 in 2.9976 ms
2026-06-07 13:39:40.556 +03:00 [INF] Request finished HTTP/1.1 GET http://localhost:5112/api/loans/active - 200 null application/json; charset=utf-8 3.5145ms
2026-06-07 13:39:59.686 +03:00 [INF] Request starting HTTP/1.1 OPTIONS http://localhost:5112/api/members - null null
2026-06-07 13:39:59.686 +03:00 [INF] CORS policy execution successful.
2026-06-07 13:39:59.686 +03:00 [INF] HTTP OPTIONS /api/members responded 204 in 0.1256 ms
2026-06-07 13:39:59.686 +03:00 [INF] Request finished HTTP/1.1 OPTIONS http://localhost:5112/api/members - 204 null null 0.4819ms
2026-06-07 13:39:59.694 +03:00 [INF] Request starting HTTP/1.1 POST http://localhost:5112/api/members - application/json 89
2026-06-07 13:39:59.694 +03:00 [INF] CORS policy execution successful.
2026-06-07 13:39:59.694 +03:00 [INF] Route matched with {action = "Create", controller = "Members"}. Executing controller action with signature System.Threading.Tasks.Task`1[Microsoft.AspNetCore.Mvc.IActionResult] Create(LibraryApp.Core.DTOs.CreateMemberCommand, System.Threading.CancellationToken) on controller LibraryApp.Api.Controllers.MembersController (LibraryApp.Api).
2026-06-07 13:39:59.732 +03:00 [INF] Member created: MemberId=1003, FullName=Brock Terry, Email=sajylokib@mailinator.com
2026-06-07 13:39:59.732 +03:00 [INF] Executing CreatedAtActionResult, writing value of type 'LibraryApp.Core.DTOs.CreateMemberResult'.
2026-06-07 13:39:59.734 +03:00 [INF] Executed action LibraryApp.Api.Controllers.MembersController.Create (LibraryApp.Api) in 39.7866ms
2026-06-07 13:39:59.734 +03:00 [INF] HTTP POST /api/members responded 201 in 40.1666 ms
2026-06-07 13:39:59.734 +03:00 [INF] Request finished HTTP/1.1 POST http://localhost:5112/api/members - 201 null application/json; charset=utf-8 40.444ms
2026-06-07 13:39:59.777 +03:00 [INF] Request starting HTTP/1.1 OPTIONS http://localhost:5112/api/members - null null
2026-06-07 13:39:59.777 +03:00 [INF] CORS policy execution successful.
2026-06-07 13:39:59.777 +03:00 [INF] HTTP OPTIONS /api/members responded 204 in 0.0911 ms
2026-06-07 13:39:59.777 +03:00 [INF] Request finished HTTP/1.1 OPTIONS http://localhost:5112/api/members - 204 null null 0.3834ms
2026-06-07 13:39:59.783 +03:00 [INF] Request starting HTTP/1.1 GET http://localhost:5112/api/members - application/json null
2026-06-07 13:39:59.783 +03:00 [INF] CORS policy execution successful.
2026-06-07 13:39:59.784 +03:00 [INF] Route matched with {action = "GetAll", controller = "Members"}. Executing controller action with signature System.Threading.Tasks.Task`1[Microsoft.AspNetCore.Mvc.IActionResult] GetAll(System.Threading.CancellationToken) on controller LibraryApp.Api.Controllers.MembersController (LibraryApp.Api).
2026-06-07 13:39:59.786 +03:00 [INF] Executing OkObjectResult, writing value of type 'System.Collections.Generic.List`1[[LibraryApp.Core.DTOs.MemberDto, LibraryApp.Core, Version=1.0.0.0, Culture=neutral, PublicKeyToken=null]]'.
2026-06-07 13:39:59.787 +03:00 [INF] Executed action LibraryApp.Api.Controllers.MembersController.GetAll (LibraryApp.Api) in 2.7562ms
2026-06-07 13:39:59.787 +03:00 [INF] HTTP GET /api/members responded 200 in 3.3855 ms
2026-06-07 13:39:59.787 +03:00 [INF] Request finished HTTP/1.1 GET http://localhost:5112/api/members - 200 null application/json; charset=utf-8 3.8659ms
2026-06-07 13:40:07.285 +03:00 [INF] Request starting HTTP/1.1 OPTIONS http://localhost:5112/api/members/1 - null null
2026-06-07 13:40:07.285 +03:00 [INF] CORS policy execution successful.
2026-06-07 13:40:07.286 +03:00 [INF] HTTP OPTIONS /api/members/1 responded 204 in 0.0857 ms
2026-06-07 13:40:07.286 +03:00 [INF] Request finished HTTP/1.1 OPTIONS http://localhost:5112/api/members/1 - 204 null null 0.5404ms
2026-06-07 13:40:07.293 +03:00 [INF] Request starting HTTP/1.1 GET http://localhost:5112/api/members/1 - application/json null
2026-06-07 13:40:07.294 +03:00 [INF] CORS policy execution successful.
2026-06-07 13:40:07.299 +03:00 [INF] Route matched with {action = "GetById", controller = "Members"}. Executing controller action with signature System.Threading.Tasks.Task`1[Microsoft.AspNetCore.Mvc.IActionResult] GetById(Int32, System.Threading.CancellationToken) on controller LibraryApp.Api.Controllers.MembersController (LibraryApp.Api).
2026-06-07 13:40:07.323 +03:00 [INF] Executing OkObjectResult, writing value of type 'LibraryApp.Core.DTOs.MemberDto'.
2026-06-07 13:40:07.323 +03:00 [INF] Executed action LibraryApp.Api.Controllers.MembersController.GetById (LibraryApp.Api) in 23.7468ms
2026-06-07 13:40:07.323 +03:00 [INF] HTTP GET /api/members/1 responded 200 in 29.4288 ms
2026-06-07 13:40:07.323 +03:00 [INF] Request finished HTTP/1.1 GET http://localhost:5112/api/members/1 - 200 null application/json; charset=utf-8 29.758ms
2026-06-07 13:40:16.498 +03:00 [INF] Request starting HTTP/1.1 GET http://localhost:5112/api/members/1 - application/json null
2026-06-07 13:40:16.498 +03:00 [INF] Route matched with {action = "GetById", controller = "Members"}. Executing controller action with signature System.Threading.Tasks.Task`1[Microsoft.AspNetCore.Mvc.IActionResult] GetById(Int32, System.Threading.CancellationToken) on controller LibraryApp.Api.Controllers.MembersController (LibraryApp.Api).
2026-06-07 13:40:16.500 +03:00 [INF] Executing OkObjectResult, writing value of type 'LibraryApp.Core.DTOs.MemberDto'.
2026-06-07 13:40:16.500 +03:00 [INF] Executed action LibraryApp.Api.Controllers.MembersController.GetById (LibraryApp.Api) in 2.5062ms
2026-06-07 13:40:16.500 +03:00 [INF] HTTP GET /api/members/1 responded 200 in 2.7632 ms
2026-06-07 13:40:16.501 +03:00 [INF] Request finished HTTP/1.1 GET http://localhost:5112/api/members/1 - 200 null application/json; charset=utf-8 3.0827ms
2026-06-07 13:40:17.255 +03:00 [INF] Request starting HTTP/1.1 OPTIONS http://localhost:5112/api/members/1 - null null
2026-06-07 13:40:17.258 +03:00 [INF] CORS policy execution successful.
2026-06-07 13:40:17.258 +03:00 [INF] HTTP OPTIONS /api/members/1 responded 204 in 0.1535 ms
2026-06-07 13:40:17.259 +03:00 [INF] Request finished HTTP/1.1 OPTIONS http://localhost:5112/api/members/1 - 204 null null 3.1883ms
2026-06-07 13:40:17.270 +03:00 [INF] Request starting HTTP/1.1 GET http://localhost:5112/api/members/1 - application/json null
2026-06-07 13:40:17.270 +03:00 [INF] CORS policy execution successful.
2026-06-07 13:40:17.270 +03:00 [INF] Route matched with {action = "GetById", controller = "Members"}. Executing controller action with signature System.Threading.Tasks.Task`1[Microsoft.AspNetCore.Mvc.IActionResult] GetById(Int32, System.Threading.CancellationToken) on controller LibraryApp.Api.Controllers.MembersController (LibraryApp.Api).
2026-06-07 13:40:17.272 +03:00 [INF] Executing OkObjectResult, writing value of type 'LibraryApp.Core.DTOs.MemberDto'.
2026-06-07 13:40:17.272 +03:00 [INF] Executed action LibraryApp.Api.Controllers.MembersController.GetById (LibraryApp.Api) in 2.0011ms
2026-06-07 13:40:17.272 +03:00 [INF] HTTP GET /api/members/1 responded 200 in 2.2609 ms
2026-06-07 13:40:17.273 +03:00 [INF] Request finished HTTP/1.1 GET http://localhost:5112/api/members/1 - 200 null application/json; charset=utf-8 2.4925ms
2026-06-07 13:43:14.419 +03:00 [INF] Request starting HTTP/1.1 GET http://localhost:5112/api/members/1 - application/json null
2026-06-07 13:43:14.419 +03:00 [INF] Route matched with {action = "GetById", controller = "Members"}. Executing controller action with signature System.Threading.Tasks.Task`1[Microsoft.AspNetCore.Mvc.IActionResult] GetById(Int32, System.Threading.CancellationToken) on controller LibraryApp.Api.Controllers.MembersController (LibraryApp.Api).
2026-06-07 13:43:14.423 +03:00 [INF] Executing OkObjectResult, writing value of type 'LibraryApp.Core.DTOs.MemberDto'.
2026-06-07 13:43:14.423 +03:00 [INF] Executed action LibraryApp.Api.Controllers.MembersController.GetById (LibraryApp.Api) in 3.4347ms
2026-06-07 13:43:14.423 +03:00 [INF] HTTP GET /api/members/1 responded 200 in 3.6717 ms
2026-06-07 13:43:14.423 +03:00 [INF] Request finished HTTP/1.1 GET http://localhost:5112/api/members/1 - 200 null application/json; charset=utf-8 3.9907ms
2026-06-07 13:43:14.951 +03:00 [INF] Request starting HTTP/1.1 OPTIONS http://localhost:5112/api/members/1 - null null
2026-06-07 13:43:14.951 +03:00 [INF] CORS policy execution successful.
2026-06-07 13:43:14.951 +03:00 [INF] HTTP OPTIONS /api/members/1 responded 204 in 0.1088 ms
2026-06-07 13:43:14.952 +03:00 [INF] Request finished HTTP/1.1 OPTIONS http://localhost:5112/api/members/1 - 204 null null 0.3661ms
2026-06-07 13:43:14.961 +03:00 [INF] Request starting HTTP/1.1 GET http://localhost:5112/api/members/1 - application/json null
2026-06-07 13:43:14.961 +03:00 [INF] CORS policy execution successful.
2026-06-07 13:43:14.962 +03:00 [INF] Route matched with {action = "GetById", controller = "Members"}. Executing controller action with signature System.Threading.Tasks.Task`1[Microsoft.AspNetCore.Mvc.IActionResult] GetById(Int32, System.Threading.CancellationToken) on controller LibraryApp.Api.Controllers.MembersController (LibraryApp.Api).
2026-06-07 13:43:14.964 +03:00 [INF] Executing OkObjectResult, writing value of type 'LibraryApp.Core.DTOs.MemberDto'.
2026-06-07 13:43:14.964 +03:00 [INF] Executed action LibraryApp.Api.Controllers.MembersController.GetById (LibraryApp.Api) in 2.1234ms
2026-06-07 13:43:14.964 +03:00 [INF] HTTP GET /api/members/1 responded 200 in 2.5979 ms
2026-06-07 13:43:14.964 +03:00 [INF] Request finished HTTP/1.1 GET http://localhost:5112/api/members/1 - 200 null application/json; charset=utf-8 2.8741ms
2026-06-07 13:43:20.966 +03:00 [INF] Request starting HTTP/1.1 GET http://localhost:5112/api/members/1 - application/json null
2026-06-07 13:43:20.966 +03:00 [INF] Route matched with {action = "GetById", controller = "Members"}. Executing controller action with signature System.Threading.Tasks.Task`1[Microsoft.AspNetCore.Mvc.IActionResult] GetById(Int32, System.Threading.CancellationToken) on controller LibraryApp.Api.Controllers.MembersController (LibraryApp.Api).
2026-06-07 13:43:20.968 +03:00 [INF] Executing OkObjectResult, writing value of type 'LibraryApp.Core.DTOs.MemberDto'.
2026-06-07 13:43:20.968 +03:00 [INF] Executed action LibraryApp.Api.Controllers.MembersController.GetById (LibraryApp.Api) in 1.8085ms
2026-06-07 13:43:20.968 +03:00 [INF] HTTP GET /api/members/1 responded 200 in 1.9935 ms
2026-06-07 13:43:20.968 +03:00 [INF] Request finished HTTP/1.1 GET http://localhost:5112/api/members/1 - 200 null application/json; charset=utf-8 2.2678ms
2026-06-07 13:43:21.198 +03:00 [INF] Request starting HTTP/1.1 OPTIONS http://localhost:5112/api/members/1 - null null
2026-06-07 13:43:21.198 +03:00 [INF] CORS policy execution successful.
2026-06-07 13:43:21.198 +03:00 [INF] HTTP OPTIONS /api/members/1 responded 204 in 0.0874 ms
2026-06-07 13:43:21.198 +03:00 [INF] Request finished HTTP/1.1 OPTIONS http://localhost:5112/api/members/1 - 204 null null 0.3273ms
2026-06-07 13:43:21.204 +03:00 [INF] Request starting HTTP/1.1 GET http://localhost:5112/api/members/1 - application/json null
2026-06-07 13:43:21.204 +03:00 [INF] CORS policy execution successful.
2026-06-07 13:43:21.204 +03:00 [INF] Route matched with {action = "GetById", controller = "Members"}. Executing controller action with signature System.Threading.Tasks.Task`1[Microsoft.AspNetCore.Mvc.IActionResult] GetById(Int32, System.Threading.CancellationToken) on controller LibraryApp.Api.Controllers.MembersController (LibraryApp.Api).
2026-06-07 13:43:21.207 +03:00 [INF] Executing OkObjectResult, writing value of type 'LibraryApp.Core.DTOs.MemberDto'.
2026-06-07 13:43:21.207 +03:00 [INF] Executed action LibraryApp.Api.Controllers.MembersController.GetById (LibraryApp.Api) in 2.842ms
2026-06-07 13:43:21.207 +03:00 [INF] HTTP GET /api/members/1 responded 200 in 3.1667 ms
2026-06-07 13:43:21.207 +03:00 [INF] Request finished HTTP/1.1 GET http://localhost:5112/api/members/1 - 200 null application/json; charset=utf-8 3.5232ms
2026-06-07 13:43:51.266 +03:00 [INF] Request starting HTTP/1.1 GET http://localhost:5112/api/members - application/json null
2026-06-07 13:43:51.266 +03:00 [INF] Route matched with {action = "GetAll", controller = "Members"}. Executing controller action with signature System.Threading.Tasks.Task`1[Microsoft.AspNetCore.Mvc.IActionResult] GetAll(System.Threading.CancellationToken) on controller LibraryApp.Api.Controllers.MembersController (LibraryApp.Api).
2026-06-07 13:43:51.268 +03:00 [INF] Executing OkObjectResult, writing value of type 'System.Collections.Generic.List`1[[LibraryApp.Core.DTOs.MemberDto, LibraryApp.Core, Version=1.0.0.0, Culture=neutral, PublicKeyToken=null]]'.
2026-06-07 13:43:51.268 +03:00 [INF] Executed action LibraryApp.Api.Controllers.MembersController.GetAll (LibraryApp.Api) in 2.1138ms
2026-06-07 13:43:51.268 +03:00 [INF] HTTP GET /api/members responded 200 in 2.3676 ms
2026-06-07 13:43:51.269 +03:00 [INF] Request finished HTTP/1.1 GET http://localhost:5112/api/members - 200 null application/json; charset=utf-8 2.668ms
2026-06-07 13:43:51.291 +03:00 [INF] Request starting HTTP/1.1 GET http://localhost:5112/api/loans/active - application/json null
2026-06-07 13:43:51.292 +03:00 [INF] Route matched with {action = "GetActive", controller = "Loans"}. Executing controller action with signature System.Threading.Tasks.Task`1[Microsoft.AspNetCore.Mvc.IActionResult] GetActive(System.Threading.CancellationToken) on controller LibraryApp.Api.Controllers.LoansController (LibraryApp.Api).
2026-06-07 13:43:51.295 +03:00 [INF] Executing OkObjectResult, writing value of type 'System.Collections.Generic.List`1[[LibraryApp.Core.DTOs.ActiveLoanDto, LibraryApp.Core, Version=1.0.0.0, Culture=neutral, PublicKeyToken=null]]'.
2026-06-07 13:43:51.296 +03:00 [INF] Executed action LibraryApp.Api.Controllers.LoansController.GetActive (LibraryApp.Api) in 3.9868ms
2026-06-07 13:43:51.296 +03:00 [INF] HTTP GET /api/loans/active responded 200 in 4.2295 ms
2026-06-07 13:43:51.296 +03:00 [INF] Request finished HTTP/1.1 GET http://localhost:5112/api/loans/active - 200 null application/json; charset=utf-8 4.507ms
2026-06-07 13:43:51.305 +03:00 [INF] Request starting HTTP/1.1 GET http://localhost:5112/api/books?page=1&pageSize=20 - application/json null
2026-06-07 13:43:51.305 +03:00 [INF] Route matched with {action = "Search", controller = "Books"}. Executing controller action with signature System.Threading.Tasks.Task`1[Microsoft.AspNetCore.Mvc.IActionResult] Search(BookSearchQuery, System.Threading.CancellationToken) on controller BooksController (LibraryApp.Api).
2026-06-07 13:43:51.309 +03:00 [INF] Executing OkObjectResult, writing value of type 'PagedResult`1[[BookDto, LibraryApp.Core, Version=1.0.0.0, Culture=neutral, PublicKeyToken=null]]'.
2026-06-07 13:43:51.310 +03:00 [INF] Executed action BooksController.Search (LibraryApp.Api) in 4.1326ms
2026-06-07 13:43:51.310 +03:00 [INF] HTTP GET /api/books responded 200 in 4.3476 ms
2026-06-07 13:43:51.310 +03:00 [INF] Request finished HTTP/1.1 GET http://localhost:5112/api/books?page=1&pageSize=20 - 200 null application/json; charset=utf-8 4.7892ms
2026-06-07 13:44:39.084 +03:00 [INF] Request starting HTTP/1.1 OPTIONS http://localhost:5112/api/members/1 - null null
2026-06-07 13:44:39.084 +03:00 [INF] CORS policy execution successful.
2026-06-07 13:44:39.084 +03:00 [INF] HTTP OPTIONS /api/members/1 responded 204 in 0.0858 ms
2026-06-07 13:44:39.084 +03:00 [INF] Request finished HTTP/1.1 OPTIONS http://localhost:5112/api/members/1 - 204 null null 0.3393ms
2026-06-07 13:44:39.095 +03:00 [INF] Request starting HTTP/1.1 PUT http://localhost:5112/api/members/1 - application/json 101
2026-06-07 13:44:39.096 +03:00 [INF] CORS policy execution successful.
2026-06-07 13:44:39.103 +03:00 [INF] Route matched with {action = "Update", controller = "Members"}. Executing controller action with signature System.Threading.Tasks.Task`1[Microsoft.AspNetCore.Mvc.IActionResult] Update(Int32, LibraryApp.Core.DTOs.UpdateMemberCommand, System.Threading.CancellationToken) on controller LibraryApp.Api.Controllers.MembersController (LibraryApp.Api).
2026-06-07 13:44:39.159 +03:00 [INF] Updated member via pure ADO.NET: MemberId=1
2026-06-07 13:44:39.167 +03:00 [INF] Member updated: MemberId=1, FullName=Alice Johnson, Email=alice@example.com
2026-06-07 13:44:39.168 +03:00 [INF] Executing OkObjectResult, writing value of type 'LibraryApp.Core.DTOs.MemberDto'.
2026-06-07 13:44:39.168 +03:00 [INF] Executed action LibraryApp.Api.Controllers.MembersController.Update (LibraryApp.Api) in 65.3703ms
2026-06-07 13:44:39.169 +03:00 [INF] HTTP PUT /api/members/1 responded 200 in 73.0206 ms
2026-06-07 13:44:39.169 +03:00 [INF] Request finished HTTP/1.1 PUT http://localhost:5112/api/members/1 - 200 null application/json; charset=utf-8 73.5042ms
2026-06-07 13:44:39.208 +03:00 [INF] Request starting HTTP/1.1 OPTIONS http://localhost:5112/api/members - null null
2026-06-07 13:44:39.209 +03:00 [INF] CORS policy execution successful.
2026-06-07 13:44:39.209 +03:00 [INF] HTTP OPTIONS /api/members responded 204 in 0.0868 ms
2026-06-07 13:44:39.209 +03:00 [INF] Request finished HTTP/1.1 OPTIONS http://localhost:5112/api/members - 204 null null 0.474ms
2026-06-07 13:44:39.215 +03:00 [INF] Request starting HTTP/1.1 GET http://localhost:5112/api/members - application/json null
2026-06-07 13:44:39.215 +03:00 [INF] CORS policy execution successful.
2026-06-07 13:44:39.216 +03:00 [INF] Route matched with {action = "GetAll", controller = "Members"}. Executing controller action with signature System.Threading.Tasks.Task`1[Microsoft.AspNetCore.Mvc.IActionResult] GetAll(System.Threading.CancellationToken) on controller LibraryApp.Api.Controllers.MembersController (LibraryApp.Api).
2026-06-07 13:44:39.217 +03:00 [INF] Executing OkObjectResult, writing value of type 'System.Collections.Generic.List`1[[LibraryApp.Core.DTOs.MemberDto, LibraryApp.Core, Version=1.0.0.0, Culture=neutral, PublicKeyToken=null]]'.
2026-06-07 13:44:39.218 +03:00 [INF] Executed action LibraryApp.Api.Controllers.MembersController.GetAll (LibraryApp.Api) in 1.8525ms
2026-06-07 13:44:39.218 +03:00 [INF] HTTP GET /api/members responded 200 in 2.1305 ms
2026-06-07 13:44:39.218 +03:00 [INF] Request finished HTTP/1.1 GET http://localhost:5112/api/members - 200 null application/json; charset=utf-8 2.3989ms
2026-06-07 13:44:40.902 +03:00 [INF] Request starting HTTP/1.1 GET http://localhost:5112/api/members/1 - application/json null
2026-06-07 13:44:40.902 +03:00 [INF] CORS policy execution successful.
2026-06-07 13:44:40.902 +03:00 [INF] Route matched with {action = "GetById", controller = "Members"}. Executing controller action with signature System.Threading.Tasks.Task`1[Microsoft.AspNetCore.Mvc.IActionResult] GetById(Int32, System.Threading.CancellationToken) on controller LibraryApp.Api.Controllers.MembersController (LibraryApp.Api).
2026-06-07 13:44:40.905 +03:00 [INF] Executing OkObjectResult, writing value of type 'LibraryApp.Core.DTOs.MemberDto'.
2026-06-07 13:44:40.905 +03:00 [INF] Executed action LibraryApp.Api.Controllers.MembersController.GetById (LibraryApp.Api) in 2.3341ms
2026-06-07 13:44:40.905 +03:00 [INF] HTTP GET /api/members/1 responded 200 in 2.6640 ms
2026-06-07 13:44:40.905 +03:00 [INF] Request finished HTTP/1.1 GET http://localhost:5112/api/members/1 - 200 null application/json; charset=utf-8 2.9105ms
2026-06-07 13:44:43.661 +03:00 [INF] Request starting HTTP/1.1 GET http://localhost:5112/api/members/1 - application/json null
2026-06-07 13:44:43.661 +03:00 [INF] Route matched with {action = "GetById", controller = "Members"}. Executing controller action with signature System.Threading.Tasks.Task`1[Microsoft.AspNetCore.Mvc.IActionResult] GetById(Int32, System.Threading.CancellationToken) on controller LibraryApp.Api.Controllers.MembersController (LibraryApp.Api).
2026-06-07 13:44:43.663 +03:00 [INF] Executing OkObjectResult, writing value of type 'LibraryApp.Core.DTOs.MemberDto'.
2026-06-07 13:44:43.663 +03:00 [INF] Executed action LibraryApp.Api.Controllers.MembersController.GetById (LibraryApp.Api) in 1.9355ms
2026-06-07 13:44:43.664 +03:00 [INF] HTTP GET /api/members/1 responded 200 in 2.1826 ms
2026-06-07 13:44:43.664 +03:00 [INF] Request finished HTTP/1.1 GET http://localhost:5112/api/members/1 - 200 null application/json; charset=utf-8 2.7605ms
2026-06-07 13:44:43.896 +03:00 [INF] Request starting HTTP/1.1 GET http://localhost:5112/api/members/1 - application/json null
2026-06-07 13:44:43.897 +03:00 [INF] CORS policy execution successful.
2026-06-07 13:44:43.897 +03:00 [INF] Route matched with {action = "GetById", controller = "Members"}. Executing controller action with signature System.Threading.Tasks.Task`1[Microsoft.AspNetCore.Mvc.IActionResult] GetById(Int32, System.Threading.CancellationToken) on controller LibraryApp.Api.Controllers.MembersController (LibraryApp.Api).
2026-06-07 13:44:43.899 +03:00 [INF] Executing OkObjectResult, writing value of type 'LibraryApp.Core.DTOs.MemberDto'.
2026-06-07 13:44:43.899 +03:00 [INF] Executed action LibraryApp.Api.Controllers.MembersController.GetById (LibraryApp.Api) in 2.3292ms
2026-06-07 13:44:43.899 +03:00 [INF] HTTP GET /api/members/1 responded 200 in 2.6808 ms
2026-06-07 13:44:43.899 +03:00 [INF] Request finished HTTP/1.1 GET http://localhost:5112/api/members/1 - 200 null application/json; charset=utf-8 3.4383ms
2026-06-07 13:44:44.586 +03:00 [INF] Request starting HTTP/1.1 OPTIONS http://localhost:5112/api/members - null null
2026-06-07 13:44:44.586 +03:00 [INF] CORS policy execution successful.
2026-06-07 13:44:44.586 +03:00 [INF] HTTP OPTIONS /api/members responded 204 in 0.0802 ms
2026-06-07 13:44:44.586 +03:00 [INF] Request finished HTTP/1.1 OPTIONS http://localhost:5112/api/members - 204 null null 0.3352ms
2026-06-07 13:44:44.592 +03:00 [INF] Request starting HTTP/1.1 GET http://localhost:5112/api/members - application/json null
2026-06-07 13:44:44.592 +03:00 [INF] CORS policy execution successful.
2026-06-07 13:44:44.592 +03:00 [INF] Route matched with {action = "GetAll", controller = "Members"}. Executing controller action with signature System.Threading.Tasks.Task`1[Microsoft.AspNetCore.Mvc.IActionResult] GetAll(System.Threading.CancellationToken) on controller LibraryApp.Api.Controllers.MembersController (LibraryApp.Api).
2026-06-07 13:44:44.594 +03:00 [INF] Executing OkObjectResult, writing value of type 'System.Collections.Generic.List`1[[LibraryApp.Core.DTOs.MemberDto, LibraryApp.Core, Version=1.0.0.0, Culture=neutral, PublicKeyToken=null]]'.
2026-06-07 13:44:44.594 +03:00 [INF] Executed action LibraryApp.Api.Controllers.MembersController.GetAll (LibraryApp.Api) in 2.5069ms
2026-06-07 13:44:44.595 +03:00 [INF] HTTP GET /api/members responded 200 in 2.7837 ms
2026-06-07 13:44:44.595 +03:00 [INF] Request finished HTTP/1.1 GET http://localhost:5112/api/members - 200 null application/json; charset=utf-8 3.0695ms
2026-06-07 13:44:45.692 +03:00 [INF] Request starting HTTP/1.1 OPTIONS http://localhost:5112/api/members/2 - null null
2026-06-07 13:44:45.692 +03:00 [INF] CORS policy execution successful.
2026-06-07 13:44:45.692 +03:00 [INF] HTTP OPTIONS /api/members/2 responded 204 in 0.0678 ms
2026-06-07 13:44:45.692 +03:00 [INF] Request finished HTTP/1.1 OPTIONS http://localhost:5112/api/members/2 - 204 null null 0.2832ms
2026-06-07 13:44:45.699 +03:00 [INF] Request starting HTTP/1.1 GET http://localhost:5112/api/members/2 - application/json null
2026-06-07 13:44:45.699 +03:00 [INF] CORS policy execution successful.
2026-06-07 13:44:45.700 +03:00 [INF] Route matched with {action = "GetById", controller = "Members"}. Executing controller action with signature System.Threading.Tasks.Task`1[Microsoft.AspNetCore.Mvc.IActionResult] GetById(Int32, System.Threading.CancellationToken) on controller LibraryApp.Api.Controllers.MembersController (LibraryApp.Api).
2026-06-07 13:44:45.701 +03:00 [INF] Executing OkObjectResult, writing value of type 'LibraryApp.Core.DTOs.MemberDto'.
2026-06-07 13:44:45.701 +03:00 [INF] Executed action LibraryApp.Api.Controllers.MembersController.GetById (LibraryApp.Api) in 1.7465ms
2026-06-07 13:44:45.701 +03:00 [INF] HTTP GET /api/members/2 responded 200 in 2.0225 ms
2026-06-07 13:44:45.702 +03:00 [INF] Request finished HTTP/1.1 GET http://localhost:5112/api/members/2 - 200 null application/json; charset=utf-8 2.2521ms
2026-06-07 13:44:47.127 +03:00 [INF] Request starting HTTP/1.1 GET http://localhost:5112/api/members - application/json null
2026-06-07 13:44:47.127 +03:00 [INF] CORS policy execution successful.
2026-06-07 13:44:47.127 +03:00 [INF] Route matched with {action = "GetAll", controller = "Members"}. Executing controller action with signature System.Threading.Tasks.Task`1[Microsoft.AspNetCore.Mvc.IActionResult] GetAll(System.Threading.CancellationToken) on controller LibraryApp.Api.Controllers.MembersController (LibraryApp.Api).
2026-06-07 13:44:47.129 +03:00 [INF] Executing OkObjectResult, writing value of type 'System.Collections.Generic.List`1[[LibraryApp.Core.DTOs.MemberDto, LibraryApp.Core, Version=1.0.0.0, Culture=neutral, PublicKeyToken=null]]'.
2026-06-07 13:44:47.129 +03:00 [INF] Executed action LibraryApp.Api.Controllers.MembersController.GetAll (LibraryApp.Api) in 1.8052ms
2026-06-07 13:44:47.129 +03:00 [INF] HTTP GET /api/members responded 200 in 2.1358 ms
2026-06-07 13:44:47.130 +03:00 [INF] Request finished HTTP/1.1 GET http://localhost:5112/api/members - 200 null application/json; charset=utf-8 2.3799ms
2026-06-07 13:44:47.974 +03:00 [INF] Request starting HTTP/1.1 OPTIONS http://localhost:5112/api/members/1003 - null null
2026-06-07 13:44:47.975 +03:00 [INF] CORS policy execution successful.
2026-06-07 13:44:47.975 +03:00 [INF] HTTP OPTIONS /api/members/1003 responded 204 in 0.0753 ms
2026-06-07 13:44:47.975 +03:00 [INF] Request finished HTTP/1.1 OPTIONS http://localhost:5112/api/members/1003 - 204 null null 0.3503ms
2026-06-07 13:44:47.979 +03:00 [INF] Request starting HTTP/1.1 GET http://localhost:5112/api/members/1003 - application/json null
2026-06-07 13:44:47.979 +03:00 [INF] CORS policy execution successful.
2026-06-07 13:44:47.980 +03:00 [INF] Route matched with {action = "GetById", controller = "Members"}. Executing controller action with signature System.Threading.Tasks.Task`1[Microsoft.AspNetCore.Mvc.IActionResult] GetById(Int32, System.Threading.CancellationToken) on controller LibraryApp.Api.Controllers.MembersController (LibraryApp.Api).
2026-06-07 13:44:47.981 +03:00 [INF] Executing OkObjectResult, writing value of type 'LibraryApp.Core.DTOs.MemberDto'.
2026-06-07 13:44:47.982 +03:00 [INF] Executed action LibraryApp.Api.Controllers.MembersController.GetById (LibraryApp.Api) in 1.9486ms
2026-06-07 13:44:47.982 +03:00 [INF] HTTP GET /api/members/1003 responded 200 in 2.3367 ms
2026-06-07 13:44:47.982 +03:00 [INF] Request finished HTTP/1.1 GET http://localhost:5112/api/members/1003 - 200 null application/json; charset=utf-8 2.6213ms
2026-06-07 13:44:48.956 +03:00 [INF] Request starting HTTP/1.1 GET http://localhost:5112/api/members - application/json null
2026-06-07 13:44:48.956 +03:00 [INF] CORS policy execution successful.
2026-06-07 13:44:48.957 +03:00 [INF] Route matched with {action = "GetAll", controller = "Members"}. Executing controller action with signature System.Threading.Tasks.Task`1[Microsoft.AspNetCore.Mvc.IActionResult] GetAll(System.Threading.CancellationToken) on controller LibraryApp.Api.Controllers.MembersController (LibraryApp.Api).
2026-06-07 13:44:48.959 +03:00 [INF] Executing OkObjectResult, writing value of type 'System.Collections.Generic.List`1[[LibraryApp.Core.DTOs.MemberDto, LibraryApp.Core, Version=1.0.0.0, Culture=neutral, PublicKeyToken=null]]'.
2026-06-07 13:44:48.959 +03:00 [INF] Executed action LibraryApp.Api.Controllers.MembersController.GetAll (LibraryApp.Api) in 2.3811ms
2026-06-07 13:44:48.959 +03:00 [INF] HTTP GET /api/members responded 200 in 2.9717 ms
2026-06-07 13:44:48.960 +03:00 [INF] Request finished HTTP/1.1 GET http://localhost:5112/api/members - 200 null application/json; charset=utf-8 3.2629ms
2026-06-07 13:45:08.736 +03:00 [INF] Request starting HTTP/1.1 OPTIONS http://localhost:5112/api/members/1003 - null null
2026-06-07 13:45:08.737 +03:00 [INF] CORS policy execution successful.
2026-06-07 13:45:08.737 +03:00 [INF] HTTP OPTIONS /api/members/1003 responded 204 in 0.1618 ms
2026-06-07 13:45:08.737 +03:00 [INF] Request finished HTTP/1.1 OPTIONS http://localhost:5112/api/members/1003 - 204 null null 0.9031ms
2026-06-07 13:45:08.744 +03:00 [INF] Request starting HTTP/1.1 DELETE http://localhost:5112/api/members/1003 - application/json null
2026-06-07 13:45:08.744 +03:00 [INF] CORS policy execution successful.
2026-06-07 13:45:08.748 +03:00 [INF] Route matched with {action = "Delete", controller = "Members"}. Executing controller action with signature System.Threading.Tasks.Task`1[Microsoft.AspNetCore.Mvc.IActionResult] Delete(Int32, System.Threading.CancellationToken) on controller LibraryApp.Api.Controllers.MembersController (LibraryApp.Api).
2026-06-07 13:45:08.769 +03:00 [INF] Deleted member: MemberId=1003
2026-06-07 13:45:08.782 +03:00 [WRN] Savepoints are disabled because Multiple Active Result Sets (MARS) is enabled. If 'SaveChanges' fails, then the transaction cannot be automatically rolled back to a known clean state. Instead, the transaction should be rolled back by the application before retrying 'SaveChanges'. See https://go.microsoft.com/fwlink/?linkid=2149338 for more information and examples. To identify the code which triggers this warning, call 'ConfigureWarnings(w => w.Throw(SqlServerEventId.SavepointsDisabledBecauseOfMARS))'.
2026-06-07 13:45:08.793 +03:00 [INF] Member deleted: MemberId=1003
2026-06-07 13:45:08.793 +03:00 [INF] Executing StatusCodeResult, setting HTTP status code 204
2026-06-07 13:45:08.793 +03:00 [INF] Executed action LibraryApp.Api.Controllers.MembersController.Delete (LibraryApp.Api) in 44.48ms
2026-06-07 13:45:08.793 +03:00 [INF] HTTP DELETE /api/members/1003 responded 204 in 48.8214 ms
2026-06-07 13:45:08.793 +03:00 [INF] Request finished HTTP/1.1 DELETE http://localhost:5112/api/members/1003 - 204 null null 49.3353ms
2026-06-07 13:45:10.279 +03:00 [INF] Request starting HTTP/1.1 OPTIONS http://localhost:5112/api/members/2 - null null
2026-06-07 13:45:10.279 +03:00 [INF] CORS policy execution successful.
2026-06-07 13:45:10.279 +03:00 [INF] HTTP OPTIONS /api/members/2 responded 204 in 0.1072 ms
2026-06-07 13:45:10.279 +03:00 [INF] Request finished HTTP/1.1 OPTIONS http://localhost:5112/api/members/2 - 204 null null 0.3563ms
2026-06-07 13:45:10.284 +03:00 [INF] Request starting HTTP/1.1 GET http://localhost:5112/api/members/2 - application/json null
2026-06-07 13:45:10.284 +03:00 [INF] CORS policy execution successful.
2026-06-07 13:45:10.284 +03:00 [INF] Route matched with {action = "GetById", controller = "Members"}. Executing controller action with signature System.Threading.Tasks.Task`1[Microsoft.AspNetCore.Mvc.IActionResult] GetById(Int32, System.Threading.CancellationToken) on controller LibraryApp.Api.Controllers.MembersController (LibraryApp.Api).
2026-06-07 13:45:10.286 +03:00 [INF] Executing OkObjectResult, writing value of type 'LibraryApp.Core.DTOs.MemberDto'.
2026-06-07 13:45:10.287 +03:00 [INF] Executed action LibraryApp.Api.Controllers.MembersController.GetById (LibraryApp.Api) in 2.1899ms
2026-06-07 13:45:10.287 +03:00 [INF] HTTP GET /api/members/2 responded 200 in 2.7245 ms
2026-06-07 13:45:10.287 +03:00 [INF] Request finished HTTP/1.1 GET http://localhost:5112/api/members/2 - 200 null application/json; charset=utf-8 3.0702ms
2026-06-07 13:45:11.279 +03:00 [INF] Request starting HTTP/1.1 GET http://localhost:5112/api/members - application/json null
2026-06-07 13:45:11.279 +03:00 [INF] Route matched with {action = "GetAll", controller = "Members"}. Executing controller action with signature System.Threading.Tasks.Task`1[Microsoft.AspNetCore.Mvc.IActionResult] GetAll(System.Threading.CancellationToken) on controller LibraryApp.Api.Controllers.MembersController (LibraryApp.Api).
2026-06-07 13:45:11.281 +03:00 [INF] Executing OkObjectResult, writing value of type 'System.Collections.Generic.List`1[[LibraryApp.Core.DTOs.MemberDto, LibraryApp.Core, Version=1.0.0.0, Culture=neutral, PublicKeyToken=null]]'.
2026-06-07 13:45:11.281 +03:00 [INF] Executed action LibraryApp.Api.Controllers.MembersController.GetAll (LibraryApp.Api) in 1.5601ms
2026-06-07 13:45:11.281 +03:00 [INF] HTTP GET /api/members responded 200 in 1.7821 ms
2026-06-07 13:45:11.281 +03:00 [INF] Request finished HTTP/1.1 GET http://localhost:5112/api/members - 200 null application/json; charset=utf-8 2.0535ms
2026-06-07 13:45:11.575 +03:00 [INF] Request starting HTTP/1.1 OPTIONS http://localhost:5112/api/members - null null
2026-06-07 13:45:11.575 +03:00 [INF] CORS policy execution successful.
2026-06-07 13:45:11.576 +03:00 [INF] HTTP OPTIONS /api/members responded 204 in 0.0761 ms
2026-06-07 13:45:11.576 +03:00 [INF] Request finished HTTP/1.1 OPTIONS http://localhost:5112/api/members - 204 null null 0.3072ms
2026-06-07 13:45:11.583 +03:00 [INF] Request starting HTTP/1.1 GET http://localhost:5112/api/members - application/json null
2026-06-07 13:45:11.583 +03:00 [INF] CORS policy execution successful.
2026-06-07 13:45:11.583 +03:00 [INF] Route matched with {action = "GetAll", controller = "Members"}. Executing controller action with signature System.Threading.Tasks.Task`1[Microsoft.AspNetCore.Mvc.IActionResult] GetAll(System.Threading.CancellationToken) on controller LibraryApp.Api.Controllers.MembersController (LibraryApp.Api).
2026-06-07 13:45:11.585 +03:00 [INF] Executing OkObjectResult, writing value of type 'System.Collections.Generic.List`1[[LibraryApp.Core.DTOs.MemberDto, LibraryApp.Core, Version=1.0.0.0, Culture=neutral, PublicKeyToken=null]]'.
2026-06-07 13:45:11.585 +03:00 [INF] Executed action LibraryApp.Api.Controllers.MembersController.GetAll (LibraryApp.Api) in 2.2669ms
2026-06-07 13:45:11.585 +03:00 [INF] HTTP GET /api/members responded 200 in 2.5528 ms
2026-06-07 13:45:11.585 +03:00 [INF] Request finished HTTP/1.1 GET http://localhost:5112/api/members - 200 null application/json; charset=utf-8 2.8365ms
2026-06-07 13:45:14.038 +03:00 [INF] Request starting HTTP/1.1 GET http://localhost:5112/api/members/2 - application/json null
2026-06-07 13:45:14.039 +03:00 [INF] CORS policy execution successful.
2026-06-07 13:45:14.039 +03:00 [INF] Route matched with {action = "GetById", controller = "Members"}. Executing controller action with signature System.Threading.Tasks.Task`1[Microsoft.AspNetCore.Mvc.IActionResult] GetById(Int32, System.Threading.CancellationToken) on controller LibraryApp.Api.Controllers.MembersController (LibraryApp.Api).
2026-06-07 13:45:14.041 +03:00 [INF] Executing OkObjectResult, writing value of type 'LibraryApp.Core.DTOs.MemberDto'.
2026-06-07 13:45:14.041 +03:00 [INF] Executed action LibraryApp.Api.Controllers.MembersController.GetById (LibraryApp.Api) in 2.3816ms
2026-06-07 13:45:14.041 +03:00 [INF] HTTP GET /api/members/2 responded 200 in 2.6921 ms
2026-06-07 13:45:14.041 +03:00 [INF] Request finished HTTP/1.1 GET http://localhost:5112/api/members/2 - 200 null application/json; charset=utf-8 3.0923ms
2026-06-07 13:45:46.972 +03:00 [INF] Request starting HTTP/1.1 GET http://localhost:5112/api/members/2 - application/json null
2026-06-07 13:45:46.972 +03:00 [INF] Route matched with {action = "GetById", controller = "Members"}. Executing controller action with signature System.Threading.Tasks.Task`1[Microsoft.AspNetCore.Mvc.IActionResult] GetById(Int32, System.Threading.CancellationToken) on controller LibraryApp.Api.Controllers.MembersController (LibraryApp.Api).
2026-06-07 13:45:46.974 +03:00 [INF] Executing OkObjectResult, writing value of type 'LibraryApp.Core.DTOs.MemberDto'.
2026-06-07 13:45:46.974 +03:00 [INF] Executed action LibraryApp.Api.Controllers.MembersController.GetById (LibraryApp.Api) in 2.3401ms
2026-06-07 13:45:46.975 +03:00 [INF] HTTP GET /api/members/2 responded 200 in 2.5960 ms
2026-06-07 13:45:46.975 +03:00 [INF] Request finished HTTP/1.1 GET http://localhost:5112/api/members/2 - 200 null application/json; charset=utf-8 2.8825ms
2026-06-07 13:45:47.256 +03:00 [INF] Request starting HTTP/1.1 OPTIONS http://localhost:5112/api/members/2 - null null
2026-06-07 13:45:47.257 +03:00 [INF] CORS policy execution successful.
2026-06-07 13:45:47.257 +03:00 [INF] HTTP OPTIONS /api/members/2 responded 204 in 0.0999 ms
2026-06-07 13:45:47.257 +03:00 [INF] Request finished HTTP/1.1 OPTIONS http://localhost:5112/api/members/2 - 204 null null 0.613ms
2026-06-07 13:45:47.265 +03:00 [INF] Request starting HTTP/1.1 GET http://localhost:5112/api/members/2 - application/json null
2026-06-07 13:45:47.265 +03:00 [INF] CORS policy execution successful.
2026-06-07 13:45:47.265 +03:00 [INF] Route matched with {action = "GetById", controller = "Members"}. Executing controller action with signature System.Threading.Tasks.Task`1[Microsoft.AspNetCore.Mvc.IActionResult] GetById(Int32, System.Threading.CancellationToken) on controller LibraryApp.Api.Controllers.MembersController (LibraryApp.Api).
2026-06-07 13:45:47.267 +03:00 [INF] Executing OkObjectResult, writing value of type 'LibraryApp.Core.DTOs.MemberDto'.
2026-06-07 13:45:47.267 +03:00 [INF] Executed action LibraryApp.Api.Controllers.MembersController.GetById (LibraryApp.Api) in 1.8609ms
2026-06-07 13:45:47.267 +03:00 [INF] HTTP GET /api/members/2 responded 200 in 2.1762 ms
2026-06-07 13:45:47.267 +03:00 [INF] Request finished HTTP/1.1 GET http://localhost:5112/api/members/2 - 200 null application/json; charset=utf-8 2.4522ms
2026-06-07 13:46:29.723 +03:00 [INF] Request starting HTTP/1.1 GET http://localhost:5112/api/members/2 - application/json null
2026-06-07 13:46:29.723 +03:00 [INF] Route matched with {action = "GetById", controller = "Members"}. Executing controller action with signature System.Threading.Tasks.Task`1[Microsoft.AspNetCore.Mvc.IActionResult] GetById(Int32, System.Threading.CancellationToken) on controller LibraryApp.Api.Controllers.MembersController (LibraryApp.Api).
2026-06-07 13:46:29.725 +03:00 [INF] Executing OkObjectResult, writing value of type 'LibraryApp.Core.DTOs.MemberDto'.
2026-06-07 13:46:29.726 +03:00 [INF] Executed action LibraryApp.Api.Controllers.MembersController.GetById (LibraryApp.Api) in 2.1799ms
2026-06-07 13:46:29.726 +03:00 [INF] HTTP GET /api/members/2 responded 200 in 2.6997 ms
2026-06-07 13:46:29.726 +03:00 [INF] Request finished HTTP/1.1 GET http://localhost:5112/api/members/2 - 200 null application/json; charset=utf-8 3.0075ms
2026-06-07 13:46:30.003 +03:00 [INF] Request starting HTTP/1.1 OPTIONS http://localhost:5112/api/members/2 - null null
2026-06-07 13:46:30.003 +03:00 [INF] CORS policy execution successful.
2026-06-07 13:46:30.003 +03:00 [INF] HTTP OPTIONS /api/members/2 responded 204 in 0.1178 ms
2026-06-07 13:46:30.003 +03:00 [INF] Request finished HTTP/1.1 OPTIONS http://localhost:5112/api/members/2 - 204 null null 0.4346ms
2026-06-07 13:46:30.016 +03:00 [INF] Request starting HTTP/1.1 GET http://localhost:5112/api/members/2 - application/json null
2026-06-07 13:46:30.016 +03:00 [INF] CORS policy execution successful.
2026-06-07 13:46:30.016 +03:00 [INF] Route matched with {action = "GetById", controller = "Members"}. Executing controller action with signature System.Threading.Tasks.Task`1[Microsoft.AspNetCore.Mvc.IActionResult] GetById(Int32, System.Threading.CancellationToken) on controller LibraryApp.Api.Controllers.MembersController (LibraryApp.Api).
2026-06-07 13:46:30.018 +03:00 [INF] Executing OkObjectResult, writing value of type 'LibraryApp.Core.DTOs.MemberDto'.
2026-06-07 13:46:30.018 +03:00 [INF] Executed action LibraryApp.Api.Controllers.MembersController.GetById (LibraryApp.Api) in 1.9401ms
2026-06-07 13:46:30.018 +03:00 [INF] HTTP GET /api/members/2 responded 200 in 2.2827 ms
2026-06-07 13:46:30.018 +03:00 [INF] Request finished HTTP/1.1 GET http://localhost:5112/api/members/2 - 200 null application/json; charset=utf-8 2.5985ms
2026-06-07 13:46:31.742 +03:00 [INF] Request starting HTTP/1.1 GET http://localhost:5112/api/members/2 - application/json null
2026-06-07 13:46:31.742 +03:00 [INF] Route matched with {action = "GetById", controller = "Members"}. Executing controller action with signature System.Threading.Tasks.Task`1[Microsoft.AspNetCore.Mvc.IActionResult] GetById(Int32, System.Threading.CancellationToken) on controller LibraryApp.Api.Controllers.MembersController (LibraryApp.Api).
2026-06-07 13:46:31.743 +03:00 [INF] Executing OkObjectResult, writing value of type 'LibraryApp.Core.DTOs.MemberDto'.
2026-06-07 13:46:31.743 +03:00 [INF] Executed action LibraryApp.Api.Controllers.MembersController.GetById (LibraryApp.Api) in 1.5444ms
2026-06-07 13:46:31.743 +03:00 [INF] HTTP GET /api/members/2 responded 200 in 1.7611 ms
2026-06-07 13:46:31.744 +03:00 [INF] Request finished HTTP/1.1 GET http://localhost:5112/api/members/2 - 200 null application/json; charset=utf-8 1.9984ms
2026-06-07 13:46:31.976 +03:00 [INF] Request starting HTTP/1.1 GET http://localhost:5112/api/members/2 - application/json null
2026-06-07 13:46:31.976 +03:00 [INF] CORS policy execution successful.
2026-06-07 13:46:31.976 +03:00 [INF] Route matched with {action = "GetById", controller = "Members"}. Executing controller action with signature System.Threading.Tasks.Task`1[Microsoft.AspNetCore.Mvc.IActionResult] GetById(Int32, System.Threading.CancellationToken) on controller LibraryApp.Api.Controllers.MembersController (LibraryApp.Api).
2026-06-07 13:46:31.978 +03:00 [INF] Executing OkObjectResult, writing value of type 'LibraryApp.Core.DTOs.MemberDto'.
2026-06-07 13:46:31.978 +03:00 [INF] Executed action LibraryApp.Api.Controllers.MembersController.GetById (LibraryApp.Api) in 1.7076ms
2026-06-07 13:46:31.978 +03:00 [INF] HTTP GET /api/members/2 responded 200 in 2.0694 ms
2026-06-07 13:46:31.979 +03:00 [INF] Request finished HTTP/1.1 GET http://localhost:5112/api/members/2 - 200 null application/json; charset=utf-8 2.7745ms
2026-06-07 13:46:36.879 +03:00 [INF] Request starting HTTP/1.1 GET http://localhost:5112/api/members/2 - application/json null
2026-06-07 13:46:36.879 +03:00 [INF] Route matched with {action = "GetById", controller = "Members"}. Executing controller action with signature System.Threading.Tasks.Task`1[Microsoft.AspNetCore.Mvc.IActionResult] GetById(Int32, System.Threading.CancellationToken) on controller LibraryApp.Api.Controllers.MembersController (LibraryApp.Api).
2026-06-07 13:46:36.881 +03:00 [INF] Executing OkObjectResult, writing value of type 'LibraryApp.Core.DTOs.MemberDto'.
2026-06-07 13:46:36.881 +03:00 [INF] Executed action LibraryApp.Api.Controllers.MembersController.GetById (LibraryApp.Api) in 1.9708ms
2026-06-07 13:46:36.881 +03:00 [INF] HTTP GET /api/members/2 responded 200 in 2.1939 ms
2026-06-07 13:46:36.881 +03:00 [INF] Request finished HTTP/1.1 GET http://localhost:5112/api/members/2 - 200 null application/json; charset=utf-8 2.4549ms
2026-06-07 13:46:37.048 +03:00 [INF] Request starting HTTP/1.1 OPTIONS http://localhost:5112/api/members/2 - null null
2026-06-07 13:46:37.048 +03:00 [INF] CORS policy execution successful.
2026-06-07 13:46:37.048 +03:00 [INF] HTTP OPTIONS /api/members/2 responded 204 in 0.1077 ms
2026-06-07 13:46:37.049 +03:00 [INF] Request finished HTTP/1.1 OPTIONS http://localhost:5112/api/members/2 - 204 null null 0.3616ms
2026-06-07 13:46:37.055 +03:00 [INF] Request starting HTTP/1.1 GET http://localhost:5112/api/members/2 - application/json null
2026-06-07 13:46:37.055 +03:00 [INF] CORS policy execution successful.
2026-06-07 13:46:37.055 +03:00 [INF] Route matched with {action = "GetById", controller = "Members"}. Executing controller action with signature System.Threading.Tasks.Task`1[Microsoft.AspNetCore.Mvc.IActionResult] GetById(Int32, System.Threading.CancellationToken) on controller LibraryApp.Api.Controllers.MembersController (LibraryApp.Api).
2026-06-07 13:46:37.057 +03:00 [INF] Executing OkObjectResult, writing value of type 'LibraryApp.Core.DTOs.MemberDto'.
2026-06-07 13:46:37.057 +03:00 [INF] Executed action LibraryApp.Api.Controllers.MembersController.GetById (LibraryApp.Api) in 2.1151ms
2026-06-07 13:46:37.057 +03:00 [INF] HTTP GET /api/members/2 responded 200 in 2.4360 ms
2026-06-07 13:46:37.057 +03:00 [INF] Request finished HTTP/1.1 GET http://localhost:5112/api/members/2 - 200 null application/json; charset=utf-8 2.7365ms
2026-06-07 13:46:50.174 +03:00 [INF] Request starting HTTP/1.1 GET http://localhost:5112/api/members/2 - application/json null
2026-06-07 13:46:50.174 +03:00 [INF] Route matched with {action = "GetById", controller = "Members"}. Executing controller action with signature System.Threading.Tasks.Task`1[Microsoft.AspNetCore.Mvc.IActionResult] GetById(Int32, System.Threading.CancellationToken) on controller LibraryApp.Api.Controllers.MembersController (LibraryApp.Api).
2026-06-07 13:46:50.175 +03:00 [INF] Request starting HTTP/1.1 GET http://localhost:5112/api/members/2 - application/json null
2026-06-07 13:46:50.175 +03:00 [INF] Route matched with {action = "GetById", controller = "Members"}. Executing controller action with signature System.Threading.Tasks.Task`1[Microsoft.AspNetCore.Mvc.IActionResult] GetById(Int32, System.Threading.CancellationToken) on controller LibraryApp.Api.Controllers.MembersController (LibraryApp.Api).
2026-06-07 13:46:50.176 +03:00 [INF] Executing OkObjectResult, writing value of type 'LibraryApp.Core.DTOs.MemberDto'.
2026-06-07 13:46:50.176 +03:00 [INF] Executed action LibraryApp.Api.Controllers.MembersController.GetById (LibraryApp.Api) in 1.5291ms
2026-06-07 13:46:50.176 +03:00 [INF] HTTP GET /api/members/2 responded 200 in 1.7652 ms
2026-06-07 13:46:50.176 +03:00 [INF] Request finished HTTP/1.1 GET http://localhost:5112/api/members/2 - 200 null application/json; charset=utf-8 2.0405ms
2026-06-07 13:46:50.177 +03:00 [INF] Executing OkObjectResult, writing value of type 'LibraryApp.Core.DTOs.MemberDto'.
2026-06-07 13:46:50.177 +03:00 [INF] Executed action LibraryApp.Api.Controllers.MembersController.GetById (LibraryApp.Api) in 1.2458ms
2026-06-07 13:46:50.177 +03:00 [INF] HTTP GET /api/members/2 responded 200 in 1.4019 ms
2026-06-07 13:46:50.177 +03:00 [INF] Request finished HTTP/1.1 GET http://localhost:5112/api/members/2 - 200 null application/json; charset=utf-8 1.5911ms
2026-06-07 13:46:50.349 +03:00 [INF] Request starting HTTP/1.1 OPTIONS http://localhost:5112/api/members/2 - null null
2026-06-07 13:46:50.349 +03:00 [INF] CORS policy execution successful.
2026-06-07 13:46:50.350 +03:00 [INF] HTTP OPTIONS /api/members/2 responded 204 in 0.6439 ms
2026-06-07 13:46:50.350 +03:00 [INF] Request finished HTTP/1.1 OPTIONS http://localhost:5112/api/members/2 - 204 null null 0.974ms
2026-06-07 13:46:50.358 +03:00 [INF] Request starting HTTP/1.1 GET http://localhost:5112/api/members/2 - application/json null
2026-06-07 13:46:50.358 +03:00 [INF] CORS policy execution successful.
2026-06-07 13:46:50.358 +03:00 [INF] Route matched with {action = "GetById", controller = "Members"}. Executing controller action with signature System.Threading.Tasks.Task`1[Microsoft.AspNetCore.Mvc.IActionResult] GetById(Int32, System.Threading.CancellationToken) on controller LibraryApp.Api.Controllers.MembersController (LibraryApp.Api).
2026-06-07 13:46:50.360 +03:00 [INF] Executing OkObjectResult, writing value of type 'LibraryApp.Core.DTOs.MemberDto'.
2026-06-07 13:46:50.360 +03:00 [INF] Executed action LibraryApp.Api.Controllers.MembersController.GetById (LibraryApp.Api) in 1.8631ms
2026-06-07 13:46:50.360 +03:00 [INF] HTTP GET /api/members/2 responded 200 in 2.1724 ms
2026-06-07 13:46:50.360 +03:00 [INF] Request finished HTTP/1.1 GET http://localhost:5112/api/members/2 - 200 null application/json; charset=utf-8 2.3903ms
2026-06-07 13:47:10.446 +03:00 [INF] Request starting HTTP/1.1 GET http://localhost:5112/api/loans/active - application/json null
2026-06-07 13:47:10.447 +03:00 [INF] Route matched with {action = "GetActive", controller = "Loans"}. Executing controller action with signature System.Threading.Tasks.Task`1[Microsoft.AspNetCore.Mvc.IActionResult] GetActive(System.Threading.CancellationToken) on controller LibraryApp.Api.Controllers.LoansController (LibraryApp.Api).
2026-06-07 13:47:10.449 +03:00 [INF] Executing OkObjectResult, writing value of type 'System.Collections.Generic.List`1[[LibraryApp.Core.DTOs.ActiveLoanDto, LibraryApp.Core, Version=1.0.0.0, Culture=neutral, PublicKeyToken=null]]'.
2026-06-07 13:47:10.449 +03:00 [INF] Executed action LibraryApp.Api.Controllers.LoansController.GetActive (LibraryApp.Api) in 2.4932ms
2026-06-07 13:47:10.449 +03:00 [INF] HTTP GET /api/loans/active responded 200 in 2.7806 ms
2026-06-07 13:47:10.449 +03:00 [INF] Request finished HTTP/1.1 GET http://localhost:5112/api/loans/active - 200 null application/json; charset=utf-8 3.0439ms
2026-06-07 13:47:10.468 +03:00 [INF] Request starting HTTP/1.1 GET http://localhost:5112/api/books?page=1&pageSize=20 - application/json null
2026-06-07 13:47:10.472 +03:00 [INF] Route matched with {action = "Search", controller = "Books"}. Executing controller action with signature System.Threading.Tasks.Task`1[Microsoft.AspNetCore.Mvc.IActionResult] Search(BookSearchQuery, System.Threading.CancellationToken) on controller BooksController (LibraryApp.Api).
2026-06-07 13:47:10.477 +03:00 [INF] Request starting HTTP/1.1 GET http://localhost:5112/api/members - application/json null
2026-06-07 13:47:10.477 +03:00 [INF] Route matched with {action = "GetAll", controller = "Members"}. Executing controller action with signature System.Threading.Tasks.Task`1[Microsoft.AspNetCore.Mvc.IActionResult] GetAll(System.Threading.CancellationToken) on controller LibraryApp.Api.Controllers.MembersController (LibraryApp.Api).
2026-06-07 13:47:10.477 +03:00 [INF] Executing OkObjectResult, writing value of type 'PagedResult`1[[BookDto, LibraryApp.Core, Version=1.0.0.0, Culture=neutral, PublicKeyToken=null]]'.
2026-06-07 13:47:10.478 +03:00 [INF] Executed action BooksController.Search (LibraryApp.Api) in 5.654ms
2026-06-07 13:47:10.478 +03:00 [INF] HTTP GET /api/books responded 200 in 5.9499 ms
2026-06-07 13:47:10.478 +03:00 [INF] Request finished HTTP/1.1 GET http://localhost:5112/api/books?page=1&pageSize=20 - 200 null application/json; charset=utf-8 9.8251ms
2026-06-07 13:47:10.479 +03:00 [INF] Executing OkObjectResult, writing value of type 'System.Collections.Generic.List`1[[LibraryApp.Core.DTOs.MemberDto, LibraryApp.Core, Version=1.0.0.0, Culture=neutral, PublicKeyToken=null]]'.
2026-06-07 13:47:10.480 +03:00 [INF] Executed action LibraryApp.Api.Controllers.MembersController.GetAll (LibraryApp.Api) in 2.1826ms
2026-06-07 13:47:10.480 +03:00 [INF] HTTP GET /api/members responded 200 in 2.4076 ms
2026-06-07 13:47:10.480 +03:00 [INF] Request finished HTTP/1.1 GET http://localhost:5112/api/members - 200 null application/json; charset=utf-8 2.6492ms
2026-06-07 13:47:24.557 +03:00 [INF] Request starting HTTP/1.1 GET http://localhost:5112/api/members/2 - application/json null
2026-06-07 13:47:24.557 +03:00 [INF] Route matched with {action = "GetById", controller = "Members"}. Executing controller action with signature System.Threading.Tasks.Task`1[Microsoft.AspNetCore.Mvc.IActionResult] GetById(Int32, System.Threading.CancellationToken) on controller LibraryApp.Api.Controllers.MembersController (LibraryApp.Api).
2026-06-07 13:47:24.559 +03:00 [INF] Executing OkObjectResult, writing value of type 'LibraryApp.Core.DTOs.MemberDto'.
2026-06-07 13:47:24.559 +03:00 [INF] Executed action LibraryApp.Api.Controllers.MembersController.GetById (LibraryApp.Api) in 1.7918ms
2026-06-07 13:47:24.559 +03:00 [INF] HTTP GET /api/members/2 responded 200 in 2.0023 ms
2026-06-07 13:47:24.559 +03:00 [INF] Request finished HTTP/1.1 GET http://localhost:5112/api/members/2 - 200 null application/json; charset=utf-8 2.3063ms
2026-06-07 13:47:24.817 +03:00 [INF] Request starting HTTP/1.1 OPTIONS http://localhost:5112/api/members/2 - null null
2026-06-07 13:47:24.817 +03:00 [INF] CORS policy execution successful.
2026-06-07 13:47:24.817 +03:00 [INF] HTTP OPTIONS /api/members/2 responded 204 in 0.0842 ms
2026-06-07 13:47:24.817 +03:00 [INF] Request finished HTTP/1.1 OPTIONS http://localhost:5112/api/members/2 - 204 null null 0.3431ms
2026-06-07 13:47:24.824 +03:00 [INF] Request starting HTTP/1.1 GET http://localhost:5112/api/members/2 - application/json null
2026-06-07 13:47:24.825 +03:00 [INF] CORS policy execution successful.
2026-06-07 13:47:24.825 +03:00 [INF] Route matched with {action = "GetById", controller = "Members"}. Executing controller action with signature System.Threading.Tasks.Task`1[Microsoft.AspNetCore.Mvc.IActionResult] GetById(Int32, System.Threading.CancellationToken) on controller LibraryApp.Api.Controllers.MembersController (LibraryApp.Api).
2026-06-07 13:47:24.827 +03:00 [INF] Executing OkObjectResult, writing value of type 'LibraryApp.Core.DTOs.MemberDto'.
2026-06-07 13:47:24.828 +03:00 [INF] Executed action LibraryApp.Api.Controllers.MembersController.GetById (LibraryApp.Api) in 2.7171ms
2026-06-07 13:47:24.828 +03:00 [INF] HTTP GET /api/members/2 responded 200 in 3.0337 ms
2026-06-07 13:47:24.828 +03:00 [INF] Request finished HTTP/1.1 GET http://localhost:5112/api/members/2 - 200 null application/json; charset=utf-8 3.5866ms
2026-06-07 13:47:25.957 +03:00 [INF] Request starting HTTP/1.1 OPTIONS http://localhost:5112/api/members - null null
2026-06-07 13:47:25.958 +03:00 [INF] CORS policy execution successful.
2026-06-07 13:47:25.958 +03:00 [INF] HTTP OPTIONS /api/members responded 204 in 0.2277 ms
2026-06-07 13:47:25.958 +03:00 [INF] Request finished HTTP/1.1 OPTIONS http://localhost:5112/api/members - 204 null null 0.8129ms
2026-06-07 13:47:25.964 +03:00 [INF] Request starting HTTP/1.1 GET http://localhost:5112/api/members - application/json null
2026-06-07 13:47:25.964 +03:00 [INF] CORS policy execution successful.
2026-06-07 13:47:25.964 +03:00 [INF] Route matched with {action = "GetAll", controller = "Members"}. Executing controller action with signature System.Threading.Tasks.Task`1[Microsoft.AspNetCore.Mvc.IActionResult] GetAll(System.Threading.CancellationToken) on controller LibraryApp.Api.Controllers.MembersController (LibraryApp.Api).
2026-06-07 13:47:25.966 +03:00 [INF] Executing OkObjectResult, writing value of type 'System.Collections.Generic.List`1[[LibraryApp.Core.DTOs.MemberDto, LibraryApp.Core, Version=1.0.0.0, Culture=neutral, PublicKeyToken=null]]'.
2026-06-07 13:47:25.967 +03:00 [INF] Executed action LibraryApp.Api.Controllers.MembersController.GetAll (LibraryApp.Api) in 2.2285ms
2026-06-07 13:47:25.967 +03:00 [INF] HTTP GET /api/members responded 200 in 2.5680 ms
2026-06-07 13:47:25.967 +03:00 [INF] Request finished HTTP/1.1 GET http://localhost:5112/api/members - 200 null application/json; charset=utf-8 2.8368ms
2026-06-07 13:47:27.218 +03:00 [INF] Request starting HTTP/1.1 OPTIONS http://localhost:5112/api/members/1 - null null
2026-06-07 13:47:27.219 +03:00 [INF] CORS policy execution successful.
2026-06-07 13:47:27.219 +03:00 [INF] HTTP OPTIONS /api/members/1 responded 204 in 0.1115 ms
2026-06-07 13:47:27.219 +03:00 [INF] Request finished HTTP/1.1 OPTIONS http://localhost:5112/api/members/1 - 204 null null 0.3812ms
2026-06-07 13:47:27.223 +03:00 [INF] Request starting HTTP/1.1 GET http://localhost:5112/api/members/1 - application/json null
2026-06-07 13:47:27.224 +03:00 [INF] CORS policy execution successful.
2026-06-07 13:47:27.224 +03:00 [INF] Route matched with {action = "GetById", controller = "Members"}. Executing controller action with signature System.Threading.Tasks.Task`1[Microsoft.AspNetCore.Mvc.IActionResult] GetById(Int32, System.Threading.CancellationToken) on controller LibraryApp.Api.Controllers.MembersController (LibraryApp.Api).
2026-06-07 13:47:27.227 +03:00 [INF] Executing OkObjectResult, writing value of type 'LibraryApp.Core.DTOs.MemberDto'.
2026-06-07 13:47:27.227 +03:00 [INF] Executed action LibraryApp.Api.Controllers.MembersController.GetById (LibraryApp.Api) in 3.3035ms
2026-06-07 13:47:27.227 +03:00 [INF] HTTP GET /api/members/1 responded 200 in 3.5927 ms
2026-06-07 13:47:27.227 +03:00 [INF] Request finished HTTP/1.1 GET http://localhost:5112/api/members/1 - 200 null application/json; charset=utf-8 3.8879ms
2026-06-07 13:47:28.196 +03:00 [INF] Request starting HTTP/1.1 GET http://localhost:5112/api/members - application/json null
2026-06-07 13:47:28.196 +03:00 [INF] CORS policy execution successful.
2026-06-07 13:47:28.196 +03:00 [INF] Route matched with {action = "GetAll", controller = "Members"}. Executing controller action with signature System.Threading.Tasks.Task`1[Microsoft.AspNetCore.Mvc.IActionResult] GetAll(System.Threading.CancellationToken) on controller LibraryApp.Api.Controllers.MembersController (LibraryApp.Api).
2026-06-07 13:47:28.198 +03:00 [INF] Executing OkObjectResult, writing value of type 'System.Collections.Generic.List`1[[LibraryApp.Core.DTOs.MemberDto, LibraryApp.Core, Version=1.0.0.0, Culture=neutral, PublicKeyToken=null]]'.
2026-06-07 13:47:28.198 +03:00 [INF] Executed action LibraryApp.Api.Controllers.MembersController.GetAll (LibraryApp.Api) in 1.9787ms
2026-06-07 13:47:28.198 +03:00 [INF] HTTP GET /api/members responded 200 in 2.2443 ms
2026-06-07 13:47:28.198 +03:00 [INF] Request finished HTTP/1.1 GET http://localhost:5112/api/members - 200 null application/json; charset=utf-8 2.54ms
2026-06-07 13:47:48.494 +03:00 [INF] Request starting HTTP/1.1 GET http://localhost:5112/api/members - application/json null
2026-06-07 13:47:48.494 +03:00 [INF] Route matched with {action = "GetAll", controller = "Members"}. Executing controller action with signature System.Threading.Tasks.Task`1[Microsoft.AspNetCore.Mvc.IActionResult] GetAll(System.Threading.CancellationToken) on controller LibraryApp.Api.Controllers.MembersController (LibraryApp.Api).
2026-06-07 13:47:48.496 +03:00 [INF] Executing OkObjectResult, writing value of type 'System.Collections.Generic.List`1[[LibraryApp.Core.DTOs.MemberDto, LibraryApp.Core, Version=1.0.0.0, Culture=neutral, PublicKeyToken=null]]'.
2026-06-07 13:47:48.496 +03:00 [INF] Executed action LibraryApp.Api.Controllers.MembersController.GetAll (LibraryApp.Api) in 2.2274ms
2026-06-07 13:47:48.496 +03:00 [INF] HTTP GET /api/members responded 200 in 2.4459 ms
2026-06-07 13:47:48.496 +03:00 [INF] Request finished HTTP/1.1 GET http://localhost:5112/api/members - 200 null application/json; charset=utf-8 2.6831ms
2026-06-07 13:47:49.041 +03:00 [INF] Request starting HTTP/1.1 OPTIONS http://localhost:5112/api/members - null null
2026-06-07 13:47:49.041 +03:00 [INF] CORS policy execution successful.
2026-06-07 13:47:49.041 +03:00 [INF] HTTP OPTIONS /api/members responded 204 in 0.1179 ms
2026-06-07 13:47:49.042 +03:00 [INF] Request finished HTTP/1.1 OPTIONS http://localhost:5112/api/members - 204 null null 0.4981ms
2026-06-07 13:47:49.047 +03:00 [INF] Request starting HTTP/1.1 GET http://localhost:5112/api/members - application/json null
2026-06-07 13:47:49.047 +03:00 [INF] CORS policy execution successful.
2026-06-07 13:47:49.047 +03:00 [INF] Route matched with {action = "GetAll", controller = "Members"}. Executing controller action with signature System.Threading.Tasks.Task`1[Microsoft.AspNetCore.Mvc.IActionResult] GetAll(System.Threading.CancellationToken) on controller LibraryApp.Api.Controllers.MembersController (LibraryApp.Api).
2026-06-07 13:47:49.050 +03:00 [INF] Executing OkObjectResult, writing value of type 'System.Collections.Generic.List`1[[LibraryApp.Core.DTOs.MemberDto, LibraryApp.Core, Version=1.0.0.0, Culture=neutral, PublicKeyToken=null]]'.
2026-06-07 13:47:49.050 +03:00 [INF] Executed action LibraryApp.Api.Controllers.MembersController.GetAll (LibraryApp.Api) in 2.6201ms
2026-06-07 13:47:49.050 +03:00 [INF] HTTP GET /api/members responded 200 in 3.0090 ms
2026-06-07 13:47:49.050 +03:00 [INF] Request finished HTTP/1.1 GET http://localhost:5112/api/members - 200 null application/json; charset=utf-8 3.2837ms
2026-06-07 13:47:50.359 +03:00 [INF] Request starting HTTP/1.1 OPTIONS http://localhost:5112/api/members/1 - null null
2026-06-07 13:47:50.359 +03:00 [INF] CORS policy execution successful.
2026-06-07 13:47:50.359 +03:00 [INF] HTTP OPTIONS /api/members/1 responded 204 in 0.1173 ms
2026-06-07 13:47:50.359 +03:00 [INF] Request finished HTTP/1.1 OPTIONS http://localhost:5112/api/members/1 - 204 null null 0.5587ms
2026-06-07 13:47:50.364 +03:00 [INF] Request starting HTTP/1.1 GET http://localhost:5112/api/members/1 - application/json null
2026-06-07 13:47:50.364 +03:00 [INF] CORS policy execution successful.
2026-06-07 13:47:50.364 +03:00 [INF] Route matched with {action = "GetById", controller = "Members"}. Executing controller action with signature System.Threading.Tasks.Task`1[Microsoft.AspNetCore.Mvc.IActionResult] GetById(Int32, System.Threading.CancellationToken) on controller LibraryApp.Api.Controllers.MembersController (LibraryApp.Api).
2026-06-07 13:47:50.367 +03:00 [INF] Executing OkObjectResult, writing value of type 'LibraryApp.Core.DTOs.MemberDto'.
2026-06-07 13:47:50.367 +03:00 [INF] Executed action LibraryApp.Api.Controllers.MembersController.GetById (LibraryApp.Api) in 2.4392ms
2026-06-07 13:47:50.367 +03:00 [INF] HTTP GET /api/members/1 responded 200 in 2.7674 ms
2026-06-07 13:47:50.367 +03:00 [INF] Request finished HTTP/1.1 GET http://localhost:5112/api/members/1 - 200 null application/json; charset=utf-8 3.0867ms
2026-06-07 13:47:58.848 +03:00 [INF] Request starting HTTP/1.1 GET http://localhost:5112/api/members/1 - application/json null
2026-06-07 13:47:58.848 +03:00 [INF] Route matched with {action = "GetById", controller = "Members"}. Executing controller action with signature System.Threading.Tasks.Task`1[Microsoft.AspNetCore.Mvc.IActionResult] GetById(Int32, System.Threading.CancellationToken) on controller LibraryApp.Api.Controllers.MembersController (LibraryApp.Api).
2026-06-07 13:47:58.850 +03:00 [INF] Executing OkObjectResult, writing value of type 'LibraryApp.Core.DTOs.MemberDto'.
2026-06-07 13:47:58.850 +03:00 [INF] Executed action LibraryApp.Api.Controllers.MembersController.GetById (LibraryApp.Api) in 1.7877ms
2026-06-07 13:47:58.850 +03:00 [INF] HTTP GET /api/members/1 responded 200 in 1.9763 ms
2026-06-07 13:47:58.850 +03:00 [INF] Request finished HTTP/1.1 GET http://localhost:5112/api/members/1 - 200 null application/json; charset=utf-8 2.2355ms
2026-06-07 13:47:59.669 +03:00 [INF] Request starting HTTP/1.1 OPTIONS http://localhost:5112/api/members/1 - null null
2026-06-07 13:47:59.669 +03:00 [INF] CORS policy execution successful.
2026-06-07 13:47:59.669 +03:00 [INF] HTTP OPTIONS /api/members/1 responded 204 in 0.1029 ms
2026-06-07 13:47:59.669 +03:00 [INF] Request finished HTTP/1.1 OPTIONS http://localhost:5112/api/members/1 - 204 null null 0.4115ms
2026-06-07 13:47:59.681 +03:00 [INF] Request starting HTTP/1.1 GET http://localhost:5112/api/members/1 - application/json null
2026-06-07 13:47:59.681 +03:00 [INF] CORS policy execution successful.
2026-06-07 13:47:59.682 +03:00 [INF] Route matched with {action = "GetById", controller = "Members"}. Executing controller action with signature System.Threading.Tasks.Task`1[Microsoft.AspNetCore.Mvc.IActionResult] GetById(Int32, System.Threading.CancellationToken) on controller LibraryApp.Api.Controllers.MembersController (LibraryApp.Api).
2026-06-07 13:47:59.684 +03:00 [INF] Executing OkObjectResult, writing value of type 'LibraryApp.Core.DTOs.MemberDto'.
2026-06-07 13:47:59.684 +03:00 [INF] Executed action LibraryApp.Api.Controllers.MembersController.GetById (LibraryApp.Api) in 2.2571ms
2026-06-07 13:47:59.684 +03:00 [INF] HTTP GET /api/members/1 responded 200 in 3.0933 ms
2026-06-07 13:47:59.685 +03:00 [INF] Request finished HTTP/1.1 GET http://localhost:5112/api/members/1 - 200 null application/json; charset=utf-8 3.889ms
2026-06-07 13:53:00.590 +03:00 [INF] Request starting HTTP/1.1 GET http://localhost:5112/api/members/1 - application/json null
2026-06-07 13:53:00.591 +03:00 [INF] Request starting HTTP/1.1 GET http://localhost:5112/api/members/1 - application/json null
2026-06-07 13:53:00.591 +03:00 [INF] Route matched with {action = "GetById", controller = "Members"}. Executing controller action with signature System.Threading.Tasks.Task`1[Microsoft.AspNetCore.Mvc.IActionResult] GetById(Int32, System.Threading.CancellationToken) on controller LibraryApp.Api.Controllers.MembersController (LibraryApp.Api).
2026-06-07 13:53:00.591 +03:00 [INF] Route matched with {action = "GetById", controller = "Members"}. Executing controller action with signature System.Threading.Tasks.Task`1[Microsoft.AspNetCore.Mvc.IActionResult] GetById(Int32, System.Threading.CancellationToken) on controller LibraryApp.Api.Controllers.MembersController (LibraryApp.Api).
2026-06-07 13:53:00.594 +03:00 [INF] Executing OkObjectResult, writing value of type 'LibraryApp.Core.DTOs.MemberDto'.
2026-06-07 13:53:00.594 +03:00 [INF] Executed action LibraryApp.Api.Controllers.MembersController.GetById (LibraryApp.Api) in 2.8898ms
2026-06-07 13:53:00.594 +03:00 [INF] HTTP GET /api/members/1 responded 200 in 3.1368 ms
2026-06-07 13:53:00.594 +03:00 [INF] Request finished HTTP/1.1 GET http://localhost:5112/api/members/1 - 200 null application/json; charset=utf-8 3.7024ms
2026-06-07 13:53:00.602 +03:00 [INF] Executing OkObjectResult, writing value of type 'LibraryApp.Core.DTOs.MemberDto'.
2026-06-07 13:53:00.602 +03:00 [INF] Executed action LibraryApp.Api.Controllers.MembersController.GetById (LibraryApp.Api) in 10.8104ms
2026-06-07 13:53:00.602 +03:00 [INF] HTTP GET /api/members/1 responded 200 in 11.1603 ms
2026-06-07 13:53:00.602 +03:00 [INF] Request finished HTTP/1.1 GET http://localhost:5112/api/members/1 - 200 null application/json; charset=utf-8 11.6169ms
2026-06-07 13:53:01.487 +03:00 [INF] Request starting HTTP/1.1 OPTIONS http://localhost:5112/api/members/1 - null null
2026-06-07 13:53:01.487 +03:00 [INF] CORS policy execution successful.
2026-06-07 13:53:01.488 +03:00 [INF] HTTP OPTIONS /api/members/1 responded 204 in 0.0764 ms
2026-06-07 13:53:01.488 +03:00 [INF] Request finished HTTP/1.1 OPTIONS http://localhost:5112/api/members/1 - 204 null null 0.2887ms
2026-06-07 13:53:01.499 +03:00 [INF] Request starting HTTP/1.1 GET http://localhost:5112/api/members/1 - application/json null
2026-06-07 13:53:01.500 +03:00 [INF] CORS policy execution successful.
2026-06-07 13:53:01.500 +03:00 [INF] Route matched with {action = "GetById", controller = "Members"}. Executing controller action with signature System.Threading.Tasks.Task`1[Microsoft.AspNetCore.Mvc.IActionResult] GetById(Int32, System.Threading.CancellationToken) on controller LibraryApp.Api.Controllers.MembersController (LibraryApp.Api).
2026-06-07 13:53:01.502 +03:00 [INF] Executing OkObjectResult, writing value of type 'LibraryApp.Core.DTOs.MemberDto'.
2026-06-07 13:53:01.502 +03:00 [INF] Executed action LibraryApp.Api.Controllers.MembersController.GetById (LibraryApp.Api) in 2.0444ms
2026-06-07 13:53:01.502 +03:00 [INF] HTTP GET /api/members/1 responded 200 in 2.3669 ms
2026-06-07 13:53:01.502 +03:00 [INF] Request finished HTTP/1.1 GET http://localhost:5112/api/members/1 - 200 null application/json; charset=utf-8 2.7451ms
2026-06-07 13:53:05.176 +03:00 [INF] Request starting HTTP/1.1 GET http://localhost:5112/api/members/1 - application/json null
2026-06-07 13:53:05.176 +03:00 [INF] Route matched with {action = "GetById", controller = "Members"}. Executing controller action with signature System.Threading.Tasks.Task`1[Microsoft.AspNetCore.Mvc.IActionResult] GetById(Int32, System.Threading.CancellationToken) on controller LibraryApp.Api.Controllers.MembersController (LibraryApp.Api).
2026-06-07 13:53:05.178 +03:00 [INF] Executing OkObjectResult, writing value of type 'LibraryApp.Core.DTOs.MemberDto'.
2026-06-07 13:53:05.178 +03:00 [INF] Executed action LibraryApp.Api.Controllers.MembersController.GetById (LibraryApp.Api) in 2.1178ms
2026-06-07 13:53:05.178 +03:00 [INF] HTTP GET /api/members/1 responded 200 in 2.4027 ms
2026-06-07 13:53:05.179 +03:00 [INF] Request finished HTTP/1.1 GET http://localhost:5112/api/members/1 - 200 null application/json; charset=utf-8 2.6581ms
2026-06-07 13:53:06.083 +03:00 [INF] Request starting HTTP/1.1 OPTIONS http://localhost:5112/api/members/1 - null null
2026-06-07 13:53:06.083 +03:00 [INF] CORS policy execution successful.
2026-06-07 13:53:06.083 +03:00 [INF] HTTP OPTIONS /api/members/1 responded 204 in 0.0996 ms
2026-06-07 13:53:06.083 +03:00 [INF] Request finished HTTP/1.1 OPTIONS http://localhost:5112/api/members/1 - 204 null null 0.3341ms
2026-06-07 13:53:06.092 +03:00 [INF] Request starting HTTP/1.1 GET http://localhost:5112/api/members/1 - application/json null
2026-06-07 13:53:06.092 +03:00 [INF] CORS policy execution successful.
2026-06-07 13:53:06.093 +03:00 [INF] Route matched with {action = "GetById", controller = "Members"}. Executing controller action with signature System.Threading.Tasks.Task`1[Microsoft.AspNetCore.Mvc.IActionResult] GetById(Int32, System.Threading.CancellationToken) on controller LibraryApp.Api.Controllers.MembersController (LibraryApp.Api).
2026-06-07 13:53:06.095 +03:00 [INF] Executing OkObjectResult, writing value of type 'LibraryApp.Core.DTOs.MemberDto'.
2026-06-07 13:53:06.095 +03:00 [INF] Executed action LibraryApp.Api.Controllers.MembersController.GetById (LibraryApp.Api) in 2.1772ms
2026-06-07 13:53:06.095 +03:00 [INF] HTTP GET /api/members/1 responded 200 in 2.4620 ms
2026-06-07 13:53:06.095 +03:00 [INF] Request finished HTTP/1.1 GET http://localhost:5112/api/members/1 - 200 null application/json; charset=utf-8 2.9236ms
2026-06-07 13:53:24.483 +03:00 [INF] Request starting HTTP/1.1 GET http://localhost:5112/api/members - application/json null
2026-06-07 13:53:24.483 +03:00 [INF] Route matched with {action = "GetAll", controller = "Members"}. Executing controller action with signature System.Threading.Tasks.Task`1[Microsoft.AspNetCore.Mvc.IActionResult] GetAll(System.Threading.CancellationToken) on controller LibraryApp.Api.Controllers.MembersController (LibraryApp.Api).
2026-06-07 13:53:24.485 +03:00 [INF] Executing OkObjectResult, writing value of type 'System.Collections.Generic.List`1[[LibraryApp.Core.DTOs.MemberDto, LibraryApp.Core, Version=1.0.0.0, Culture=neutral, PublicKeyToken=null]]'.
2026-06-07 13:53:24.486 +03:00 [INF] Executed action LibraryApp.Api.Controllers.MembersController.GetAll (LibraryApp.Api) in 2.2587ms
2026-06-07 13:53:24.486 +03:00 [INF] HTTP GET /api/members responded 200 in 2.5538 ms
2026-06-07 13:53:24.486 +03:00 [INF] Request finished HTTP/1.1 GET http://localhost:5112/api/members - 200 null application/json; charset=utf-8 2.8841ms
2026-06-07 13:53:24.504 +03:00 [INF] Request starting HTTP/1.1 GET http://localhost:5112/api/loans/active - application/json null
2026-06-07 13:53:24.504 +03:00 [INF] Route matched with {action = "GetActive", controller = "Loans"}. Executing controller action with signature System.Threading.Tasks.Task`1[Microsoft.AspNetCore.Mvc.IActionResult] GetActive(System.Threading.CancellationToken) on controller LibraryApp.Api.Controllers.LoansController (LibraryApp.Api).
2026-06-07 13:53:24.506 +03:00 [INF] Executing OkObjectResult, writing value of type 'System.Collections.Generic.List`1[[LibraryApp.Core.DTOs.ActiveLoanDto, LibraryApp.Core, Version=1.0.0.0, Culture=neutral, PublicKeyToken=null]]'.
2026-06-07 13:53:24.506 +03:00 [INF] Executed action LibraryApp.Api.Controllers.LoansController.GetActive (LibraryApp.Api) in 2.3886ms
2026-06-07 13:53:24.506 +03:00 [INF] HTTP GET /api/loans/active responded 200 in 2.6720 ms
2026-06-07 13:53:24.507 +03:00 [INF] Request finished HTTP/1.1 GET http://localhost:5112/api/loans/active - 200 null application/json; charset=utf-8 2.9415ms
2026-06-07 13:53:24.528 +03:00 [INF] Request starting HTTP/1.1 GET http://localhost:5112/api/books?page=1&pageSize=20 - application/json null
2026-06-07 13:53:24.528 +03:00 [INF] Route matched with {action = "Search", controller = "Books"}. Executing controller action with signature System.Threading.Tasks.Task`1[Microsoft.AspNetCore.Mvc.IActionResult] Search(BookSearchQuery, System.Threading.CancellationToken) on controller BooksController (LibraryApp.Api).
2026-06-07 13:53:24.533 +03:00 [INF] Executing OkObjectResult, writing value of type 'PagedResult`1[[BookDto, LibraryApp.Core, Version=1.0.0.0, Culture=neutral, PublicKeyToken=null]]'.
2026-06-07 13:53:24.533 +03:00 [INF] Executed action BooksController.Search (LibraryApp.Api) in 5.064ms
2026-06-07 13:53:24.533 +03:00 [INF] HTTP GET /api/books responded 200 in 5.3056 ms
2026-06-07 13:53:24.534 +03:00 [INF] Request finished HTTP/1.1 GET http://localhost:5112/api/books?page=1&pageSize=20 - 200 null application/json; charset=utf-8 5.5626ms
2026-06-07 13:53:48.363 +03:00 [INF] Request starting HTTP/1.1 GET http://localhost:5112/api/members/1 - application/json null
2026-06-07 13:53:48.363 +03:00 [INF] Route matched with {action = "GetById", controller = "Members"}. Executing controller action with signature System.Threading.Tasks.Task`1[Microsoft.AspNetCore.Mvc.IActionResult] GetById(Int32, System.Threading.CancellationToken) on controller LibraryApp.Api.Controllers.MembersController (LibraryApp.Api).
2026-06-07 13:53:48.365 +03:00 [INF] Executing OkObjectResult, writing value of type 'LibraryApp.Core.DTOs.MemberDto'.
2026-06-07 13:53:48.365 +03:00 [INF] Executed action LibraryApp.Api.Controllers.MembersController.GetById (LibraryApp.Api) in 2.3241ms
2026-06-07 13:53:48.365 +03:00 [INF] HTTP GET /api/members/1 responded 200 in 2.6278 ms
2026-06-07 13:53:48.366 +03:00 [INF] Request finished HTTP/1.1 GET http://localhost:5112/api/members/1 - 200 null application/json; charset=utf-8 2.9262ms
2026-06-07 13:53:49.218 +03:00 [INF] Request starting HTTP/1.1 OPTIONS http://localhost:5112/api/members/1 - null null
2026-06-07 13:53:49.218 +03:00 [INF] CORS policy execution successful.
2026-06-07 13:53:49.218 +03:00 [INF] HTTP OPTIONS /api/members/1 responded 204 in 0.0669 ms
2026-06-07 13:53:49.218 +03:00 [INF] Request finished HTTP/1.1 OPTIONS http://localhost:5112/api/members/1 - 204 null null 0.3248ms
2026-06-07 13:53:49.225 +03:00 [INF] Request starting HTTP/1.1 GET http://localhost:5112/api/members/1 - application/json null
2026-06-07 13:53:49.226 +03:00 [INF] CORS policy execution successful.
2026-06-07 13:53:49.226 +03:00 [INF] Route matched with {action = "GetById", controller = "Members"}. Executing controller action with signature System.Threading.Tasks.Task`1[Microsoft.AspNetCore.Mvc.IActionResult] GetById(Int32, System.Threading.CancellationToken) on controller LibraryApp.Api.Controllers.MembersController (LibraryApp.Api).
2026-06-07 13:53:49.228 +03:00 [INF] Executing OkObjectResult, writing value of type 'LibraryApp.Core.DTOs.MemberDto'.
2026-06-07 13:53:49.228 +03:00 [INF] Executed action LibraryApp.Api.Controllers.MembersController.GetById (LibraryApp.Api) in 2.1866ms
2026-06-07 13:53:49.228 +03:00 [INF] HTTP GET /api/members/1 responded 200 in 2.6247 ms
2026-06-07 13:53:49.228 +03:00 [INF] Request finished HTTP/1.1 GET http://localhost:5112/api/members/1 - 200 null application/json; charset=utf-8 2.9051ms
2026-06-07 13:54:14.544 +03:00 [INF] Request starting HTTP/1.1 GET http://localhost:5112/api/loans/active - application/json null
2026-06-07 13:54:14.544 +03:00 [INF] Route matched with {action = "GetActive", controller = "Loans"}. Executing controller action with signature System.Threading.Tasks.Task`1[Microsoft.AspNetCore.Mvc.IActionResult] GetActive(System.Threading.CancellationToken) on controller LibraryApp.Api.Controllers.LoansController (LibraryApp.Api).
2026-06-07 13:54:14.546 +03:00 [INF] Executing OkObjectResult, writing value of type 'System.Collections.Generic.List`1[[LibraryApp.Core.DTOs.ActiveLoanDto, LibraryApp.Core, Version=1.0.0.0, Culture=neutral, PublicKeyToken=null]]'.
2026-06-07 13:54:14.546 +03:00 [INF] Executed action LibraryApp.Api.Controllers.LoansController.GetActive (LibraryApp.Api) in 2.5044ms
2026-06-07 13:54:14.546 +03:00 [INF] HTTP GET /api/loans/active responded 200 in 2.7880 ms
2026-06-07 13:54:14.547 +03:00 [INF] Request finished HTTP/1.1 GET http://localhost:5112/api/loans/active - 200 null application/json; charset=utf-8 3.0703ms
2026-06-07 13:54:15.205 +03:00 [INF] Request starting HTTP/1.1 OPTIONS http://localhost:5112/api/loans/active - null null
2026-06-07 13:54:15.205 +03:00 [INF] CORS policy execution successful.
2026-06-07 13:54:15.205 +03:00 [INF] HTTP OPTIONS /api/loans/active responded 204 in 0.0895 ms
2026-06-07 13:54:15.206 +03:00 [INF] Request finished HTTP/1.1 OPTIONS http://localhost:5112/api/loans/active - 204 null null 0.4684ms
2026-06-07 13:54:15.210 +03:00 [INF] Request starting HTTP/1.1 GET http://localhost:5112/api/loans/active - application/json null
2026-06-07 13:54:15.210 +03:00 [INF] CORS policy execution successful.
2026-06-07 13:54:15.210 +03:00 [INF] Route matched with {action = "GetActive", controller = "Loans"}. Executing controller action with signature System.Threading.Tasks.Task`1[Microsoft.AspNetCore.Mvc.IActionResult] GetActive(System.Threading.CancellationToken) on controller LibraryApp.Api.Controllers.LoansController (LibraryApp.Api).
2026-06-07 13:54:15.212 +03:00 [INF] Executing OkObjectResult, writing value of type 'System.Collections.Generic.List`1[[LibraryApp.Core.DTOs.ActiveLoanDto, LibraryApp.Core, Version=1.0.0.0, Culture=neutral, PublicKeyToken=null]]'.
2026-06-07 13:54:15.212 +03:00 [INF] Executed action LibraryApp.Api.Controllers.LoansController.GetActive (LibraryApp.Api) in 2.0324ms
2026-06-07 13:54:15.213 +03:00 [INF] HTTP GET /api/loans/active responded 200 in 2.3008 ms
2026-06-07 13:54:15.213 +03:00 [INF] Request finished HTTP/1.1 GET http://localhost:5112/api/loans/active - 200 null application/json; charset=utf-8 2.5438ms
2026-06-07 13:54:18.774 +03:00 [INF] Request starting HTTP/1.1 OPTIONS http://localhost:5112/api/members - null null
2026-06-07 13:54:18.775 +03:00 [INF] CORS policy execution successful.
2026-06-07 13:54:18.775 +03:00 [INF] HTTP OPTIONS /api/members responded 204 in 0.1164 ms
2026-06-07 13:54:18.775 +03:00 [INF] Request finished HTTP/1.1 OPTIONS http://localhost:5112/api/members - 204 null null 0.3699ms
2026-06-07 13:54:18.780 +03:00 [INF] Request starting HTTP/1.1 GET http://localhost:5112/api/members - application/json null
2026-06-07 13:54:18.780 +03:00 [INF] CORS policy execution successful.
2026-06-07 13:54:18.780 +03:00 [INF] Route matched with {action = "GetAll", controller = "Members"}. Executing controller action with signature System.Threading.Tasks.Task`1[Microsoft.AspNetCore.Mvc.IActionResult] GetAll(System.Threading.CancellationToken) on controller LibraryApp.Api.Controllers.MembersController (LibraryApp.Api).
2026-06-07 13:54:18.783 +03:00 [INF] Executing OkObjectResult, writing value of type 'System.Collections.Generic.List`1[[LibraryApp.Core.DTOs.MemberDto, LibraryApp.Core, Version=1.0.0.0, Culture=neutral, PublicKeyToken=null]]'.
2026-06-07 13:54:18.783 +03:00 [INF] Executed action LibraryApp.Api.Controllers.MembersController.GetAll (LibraryApp.Api) in 2.4836ms
2026-06-07 13:54:18.783 +03:00 [INF] HTTP GET /api/members responded 200 in 2.8372 ms
2026-06-07 13:54:18.783 +03:00 [INF] Request finished HTTP/1.1 GET http://localhost:5112/api/members - 200 null application/json; charset=utf-8 3.0965ms
2026-06-07 13:54:19.719 +03:00 [INF] Request starting HTTP/1.1 OPTIONS http://localhost:5112/api/members/1 - null null
2026-06-07 13:54:19.719 +03:00 [INF] CORS policy execution successful.
2026-06-07 13:54:19.719 +03:00 [INF] HTTP OPTIONS /api/members/1 responded 204 in 0.1203 ms
2026-06-07 13:54:19.719 +03:00 [INF] Request finished HTTP/1.1 OPTIONS http://localhost:5112/api/members/1 - 204 null null 0.3803ms
2026-06-07 13:54:19.724 +03:00 [INF] Request starting HTTP/1.1 GET http://localhost:5112/api/members/1 - application/json null
2026-06-07 13:54:19.725 +03:00 [INF] CORS policy execution successful.
2026-06-07 13:54:19.725 +03:00 [INF] Route matched with {action = "GetById", controller = "Members"}. Executing controller action with signature System.Threading.Tasks.Task`1[Microsoft.AspNetCore.Mvc.IActionResult] GetById(Int32, System.Threading.CancellationToken) on controller LibraryApp.Api.Controllers.MembersController (LibraryApp.Api).
2026-06-07 13:54:19.727 +03:00 [INF] Executing OkObjectResult, writing value of type 'LibraryApp.Core.DTOs.MemberDto'.
2026-06-07 13:54:19.728 +03:00 [INF] Executed action LibraryApp.Api.Controllers.MembersController.GetById (LibraryApp.Api) in 2.7677ms
2026-06-07 13:54:19.728 +03:00 [INF] HTTP GET /api/members/1 responded 200 in 3.0989 ms
2026-06-07 13:54:19.728 +03:00 [INF] Request finished HTTP/1.1 GET http://localhost:5112/api/members/1 - 200 null application/json; charset=utf-8 3.6094ms
2026-06-07 13:54:36.934 +03:00 [INF] Request starting HTTP/1.1 GET http://localhost:5112/api/members/1 - application/json null
2026-06-07 13:54:36.934 +03:00 [INF] Route matched with {action = "GetById", controller = "Members"}. Executing controller action with signature System.Threading.Tasks.Task`1[Microsoft.AspNetCore.Mvc.IActionResult] GetById(Int32, System.Threading.CancellationToken) on controller LibraryApp.Api.Controllers.MembersController (LibraryApp.Api).
2026-06-07 13:54:36.936 +03:00 [INF] Executing OkObjectResult, writing value of type 'LibraryApp.Core.DTOs.MemberDto'.
2026-06-07 13:54:36.936 +03:00 [INF] Executed action LibraryApp.Api.Controllers.MembersController.GetById (LibraryApp.Api) in 1.9616ms
2026-06-07 13:54:36.936 +03:00 [INF] HTTP GET /api/members/1 responded 200 in 2.1991 ms
2026-06-07 13:54:36.936 +03:00 [INF] Request finished HTTP/1.1 GET http://localhost:5112/api/members/1 - 200 null application/json; charset=utf-8 2.4698ms
2026-06-07 13:54:37.783 +03:00 [INF] Request starting HTTP/1.1 OPTIONS http://localhost:5112/api/members/1 - null null
2026-06-07 13:54:37.783 +03:00 [INF] CORS policy execution successful.
2026-06-07 13:54:37.784 +03:00 [INF] HTTP OPTIONS /api/members/1 responded 204 in 0.1075 ms
2026-06-07 13:54:37.784 +03:00 [INF] Request finished HTTP/1.1 OPTIONS http://localhost:5112/api/members/1 - 204 null null 0.3865ms
2026-06-07 13:54:37.812 +03:00 [INF] Request starting HTTP/1.1 GET http://localhost:5112/api/members/1 - application/json null
2026-06-07 13:54:37.812 +03:00 [INF] CORS policy execution successful.
2026-06-07 13:54:37.812 +03:00 [INF] Route matched with {action = "GetById", controller = "Members"}. Executing controller action with signature System.Threading.Tasks.Task`1[Microsoft.AspNetCore.Mvc.IActionResult] GetById(Int32, System.Threading.CancellationToken) on controller LibraryApp.Api.Controllers.MembersController (LibraryApp.Api).
2026-06-07 13:54:37.815 +03:00 [INF] Executing OkObjectResult, writing value of type 'LibraryApp.Core.DTOs.MemberDto'.
2026-06-07 13:54:37.815 +03:00 [INF] Executed action LibraryApp.Api.Controllers.MembersController.GetById (LibraryApp.Api) in 3.0788ms
2026-06-07 13:54:37.816 +03:00 [INF] HTTP GET /api/members/1 responded 200 in 3.4355 ms
2026-06-07 13:54:37.816 +03:00 [INF] Request finished HTTP/1.1 GET http://localhost:5112/api/members/1 - 200 null application/json; charset=utf-8 3.6694ms
2026-06-07 13:54:44.397 +03:00 [INF] Request starting HTTP/1.1 GET http://localhost:5112/api/members/1 - application/json null
2026-06-07 13:54:44.397 +03:00 [INF] Route matched with {action = "GetById", controller = "Members"}. Executing controller action with signature System.Threading.Tasks.Task`1[Microsoft.AspNetCore.Mvc.IActionResult] GetById(Int32, System.Threading.CancellationToken) on controller LibraryApp.Api.Controllers.MembersController (LibraryApp.Api).
2026-06-07 13:54:44.399 +03:00 [INF] Executing OkObjectResult, writing value of type 'LibraryApp.Core.DTOs.MemberDto'.
2026-06-07 13:54:44.399 +03:00 [INF] Executed action LibraryApp.Api.Controllers.MembersController.GetById (LibraryApp.Api) in 2.0446ms
2026-06-07 13:54:44.399 +03:00 [INF] HTTP GET /api/members/1 responded 200 in 2.2548 ms
2026-06-07 13:54:44.400 +03:00 [INF] Request finished HTTP/1.1 GET http://localhost:5112/api/members/1 - 200 null application/json; charset=utf-8 2.5833ms
2026-06-07 13:54:45.103 +03:00 [INF] Request starting HTTP/1.1 OPTIONS http://localhost:5112/api/members/1 - null null
2026-06-07 13:54:45.103 +03:00 [INF] CORS policy execution successful.
2026-06-07 13:54:45.103 +03:00 [INF] HTTP OPTIONS /api/members/1 responded 204 in 0.0983 ms
2026-06-07 13:54:45.103 +03:00 [INF] Request finished HTTP/1.1 OPTIONS http://localhost:5112/api/members/1 - 204 null null 0.2995ms
2026-06-07 13:54:45.111 +03:00 [INF] Request starting HTTP/1.1 GET http://localhost:5112/api/members/1 - application/json null
2026-06-07 13:54:45.111 +03:00 [INF] CORS policy execution successful.
2026-06-07 13:54:45.112 +03:00 [INF] Route matched with {action = "GetById", controller = "Members"}. Executing controller action with signature System.Threading.Tasks.Task`1[Microsoft.AspNetCore.Mvc.IActionResult] GetById(Int32, System.Threading.CancellationToken) on controller LibraryApp.Api.Controllers.MembersController (LibraryApp.Api).
2026-06-07 13:54:45.114 +03:00 [INF] Executing OkObjectResult, writing value of type 'LibraryApp.Core.DTOs.MemberDto'.
2026-06-07 13:54:45.114 +03:00 [INF] Executed action LibraryApp.Api.Controllers.MembersController.GetById (LibraryApp.Api) in 1.9484ms
2026-06-07 13:54:45.114 +03:00 [INF] HTTP GET /api/members/1 responded 200 in 2.2292 ms
2026-06-07 13:54:45.114 +03:00 [INF] Request finished HTTP/1.1 GET http://localhost:5112/api/members/1 - 200 null application/json; charset=utf-8 2.5137ms
2026-06-07 13:54:48.526 +03:00 [INF] Request starting HTTP/1.1 GET http://localhost:5112/api/members/1 - application/json null
2026-06-07 13:54:48.526 +03:00 [INF] Route matched with {action = "GetById", controller = "Members"}. Executing controller action with signature System.Threading.Tasks.Task`1[Microsoft.AspNetCore.Mvc.IActionResult] GetById(Int32, System.Threading.CancellationToken) on controller LibraryApp.Api.Controllers.MembersController (LibraryApp.Api).
2026-06-07 13:54:48.528 +03:00 [INF] Executing OkObjectResult, writing value of type 'LibraryApp.Core.DTOs.MemberDto'.
2026-06-07 13:54:48.528 +03:00 [INF] Executed action LibraryApp.Api.Controllers.MembersController.GetById (LibraryApp.Api) in 1.9477ms
2026-06-07 13:54:48.528 +03:00 [INF] HTTP GET /api/members/1 responded 200 in 2.1418 ms
2026-06-07 13:54:48.528 +03:00 [INF] Request finished HTTP/1.1 GET http://localhost:5112/api/members/1 - 200 null application/json; charset=utf-8 2.4508ms
2026-06-07 13:54:49.252 +03:00 [INF] Request starting HTTP/1.1 OPTIONS http://localhost:5112/api/members/1 - null null
2026-06-07 13:54:49.252 +03:00 [INF] CORS policy execution successful.
2026-06-07 13:54:49.252 +03:00 [INF] HTTP OPTIONS /api/members/1 responded 204 in 0.3684 ms
2026-06-07 13:54:49.252 +03:00 [INF] Request finished HTTP/1.1 OPTIONS http://localhost:5112/api/members/1 - 204 null null 0.7755ms
2026-06-07 13:54:49.260 +03:00 [INF] Request starting HTTP/1.1 GET http://localhost:5112/api/members/1 - application/json null
2026-06-07 13:54:49.260 +03:00 [INF] CORS policy execution successful.
2026-06-07 13:54:49.260 +03:00 [INF] Route matched with {action = "GetById", controller = "Members"}. Executing controller action with signature System.Threading.Tasks.Task`1[Microsoft.AspNetCore.Mvc.IActionResult] GetById(Int32, System.Threading.CancellationToken) on controller LibraryApp.Api.Controllers.MembersController (LibraryApp.Api).
2026-06-07 13:54:49.262 +03:00 [INF] Executing OkObjectResult, writing value of type 'LibraryApp.Core.DTOs.MemberDto'.
2026-06-07 13:54:49.262 +03:00 [INF] Executed action LibraryApp.Api.Controllers.MembersController.GetById (LibraryApp.Api) in 1.9903ms
2026-06-07 13:54:49.263 +03:00 [INF] HTTP GET /api/members/1 responded 200 in 2.3506 ms
2026-06-07 13:54:49.263 +03:00 [INF] Request finished HTTP/1.1 GET http://localhost:5112/api/members/1 - 200 null application/json; charset=utf-8 2.7147ms
2026-06-07 13:54:51.090 +03:00 [INF] Request starting HTTP/1.1 GET http://localhost:5112/api/members/1 - application/json null
2026-06-07 13:54:51.090 +03:00 [INF] Route matched with {action = "GetById", controller = "Members"}. Executing controller action with signature System.Threading.Tasks.Task`1[Microsoft.AspNetCore.Mvc.IActionResult] GetById(Int32, System.Threading.CancellationToken) on controller LibraryApp.Api.Controllers.MembersController (LibraryApp.Api).
2026-06-07 13:54:51.092 +03:00 [INF] Executing OkObjectResult, writing value of type 'LibraryApp.Core.DTOs.MemberDto'.
2026-06-07 13:54:51.092 +03:00 [INF] Executed action LibraryApp.Api.Controllers.MembersController.GetById (LibraryApp.Api) in 1.9369ms
2026-06-07 13:54:51.092 +03:00 [INF] HTTP GET /api/members/1 responded 200 in 2.2078 ms
2026-06-07 13:54:51.092 +03:00 [INF] Request finished HTTP/1.1 GET http://localhost:5112/api/members/1 - 200 null application/json; charset=utf-8 2.4481ms
2026-06-07 13:54:51.784 +03:00 [INF] Request starting HTTP/1.1 OPTIONS http://localhost:5112/api/members/1 - null null
2026-06-07 13:54:51.785 +03:00 [INF] CORS policy execution successful.
2026-06-07 13:54:51.785 +03:00 [INF] HTTP OPTIONS /api/members/1 responded 204 in 0.5972 ms
2026-06-07 13:54:51.785 +03:00 [INF] Request finished HTTP/1.1 OPTIONS http://localhost:5112/api/members/1 - 204 null null 0.9797ms
2026-06-07 13:54:51.793 +03:00 [INF] Request starting HTTP/1.1 GET http://localhost:5112/api/members/1 - application/json null
2026-06-07 13:54:51.793 +03:00 [INF] CORS policy execution successful.
2026-06-07 13:54:51.793 +03:00 [INF] Route matched with {action = "GetById", controller = "Members"}. Executing controller action with signature System.Threading.Tasks.Task`1[Microsoft.AspNetCore.Mvc.IActionResult] GetById(Int32, System.Threading.CancellationToken) on controller LibraryApp.Api.Controllers.MembersController (LibraryApp.Api).
2026-06-07 13:54:51.795 +03:00 [INF] Executing OkObjectResult, writing value of type 'LibraryApp.Core.DTOs.MemberDto'.
2026-06-07 13:54:51.796 +03:00 [INF] Executed action LibraryApp.Api.Controllers.MembersController.GetById (LibraryApp.Api) in 2.3495ms
2026-06-07 13:54:51.796 +03:00 [INF] HTTP GET /api/members/1 responded 200 in 2.8330 ms
2026-06-07 13:54:51.796 +03:00 [INF] Request finished HTTP/1.1 GET http://localhost:5112/api/members/1 - 200 null application/json; charset=utf-8 3.1289ms
2026-06-07 13:57:10.501 +03:00 [INF] Request starting HTTP/1.1 GET http://localhost:5112/api/members/1 - application/json null
2026-06-07 13:57:10.502 +03:00 [INF] Request starting HTTP/1.1 GET http://localhost:5112/api/members/1 - application/json null
2026-06-07 13:57:10.502 +03:00 [INF] Route matched with {action = "GetById", controller = "Members"}. Executing controller action with signature System.Threading.Tasks.Task`1[Microsoft.AspNetCore.Mvc.IActionResult] GetById(Int32, System.Threading.CancellationToken) on controller LibraryApp.Api.Controllers.MembersController (LibraryApp.Api).
2026-06-07 13:57:10.502 +03:00 [INF] Route matched with {action = "GetById", controller = "Members"}. Executing controller action with signature System.Threading.Tasks.Task`1[Microsoft.AspNetCore.Mvc.IActionResult] GetById(Int32, System.Threading.CancellationToken) on controller LibraryApp.Api.Controllers.MembersController (LibraryApp.Api).
2026-06-07 13:57:10.504 +03:00 [INF] Executing OkObjectResult, writing value of type 'LibraryApp.Core.DTOs.MemberDto'.
2026-06-07 13:57:10.504 +03:00 [INF] Executed action LibraryApp.Api.Controllers.MembersController.GetById (LibraryApp.Api) in 2.1468ms
2026-06-07 13:57:10.504 +03:00 [INF] HTTP GET /api/members/1 responded 200 in 2.3689 ms
2026-06-07 13:57:10.504 +03:00 [INF] Request finished HTTP/1.1 GET http://localhost:5112/api/members/1 - 200 null application/json; charset=utf-8 2.6093ms
2026-06-07 13:57:10.512 +03:00 [INF] Executing OkObjectResult, writing value of type 'LibraryApp.Core.DTOs.MemberDto'.
2026-06-07 13:57:10.512 +03:00 [INF] Executed action LibraryApp.Api.Controllers.MembersController.GetById (LibraryApp.Api) in 10.3906ms
2026-06-07 13:57:10.512 +03:00 [INF] HTTP GET /api/members/1 responded 200 in 10.6597 ms
2026-06-07 13:57:10.512 +03:00 [INF] Request finished HTTP/1.1 GET http://localhost:5112/api/members/1 - 200 null application/json; charset=utf-8 10.9918ms
2026-06-07 13:57:11.369 +03:00 [INF] Request starting HTTP/1.1 OPTIONS http://localhost:5112/api/members/1 - null null
2026-06-07 13:57:11.370 +03:00 [INF] CORS policy execution successful.
2026-06-07 13:57:11.370 +03:00 [INF] HTTP OPTIONS /api/members/1 responded 204 in 0.1322 ms
2026-06-07 13:57:11.370 +03:00 [INF] Request finished HTTP/1.1 OPTIONS http://localhost:5112/api/members/1 - 204 null null 0.6987ms
2026-06-07 13:57:11.385 +03:00 [INF] Request starting HTTP/1.1 GET http://localhost:5112/api/members/1 - application/json null
2026-06-07 13:57:11.386 +03:00 [INF] CORS policy execution successful.
2026-06-07 13:57:11.387 +03:00 [INF] Route matched with {action = "GetById", controller = "Members"}. Executing controller action with signature System.Threading.Tasks.Task`1[Microsoft.AspNetCore.Mvc.IActionResult] GetById(Int32, System.Threading.CancellationToken) on controller LibraryApp.Api.Controllers.MembersController (LibraryApp.Api).
2026-06-07 13:57:11.392 +03:00 [INF] Executing OkObjectResult, writing value of type 'LibraryApp.Core.DTOs.MemberDto'.
2026-06-07 13:57:11.392 +03:00 [INF] Executed action LibraryApp.Api.Controllers.MembersController.GetById (LibraryApp.Api) in 4.958ms
2026-06-07 13:57:11.392 +03:00 [INF] HTTP GET /api/members/1 responded 200 in 6.1919 ms
2026-06-07 13:57:11.392 +03:00 [INF] Request finished HTTP/1.1 GET http://localhost:5112/api/members/1 - 200 null application/json; charset=utf-8 7.6514ms
2026-06-07 13:57:27.390 +03:00 [INF] Request starting HTTP/1.1 GET http://localhost:5112/api/members - application/json null
2026-06-07 13:57:27.390 +03:00 [INF] Route matched with {action = "GetAll", controller = "Members"}. Executing controller action with signature System.Threading.Tasks.Task`1[Microsoft.AspNetCore.Mvc.IActionResult] GetAll(System.Threading.CancellationToken) on controller LibraryApp.Api.Controllers.MembersController (LibraryApp.Api).
2026-06-07 13:57:27.392 +03:00 [INF] Executing OkObjectResult, writing value of type 'System.Collections.Generic.List`1[[LibraryApp.Core.DTOs.MemberDto, LibraryApp.Core, Version=1.0.0.0, Culture=neutral, PublicKeyToken=null]]'.
2026-06-07 13:57:27.392 +03:00 [INF] Executed action LibraryApp.Api.Controllers.MembersController.GetAll (LibraryApp.Api) in 2.129ms
2026-06-07 13:57:27.392 +03:00 [INF] HTTP GET /api/members responded 200 in 2.3633 ms
2026-06-07 13:57:27.392 +03:00 [INF] Request finished HTTP/1.1 GET http://localhost:5112/api/members - 200 null application/json; charset=utf-8 2.6351ms
2026-06-07 13:57:27.421 +03:00 [INF] Request starting HTTP/1.1 GET http://localhost:5112/api/loans/active - application/json null
2026-06-07 13:57:27.422 +03:00 [INF] Route matched with {action = "GetActive", controller = "Loans"}. Executing controller action with signature System.Threading.Tasks.Task`1[Microsoft.AspNetCore.Mvc.IActionResult] GetActive(System.Threading.CancellationToken) on controller LibraryApp.Api.Controllers.LoansController (LibraryApp.Api).
2026-06-07 13:57:27.424 +03:00 [INF] Executing OkObjectResult, writing value of type 'System.Collections.Generic.List`1[[LibraryApp.Core.DTOs.ActiveLoanDto, LibraryApp.Core, Version=1.0.0.0, Culture=neutral, PublicKeyToken=null]]'.
2026-06-07 13:57:27.424 +03:00 [INF] Executed action LibraryApp.Api.Controllers.LoansController.GetActive (LibraryApp.Api) in 2.5695ms
2026-06-07 13:57:27.424 +03:00 [INF] HTTP GET /api/loans/active responded 200 in 2.9485 ms
2026-06-07 13:57:27.425 +03:00 [INF] Request finished HTTP/1.1 GET http://localhost:5112/api/loans/active - 200 null application/json; charset=utf-8 3.4873ms
2026-06-07 13:57:27.438 +03:00 [INF] Request starting HTTP/1.1 GET http://localhost:5112/api/books?page=1&pageSize=20 - application/json null
2026-06-07 13:57:27.438 +03:00 [INF] Route matched with {action = "Search", controller = "Books"}. Executing controller action with signature System.Threading.Tasks.Task`1[Microsoft.AspNetCore.Mvc.IActionResult] Search(BookSearchQuery, System.Threading.CancellationToken) on controller BooksController (LibraryApp.Api).
2026-06-07 13:57:27.443 +03:00 [INF] Executing OkObjectResult, writing value of type 'PagedResult`1[[BookDto, LibraryApp.Core, Version=1.0.0.0, Culture=neutral, PublicKeyToken=null]]'.
2026-06-07 13:57:27.443 +03:00 [INF] Executed action BooksController.Search (LibraryApp.Api) in 4.6671ms
2026-06-07 13:57:27.443 +03:00 [INF] HTTP GET /api/books responded 200 in 4.9306 ms
2026-06-07 13:57:27.443 +03:00 [INF] Request finished HTTP/1.1 GET http://localhost:5112/api/books?page=1&pageSize=20 - 200 null application/json; charset=utf-8 5.2399ms
2026-06-07 13:59:43.216 +03:00 [INF] Request starting HTTP/1.1 GET http://localhost:5112/api/members/1 - application/json null
2026-06-07 13:59:43.216 +03:00 [INF] Route matched with {action = "GetById", controller = "Members"}. Executing controller action with signature System.Threading.Tasks.Task`1[Microsoft.AspNetCore.Mvc.IActionResult] GetById(Int32, System.Threading.CancellationToken) on controller LibraryApp.Api.Controllers.MembersController (LibraryApp.Api).
2026-06-07 13:59:43.218 +03:00 [INF] Executing OkObjectResult, writing value of type 'LibraryApp.Core.DTOs.MemberDto'.
2026-06-07 13:59:43.218 +03:00 [INF] Executed action LibraryApp.Api.Controllers.MembersController.GetById (LibraryApp.Api) in 1.9708ms
2026-06-07 13:59:43.218 +03:00 [INF] HTTP GET /api/members/1 responded 200 in 2.1995 ms
2026-06-07 13:59:43.218 +03:00 [INF] Request finished HTTP/1.1 GET http://localhost:5112/api/members/1 - 200 null application/json; charset=utf-8 2.448ms
2026-06-07 13:59:44.004 +03:00 [INF] Request starting HTTP/1.1 OPTIONS http://localhost:5112/api/members/1 - null null
2026-06-07 13:59:44.005 +03:00 [INF] CORS policy execution successful.
2026-06-07 13:59:44.005 +03:00 [INF] HTTP OPTIONS /api/members/1 responded 204 in 0.1821 ms
2026-06-07 13:59:44.006 +03:00 [INF] Request finished HTTP/1.1 OPTIONS http://localhost:5112/api/members/1 - 204 null null 1.3848ms
2026-06-07 13:59:44.024 +03:00 [INF] Request starting HTTP/1.1 GET http://localhost:5112/api/members/1 - application/json null
2026-06-07 13:59:44.024 +03:00 [INF] CORS policy execution successful.
2026-06-07 13:59:44.025 +03:00 [INF] Route matched with {action = "GetById", controller = "Members"}. Executing controller action with signature System.Threading.Tasks.Task`1[Microsoft.AspNetCore.Mvc.IActionResult] GetById(Int32, System.Threading.CancellationToken) on controller LibraryApp.Api.Controllers.MembersController (LibraryApp.Api).
2026-06-07 13:59:44.027 +03:00 [INF] Executing OkObjectResult, writing value of type 'LibraryApp.Core.DTOs.MemberDto'.
2026-06-07 13:59:44.027 +03:00 [INF] Executed action LibraryApp.Api.Controllers.MembersController.GetById (LibraryApp.Api) in 2.1138ms
2026-06-07 13:59:44.027 +03:00 [INF] HTTP GET /api/members/1 responded 200 in 3.3181 ms
2026-06-07 13:59:44.027 +03:00 [INF] Request finished HTTP/1.1 GET http://localhost:5112/api/members/1 - 200 null application/json; charset=utf-8 3.8326ms
2026-06-07 13:59:50.990 +03:00 [INF] Request starting HTTP/1.1 OPTIONS http://localhost:5112/api/members/1 - null null
2026-06-07 13:59:50.990 +03:00 [INF] CORS policy execution successful.
2026-06-07 13:59:50.990 +03:00 [INF] HTTP OPTIONS /api/members/1 responded 204 in 0.1127 ms
2026-06-07 13:59:50.990 +03:00 [INF] Request finished HTTP/1.1 OPTIONS http://localhost:5112/api/members/1 - 204 null null 0.4522ms
2026-06-07 13:59:50.995 +03:00 [INF] Request starting HTTP/1.1 PUT http://localhost:5112/api/members/1 - application/json 100
2026-06-07 13:59:50.996 +03:00 [INF] CORS policy execution successful.
2026-06-07 13:59:50.996 +03:00 [INF] Route matched with {action = "Update", controller = "Members"}. Executing controller action with signature System.Threading.Tasks.Task`1[Microsoft.AspNetCore.Mvc.IActionResult] Update(Int32, LibraryApp.Core.DTOs.UpdateMemberCommand, System.Threading.CancellationToken) on controller LibraryApp.Api.Controllers.MembersController (LibraryApp.Api).
2026-06-07 13:59:51.002 +03:00 [INF] Updated member via pure ADO.NET: MemberId=1
2026-06-07 13:59:51.003 +03:00 [INF] Member updated: MemberId=1, FullName=Alice Johnson, Email=alice@example.com
2026-06-07 13:59:51.004 +03:00 [INF] Executing OkObjectResult, writing value of type 'LibraryApp.Core.DTOs.MemberDto'.
2026-06-07 13:59:51.005 +03:00 [INF] Executed action LibraryApp.Api.Controllers.MembersController.Update (LibraryApp.Api) in 8.8414ms
2026-06-07 13:59:51.005 +03:00 [INF] HTTP PUT /api/members/1 responded 200 in 9.2141 ms
2026-06-07 13:59:51.005 +03:00 [INF] Request finished HTTP/1.1 PUT http://localhost:5112/api/members/1 - 200 null application/json; charset=utf-8 9.5346ms
2026-06-07 13:59:51.043 +03:00 [INF] Request starting HTTP/1.1 OPTIONS http://localhost:5112/api/members - null null
2026-06-07 13:59:51.044 +03:00 [INF] CORS policy execution successful.
2026-06-07 13:59:51.044 +03:00 [INF] HTTP OPTIONS /api/members responded 204 in 0.0803 ms
2026-06-07 13:59:51.044 +03:00 [INF] Request finished HTTP/1.1 OPTIONS http://localhost:5112/api/members - 204 null null 0.3752ms
2026-06-07 13:59:51.058 +03:00 [INF] Request starting HTTP/1.1 GET http://localhost:5112/api/members - application/json null
2026-06-07 13:59:51.058 +03:00 [INF] CORS policy execution successful.
2026-06-07 13:59:51.058 +03:00 [INF] Route matched with {action = "GetAll", controller = "Members"}. Executing controller action with signature System.Threading.Tasks.Task`1[Microsoft.AspNetCore.Mvc.IActionResult] GetAll(System.Threading.CancellationToken) on controller LibraryApp.Api.Controllers.MembersController (LibraryApp.Api).
2026-06-07 13:59:51.061 +03:00 [INF] Executing OkObjectResult, writing value of type 'System.Collections.Generic.List`1[[LibraryApp.Core.DTOs.MemberDto, LibraryApp.Core, Version=1.0.0.0, Culture=neutral, PublicKeyToken=null]]'.
2026-06-07 13:59:51.062 +03:00 [INF] Executed action LibraryApp.Api.Controllers.MembersController.GetAll (LibraryApp.Api) in 3.2808ms
2026-06-07 13:59:51.062 +03:00 [INF] HTTP GET /api/members responded 200 in 3.8113 ms
2026-06-07 13:59:51.062 +03:00 [INF] Request finished HTTP/1.1 GET http://localhost:5112/api/members - 200 null application/json; charset=utf-8 4.0691ms
2026-06-07 13:59:52.734 +03:00 [INF] Request starting HTTP/1.1 OPTIONS http://localhost:5112/api/members/1 - null null
2026-06-07 13:59:52.734 +03:00 [INF] CORS policy execution successful.
2026-06-07 13:59:52.734 +03:00 [INF] HTTP OPTIONS /api/members/1 responded 204 in 0.0992 ms
2026-06-07 13:59:52.735 +03:00 [INF] Request finished HTTP/1.1 OPTIONS http://localhost:5112/api/members/1 - 204 null null 0.3573ms
2026-06-07 13:59:52.742 +03:00 [INF] Request starting HTTP/1.1 GET http://localhost:5112/api/members/1 - application/json null
2026-06-07 13:59:52.742 +03:00 [INF] CORS policy execution successful.
2026-06-07 13:59:52.742 +03:00 [INF] Route matched with {action = "GetById", controller = "Members"}. Executing controller action with signature System.Threading.Tasks.Task`1[Microsoft.AspNetCore.Mvc.IActionResult] GetById(Int32, System.Threading.CancellationToken) on controller LibraryApp.Api.Controllers.MembersController (LibraryApp.Api).
2026-06-07 13:59:52.744 +03:00 [INF] Executing OkObjectResult, writing value of type 'LibraryApp.Core.DTOs.MemberDto'.
2026-06-07 13:59:52.744 +03:00 [INF] Executed action LibraryApp.Api.Controllers.MembersController.GetById (LibraryApp.Api) in 2.4051ms
2026-06-07 13:59:52.745 +03:00 [INF] HTTP GET /api/members/1 responded 200 in 2.8926 ms
2026-06-07 13:59:52.745 +03:00 [INF] Request finished HTTP/1.1 GET http://localhost:5112/api/members/1 - 200 null application/json; charset=utf-8 3.5213ms
2026-06-07 14:00:03.604 +03:00 [INF] Request starting HTTP/1.1 OPTIONS http://localhost:5112/api/members - null null
2026-06-07 14:00:03.604 +03:00 [INF] CORS policy execution successful.
2026-06-07 14:00:03.604 +03:00 [INF] HTTP OPTIONS /api/members responded 204 in 0.0969 ms
2026-06-07 14:00:03.605 +03:00 [INF] Request finished HTTP/1.1 OPTIONS http://localhost:5112/api/members - 204 null null 1.0765ms
2026-06-07 14:00:03.612 +03:00 [INF] Request starting HTTP/1.1 GET http://localhost:5112/api/members - application/json null
2026-06-07 14:00:03.613 +03:00 [INF] CORS policy execution successful.
2026-06-07 14:00:03.613 +03:00 [INF] Route matched with {action = "GetAll", controller = "Members"}. Executing controller action with signature System.Threading.Tasks.Task`1[Microsoft.AspNetCore.Mvc.IActionResult] GetAll(System.Threading.CancellationToken) on controller LibraryApp.Api.Controllers.MembersController (LibraryApp.Api).
2026-06-07 14:00:03.619 +03:00 [INF] Executing OkObjectResult, writing value of type 'System.Collections.Generic.List`1[[LibraryApp.Core.DTOs.MemberDto, LibraryApp.Core, Version=1.0.0.0, Culture=neutral, PublicKeyToken=null]]'.
2026-06-07 14:00:03.619 +03:00 [INF] Executed action LibraryApp.Api.Controllers.MembersController.GetAll (LibraryApp.Api) in 6.0773ms
2026-06-07 14:00:03.619 +03:00 [INF] HTTP GET /api/members responded 200 in 6.4253 ms
2026-06-07 14:00:03.619 +03:00 [INF] Request finished HTTP/1.1 GET http://localhost:5112/api/members - 200 null application/json; charset=utf-8 6.7562ms
2026-06-07 14:02:14.064 +03:00 [INF] Request starting HTTP/1.1 GET http://localhost:5112/api/members - application/json null
2026-06-07 14:02:14.064 +03:00 [INF] Request starting HTTP/1.1 GET http://localhost:5112/api/members - application/json null
2026-06-07 14:02:14.064 +03:00 [INF] Route matched with {action = "GetAll", controller = "Members"}. Executing controller action with signature System.Threading.Tasks.Task`1[Microsoft.AspNetCore.Mvc.IActionResult] GetAll(System.Threading.CancellationToken) on controller LibraryApp.Api.Controllers.MembersController (LibraryApp.Api).
2026-06-07 14:02:14.064 +03:00 [INF] Route matched with {action = "GetAll", controller = "Members"}. Executing controller action with signature System.Threading.Tasks.Task`1[Microsoft.AspNetCore.Mvc.IActionResult] GetAll(System.Threading.CancellationToken) on controller LibraryApp.Api.Controllers.MembersController (LibraryApp.Api).
2026-06-07 14:02:14.066 +03:00 [INF] Executing OkObjectResult, writing value of type 'System.Collections.Generic.List`1[[LibraryApp.Core.DTOs.MemberDto, LibraryApp.Core, Version=1.0.0.0, Culture=neutral, PublicKeyToken=null]]'.
2026-06-07 14:02:14.066 +03:00 [INF] Executing OkObjectResult, writing value of type 'System.Collections.Generic.List`1[[LibraryApp.Core.DTOs.MemberDto, LibraryApp.Core, Version=1.0.0.0, Culture=neutral, PublicKeyToken=null]]'.
2026-06-07 14:02:14.066 +03:00 [INF] Executed action LibraryApp.Api.Controllers.MembersController.GetAll (LibraryApp.Api) in 1.7695ms
2026-06-07 14:02:14.066 +03:00 [INF] Executed action LibraryApp.Api.Controllers.MembersController.GetAll (LibraryApp.Api) in 1.7988ms
2026-06-07 14:02:14.066 +03:00 [INF] HTTP GET /api/members responded 200 in 2.0855 ms
2026-06-07 14:02:14.066 +03:00 [INF] HTTP GET /api/members responded 200 in 2.0487 ms
2026-06-07 14:02:14.066 +03:00 [INF] Request finished HTTP/1.1 GET http://localhost:5112/api/members - 200 null application/json; charset=utf-8 2.4281ms
2026-06-07 14:02:14.066 +03:00 [INF] Request finished HTTP/1.1 GET http://localhost:5112/api/members - 200 null application/json; charset=utf-8 2.2639ms
2026-06-07 14:02:14.600 +03:00 [INF] Request starting HTTP/1.1 OPTIONS http://localhost:5112/api/members - null null
2026-06-07 14:02:14.600 +03:00 [INF] CORS policy execution successful.
2026-06-07 14:02:14.600 +03:00 [INF] HTTP OPTIONS /api/members responded 204 in 0.1080 ms
2026-06-07 14:02:14.601 +03:00 [INF] Request finished HTTP/1.1 OPTIONS http://localhost:5112/api/members - 204 null null 0.366ms
2026-06-07 14:02:14.608 +03:00 [INF] Request starting HTTP/1.1 GET http://localhost:5112/api/members - application/json null
2026-06-07 14:02:14.608 +03:00 [INF] CORS policy execution successful.
2026-06-07 14:02:14.608 +03:00 [INF] Route matched with {action = "GetAll", controller = "Members"}. Executing controller action with signature System.Threading.Tasks.Task`1[Microsoft.AspNetCore.Mvc.IActionResult] GetAll(System.Threading.CancellationToken) on controller LibraryApp.Api.Controllers.MembersController (LibraryApp.Api).
2026-06-07 14:02:14.611 +03:00 [INF] Executing OkObjectResult, writing value of type 'System.Collections.Generic.List`1[[LibraryApp.Core.DTOs.MemberDto, LibraryApp.Core, Version=1.0.0.0, Culture=neutral, PublicKeyToken=null]]'.
2026-06-07 14:02:14.611 +03:00 [INF] Executed action LibraryApp.Api.Controllers.MembersController.GetAll (LibraryApp.Api) in 2.3952ms
2026-06-07 14:02:14.611 +03:00 [INF] HTTP GET /api/members responded 200 in 2.8506 ms
2026-06-07 14:02:14.611 +03:00 [INF] Request finished HTTP/1.1 GET http://localhost:5112/api/members - 200 null application/json; charset=utf-8 3.3171ms
2026-06-07 14:02:48.480 +03:00 [INF] Request starting HTTP/1.1 GET http://localhost:5112/api/books?page=1&pageSize=20 - application/json null
2026-06-07 14:02:48.480 +03:00 [INF] Route matched with {action = "Search", controller = "Books"}. Executing controller action with signature System.Threading.Tasks.Task`1[Microsoft.AspNetCore.Mvc.IActionResult] Search(BookSearchQuery, System.Threading.CancellationToken) on controller BooksController (LibraryApp.Api).
2026-06-07 14:02:48.482 +03:00 [INF] Request starting HTTP/1.1 GET http://localhost:5112/api/loans/active - application/json null
2026-06-07 14:02:48.482 +03:00 [INF] Route matched with {action = "GetActive", controller = "Loans"}. Executing controller action with signature System.Threading.Tasks.Task`1[Microsoft.AspNetCore.Mvc.IActionResult] GetActive(System.Threading.CancellationToken) on controller LibraryApp.Api.Controllers.LoansController (LibraryApp.Api).
2026-06-07 14:02:48.485 +03:00 [INF] Executing OkObjectResult, writing value of type 'System.Collections.Generic.List`1[[LibraryApp.Core.DTOs.ActiveLoanDto, LibraryApp.Core, Version=1.0.0.0, Culture=neutral, PublicKeyToken=null]]'.
2026-06-07 14:02:48.485 +03:00 [INF] Executed action LibraryApp.Api.Controllers.LoansController.GetActive (LibraryApp.Api) in 3.4702ms
2026-06-07 14:02:48.486 +03:00 [INF] HTTP GET /api/loans/active responded 200 in 3.7696 ms
2026-06-07 14:02:48.486 +03:00 [INF] Request finished HTTP/1.1 GET http://localhost:5112/api/loans/active - 200 null application/json; charset=utf-8 4.1727ms
2026-06-07 14:02:48.487 +03:00 [INF] Executing OkObjectResult, writing value of type 'PagedResult`1[[BookDto, LibraryApp.Core, Version=1.0.0.0, Culture=neutral, PublicKeyToken=null]]'.
2026-06-07 14:02:48.488 +03:00 [INF] Executed action BooksController.Search (LibraryApp.Api) in 7.1139ms
2026-06-07 14:02:48.488 +03:00 [INF] HTTP GET /api/books responded 200 in 7.3761 ms
2026-06-07 14:02:48.488 +03:00 [INF] Request finished HTTP/1.1 GET http://localhost:5112/api/books?page=1&pageSize=20 - 200 null application/json; charset=utf-8 7.6829ms
2026-06-07 14:02:48.534 +03:00 [INF] Request starting HTTP/1.1 GET http://localhost:5112/api/members - application/json null
2026-06-07 14:02:48.534 +03:00 [INF] Route matched with {action = "GetAll", controller = "Members"}. Executing controller action with signature System.Threading.Tasks.Task`1[Microsoft.AspNetCore.Mvc.IActionResult] GetAll(System.Threading.CancellationToken) on controller LibraryApp.Api.Controllers.MembersController (LibraryApp.Api).
2026-06-07 14:02:48.542 +03:00 [INF] Executing OkObjectResult, writing value of type 'System.Collections.Generic.List`1[[LibraryApp.Core.DTOs.MemberDto, LibraryApp.Core, Version=1.0.0.0, Culture=neutral, PublicKeyToken=null]]'.
2026-06-07 14:02:48.542 +03:00 [INF] Executed action LibraryApp.Api.Controllers.MembersController.GetAll (LibraryApp.Api) in 8.3105ms
2026-06-07 14:02:48.543 +03:00 [INF] HTTP GET /api/members responded 200 in 8.6123 ms
2026-06-07 14:02:48.543 +03:00 [INF] Request finished HTTP/1.1 GET http://localhost:5112/api/members - 200 null application/json; charset=utf-8 8.9565ms
2026-06-07 14:03:02.358 +03:00 [INF] Request starting HTTP/1.1 OPTIONS http://localhost:5112/api/members/1 - null null
2026-06-07 14:03:02.358 +03:00 [INF] CORS policy execution successful.
2026-06-07 14:03:02.358 +03:00 [INF] HTTP OPTIONS /api/members/1 responded 204 in 0.1032 ms
2026-06-07 14:03:02.358 +03:00 [INF] Request finished HTTP/1.1 OPTIONS http://localhost:5112/api/members/1 - 204 null null 0.3402ms
2026-06-07 14:03:02.363 +03:00 [INF] Request starting HTTP/1.1 GET http://localhost:5112/api/members/1 - application/json null
2026-06-07 14:03:02.363 +03:00 [INF] CORS policy execution successful.
2026-06-07 14:03:02.363 +03:00 [INF] Route matched with {action = "GetById", controller = "Members"}. Executing controller action with signature System.Threading.Tasks.Task`1[Microsoft.AspNetCore.Mvc.IActionResult] GetById(Int32, System.Threading.CancellationToken) on controller LibraryApp.Api.Controllers.MembersController (LibraryApp.Api).
2026-06-07 14:03:02.365 +03:00 [INF] Executing OkObjectResult, writing value of type 'LibraryApp.Core.DTOs.MemberDto'.
2026-06-07 14:03:02.365 +03:00 [INF] Executed action LibraryApp.Api.Controllers.MembersController.GetById (LibraryApp.Api) in 1.6874ms
2026-06-07 14:03:02.365 +03:00 [INF] HTTP GET /api/members/1 responded 200 in 1.9718 ms
2026-06-07 14:03:02.365 +03:00 [INF] Request finished HTTP/1.1 GET http://localhost:5112/api/members/1 - 200 null application/json; charset=utf-8 2.235ms
2026-06-07 14:03:06.063 +03:00 [INF] Request starting HTTP/1.1 OPTIONS http://localhost:5112/api/members/1 - null null
2026-06-07 14:03:06.063 +03:00 [INF] CORS policy execution successful.
2026-06-07 14:03:06.063 +03:00 [INF] HTTP OPTIONS /api/members/1 responded 204 in 0.1060 ms
2026-06-07 14:03:06.063 +03:00 [INF] Request finished HTTP/1.1 OPTIONS http://localhost:5112/api/members/1 - 204 null null 0.3714ms
2026-06-07 14:03:06.067 +03:00 [INF] Request starting HTTP/1.1 PUT http://localhost:5112/api/members/1 - application/json 76
2026-06-07 14:03:06.068 +03:00 [INF] CORS policy execution successful.
2026-06-07 14:03:06.068 +03:00 [INF] Route matched with {action = "Update", controller = "Members"}. Executing controller action with signature System.Threading.Tasks.Task`1[Microsoft.AspNetCore.Mvc.IActionResult] Update(Int32, LibraryApp.Core.DTOs.UpdateMemberCommand, System.Threading.CancellationToken) on controller LibraryApp.Api.Controllers.MembersController (LibraryApp.Api).
2026-06-07 14:03:06.075 +03:00 [INF] Updated member via pure ADO.NET: MemberId=1
2026-06-07 14:03:06.076 +03:00 [INF] Member updated: MemberId=1, FullName=Alice Johnson, Email=alice@example.com
2026-06-07 14:03:06.077 +03:00 [INF] Executing OkObjectResult, writing value of type 'LibraryApp.Core.DTOs.MemberDto'.
2026-06-07 14:03:06.077 +03:00 [INF] Executed action LibraryApp.Api.Controllers.MembersController.Update (LibraryApp.Api) in 9.1434ms
2026-06-07 14:03:06.077 +03:00 [INF] HTTP PUT /api/members/1 responded 200 in 9.4274 ms
2026-06-07 14:03:06.077 +03:00 [INF] Request finished HTTP/1.1 PUT http://localhost:5112/api/members/1 - 200 null application/json; charset=utf-8 9.6905ms
2026-06-07 14:03:06.106 +03:00 [INF] Request starting HTTP/1.1 OPTIONS http://localhost:5112/api/members - null null
2026-06-07 14:03:06.106 +03:00 [INF] CORS policy execution successful.
2026-06-07 14:03:06.106 +03:00 [INF] HTTP OPTIONS /api/members responded 204 in 0.0809 ms
2026-06-07 14:03:06.106 +03:00 [INF] Request finished HTTP/1.1 OPTIONS http://localhost:5112/api/members - 204 null null 0.466ms
2026-06-07 14:03:06.111 +03:00 [INF] Request starting HTTP/1.1 GET http://localhost:5112/api/members - application/json null
2026-06-07 14:03:06.111 +03:00 [INF] CORS policy execution successful.
2026-06-07 14:03:06.112 +03:00 [INF] Route matched with {action = "GetAll", controller = "Members"}. Executing controller action with signature System.Threading.Tasks.Task`1[Microsoft.AspNetCore.Mvc.IActionResult] GetAll(System.Threading.CancellationToken) on controller LibraryApp.Api.Controllers.MembersController (LibraryApp.Api).
2026-06-07 14:03:06.113 +03:00 [INF] Executing OkObjectResult, writing value of type 'System.Collections.Generic.List`1[[LibraryApp.Core.DTOs.MemberDto, LibraryApp.Core, Version=1.0.0.0, Culture=neutral, PublicKeyToken=null]]'.
2026-06-07 14:03:06.114 +03:00 [INF] Executed action LibraryApp.Api.Controllers.MembersController.GetAll (LibraryApp.Api) in 1.9811ms
2026-06-07 14:03:06.114 +03:00 [INF] HTTP GET /api/members responded 200 in 2.2815 ms
2026-06-07 14:03:06.114 +03:00 [INF] Request finished HTTP/1.1 GET http://localhost:5112/api/members - 200 null application/json; charset=utf-8 2.5656ms
2026-06-07 14:03:08.833 +03:00 [INF] Request starting HTTP/1.1 GET http://localhost:5112/api/members - application/json null
2026-06-07 14:03:08.833 +03:00 [INF] Route matched with {action = "GetAll", controller = "Members"}. Executing controller action with signature System.Threading.Tasks.Task`1[Microsoft.AspNetCore.Mvc.IActionResult] GetAll(System.Threading.CancellationToken) on controller LibraryApp.Api.Controllers.MembersController (LibraryApp.Api).
2026-06-07 14:03:08.834 +03:00 [INF] Executing OkObjectResult, writing value of type 'System.Collections.Generic.List`1[[LibraryApp.Core.DTOs.MemberDto, LibraryApp.Core, Version=1.0.0.0, Culture=neutral, PublicKeyToken=null]]'.
2026-06-07 14:03:08.834 +03:00 [INF] Executed action LibraryApp.Api.Controllers.MembersController.GetAll (LibraryApp.Api) in 1.4454ms
2026-06-07 14:03:08.834 +03:00 [INF] HTTP GET /api/members responded 200 in 1.6496 ms
2026-06-07 14:03:08.834 +03:00 [INF] Request finished HTTP/1.1 GET http://localhost:5112/api/members - 200 null application/json; charset=utf-8 1.9281ms
2026-06-07 14:03:09.067 +03:00 [INF] Request starting HTTP/1.1 GET http://localhost:5112/api/members - application/json null
2026-06-07 14:03:09.067 +03:00 [INF] CORS policy execution successful.
2026-06-07 14:03:09.067 +03:00 [INF] Route matched with {action = "GetAll", controller = "Members"}. Executing controller action with signature System.Threading.Tasks.Task`1[Microsoft.AspNetCore.Mvc.IActionResult] GetAll(System.Threading.CancellationToken) on controller LibraryApp.Api.Controllers.MembersController (LibraryApp.Api).
2026-06-07 14:03:09.069 +03:00 [INF] Executing OkObjectResult, writing value of type 'System.Collections.Generic.List`1[[LibraryApp.Core.DTOs.MemberDto, LibraryApp.Core, Version=1.0.0.0, Culture=neutral, PublicKeyToken=null]]'.
2026-06-07 14:03:09.069 +03:00 [INF] Executed action LibraryApp.Api.Controllers.MembersController.GetAll (LibraryApp.Api) in 2.1436ms
2026-06-07 14:03:09.069 +03:00 [INF] HTTP GET /api/members responded 200 in 2.3913 ms
2026-06-07 14:03:09.069 +03:00 [INF] Request finished HTTP/1.1 GET http://localhost:5112/api/members - 200 null application/json; charset=utf-8 2.6084ms
2026-06-07 14:13:14.440 +03:00 [INF] Now listening on: http://localhost:5112
2026-06-07 14:13:14.493 +03:00 [INF] Application started. Press Ctrl+C to shut down.
2026-06-07 14:13:14.494 +03:00 [INF] Hosting environment: Development
2026-06-07 14:13:14.494 +03:00 [INF] Content root path: c:\Users\Thales\Desktop\netcore\LibraryApp\LibraryApp.Api
2026-06-07 14:13:17.212 +03:00 [INF] Request starting HTTP/1.1 GET http://localhost:5112/index.html - null null
2026-06-07 14:13:17.374 +03:00 [INF] HTTP GET /index.html responded 200 in 131.0756 ms
2026-06-07 14:13:17.379 +03:00 [INF] Request finished HTTP/1.1 GET http://localhost:5112/index.html - 200 null text/html;charset=utf-8 168.6027ms
2026-06-07 14:13:17.424 +03:00 [INF] Request starting HTTP/1.1 GET http://localhost:5112/swagger-ui-bundle.js - null null
2026-06-07 14:13:17.424 +03:00 [INF] Request starting HTTP/1.1 GET http://localhost:5112/swagger-ui.css - null null
2026-06-07 14:13:17.424 +03:00 [INF] Request starting HTTP/1.1 GET http://localhost:5112/swagger-ui-standalone-preset.js - null null
2026-06-07 14:13:17.454 +03:00 [INF] Sending file. Request path: '/swagger-ui.css'. Physical path: 'N/A'
2026-06-07 14:13:17.455 +03:00 [INF] Sending file. Request path: '/swagger-ui-standalone-preset.js'. Physical path: 'N/A'
2026-06-07 14:13:17.456 +03:00 [INF] HTTP GET /swagger-ui-standalone-preset.js responded 200 in 31.3335 ms
2026-06-07 14:13:17.456 +03:00 [INF] HTTP GET /swagger-ui.css responded 200 in 31.3784 ms
2026-06-07 14:13:17.460 +03:00 [INF] Request finished HTTP/1.1 GET http://localhost:5112/swagger-ui-standalone-preset.js - 200 230280 text/javascript 34.8919ms
2026-06-07 14:13:17.460 +03:00 [INF] Request finished HTTP/1.1 GET http://localhost:5112/swagger-ui.css - 200 152034 text/css 34.8628ms
2026-06-07 14:13:17.460 +03:00 [INF] Sending file. Request path: '/swagger-ui-bundle.js'. Physical path: 'N/A'
2026-06-07 14:13:17.461 +03:00 [INF] HTTP GET /swagger-ui-bundle.js responded 200 in 35.6481 ms
2026-06-07 14:13:17.462 +03:00 [INF] Request finished HTTP/1.1 GET http://localhost:5112/swagger-ui-bundle.js - 200 1456926 text/javascript 38.3105ms
2026-06-07 14:13:17.468 +03:00 [INF] Request starting HTTP/1.1 GET http://localhost:5112/swagger-ui-standalone-preset.js - null null
2026-06-07 14:13:17.468 +03:00 [INF] Request starting HTTP/1.1 GET http://localhost:5112/swagger-ui-bundle.js - null null
2026-06-07 14:13:17.472 +03:00 [INF] Sending file. Request path: '/swagger-ui-standalone-preset.js'. Physical path: 'N/A'
2026-06-07 14:13:17.472 +03:00 [INF] HTTP GET /swagger-ui-standalone-preset.js responded 200 in 3.3332 ms
2026-06-07 14:13:17.473 +03:00 [INF] Request finished HTTP/1.1 GET http://localhost:5112/swagger-ui-standalone-preset.js - 200 230280 text/javascript 4.9816ms
2026-06-07 14:13:17.477 +03:00 [INF] Sending file. Request path: '/swagger-ui-bundle.js'. Physical path: 'N/A'
2026-06-07 14:13:17.477 +03:00 [INF] HTTP GET /swagger-ui-bundle.js responded 200 in 8.4355 ms
2026-06-07 14:13:17.478 +03:00 [INF] Request finished HTTP/1.1 GET http://localhost:5112/swagger-ui-bundle.js - 200 1456926 text/javascript 9.8349ms
2026-06-07 14:13:17.888 +03:00 [INF] Request starting HTTP/1.1 GET http://localhost:5112/swagger/v1/swagger.json - null null
2026-06-07 14:13:17.924 +03:00 [INF] Request starting HTTP/1.1 GET http://localhost:5112/favicon-32x32.png - null null
2026-06-07 14:13:17.925 +03:00 [INF] Sending file. Request path: '/favicon-32x32.png'. Physical path: 'N/A'
2026-06-07 14:13:17.925 +03:00 [INF] HTTP GET /favicon-32x32.png responded 200 in 0.4323 ms
2026-06-07 14:13:17.925 +03:00 [INF] Request finished HTTP/1.1 GET http://localhost:5112/favicon-32x32.png - 200 628 image/png 1.0754ms
2026-06-07 14:13:18.129 +03:00 [INF] HTTP GET /swagger/v1/swagger.json responded 200 in 240.3401 ms
2026-06-07 14:13:18.129 +03:00 [INF] Request finished HTTP/1.1 GET http://localhost:5112/swagger/v1/swagger.json - 200 null application/json;charset=utf-8 241.002ms
2026-06-07 14:14:02.606 +03:00 [INF] Request starting HTTP/1.1 PUT http://localhost:5112/api/Members/1 - application/json 71
2026-06-07 14:14:02.615 +03:00 [INF] CORS policy execution failed.
2026-06-07 14:14:02.615 +03:00 [INF] Request origin http://localhost:5112 does not have permission to access the resource.
2026-06-07 14:14:02.652 +03:00 [INF] Route matched with {action = "Update", controller = "Members"}. Executing controller action with signature System.Threading.Tasks.Task`1[Microsoft.AspNetCore.Mvc.IActionResult] Update(Int32, LibraryApp.Core.DTOs.UpdateMemberCommand, System.Threading.CancellationToken) on controller LibraryApp.Api.Controllers.MembersController (LibraryApp.Api).
2026-06-07 14:14:03.652 +03:00 [INF] Executing ObjectResult, writing value of type 'Microsoft.AspNetCore.Mvc.ValidationProblemDetails'.
2026-06-07 14:14:03.681 +03:00 [INF] Executed action LibraryApp.Api.Controllers.MembersController.Update (LibraryApp.Api) in 1024.0414ms
2026-06-07 14:14:03.681 +03:00 [INF] HTTP PUT /api/Members/1 responded 422 in 1069.5410 ms
2026-06-07 14:14:03.686 +03:00 [INF] Request finished HTTP/1.1 PUT http://localhost:5112/api/Members/1 - 422 null application/problem+json; charset=utf-8 1080.0664ms
2026-06-07 14:14:11.159 +03:00 [INF] Request starting HTTP/1.1 PUT http://localhost:5112/api/Members/1 - application/json 50
2026-06-07 14:14:11.161 +03:00 [INF] CORS policy execution failed.
2026-06-07 14:14:11.161 +03:00 [INF] Request origin http://localhost:5112 does not have permission to access the resource.
2026-06-07 14:14:11.162 +03:00 [INF] Route matched with {action = "Update", controller = "Members"}. Executing controller action with signature System.Threading.Tasks.Task`1[Microsoft.AspNetCore.Mvc.IActionResult] Update(Int32, LibraryApp.Core.DTOs.UpdateMemberCommand, System.Threading.CancellationToken) on controller LibraryApp.Api.Controllers.MembersController (LibraryApp.Api).
2026-06-07 14:14:13.277 +03:00 [ERR] Failed to update member: MemberId=1
Microsoft.Data.SqlClient.SqlException (0x80131904): The UPDATE statement conflicted with the CHECK constraint "CK__Members__Status__4D94879B". The conflict occurred in database "LibraryDb", table "dbo.Members", column 'Status'.
The statement has been terminated.
   at Microsoft.Data.SqlClient.SqlConnection.OnError(SqlException exception, Boolean breakConnection, Action`1 wrapCloseInAction)
   at Microsoft.Data.SqlClient.SqlInternalConnection.OnError(SqlException exception, Boolean breakConnection, Action`1 wrapCloseInAction)
   at Microsoft.Data.SqlClient.TdsParser.ThrowExceptionAndWarning(TdsParserStateObject stateObj, Boolean callerHasConnectionLock, Boolean asyncClose)
   at Microsoft.Data.SqlClient.TdsParser.TryRun(RunBehavior runBehavior, SqlCommand cmdHandler, SqlDataReader dataStream, BulkCopySimpleResultSet bulkCopyHandler, TdsParserStateObject stateObj, Boolean& dataReady)
   at Microsoft.Data.SqlClient.SqlCommand.FinishExecuteReader(SqlDataReader ds, RunBehavior runBehavior, String resetOptionsString, Boolean isInternal, Boolean forDescribeParameterEncryption, Boolean shouldCacheForAlwaysEncrypted)
   at Microsoft.Data.SqlClient.SqlCommand.CompleteAsyncExecuteReader(Boolean isInternal, Boolean forDescribeParameterEncryption)
   at Microsoft.Data.SqlClient.SqlCommand.InternalEndExecuteNonQuery(IAsyncResult asyncResult, Boolean isInternal, String endMethod)
   at Microsoft.Data.SqlClient.SqlCommand.EndExecuteNonQueryInternal(IAsyncResult asyncResult)
   at Microsoft.Data.SqlClient.SqlCommand.EndExecuteNonQueryAsync(IAsyncResult asyncResult)
   at Microsoft.Data.SqlClient.SqlCommand.<>c.<InternalExecuteNonQueryAsync>b__210_1(IAsyncResult result)
   at System.Threading.Tasks.TaskFactory`1.FromAsyncCoreLogic(IAsyncResult iar, Func`2 endFunction, Action`1 endAction, Task`1 promise, Boolean requiresSynchronization)
--- End of stack trace from previous location ---
   at LibraryApp.Data.Repositories.MemberRepository.UpdateAsync(Int32 memberId, UpdateMemberCommand cmd, CancellationToken ct) in c:\Users\Thales\Desktop\netcore\LibraryApp\LibraryApp.Data\Repositories\MemberRepository.cs:line 154
   at LibraryApp.Data.Repositories.MemberRepository.UpdateAsync(Int32 memberId, UpdateMemberCommand cmd, CancellationToken ct) in c:\Users\Thales\Desktop\netcore\LibraryApp\LibraryApp.Data\Repositories\MemberRepository.cs:line 171
   at LibraryApp.Data.Services.MemberService.UpdateAsync(Int32 memberId, UpdateMemberCommand cmd, CancellationToken ct) in c:\Users\Thales\Desktop\netcore\LibraryApp\LibraryApp.Data\Services\MemberService.cs:line 90
ClientConnectionId:77590b6e-edaf-4f2c-8782-42d7ff672974
Error Number:547,State:0,Class:16
2026-06-07 14:14:13.305 +03:00 [INF] Executed action LibraryApp.Api.Controllers.MembersController.Update (LibraryApp.Api) in 2143.0424ms
2026-06-07 14:14:13.306 +03:00 [ERR] HTTP PUT /api/Members/1 responded 500 in 2145.2848 ms
Microsoft.Data.SqlClient.SqlException (0x80131904): The UPDATE statement conflicted with the CHECK constraint "CK__Members__Status__4D94879B". The conflict occurred in database "LibraryDb", table "dbo.Members", column 'Status'.
The statement has been terminated.
   at Microsoft.Data.SqlClient.SqlConnection.OnError(SqlException exception, Boolean breakConnection, Action`1 wrapCloseInAction)
   at Microsoft.Data.SqlClient.SqlInternalConnection.OnError(SqlException exception, Boolean breakConnection, Action`1 wrapCloseInAction)
   at Microsoft.Data.SqlClient.TdsParser.ThrowExceptionAndWarning(TdsParserStateObject stateObj, Boolean callerHasConnectionLock, Boolean asyncClose)
   at Microsoft.Data.SqlClient.TdsParser.TryRun(RunBehavior runBehavior, SqlCommand cmdHandler, SqlDataReader dataStream, BulkCopySimpleResultSet bulkCopyHandler, TdsParserStateObject stateObj, Boolean& dataReady)
   at Microsoft.Data.SqlClient.SqlCommand.FinishExecuteReader(SqlDataReader ds, RunBehavior runBehavior, String resetOptionsString, Boolean isInternal, Boolean forDescribeParameterEncryption, Boolean shouldCacheForAlwaysEncrypted)
   at Microsoft.Data.SqlClient.SqlCommand.CompleteAsyncExecuteReader(Boolean isInternal, Boolean forDescribeParameterEncryption)
   at Microsoft.Data.SqlClient.SqlCommand.InternalEndExecuteNonQuery(IAsyncResult asyncResult, Boolean isInternal, String endMethod)
   at Microsoft.Data.SqlClient.SqlCommand.EndExecuteNonQueryInternal(IAsyncResult asyncResult)
   at Microsoft.Data.SqlClient.SqlCommand.EndExecuteNonQueryAsync(IAsyncResult asyncResult)
   at Microsoft.Data.SqlClient.SqlCommand.<>c.<InternalExecuteNonQueryAsync>b__210_1(IAsyncResult result)
   at System.Threading.Tasks.TaskFactory`1.FromAsyncCoreLogic(IAsyncResult iar, Func`2 endFunction, Action`1 endAction, Task`1 promise, Boolean requiresSynchronization)
--- End of stack trace from previous location ---
   at LibraryApp.Data.Repositories.MemberRepository.UpdateAsync(Int32 memberId, UpdateMemberCommand cmd, CancellationToken ct) in c:\Users\Thales\Desktop\netcore\LibraryApp\LibraryApp.Data\Repositories\MemberRepository.cs:line 154
   at LibraryApp.Data.Repositories.MemberRepository.UpdateAsync(Int32 memberId, UpdateMemberCommand cmd, CancellationToken ct) in c:\Users\Thales\Desktop\netcore\LibraryApp\LibraryApp.Data\Repositories\MemberRepository.cs:line 171
   at LibraryApp.Data.Services.MemberService.UpdateAsync(Int32 memberId, UpdateMemberCommand cmd, CancellationToken ct) in c:\Users\Thales\Desktop\netcore\LibraryApp\LibraryApp.Data\Services\MemberService.cs:line 90
   at LibraryApp.Data.Services.MemberService.UpdateAsync(Int32 memberId, UpdateMemberCommand cmd, CancellationToken ct) in c:\Users\Thales\Desktop\netcore\LibraryApp\LibraryApp.Data\Services\MemberService.cs:line 102
   at LibraryApp.Api.Controllers.MembersController.Update(Int32 id, UpdateMemberCommand command, CancellationToken ct) in c:\Users\Thales\Desktop\netcore\LibraryApp\LibraryApp.Api\Controllers\MembersController.cs:line 58
   at Microsoft.AspNetCore.Mvc.Infrastructure.ActionMethodExecutor.TaskOfIActionResultExecutor.Execute(ActionContext actionContext, IActionResultTypeMapper mapper, ObjectMethodExecutor executor, Object controller, Object[] arguments)
   at Microsoft.AspNetCore.Mvc.Infrastructure.ControllerActionInvoker.<InvokeActionMethodAsync>g__Awaited|12_0(ControllerActionInvoker invoker, ValueTask`1 actionResultValueTask)
   at Microsoft.AspNetCore.Mvc.Infrastructure.ControllerActionInvoker.<InvokeNextActionFilterAsync>g__Awaited|10_0(ControllerActionInvoker invoker, Task lastTask, State next, Scope scope, Object state, Boolean isCompleted)
   at Microsoft.AspNetCore.Mvc.Infrastructure.ControllerActionInvoker.Rethrow(ActionExecutedContextSealed context)
   at Microsoft.AspNetCore.Mvc.Infrastructure.ControllerActionInvoker.Next(State& next, Scope& scope, Object& state, Boolean& isCompleted)
   at Microsoft.AspNetCore.Mvc.Infrastructure.ControllerActionInvoker.<InvokeInnerFilterAsync>g__Awaited|13_0(ControllerActionInvoker invoker, Task lastTask, State next, Scope scope, Object state, Boolean isCompleted)
   at Microsoft.AspNetCore.Mvc.Infrastructure.ResourceInvoker.<InvokeFilterPipelineAsync>g__Awaited|20_0(ResourceInvoker invoker, Task lastTask, State next, Scope scope, Object state, Boolean isCompleted)
   at Microsoft.AspNetCore.Mvc.Infrastructure.ResourceInvoker.<InvokeAsync>g__Logged|17_1(ResourceInvoker invoker)
   at Microsoft.AspNetCore.Mvc.Infrastructure.ResourceInvoker.<InvokeAsync>g__Logged|17_1(ResourceInvoker invoker)
   at Swashbuckle.AspNetCore.SwaggerUI.SwaggerUIMiddleware.Invoke(HttpContext httpContext)
   at Swashbuckle.AspNetCore.Swagger.SwaggerMiddleware.Invoke(HttpContext httpContext, ISwaggerProvider swaggerProvider)
   at Serilog.AspNetCore.RequestLoggingMiddleware.Invoke(HttpContext httpContext)
ClientConnectionId:77590b6e-edaf-4f2c-8782-42d7ff672974
Error Number:547,State:0,Class:16
2026-06-07 14:14:13.325 +03:00 [ERR] Unhandled exception on PUT /api/Members/1
Microsoft.Data.SqlClient.SqlException (0x80131904): The UPDATE statement conflicted with the CHECK constraint "CK__Members__Status__4D94879B". The conflict occurred in database "LibraryDb", table "dbo.Members", column 'Status'.
The statement has been terminated.
   at Microsoft.Data.SqlClient.SqlConnection.OnError(SqlException exception, Boolean breakConnection, Action`1 wrapCloseInAction)
   at Microsoft.Data.SqlClient.SqlInternalConnection.OnError(SqlException exception, Boolean breakConnection, Action`1 wrapCloseInAction)
   at Microsoft.Data.SqlClient.TdsParser.ThrowExceptionAndWarning(TdsParserStateObject stateObj, Boolean callerHasConnectionLock, Boolean asyncClose)
   at Microsoft.Data.SqlClient.TdsParser.TryRun(RunBehavior runBehavior, SqlCommand cmdHandler, SqlDataReader dataStream, BulkCopySimpleResultSet bulkCopyHandler, TdsParserStateObject stateObj, Boolean& dataReady)
   at Microsoft.Data.SqlClient.SqlCommand.FinishExecuteReader(SqlDataReader ds, RunBehavior runBehavior, String resetOptionsString, Boolean isInternal, Boolean forDescribeParameterEncryption, Boolean shouldCacheForAlwaysEncrypted)
   at Microsoft.Data.SqlClient.SqlCommand.CompleteAsyncExecuteReader(Boolean isInternal, Boolean forDescribeParameterEncryption)
   at Microsoft.Data.SqlClient.SqlCommand.InternalEndExecuteNonQuery(IAsyncResult asyncResult, Boolean isInternal, String endMethod)
   at Microsoft.Data.SqlClient.SqlCommand.EndExecuteNonQueryInternal(IAsyncResult asyncResult)
   at Microsoft.Data.SqlClient.SqlCommand.EndExecuteNonQueryAsync(IAsyncResult asyncResult)
   at Microsoft.Data.SqlClient.SqlCommand.<>c.<InternalExecuteNonQueryAsync>b__210_1(IAsyncResult result)
   at System.Threading.Tasks.TaskFactory`1.FromAsyncCoreLogic(IAsyncResult iar, Func`2 endFunction, Action`1 endAction, Task`1 promise, Boolean requiresSynchronization)
--- End of stack trace from previous location ---
   at LibraryApp.Data.Repositories.MemberRepository.UpdateAsync(Int32 memberId, UpdateMemberCommand cmd, CancellationToken ct) in c:\Users\Thales\Desktop\netcore\LibraryApp\LibraryApp.Data\Repositories\MemberRepository.cs:line 154
   at LibraryApp.Data.Repositories.MemberRepository.UpdateAsync(Int32 memberId, UpdateMemberCommand cmd, CancellationToken ct) in c:\Users\Thales\Desktop\netcore\LibraryApp\LibraryApp.Data\Repositories\MemberRepository.cs:line 171
   at LibraryApp.Data.Services.MemberService.UpdateAsync(Int32 memberId, UpdateMemberCommand cmd, CancellationToken ct) in c:\Users\Thales\Desktop\netcore\LibraryApp\LibraryApp.Data\Services\MemberService.cs:line 90
   at LibraryApp.Data.Services.MemberService.UpdateAsync(Int32 memberId, UpdateMemberCommand cmd, CancellationToken ct) in c:\Users\Thales\Desktop\netcore\LibraryApp\LibraryApp.Data\Services\MemberService.cs:line 102
   at LibraryApp.Api.Controllers.MembersController.Update(Int32 id, UpdateMemberCommand command, CancellationToken ct) in c:\Users\Thales\Desktop\netcore\LibraryApp\LibraryApp.Api\Controllers\MembersController.cs:line 58
   at Microsoft.AspNetCore.Mvc.Infrastructure.ActionMethodExecutor.TaskOfIActionResultExecutor.Execute(ActionContext actionContext, IActionResultTypeMapper mapper, ObjectMethodExecutor executor, Object controller, Object[] arguments)
   at Microsoft.AspNetCore.Mvc.Infrastructure.ControllerActionInvoker.<InvokeActionMethodAsync>g__Awaited|12_0(ControllerActionInvoker invoker, ValueTask`1 actionResultValueTask)
   at Microsoft.AspNetCore.Mvc.Infrastructure.ControllerActionInvoker.<InvokeNextActionFilterAsync>g__Awaited|10_0(ControllerActionInvoker invoker, Task lastTask, State next, Scope scope, Object state, Boolean isCompleted)
   at Microsoft.AspNetCore.Mvc.Infrastructure.ControllerActionInvoker.Rethrow(ActionExecutedContextSealed context)
   at Microsoft.AspNetCore.Mvc.Infrastructure.ControllerActionInvoker.Next(State& next, Scope& scope, Object& state, Boolean& isCompleted)
   at Microsoft.AspNetCore.Mvc.Infrastructure.ControllerActionInvoker.<InvokeInnerFilterAsync>g__Awaited|13_0(ControllerActionInvoker invoker, Task lastTask, State next, Scope scope, Object state, Boolean isCompleted)
   at Microsoft.AspNetCore.Mvc.Infrastructure.ResourceInvoker.<InvokeFilterPipelineAsync>g__Awaited|20_0(ResourceInvoker invoker, Task lastTask, State next, Scope scope, Object state, Boolean isCompleted)
   at Microsoft.AspNetCore.Mvc.Infrastructure.ResourceInvoker.<InvokeAsync>g__Logged|17_1(ResourceInvoker invoker)
   at Microsoft.AspNetCore.Mvc.Infrastructure.ResourceInvoker.<InvokeAsync>g__Logged|17_1(ResourceInvoker invoker)
   at Swashbuckle.AspNetCore.SwaggerUI.SwaggerUIMiddleware.Invoke(HttpContext httpContext)
   at Swashbuckle.AspNetCore.Swagger.SwaggerMiddleware.Invoke(HttpContext httpContext, ISwaggerProvider swaggerProvider)
   at Serilog.AspNetCore.RequestLoggingMiddleware.Invoke(HttpContext httpContext)
   at LibraryApp.Api.Middleware.ExceptionMiddleware.InvokeAsync(HttpContext context) in c:\Users\Thales\Desktop\netcore\LibraryApp\LibraryApp.Api\Middleware\ExceptionMiddleware.cs:line 22
ClientConnectionId:77590b6e-edaf-4f2c-8782-42d7ff672974
Error Number:547,State:0,Class:16
2026-06-07 14:14:13.343 +03:00 [INF] Request finished HTTP/1.1 PUT http://localhost:5112/api/Members/1 - 500 null application/problem+json 2184.3149ms
2026-06-07 14:14:34.798 +03:00 [INF] Now listening on: http://localhost:5112
2026-06-07 14:14:34.864 +03:00 [INF] Application started. Press Ctrl+C to shut down.
2026-06-07 14:14:34.865 +03:00 [INF] Hosting environment: Development
2026-06-07 14:14:34.865 +03:00 [INF] Content root path: c:\Users\Thales\Desktop\netcore\LibraryApp\LibraryApp.Api
2026-06-07 14:14:34.914 +03:00 [INF] Request starting HTTP/1.1 PUT http://localhost:5112/api/Members/1 - application/json 50
2026-06-07 14:14:34.945 +03:00 [INF] CORS policy execution failed.
2026-06-07 14:14:34.945 +03:00 [INF] Request origin http://localhost:5112 does not have permission to access the resource.
2026-06-07 14:14:34.996 +03:00 [INF] Route matched with {action = "Update", controller = "Members"}. Executing controller action with signature System.Threading.Tasks.Task`1[Microsoft.AspNetCore.Mvc.IActionResult] Update(Int32, LibraryApp.Core.DTOs.UpdateMemberCommand, System.Threading.CancellationToken) on controller LibraryApp.Api.Controllers.MembersController (LibraryApp.Api).
2026-06-07 14:14:38.375 +03:00 [ERR] Failed to update member: MemberId=1
Microsoft.Data.SqlClient.SqlException (0x80131904): The UPDATE statement conflicted with the CHECK constraint "CK__Members__Status__4D94879B". The conflict occurred in database "LibraryDb", table "dbo.Members", column 'Status'.
The statement has been terminated.
   at Microsoft.Data.SqlClient.SqlConnection.OnError(SqlException exception, Boolean breakConnection, Action`1 wrapCloseInAction)
   at Microsoft.Data.SqlClient.SqlInternalConnection.OnError(SqlException exception, Boolean breakConnection, Action`1 wrapCloseInAction)
   at Microsoft.Data.SqlClient.TdsParser.ThrowExceptionAndWarning(TdsParserStateObject stateObj, Boolean callerHasConnectionLock, Boolean asyncClose)
   at Microsoft.Data.SqlClient.TdsParser.TryRun(RunBehavior runBehavior, SqlCommand cmdHandler, SqlDataReader dataStream, BulkCopySimpleResultSet bulkCopyHandler, TdsParserStateObject stateObj, Boolean& dataReady)
   at Microsoft.Data.SqlClient.SqlCommand.FinishExecuteReader(SqlDataReader ds, RunBehavior runBehavior, String resetOptionsString, Boolean isInternal, Boolean forDescribeParameterEncryption, Boolean shouldCacheForAlwaysEncrypted)
   at Microsoft.Data.SqlClient.SqlCommand.CompleteAsyncExecuteReader(Boolean isInternal, Boolean forDescribeParameterEncryption)
   at Microsoft.Data.SqlClient.SqlCommand.InternalEndExecuteNonQuery(IAsyncResult asyncResult, Boolean isInternal, String endMethod)
   at Microsoft.Data.SqlClient.SqlCommand.EndExecuteNonQueryInternal(IAsyncResult asyncResult)
   at Microsoft.Data.SqlClient.SqlCommand.EndExecuteNonQueryAsync(IAsyncResult asyncResult)
   at Microsoft.Data.SqlClient.SqlCommand.<>c.<InternalExecuteNonQueryAsync>b__210_1(IAsyncResult result)
   at System.Threading.Tasks.TaskFactory`1.FromAsyncCoreLogic(IAsyncResult iar, Func`2 endFunction, Action`1 endAction, Task`1 promise, Boolean requiresSynchronization)
--- End of stack trace from previous location ---
   at LibraryApp.Data.Repositories.MemberRepository.UpdateAsync(Int32 memberId, UpdateMemberCommand cmd, CancellationToken ct) in c:\Users\Thales\Desktop\netcore\LibraryApp\LibraryApp.Data\Repositories\MemberRepository.cs:line 154
   at LibraryApp.Data.Repositories.MemberRepository.UpdateAsync(Int32 memberId, UpdateMemberCommand cmd, CancellationToken ct) in c:\Users\Thales\Desktop\netcore\LibraryApp\LibraryApp.Data\Repositories\MemberRepository.cs:line 171
   at LibraryApp.Data.Services.MemberService.UpdateAsync(Int32 memberId, UpdateMemberCommand cmd, CancellationToken ct) in c:\Users\Thales\Desktop\netcore\LibraryApp\LibraryApp.Data\Services\MemberService.cs:line 90
ClientConnectionId:e455e781-d8c4-4694-b022-eaeb0cadb16d
Error Number:547,State:0,Class:16
2026-06-07 14:14:38.418 +03:00 [INF] Executed action LibraryApp.Api.Controllers.MembersController.Update (LibraryApp.Api) in 3416.6788ms
2026-06-07 14:14:38.427 +03:00 [ERR] HTTP PUT /api/Members/1 responded 500 in 3482.9017 ms
Microsoft.Data.SqlClient.SqlException (0x80131904): The UPDATE statement conflicted with the CHECK constraint "CK__Members__Status__4D94879B". The conflict occurred in database "LibraryDb", table "dbo.Members", column 'Status'.
The statement has been terminated.
   at Microsoft.Data.SqlClient.SqlConnection.OnError(SqlException exception, Boolean breakConnection, Action`1 wrapCloseInAction)
   at Microsoft.Data.SqlClient.SqlInternalConnection.OnError(SqlException exception, Boolean breakConnection, Action`1 wrapCloseInAction)
   at Microsoft.Data.SqlClient.TdsParser.ThrowExceptionAndWarning(TdsParserStateObject stateObj, Boolean callerHasConnectionLock, Boolean asyncClose)
   at Microsoft.Data.SqlClient.TdsParser.TryRun(RunBehavior runBehavior, SqlCommand cmdHandler, SqlDataReader dataStream, BulkCopySimpleResultSet bulkCopyHandler, TdsParserStateObject stateObj, Boolean& dataReady)
   at Microsoft.Data.SqlClient.SqlCommand.FinishExecuteReader(SqlDataReader ds, RunBehavior runBehavior, String resetOptionsString, Boolean isInternal, Boolean forDescribeParameterEncryption, Boolean shouldCacheForAlwaysEncrypted)
   at Microsoft.Data.SqlClient.SqlCommand.CompleteAsyncExecuteReader(Boolean isInternal, Boolean forDescribeParameterEncryption)
   at Microsoft.Data.SqlClient.SqlCommand.InternalEndExecuteNonQuery(IAsyncResult asyncResult, Boolean isInternal, String endMethod)
   at Microsoft.Data.SqlClient.SqlCommand.EndExecuteNonQueryInternal(IAsyncResult asyncResult)
   at Microsoft.Data.SqlClient.SqlCommand.EndExecuteNonQueryAsync(IAsyncResult asyncResult)
   at Microsoft.Data.SqlClient.SqlCommand.<>c.<InternalExecuteNonQueryAsync>b__210_1(IAsyncResult result)
   at System.Threading.Tasks.TaskFactory`1.FromAsyncCoreLogic(IAsyncResult iar, Func`2 endFunction, Action`1 endAction, Task`1 promise, Boolean requiresSynchronization)
--- End of stack trace from previous location ---
   at LibraryApp.Data.Repositories.MemberRepository.UpdateAsync(Int32 memberId, UpdateMemberCommand cmd, CancellationToken ct) in c:\Users\Thales\Desktop\netcore\LibraryApp\LibraryApp.Data\Repositories\MemberRepository.cs:line 154
   at LibraryApp.Data.Repositories.MemberRepository.UpdateAsync(Int32 memberId, UpdateMemberCommand cmd, CancellationToken ct) in c:\Users\Thales\Desktop\netcore\LibraryApp\LibraryApp.Data\Repositories\MemberRepository.cs:line 171
   at LibraryApp.Data.Services.MemberService.UpdateAsync(Int32 memberId, UpdateMemberCommand cmd, CancellationToken ct) in c:\Users\Thales\Desktop\netcore\LibraryApp\LibraryApp.Data\Services\MemberService.cs:line 90
   at LibraryApp.Data.Services.MemberService.UpdateAsync(Int32 memberId, UpdateMemberCommand cmd, CancellationToken ct) in c:\Users\Thales\Desktop\netcore\LibraryApp\LibraryApp.Data\Services\MemberService.cs:line 102
   at LibraryApp.Api.Controllers.MembersController.Update(Int32 id, UpdateMemberCommand command, CancellationToken ct) in c:\Users\Thales\Desktop\netcore\LibraryApp\LibraryApp.Api\Controllers\MembersController.cs:line 58
   at Microsoft.AspNetCore.Mvc.Infrastructure.ActionMethodExecutor.TaskOfIActionResultExecutor.Execute(ActionContext actionContext, IActionResultTypeMapper mapper, ObjectMethodExecutor executor, Object controller, Object[] arguments)
   at Microsoft.AspNetCore.Mvc.Infrastructure.ControllerActionInvoker.<InvokeActionMethodAsync>g__Awaited|12_0(ControllerActionInvoker invoker, ValueTask`1 actionResultValueTask)
   at Microsoft.AspNetCore.Mvc.Infrastructure.ControllerActionInvoker.<InvokeNextActionFilterAsync>g__Awaited|10_0(ControllerActionInvoker invoker, Task lastTask, State next, Scope scope, Object state, Boolean isCompleted)
   at Microsoft.AspNetCore.Mvc.Infrastructure.ControllerActionInvoker.Rethrow(ActionExecutedContextSealed context)
   at Microsoft.AspNetCore.Mvc.Infrastructure.ControllerActionInvoker.Next(State& next, Scope& scope, Object& state, Boolean& isCompleted)
   at Microsoft.AspNetCore.Mvc.Infrastructure.ControllerActionInvoker.<InvokeInnerFilterAsync>g__Awaited|13_0(ControllerActionInvoker invoker, Task lastTask, State next, Scope scope, Object state, Boolean isCompleted)
   at Microsoft.AspNetCore.Mvc.Infrastructure.ResourceInvoker.<InvokeFilterPipelineAsync>g__Awaited|20_0(ResourceInvoker invoker, Task lastTask, State next, Scope scope, Object state, Boolean isCompleted)
   at Microsoft.AspNetCore.Mvc.Infrastructure.ResourceInvoker.<InvokeAsync>g__Logged|17_1(ResourceInvoker invoker)
   at Microsoft.AspNetCore.Mvc.Infrastructure.ResourceInvoker.<InvokeAsync>g__Logged|17_1(ResourceInvoker invoker)
   at Swashbuckle.AspNetCore.SwaggerUI.SwaggerUIMiddleware.Invoke(HttpContext httpContext)
   at Swashbuckle.AspNetCore.Swagger.SwaggerMiddleware.Invoke(HttpContext httpContext, ISwaggerProvider swaggerProvider)
   at Serilog.AspNetCore.RequestLoggingMiddleware.Invoke(HttpContext httpContext)
ClientConnectionId:e455e781-d8c4-4694-b022-eaeb0cadb16d
Error Number:547,State:0,Class:16
2026-06-07 14:14:38.440 +03:00 [ERR] Unhandled exception on PUT /api/Members/1
Microsoft.Data.SqlClient.SqlException (0x80131904): The UPDATE statement conflicted with the CHECK constraint "CK__Members__Status__4D94879B". The conflict occurred in database "LibraryDb", table "dbo.Members", column 'Status'.
The statement has been terminated.
   at Microsoft.Data.SqlClient.SqlConnection.OnError(SqlException exception, Boolean breakConnection, Action`1 wrapCloseInAction)
   at Microsoft.Data.SqlClient.SqlInternalConnection.OnError(SqlException exception, Boolean breakConnection, Action`1 wrapCloseInAction)
   at Microsoft.Data.SqlClient.TdsParser.ThrowExceptionAndWarning(TdsParserStateObject stateObj, Boolean callerHasConnectionLock, Boolean asyncClose)
   at Microsoft.Data.SqlClient.TdsParser.TryRun(RunBehavior runBehavior, SqlCommand cmdHandler, SqlDataReader dataStream, BulkCopySimpleResultSet bulkCopyHandler, TdsParserStateObject stateObj, Boolean& dataReady)
   at Microsoft.Data.SqlClient.SqlCommand.FinishExecuteReader(SqlDataReader ds, RunBehavior runBehavior, String resetOptionsString, Boolean isInternal, Boolean forDescribeParameterEncryption, Boolean shouldCacheForAlwaysEncrypted)
   at Microsoft.Data.SqlClient.SqlCommand.CompleteAsyncExecuteReader(Boolean isInternal, Boolean forDescribeParameterEncryption)
   at Microsoft.Data.SqlClient.SqlCommand.InternalEndExecuteNonQuery(IAsyncResult asyncResult, Boolean isInternal, String endMethod)
   at Microsoft.Data.SqlClient.SqlCommand.EndExecuteNonQueryInternal(IAsyncResult asyncResult)
   at Microsoft.Data.SqlClient.SqlCommand.EndExecuteNonQueryAsync(IAsyncResult asyncResult)
   at Microsoft.Data.SqlClient.SqlCommand.<>c.<InternalExecuteNonQueryAsync>b__210_1(IAsyncResult result)
   at System.Threading.Tasks.TaskFactory`1.FromAsyncCoreLogic(IAsyncResult iar, Func`2 endFunction, Action`1 endAction, Task`1 promise, Boolean requiresSynchronization)
--- End of stack trace from previous location ---
   at LibraryApp.Data.Repositories.MemberRepository.UpdateAsync(Int32 memberId, UpdateMemberCommand cmd, CancellationToken ct) in c:\Users\Thales\Desktop\netcore\LibraryApp\LibraryApp.Data\Repositories\MemberRepository.cs:line 154
   at LibraryApp.Data.Repositories.MemberRepository.UpdateAsync(Int32 memberId, UpdateMemberCommand cmd, CancellationToken ct) in c:\Users\Thales\Desktop\netcore\LibraryApp\LibraryApp.Data\Repositories\MemberRepository.cs:line 171
   at LibraryApp.Data.Services.MemberService.UpdateAsync(Int32 memberId, UpdateMemberCommand cmd, CancellationToken ct) in c:\Users\Thales\Desktop\netcore\LibraryApp\LibraryApp.Data\Services\MemberService.cs:line 90
   at LibraryApp.Data.Services.MemberService.UpdateAsync(Int32 memberId, UpdateMemberCommand cmd, CancellationToken ct) in c:\Users\Thales\Desktop\netcore\LibraryApp\LibraryApp.Data\Services\MemberService.cs:line 102
   at LibraryApp.Api.Controllers.MembersController.Update(Int32 id, UpdateMemberCommand command, CancellationToken ct) in c:\Users\Thales\Desktop\netcore\LibraryApp\LibraryApp.Api\Controllers\MembersController.cs:line 58
   at Microsoft.AspNetCore.Mvc.Infrastructure.ActionMethodExecutor.TaskOfIActionResultExecutor.Execute(ActionContext actionContext, IActionResultTypeMapper mapper, ObjectMethodExecutor executor, Object controller, Object[] arguments)
   at Microsoft.AspNetCore.Mvc.Infrastructure.ControllerActionInvoker.<InvokeActionMethodAsync>g__Awaited|12_0(ControllerActionInvoker invoker, ValueTask`1 actionResultValueTask)
   at Microsoft.AspNetCore.Mvc.Infrastructure.ControllerActionInvoker.<InvokeNextActionFilterAsync>g__Awaited|10_0(ControllerActionInvoker invoker, Task lastTask, State next, Scope scope, Object state, Boolean isCompleted)
   at Microsoft.AspNetCore.Mvc.Infrastructure.ControllerActionInvoker.Rethrow(ActionExecutedContextSealed context)
   at Microsoft.AspNetCore.Mvc.Infrastructure.ControllerActionInvoker.Next(State& next, Scope& scope, Object& state, Boolean& isCompleted)
   at Microsoft.AspNetCore.Mvc.Infrastructure.ControllerActionInvoker.<InvokeInnerFilterAsync>g__Awaited|13_0(ControllerActionInvoker invoker, Task lastTask, State next, Scope scope, Object state, Boolean isCompleted)
   at Microsoft.AspNetCore.Mvc.Infrastructure.ResourceInvoker.<InvokeFilterPipelineAsync>g__Awaited|20_0(ResourceInvoker invoker, Task lastTask, State next, Scope scope, Object state, Boolean isCompleted)
   at Microsoft.AspNetCore.Mvc.Infrastructure.ResourceInvoker.<InvokeAsync>g__Logged|17_1(ResourceInvoker invoker)
   at Microsoft.AspNetCore.Mvc.Infrastructure.ResourceInvoker.<InvokeAsync>g__Logged|17_1(ResourceInvoker invoker)
   at Swashbuckle.AspNetCore.SwaggerUI.SwaggerUIMiddleware.Invoke(HttpContext httpContext)
   at Swashbuckle.AspNetCore.Swagger.SwaggerMiddleware.Invoke(HttpContext httpContext, ISwaggerProvider swaggerProvider)
   at Serilog.AspNetCore.RequestLoggingMiddleware.Invoke(HttpContext httpContext)
   at LibraryApp.Api.Middleware.ExceptionMiddleware.InvokeAsync(HttpContext context) in c:\Users\Thales\Desktop\netcore\LibraryApp\LibraryApp.Api\Middleware\ExceptionMiddleware.cs:line 22
ClientConnectionId:e455e781-d8c4-4694-b022-eaeb0cadb16d
Error Number:547,State:0,Class:16
2026-06-07 14:14:38.490 +03:00 [INF] Request finished HTTP/1.1 PUT http://localhost:5112/api/Members/1 - 500 null application/problem+json 3577.9913ms
2026-06-07 14:17:54.118 +03:00 [INF] Now listening on: http://localhost:5112
2026-06-07 14:17:54.164 +03:00 [INF] Application started. Press Ctrl+C to shut down.
2026-06-07 14:17:54.164 +03:00 [INF] Hosting environment: Development
2026-06-07 14:17:54.164 +03:00 [INF] Content root path: c:\Users\Thales\Desktop\netcore\LibraryApp\LibraryApp.Api
2026-06-07 14:17:54.376 +03:00 [INF] Request starting HTTP/1.1 PUT http://localhost:5112/api/Members/1 - application/json 50
2026-06-07 14:17:54.410 +03:00 [INF] CORS policy execution failed.
2026-06-07 14:17:54.411 +03:00 [INF] Request origin http://localhost:5112 does not have permission to access the resource.
2026-06-07 14:17:54.476 +03:00 [INF] Route matched with {action = "Update", controller = "Members"}. Executing controller action with signature System.Threading.Tasks.Task`1[Microsoft.AspNetCore.Mvc.IActionResult] Update(Int32, LibraryApp.Core.DTOs.UpdateMemberCommand, System.Threading.CancellationToken) on controller LibraryApp.Api.Controllers.MembersController (LibraryApp.Api).
2026-06-07 14:17:57.428 +03:00 [ERR] Failed to update member: MemberId=1
Microsoft.Data.SqlClient.SqlException (0x80131904): The UPDATE statement conflicted with the CHECK constraint "CK__Members__Status__4D94879B". The conflict occurred in database "LibraryDb", table "dbo.Members", column 'Status'.
The statement has been terminated.
   at Microsoft.Data.SqlClient.SqlConnection.OnError(SqlException exception, Boolean breakConnection, Action`1 wrapCloseInAction)
   at Microsoft.Data.SqlClient.SqlInternalConnection.OnError(SqlException exception, Boolean breakConnection, Action`1 wrapCloseInAction)
   at Microsoft.Data.SqlClient.TdsParser.ThrowExceptionAndWarning(TdsParserStateObject stateObj, Boolean callerHasConnectionLock, Boolean asyncClose)
   at Microsoft.Data.SqlClient.TdsParser.TryRun(RunBehavior runBehavior, SqlCommand cmdHandler, SqlDataReader dataStream, BulkCopySimpleResultSet bulkCopyHandler, TdsParserStateObject stateObj, Boolean& dataReady)
   at Microsoft.Data.SqlClient.SqlCommand.FinishExecuteReader(SqlDataReader ds, RunBehavior runBehavior, String resetOptionsString, Boolean isInternal, Boolean forDescribeParameterEncryption, Boolean shouldCacheForAlwaysEncrypted)
   at Microsoft.Data.SqlClient.SqlCommand.CompleteAsyncExecuteReader(Boolean isInternal, Boolean forDescribeParameterEncryption)
   at Microsoft.Data.SqlClient.SqlCommand.InternalEndExecuteNonQuery(IAsyncResult asyncResult, Boolean isInternal, String endMethod)
   at Microsoft.Data.SqlClient.SqlCommand.EndExecuteNonQueryInternal(IAsyncResult asyncResult)
   at Microsoft.Data.SqlClient.SqlCommand.EndExecuteNonQueryAsync(IAsyncResult asyncResult)
   at Microsoft.Data.SqlClient.SqlCommand.<>c.<InternalExecuteNonQueryAsync>b__210_1(IAsyncResult result)
   at System.Threading.Tasks.TaskFactory`1.FromAsyncCoreLogic(IAsyncResult iar, Func`2 endFunction, Action`1 endAction, Task`1 promise, Boolean requiresSynchronization)
--- End of stack trace from previous location ---
   at LibraryApp.Data.Repositories.MemberRepository.UpdateAsync(Int32 memberId, UpdateMemberCommand cmd, CancellationToken ct) in c:\Users\Thales\Desktop\netcore\LibraryApp\LibraryApp.Data\Repositories\MemberRepository.cs:line 154
   at LibraryApp.Data.Repositories.MemberRepository.UpdateAsync(Int32 memberId, UpdateMemberCommand cmd, CancellationToken ct) in c:\Users\Thales\Desktop\netcore\LibraryApp\LibraryApp.Data\Repositories\MemberRepository.cs:line 171
   at LibraryApp.Data.Services.MemberService.UpdateAsync(Int32 memberId, UpdateMemberCommand cmd, CancellationToken ct) in c:\Users\Thales\Desktop\netcore\LibraryApp\LibraryApp.Data\Services\MemberService.cs:line 91
ClientConnectionId:923b6b7b-5a23-4f71-83d7-92bf7c3d32f8
Error Number:547,State:0,Class:16
2026-06-07 14:17:57.459 +03:00 [INF] Executed action LibraryApp.Api.Controllers.MembersController.Update (LibraryApp.Api) in 2979.1485ms
2026-06-07 14:17:57.468 +03:00 [ERR] HTTP PUT /api/Members/1 responded 500 in 3060.3472 ms
Microsoft.Data.SqlClient.SqlException (0x80131904): The UPDATE statement conflicted with the CHECK constraint "CK__Members__Status__4D94879B". The conflict occurred in database "LibraryDb", table "dbo.Members", column 'Status'.
The statement has been terminated.
   at Microsoft.Data.SqlClient.SqlConnection.OnError(SqlException exception, Boolean breakConnection, Action`1 wrapCloseInAction)
   at Microsoft.Data.SqlClient.SqlInternalConnection.OnError(SqlException exception, Boolean breakConnection, Action`1 wrapCloseInAction)
   at Microsoft.Data.SqlClient.TdsParser.ThrowExceptionAndWarning(TdsParserStateObject stateObj, Boolean callerHasConnectionLock, Boolean asyncClose)
   at Microsoft.Data.SqlClient.TdsParser.TryRun(RunBehavior runBehavior, SqlCommand cmdHandler, SqlDataReader dataStream, BulkCopySimpleResultSet bulkCopyHandler, TdsParserStateObject stateObj, Boolean& dataReady)
   at Microsoft.Data.SqlClient.SqlCommand.FinishExecuteReader(SqlDataReader ds, RunBehavior runBehavior, String resetOptionsString, Boolean isInternal, Boolean forDescribeParameterEncryption, Boolean shouldCacheForAlwaysEncrypted)
   at Microsoft.Data.SqlClient.SqlCommand.CompleteAsyncExecuteReader(Boolean isInternal, Boolean forDescribeParameterEncryption)
   at Microsoft.Data.SqlClient.SqlCommand.InternalEndExecuteNonQuery(IAsyncResult asyncResult, Boolean isInternal, String endMethod)
   at Microsoft.Data.SqlClient.SqlCommand.EndExecuteNonQueryInternal(IAsyncResult asyncResult)
   at Microsoft.Data.SqlClient.SqlCommand.EndExecuteNonQueryAsync(IAsyncResult asyncResult)
   at Microsoft.Data.SqlClient.SqlCommand.<>c.<InternalExecuteNonQueryAsync>b__210_1(IAsyncResult result)
   at System.Threading.Tasks.TaskFactory`1.FromAsyncCoreLogic(IAsyncResult iar, Func`2 endFunction, Action`1 endAction, Task`1 promise, Boolean requiresSynchronization)
--- End of stack trace from previous location ---
   at LibraryApp.Data.Repositories.MemberRepository.UpdateAsync(Int32 memberId, UpdateMemberCommand cmd, CancellationToken ct) in c:\Users\Thales\Desktop\netcore\LibraryApp\LibraryApp.Data\Repositories\MemberRepository.cs:line 154
   at LibraryApp.Data.Repositories.MemberRepository.UpdateAsync(Int32 memberId, UpdateMemberCommand cmd, CancellationToken ct) in c:\Users\Thales\Desktop\netcore\LibraryApp\LibraryApp.Data\Repositories\MemberRepository.cs:line 171
   at LibraryApp.Data.Services.MemberService.UpdateAsync(Int32 memberId, UpdateMemberCommand cmd, CancellationToken ct) in c:\Users\Thales\Desktop\netcore\LibraryApp\LibraryApp.Data\Services\MemberService.cs:line 91
   at LibraryApp.Data.Services.MemberService.UpdateAsync(Int32 memberId, UpdateMemberCommand cmd, CancellationToken ct) in c:\Users\Thales\Desktop\netcore\LibraryApp\LibraryApp.Data\Services\MemberService.cs:line 103
   at LibraryApp.Api.Controllers.MembersController.Update(Int32 id, UpdateMemberCommand command, CancellationToken ct) in c:\Users\Thales\Desktop\netcore\LibraryApp\LibraryApp.Api\Controllers\MembersController.cs:line 58
   at Microsoft.AspNetCore.Mvc.Infrastructure.ActionMethodExecutor.TaskOfIActionResultExecutor.Execute(ActionContext actionContext, IActionResultTypeMapper mapper, ObjectMethodExecutor executor, Object controller, Object[] arguments)
   at Microsoft.AspNetCore.Mvc.Infrastructure.ControllerActionInvoker.<InvokeActionMethodAsync>g__Awaited|12_0(ControllerActionInvoker invoker, ValueTask`1 actionResultValueTask)
   at Microsoft.AspNetCore.Mvc.Infrastructure.ControllerActionInvoker.<InvokeNextActionFilterAsync>g__Awaited|10_0(ControllerActionInvoker invoker, Task lastTask, State next, Scope scope, Object state, Boolean isCompleted)
   at Microsoft.AspNetCore.Mvc.Infrastructure.ControllerActionInvoker.Rethrow(ActionExecutedContextSealed context)
   at Microsoft.AspNetCore.Mvc.Infrastructure.ControllerActionInvoker.Next(State& next, Scope& scope, Object& state, Boolean& isCompleted)
   at Microsoft.AspNetCore.Mvc.Infrastructure.ControllerActionInvoker.<InvokeInnerFilterAsync>g__Awaited|13_0(ControllerActionInvoker invoker, Task lastTask, State next, Scope scope, Object state, Boolean isCompleted)
   at Microsoft.AspNetCore.Mvc.Infrastructure.ResourceInvoker.<InvokeFilterPipelineAsync>g__Awaited|20_0(ResourceInvoker invoker, Task lastTask, State next, Scope scope, Object state, Boolean isCompleted)
   at Microsoft.AspNetCore.Mvc.Infrastructure.ResourceInvoker.<InvokeAsync>g__Logged|17_1(ResourceInvoker invoker)
   at Microsoft.AspNetCore.Mvc.Infrastructure.ResourceInvoker.<InvokeAsync>g__Logged|17_1(ResourceInvoker invoker)
   at Swashbuckle.AspNetCore.SwaggerUI.SwaggerUIMiddleware.Invoke(HttpContext httpContext)
   at Swashbuckle.AspNetCore.Swagger.SwaggerMiddleware.Invoke(HttpContext httpContext, ISwaggerProvider swaggerProvider)
   at Serilog.AspNetCore.RequestLoggingMiddleware.Invoke(HttpContext httpContext)
ClientConnectionId:923b6b7b-5a23-4f71-83d7-92bf7c3d32f8
Error Number:547,State:0,Class:16
2026-06-07 14:17:57.491 +03:00 [ERR] Unhandled exception on PUT /api/Members/1
Microsoft.Data.SqlClient.SqlException (0x80131904): The UPDATE statement conflicted with the CHECK constraint "CK__Members__Status__4D94879B". The conflict occurred in database "LibraryDb", table "dbo.Members", column 'Status'.
The statement has been terminated.
   at Microsoft.Data.SqlClient.SqlConnection.OnError(SqlException exception, Boolean breakConnection, Action`1 wrapCloseInAction)
   at Microsoft.Data.SqlClient.SqlInternalConnection.OnError(SqlException exception, Boolean breakConnection, Action`1 wrapCloseInAction)
   at Microsoft.Data.SqlClient.TdsParser.ThrowExceptionAndWarning(TdsParserStateObject stateObj, Boolean callerHasConnectionLock, Boolean asyncClose)
   at Microsoft.Data.SqlClient.TdsParser.TryRun(RunBehavior runBehavior, SqlCommand cmdHandler, SqlDataReader dataStream, BulkCopySimpleResultSet bulkCopyHandler, TdsParserStateObject stateObj, Boolean& dataReady)
   at Microsoft.Data.SqlClient.SqlCommand.FinishExecuteReader(SqlDataReader ds, RunBehavior runBehavior, String resetOptionsString, Boolean isInternal, Boolean forDescribeParameterEncryption, Boolean shouldCacheForAlwaysEncrypted)
   at Microsoft.Data.SqlClient.SqlCommand.CompleteAsyncExecuteReader(Boolean isInternal, Boolean forDescribeParameterEncryption)
   at Microsoft.Data.SqlClient.SqlCommand.InternalEndExecuteNonQuery(IAsyncResult asyncResult, Boolean isInternal, String endMethod)
   at Microsoft.Data.SqlClient.SqlCommand.EndExecuteNonQueryInternal(IAsyncResult asyncResult)
   at Microsoft.Data.SqlClient.SqlCommand.EndExecuteNonQueryAsync(IAsyncResult asyncResult)
   at Microsoft.Data.SqlClient.SqlCommand.<>c.<InternalExecuteNonQueryAsync>b__210_1(IAsyncResult result)
   at System.Threading.Tasks.TaskFactory`1.FromAsyncCoreLogic(IAsyncResult iar, Func`2 endFunction, Action`1 endAction, Task`1 promise, Boolean requiresSynchronization)
--- End of stack trace from previous location ---
   at LibraryApp.Data.Repositories.MemberRepository.UpdateAsync(Int32 memberId, UpdateMemberCommand cmd, CancellationToken ct) in c:\Users\Thales\Desktop\netcore\LibraryApp\LibraryApp.Data\Repositories\MemberRepository.cs:line 154
   at LibraryApp.Data.Repositories.MemberRepository.UpdateAsync(Int32 memberId, UpdateMemberCommand cmd, CancellationToken ct) in c:\Users\Thales\Desktop\netcore\LibraryApp\LibraryApp.Data\Repositories\MemberRepository.cs:line 171
   at LibraryApp.Data.Services.MemberService.UpdateAsync(Int32 memberId, UpdateMemberCommand cmd, CancellationToken ct) in c:\Users\Thales\Desktop\netcore\LibraryApp\LibraryApp.Data\Services\MemberService.cs:line 91
   at LibraryApp.Data.Services.MemberService.UpdateAsync(Int32 memberId, UpdateMemberCommand cmd, CancellationToken ct) in c:\Users\Thales\Desktop\netcore\LibraryApp\LibraryApp.Data\Services\MemberService.cs:line 103
   at LibraryApp.Api.Controllers.MembersController.Update(Int32 id, UpdateMemberCommand command, CancellationToken ct) in c:\Users\Thales\Desktop\netcore\LibraryApp\LibraryApp.Api\Controllers\MembersController.cs:line 58
   at Microsoft.AspNetCore.Mvc.Infrastructure.ActionMethodExecutor.TaskOfIActionResultExecutor.Execute(ActionContext actionContext, IActionResultTypeMapper mapper, ObjectMethodExecutor executor, Object controller, Object[] arguments)
   at Microsoft.AspNetCore.Mvc.Infrastructure.ControllerActionInvoker.<InvokeActionMethodAsync>g__Awaited|12_0(ControllerActionInvoker invoker, ValueTask`1 actionResultValueTask)
   at Microsoft.AspNetCore.Mvc.Infrastructure.ControllerActionInvoker.<InvokeNextActionFilterAsync>g__Awaited|10_0(ControllerActionInvoker invoker, Task lastTask, State next, Scope scope, Object state, Boolean isCompleted)
   at Microsoft.AspNetCore.Mvc.Infrastructure.ControllerActionInvoker.Rethrow(ActionExecutedContextSealed context)
   at Microsoft.AspNetCore.Mvc.Infrastructure.ControllerActionInvoker.Next(State& next, Scope& scope, Object& state, Boolean& isCompleted)
   at Microsoft.AspNetCore.Mvc.Infrastructure.ControllerActionInvoker.<InvokeInnerFilterAsync>g__Awaited|13_0(ControllerActionInvoker invoker, Task lastTask, State next, Scope scope, Object state, Boolean isCompleted)
   at Microsoft.AspNetCore.Mvc.Infrastructure.ResourceInvoker.<InvokeFilterPipelineAsync>g__Awaited|20_0(ResourceInvoker invoker, Task lastTask, State next, Scope scope, Object state, Boolean isCompleted)
   at Microsoft.AspNetCore.Mvc.Infrastructure.ResourceInvoker.<InvokeAsync>g__Logged|17_1(ResourceInvoker invoker)
   at Microsoft.AspNetCore.Mvc.Infrastructure.ResourceInvoker.<InvokeAsync>g__Logged|17_1(ResourceInvoker invoker)
   at Swashbuckle.AspNetCore.SwaggerUI.SwaggerUIMiddleware.Invoke(HttpContext httpContext)
   at Swashbuckle.AspNetCore.Swagger.SwaggerMiddleware.Invoke(HttpContext httpContext, ISwaggerProvider swaggerProvider)
   at Serilog.AspNetCore.RequestLoggingMiddleware.Invoke(HttpContext httpContext)
   at LibraryApp.Api.Middleware.ExceptionMiddleware.InvokeAsync(HttpContext context) in c:\Users\Thales\Desktop\netcore\LibraryApp\LibraryApp.Api\Middleware\ExceptionMiddleware.cs:line 22
ClientConnectionId:923b6b7b-5a23-4f71-83d7-92bf7c3d32f8
Error Number:547,State:0,Class:16
2026-06-07 14:17:57.541 +03:00 [INF] Request finished HTTP/1.1 PUT http://localhost:5112/api/Members/1 - 500 null application/problem+json 3168.1621ms
2026-06-07 14:20:33.452 +03:00 [INF] Now listening on: http://localhost:5112
2026-06-07 14:20:33.502 +03:00 [INF] Application started. Press Ctrl+C to shut down.
2026-06-07 14:20:33.503 +03:00 [INF] Hosting environment: Development
2026-06-07 14:20:33.503 +03:00 [INF] Content root path: c:\Users\Thales\Desktop\netcore\LibraryApp\LibraryApp.Api
2026-06-07 14:20:34.449 +03:00 [INF] Request starting HTTP/1.1 PUT http://localhost:5112/api/Members/1 - application/json 50
2026-06-07 14:20:34.483 +03:00 [INF] CORS policy execution failed.
2026-06-07 14:20:34.483 +03:00 [INF] Request origin http://localhost:5112 does not have permission to access the resource.
2026-06-07 14:20:34.533 +03:00 [INF] Route matched with {action = "Update", controller = "Members"}. Executing controller action with signature System.Threading.Tasks.Task`1[Microsoft.AspNetCore.Mvc.IActionResult] Update(Int32, LibraryApp.Core.DTOs.UpdateMemberCommand, System.Threading.CancellationToken) on controller LibraryApp.Api.Controllers.MembersController (LibraryApp.Api).
2026-06-07 14:20:35.609 +03:00 [INF] Executing ObjectResult, writing value of type 'Microsoft.AspNetCore.Mvc.ValidationProblemDetails'.
2026-06-07 14:20:35.680 +03:00 [INF] Executed action LibraryApp.Api.Controllers.MembersController.Update (LibraryApp.Api) in 1141.6738ms
2026-06-07 14:20:35.688 +03:00 [INF] HTTP PUT /api/Members/1 responded 422 in 1206.5509 ms
2026-06-07 14:20:35.701 +03:00 [INF] Request finished HTTP/1.1 PUT http://localhost:5112/api/Members/1 - 422 null application/problem+json; charset=utf-8 1254.0795ms
2026-06-07 14:20:52.234 +03:00 [INF] Request starting HTTP/1.1 PUT http://localhost:5112/api/Members/1 - application/json 49
2026-06-07 14:20:52.238 +03:00 [INF] CORS policy execution failed.
2026-06-07 14:20:52.238 +03:00 [INF] Request origin http://localhost:5112 does not have permission to access the resource.
2026-06-07 14:20:52.240 +03:00 [INF] Route matched with {action = "Update", controller = "Members"}. Executing controller action with signature System.Threading.Tasks.Task`1[Microsoft.AspNetCore.Mvc.IActionResult] Update(Int32, LibraryApp.Core.DTOs.UpdateMemberCommand, System.Threading.CancellationToken) on controller LibraryApp.Api.Controllers.MembersController (LibraryApp.Api).
2026-06-07 14:20:53.001 +03:00 [INF] Updated member via pure ADO.NET: MemberId=1
2026-06-07 14:20:53.036 +03:00 [INF] Member updated: MemberId=1, FullName=string, Email=alice@example.com
2026-06-07 14:20:53.063 +03:00 [INF] Executing OkObjectResult, writing value of type 'LibraryApp.Core.DTOs.MemberDto'.
2026-06-07 14:20:53.076 +03:00 [INF] Executed action LibraryApp.Api.Controllers.MembersController.Update (LibraryApp.Api) in 836.2628ms
2026-06-07 14:20:53.078 +03:00 [INF] HTTP PUT /api/Members/1 responded 200 in 840.5504 ms
2026-06-07 14:20:53.086 +03:00 [INF] Request finished HTTP/1.1 PUT http://localhost:5112/api/Members/1 - 200 null application/json; charset=utf-8 851.5787ms
2026-06-07 14:20:57.210 +03:00 [INF] Request starting HTTP/1.1 GET http://localhost:5112/api/members - application/json null
2026-06-07 14:20:57.219 +03:00 [INF] Route matched with {action = "GetAll", controller = "Members"}. Executing controller action with signature System.Threading.Tasks.Task`1[Microsoft.AspNetCore.Mvc.IActionResult] GetAll(System.Threading.CancellationToken) on controller LibraryApp.Api.Controllers.MembersController (LibraryApp.Api).
2026-06-07 14:20:57.306 +03:00 [INF] Executing OkObjectResult, writing value of type 'System.Collections.Generic.List`1[[LibraryApp.Core.DTOs.MemberDto, LibraryApp.Core, Version=1.0.0.0, Culture=neutral, PublicKeyToken=null]]'.
2026-06-07 14:20:57.308 +03:00 [INF] Executed action LibraryApp.Api.Controllers.MembersController.GetAll (LibraryApp.Api) in 88.1991ms
2026-06-07 14:20:57.308 +03:00 [INF] HTTP GET /api/members responded 200 in 95.6521 ms
2026-06-07 14:20:57.308 +03:00 [INF] Request finished HTTP/1.1 GET http://localhost:5112/api/members - 200 null application/json; charset=utf-8 98.1333ms
2026-06-07 14:20:57.795 +03:00 [INF] Request starting HTTP/1.1 OPTIONS http://localhost:5112/api/members - null null
2026-06-07 14:20:57.796 +03:00 [INF] CORS policy execution successful.
2026-06-07 14:20:57.798 +03:00 [INF] HTTP OPTIONS /api/members responded 204 in 2.1835 ms
2026-06-07 14:20:57.799 +03:00 [INF] Request finished HTTP/1.1 OPTIONS http://localhost:5112/api/members - 204 null null 3.701ms
2026-06-07 14:20:57.806 +03:00 [INF] Request starting HTTP/1.1 GET http://localhost:5112/api/members - application/json null
2026-06-07 14:20:57.806 +03:00 [INF] CORS policy execution successful.
2026-06-07 14:20:57.807 +03:00 [INF] Route matched with {action = "GetAll", controller = "Members"}. Executing controller action with signature System.Threading.Tasks.Task`1[Microsoft.AspNetCore.Mvc.IActionResult] GetAll(System.Threading.CancellationToken) on controller LibraryApp.Api.Controllers.MembersController (LibraryApp.Api).
2026-06-07 14:20:57.820 +03:00 [INF] Executing OkObjectResult, writing value of type 'System.Collections.Generic.List`1[[LibraryApp.Core.DTOs.MemberDto, LibraryApp.Core, Version=1.0.0.0, Culture=neutral, PublicKeyToken=null]]'.
2026-06-07 14:20:57.821 +03:00 [INF] Executed action LibraryApp.Api.Controllers.MembersController.GetAll (LibraryApp.Api) in 13.0329ms
2026-06-07 14:20:57.821 +03:00 [INF] HTTP GET /api/members responded 200 in 15.0055 ms
2026-06-07 14:20:57.821 +03:00 [INF] Request finished HTTP/1.1 GET http://localhost:5112/api/members - 200 null application/json; charset=utf-8 15.8726ms
2026-06-07 14:21:00.090 +03:00 [INF] Request starting HTTP/1.1 OPTIONS http://localhost:5112/api/members/1 - null null
2026-06-07 14:21:00.091 +03:00 [INF] CORS policy execution successful.
2026-06-07 14:21:00.092 +03:00 [INF] HTTP OPTIONS /api/members/1 responded 204 in 0.8254 ms
2026-06-07 14:21:00.092 +03:00 [INF] Request finished HTTP/1.1 OPTIONS http://localhost:5112/api/members/1 - 204 null null 1.8887ms
2026-06-07 14:21:00.108 +03:00 [INF] Request starting HTTP/1.1 GET http://localhost:5112/api/members/1 - application/json null
2026-06-07 14:21:00.110 +03:00 [INF] CORS policy execution successful.
2026-06-07 14:21:00.116 +03:00 [INF] Route matched with {action = "GetById", controller = "Members"}. Executing controller action with signature System.Threading.Tasks.Task`1[Microsoft.AspNetCore.Mvc.IActionResult] GetById(Int32, System.Threading.CancellationToken) on controller LibraryApp.Api.Controllers.MembersController (LibraryApp.Api).
2026-06-07 14:21:00.122 +03:00 [INF] Executing OkObjectResult, writing value of type 'LibraryApp.Core.DTOs.MemberDto'.
2026-06-07 14:21:00.122 +03:00 [INF] Executed action LibraryApp.Api.Controllers.MembersController.GetById (LibraryApp.Api) in 5.5728ms
2026-06-07 14:21:00.122 +03:00 [INF] HTTP GET /api/members/1 responded 200 in 12.2335 ms
2026-06-07 14:21:00.122 +03:00 [INF] Request finished HTTP/1.1 GET http://localhost:5112/api/members/1 - 200 null application/json; charset=utf-8 14.243ms
2026-06-07 14:21:04.138 +03:00 [INF] Request starting HTTP/1.1 OPTIONS http://localhost:5112/api/members/1 - null null
2026-06-07 14:21:04.139 +03:00 [INF] CORS policy execution successful.
2026-06-07 14:21:04.139 +03:00 [INF] HTTP OPTIONS /api/members/1 responded 204 in 0.1416 ms
2026-06-07 14:21:04.139 +03:00 [INF] Request finished HTTP/1.1 OPTIONS http://localhost:5112/api/members/1 - 204 null null 0.8043ms
2026-06-07 14:21:04.145 +03:00 [INF] Request starting HTTP/1.1 PUT http://localhost:5112/api/members/1 - application/json 69
2026-06-07 14:21:04.145 +03:00 [INF] CORS policy execution successful.
2026-06-07 14:21:04.146 +03:00 [INF] Route matched with {action = "Update", controller = "Members"}. Executing controller action with signature System.Threading.Tasks.Task`1[Microsoft.AspNetCore.Mvc.IActionResult] Update(Int32, LibraryApp.Core.DTOs.UpdateMemberCommand, System.Threading.CancellationToken) on controller LibraryApp.Api.Controllers.MembersController (LibraryApp.Api).
2026-06-07 14:21:04.149 +03:00 [INF] Executing ObjectResult, writing value of type 'Microsoft.AspNetCore.Mvc.ValidationProblemDetails'.
2026-06-07 14:21:04.149 +03:00 [INF] Executed action LibraryApp.Api.Controllers.MembersController.Update (LibraryApp.Api) in 3.2297ms
2026-06-07 14:21:04.149 +03:00 [INF] HTTP PUT /api/members/1 responded 422 in 3.6823 ms
2026-06-07 14:21:04.149 +03:00 [INF] Request finished HTTP/1.1 PUT http://localhost:5112/api/members/1 - 422 null application/problem+json; charset=utf-8 4.2363ms
2026-06-07 14:21:14.833 +03:00 [INF] Request starting HTTP/1.1 PUT http://localhost:5112/api/Members/1 - application/json 44
2026-06-07 14:21:14.833 +03:00 [INF] CORS policy execution failed.
2026-06-07 14:21:14.834 +03:00 [INF] Request origin http://localhost:5112 does not have permission to access the resource.
2026-06-07 14:21:14.834 +03:00 [INF] Route matched with {action = "Update", controller = "Members"}. Executing controller action with signature System.Threading.Tasks.Task`1[Microsoft.AspNetCore.Mvc.IActionResult] Update(Int32, LibraryApp.Core.DTOs.UpdateMemberCommand, System.Threading.CancellationToken) on controller LibraryApp.Api.Controllers.MembersController (LibraryApp.Api).
2026-06-07 14:21:14.836 +03:00 [INF] Executing ObjectResult, writing value of type 'Microsoft.AspNetCore.Mvc.ValidationProblemDetails'.
2026-06-07 14:21:14.836 +03:00 [INF] Executed action LibraryApp.Api.Controllers.MembersController.Update (LibraryApp.Api) in 2.2149ms
2026-06-07 14:21:14.836 +03:00 [INF] HTTP PUT /api/Members/1 responded 422 in 2.9800 ms
2026-06-07 14:21:14.837 +03:00 [INF] Request finished HTTP/1.1 PUT http://localhost:5112/api/Members/1 - 422 null application/problem+json; charset=utf-8 3.4312ms
2026-06-07 14:21:52.092 +03:00 [INF] Request starting HTTP/1.1 GET http://localhost:5112/api/books?page=1&pageSize=20 - application/json null
2026-06-07 14:21:52.095 +03:00 [INF] Request starting HTTP/1.1 GET http://localhost:5112/api/loans/active - application/json null
2026-06-07 14:21:52.098 +03:00 [INF] Request starting HTTP/1.1 GET http://localhost:5112/api/members - application/json null
2026-06-07 14:21:52.099 +03:00 [INF] Route matched with {action = "GetAll", controller = "Members"}. Executing controller action with signature System.Threading.Tasks.Task`1[Microsoft.AspNetCore.Mvc.IActionResult] GetAll(System.Threading.CancellationToken) on controller LibraryApp.Api.Controllers.MembersController (LibraryApp.Api).
2026-06-07 14:21:52.104 +03:00 [INF] Route matched with {action = "Search", controller = "Books"}. Executing controller action with signature System.Threading.Tasks.Task`1[Microsoft.AspNetCore.Mvc.IActionResult] Search(BookSearchQuery, System.Threading.CancellationToken) on controller BooksController (LibraryApp.Api).
2026-06-07 14:21:52.106 +03:00 [INF] Route matched with {action = "GetActive", controller = "Loans"}. Executing controller action with signature System.Threading.Tasks.Task`1[Microsoft.AspNetCore.Mvc.IActionResult] GetActive(System.Threading.CancellationToken) on controller LibraryApp.Api.Controllers.LoansController (LibraryApp.Api).
2026-06-07 14:21:52.107 +03:00 [INF] Executing OkObjectResult, writing value of type 'System.Collections.Generic.List`1[[LibraryApp.Core.DTOs.MemberDto, LibraryApp.Core, Version=1.0.0.0, Culture=neutral, PublicKeyToken=null]]'.
2026-06-07 14:21:52.108 +03:00 [INF] Executed action LibraryApp.Api.Controllers.MembersController.GetAll (LibraryApp.Api) in 9.0496ms
2026-06-07 14:21:52.108 +03:00 [INF] HTTP GET /api/members responded 200 in 9.5413 ms
2026-06-07 14:21:52.108 +03:00 [INF] Request finished HTTP/1.1 GET http://localhost:5112/api/members - 200 null application/json; charset=utf-8 10.0676ms
2026-06-07 14:21:52.227 +03:00 [WRN] Compiling a query which loads related collections for more than one collection navigation, either via 'Include' or through projection, but no 'QuerySplittingBehavior' has been configured. By default, Entity Framework will use 'QuerySplittingBehavior.SingleQuery', which can potentially result in slow query performance. See https://go.microsoft.com/fwlink/?linkid=2134277 for more information. To identify the query that's triggering this warning call 'ConfigureWarnings(w => w.Throw(RelationalEventId.MultipleCollectionIncludeWarning))'.
2026-06-07 14:21:52.230 +03:00 [INF] Executing OkObjectResult, writing value of type 'System.Collections.Generic.List`1[[LibraryApp.Core.DTOs.ActiveLoanDto, LibraryApp.Core, Version=1.0.0.0, Culture=neutral, PublicKeyToken=null]]'.
2026-06-07 14:21:52.238 +03:00 [INF] Executed action LibraryApp.Api.Controllers.LoansController.GetActive (LibraryApp.Api) in 131.871ms
2026-06-07 14:21:52.238 +03:00 [INF] HTTP GET /api/loans/active responded 200 in 142.5382 ms
2026-06-07 14:21:52.238 +03:00 [INF] Request finished HTTP/1.1 GET http://localhost:5112/api/loans/active - 200 null application/json; charset=utf-8 143.0214ms
2026-06-07 14:21:52.265 +03:00 [INF] Executing OkObjectResult, writing value of type 'PagedResult`1[[BookDto, LibraryApp.Core, Version=1.0.0.0, Culture=neutral, PublicKeyToken=null]]'.
2026-06-07 14:21:52.272 +03:00 [INF] Executed action BooksController.Search (LibraryApp.Api) in 168.1443ms
2026-06-07 14:21:52.272 +03:00 [INF] HTTP GET /api/books responded 200 in 180.1917 ms
2026-06-07 14:21:52.273 +03:00 [INF] Request finished HTTP/1.1 GET http://localhost:5112/api/books?page=1&pageSize=20 - 200 null application/json; charset=utf-8 180.7847ms
2026-06-07 14:22:05.838 +03:00 [INF] Request starting HTTP/1.1 GET http://localhost:5112/api/members/1 - application/json null
2026-06-07 14:22:05.839 +03:00 [INF] Route matched with {action = "GetById", controller = "Members"}. Executing controller action with signature System.Threading.Tasks.Task`1[Microsoft.AspNetCore.Mvc.IActionResult] GetById(Int32, System.Threading.CancellationToken) on controller LibraryApp.Api.Controllers.MembersController (LibraryApp.Api).
2026-06-07 14:22:05.842 +03:00 [INF] Executing OkObjectResult, writing value of type 'LibraryApp.Core.DTOs.MemberDto'.
2026-06-07 14:22:05.843 +03:00 [INF] Executed action LibraryApp.Api.Controllers.MembersController.GetById (LibraryApp.Api) in 3.7911ms
2026-06-07 14:22:05.843 +03:00 [INF] HTTP GET /api/members/1 responded 200 in 4.1914 ms
2026-06-07 14:22:05.843 +03:00 [INF] Request finished HTTP/1.1 GET http://localhost:5112/api/members/1 - 200 null application/json; charset=utf-8 4.9796ms
2026-06-07 14:22:06.115 +03:00 [INF] Request starting HTTP/1.1 OPTIONS http://localhost:5112/api/members/1 - null null
2026-06-07 14:22:06.116 +03:00 [INF] CORS policy execution successful.
2026-06-07 14:22:06.118 +03:00 [INF] HTTP OPTIONS /api/members/1 responded 204 in 0.2990 ms
2026-06-07 14:22:06.120 +03:00 [INF] Request finished HTTP/1.1 OPTIONS http://localhost:5112/api/members/1 - 204 null null 4.9646ms
2026-06-07 14:22:06.131 +03:00 [INF] Request starting HTTP/1.1 GET http://localhost:5112/api/members/1 - application/json null
2026-06-07 14:22:06.132 +03:00 [INF] CORS policy execution successful.
2026-06-07 14:22:06.132 +03:00 [INF] Route matched with {action = "GetById", controller = "Members"}. Executing controller action with signature System.Threading.Tasks.Task`1[Microsoft.AspNetCore.Mvc.IActionResult] GetById(Int32, System.Threading.CancellationToken) on controller LibraryApp.Api.Controllers.MembersController (LibraryApp.Api).
2026-06-07 14:22:06.135 +03:00 [INF] Executing OkObjectResult, writing value of type 'LibraryApp.Core.DTOs.MemberDto'.
2026-06-07 14:22:06.136 +03:00 [INF] Executed action LibraryApp.Api.Controllers.MembersController.GetById (LibraryApp.Api) in 3.402ms
2026-06-07 14:22:06.136 +03:00 [INF] HTTP GET /api/members/1 responded 200 in 4.4821 ms
2026-06-07 14:22:06.137 +03:00 [INF] Request finished HTTP/1.1 GET http://localhost:5112/api/members/1 - 200 null application/json; charset=utf-8 5.6352ms
2026-06-07 14:22:08.659 +03:00 [INF] Request starting HTTP/1.1 OPTIONS http://localhost:5112/api/members/1 - null null
2026-06-07 14:22:08.659 +03:00 [INF] CORS policy execution successful.
2026-06-07 14:22:08.659 +03:00 [INF] HTTP OPTIONS /api/members/1 responded 204 in 0.2664 ms
2026-06-07 14:22:08.659 +03:00 [INF] Request finished HTTP/1.1 OPTIONS http://localhost:5112/api/members/1 - 204 null null 0.8011ms
2026-06-07 14:22:08.665 +03:00 [INF] Request starting HTTP/1.1 PUT http://localhost:5112/api/members/1 - application/json 70
2026-06-07 14:22:08.665 +03:00 [INF] CORS policy execution successful.
2026-06-07 14:22:08.665 +03:00 [INF] Route matched with {action = "Update", controller = "Members"}. Executing controller action with signature System.Threading.Tasks.Task`1[Microsoft.AspNetCore.Mvc.IActionResult] Update(Int32, LibraryApp.Core.DTOs.UpdateMemberCommand, System.Threading.CancellationToken) on controller LibraryApp.Api.Controllers.MembersController (LibraryApp.Api).
2026-06-07 14:22:08.691 +03:00 [INF] Updated member via pure ADO.NET: MemberId=1
2026-06-07 14:22:08.692 +03:00 [INF] Member updated: MemberId=1, FullName=string, Email=alice@example.com
2026-06-07 14:22:08.694 +03:00 [INF] Executing OkObjectResult, writing value of type 'LibraryApp.Core.DTOs.MemberDto'.
2026-06-07 14:22:08.694 +03:00 [INF] Executed action LibraryApp.Api.Controllers.MembersController.Update (LibraryApp.Api) in 28.4511ms
2026-06-07 14:22:08.694 +03:00 [INF] HTTP PUT /api/members/1 responded 200 in 28.8465 ms
2026-06-07 14:22:08.694 +03:00 [INF] Request finished HTTP/1.1 PUT http://localhost:5112/api/members/1 - 200 null application/json; charset=utf-8 29.3167ms
2026-06-07 14:22:08.727 +03:00 [INF] Request starting HTTP/1.1 OPTIONS http://localhost:5112/api/members - null null
2026-06-07 14:22:08.728 +03:00 [INF] CORS policy execution successful.
2026-06-07 14:22:08.728 +03:00 [INF] HTTP OPTIONS /api/members responded 204 in 0.1073 ms
2026-06-07 14:22:08.728 +03:00 [INF] Request finished HTTP/1.1 OPTIONS http://localhost:5112/api/members - 204 null null 0.5877ms
2026-06-07 14:22:08.732 +03:00 [INF] Request starting HTTP/1.1 GET http://localhost:5112/api/members - application/json null
2026-06-07 14:22:08.733 +03:00 [INF] CORS policy execution successful.
2026-06-07 14:22:08.733 +03:00 [INF] Route matched with {action = "GetAll", controller = "Members"}. Executing controller action with signature System.Threading.Tasks.Task`1[Microsoft.AspNetCore.Mvc.IActionResult] GetAll(System.Threading.CancellationToken) on controller LibraryApp.Api.Controllers.MembersController (LibraryApp.Api).
2026-06-07 14:22:08.736 +03:00 [INF] Executing OkObjectResult, writing value of type 'System.Collections.Generic.List`1[[LibraryApp.Core.DTOs.MemberDto, LibraryApp.Core, Version=1.0.0.0, Culture=neutral, PublicKeyToken=null]]'.
2026-06-07 14:22:08.737 +03:00 [INF] Executed action LibraryApp.Api.Controllers.MembersController.GetAll (LibraryApp.Api) in 3.647ms
2026-06-07 14:22:08.737 +03:00 [INF] HTTP GET /api/members responded 200 in 4.3593 ms
2026-06-07 14:22:08.737 +03:00 [INF] Request finished HTTP/1.1 GET http://localhost:5112/api/members - 200 null application/json; charset=utf-8 4.9163ms
2026-06-07 14:22:10.447 +03:00 [INF] Request starting HTTP/1.1 GET http://localhost:5112/api/members/1 - application/json null
2026-06-07 14:22:10.447 +03:00 [INF] CORS policy execution successful.
2026-06-07 14:22:10.447 +03:00 [INF] Route matched with {action = "GetById", controller = "Members"}. Executing controller action with signature System.Threading.Tasks.Task`1[Microsoft.AspNetCore.Mvc.IActionResult] GetById(Int32, System.Threading.CancellationToken) on controller LibraryApp.Api.Controllers.MembersController (LibraryApp.Api).
2026-06-07 14:22:10.451 +03:00 [INF] Executing OkObjectResult, writing value of type 'LibraryApp.Core.DTOs.MemberDto'.
2026-06-07 14:22:10.451 +03:00 [INF] Executed action LibraryApp.Api.Controllers.MembersController.GetById (LibraryApp.Api) in 3.9941ms
2026-06-07 14:22:10.452 +03:00 [INF] HTTP GET /api/members/1 responded 200 in 4.6745 ms
2026-06-07 14:22:10.452 +03:00 [INF] Request finished HTTP/1.1 GET http://localhost:5112/api/members/1 - 200 null application/json; charset=utf-8 5.2017ms
2026-06-07 14:22:12.923 +03:00 [INF] Request starting HTTP/1.1 PUT http://localhost:5112/api/members/1 - application/json 67
2026-06-07 14:22:12.924 +03:00 [INF] CORS policy execution successful.
2026-06-07 14:22:12.924 +03:00 [INF] Route matched with {action = "Update", controller = "Members"}. Executing controller action with signature System.Threading.Tasks.Task`1[Microsoft.AspNetCore.Mvc.IActionResult] Update(Int32, LibraryApp.Core.DTOs.UpdateMemberCommand, System.Threading.CancellationToken) on controller LibraryApp.Api.Controllers.MembersController (LibraryApp.Api).
2026-06-07 14:22:12.940 +03:00 [INF] Updated member via pure ADO.NET: MemberId=1
2026-06-07 14:22:12.940 +03:00 [INF] Member updated: MemberId=1, FullName=string, Email=alice@example.com
2026-06-07 14:22:12.942 +03:00 [INF] Executing OkObjectResult, writing value of type 'LibraryApp.Core.DTOs.MemberDto'.
2026-06-07 14:22:12.942 +03:00 [INF] Executed action LibraryApp.Api.Controllers.MembersController.Update (LibraryApp.Api) in 18.3587ms
2026-06-07 14:22:12.942 +03:00 [INF] HTTP PUT /api/members/1 responded 200 in 18.7978 ms
2026-06-07 14:22:12.943 +03:00 [INF] Request finished HTTP/1.1 PUT http://localhost:5112/api/members/1 - 200 null application/json; charset=utf-8 19.4914ms
2026-06-07 14:22:12.974 +03:00 [INF] Request starting HTTP/1.1 GET http://localhost:5112/api/members - application/json null
2026-06-07 14:22:12.975 +03:00 [INF] CORS policy execution successful.
2026-06-07 14:22:12.975 +03:00 [INF] Route matched with {action = "GetAll", controller = "Members"}. Executing controller action with signature System.Threading.Tasks.Task`1[Microsoft.AspNetCore.Mvc.IActionResult] GetAll(System.Threading.CancellationToken) on controller LibraryApp.Api.Controllers.MembersController (LibraryApp.Api).
2026-06-07 14:22:12.978 +03:00 [INF] Executing OkObjectResult, writing value of type 'System.Collections.Generic.List`1[[LibraryApp.Core.DTOs.MemberDto, LibraryApp.Core, Version=1.0.0.0, Culture=neutral, PublicKeyToken=null]]'.
2026-06-07 14:22:12.978 +03:00 [INF] Executed action LibraryApp.Api.Controllers.MembersController.GetAll (LibraryApp.Api) in 3.3917ms
2026-06-07 14:22:12.978 +03:00 [INF] HTTP GET /api/members responded 200 in 3.9307 ms
2026-06-07 14:22:12.979 +03:00 [INF] Request finished HTTP/1.1 GET http://localhost:5112/api/members - 200 null application/json; charset=utf-8 4.4981ms
2026-06-07 14:22:17.555 +03:00 [INF] Request starting HTTP/1.1 OPTIONS http://localhost:5112/api/books?page=1&pageSize=20 - null null
2026-06-07 14:22:17.555 +03:00 [INF] CORS policy execution successful.
2026-06-07 14:22:17.555 +03:00 [INF] HTTP OPTIONS /api/books responded 204 in 0.1636 ms
2026-06-07 14:22:17.555 +03:00 [INF] Request finished HTTP/1.1 OPTIONS http://localhost:5112/api/books?page=1&pageSize=20 - 204 null null 0.5847ms
2026-06-07 14:22:17.560 +03:00 [INF] Request starting HTTP/1.1 GET http://localhost:5112/api/books?page=1&pageSize=20 - application/json null
2026-06-07 14:22:17.560 +03:00 [INF] CORS policy execution successful.
2026-06-07 14:22:17.560 +03:00 [INF] Route matched with {action = "Search", controller = "Books"}. Executing controller action with signature System.Threading.Tasks.Task`1[Microsoft.AspNetCore.Mvc.IActionResult] Search(BookSearchQuery, System.Threading.CancellationToken) on controller BooksController (LibraryApp.Api).
2026-06-07 14:22:17.569 +03:00 [INF] Executing OkObjectResult, writing value of type 'PagedResult`1[[BookDto, LibraryApp.Core, Version=1.0.0.0, Culture=neutral, PublicKeyToken=null]]'.
2026-06-07 14:22:17.569 +03:00 [INF] Executed action BooksController.Search (LibraryApp.Api) in 8.8383ms
2026-06-07 14:22:17.569 +03:00 [INF] HTTP GET /api/books responded 200 in 9.2891 ms
2026-06-07 14:22:17.569 +03:00 [INF] Request finished HTTP/1.1 GET http://localhost:5112/api/books?page=1&pageSize=20 - 200 null application/json; charset=utf-8 9.6645ms
2026-06-07 14:22:22.429 +03:00 [INF] Request starting HTTP/1.1 OPTIONS http://localhost:5112/api/loans/active - null null
2026-06-07 14:22:22.430 +03:00 [INF] CORS policy execution successful.
2026-06-07 14:22:22.431 +03:00 [INF] HTTP OPTIONS /api/loans/active responded 204 in 1.0303 ms
2026-06-07 14:22:22.431 +03:00 [INF] Request finished HTTP/1.1 OPTIONS http://localhost:5112/api/loans/active - 204 null null 2.7021ms
2026-06-07 14:22:22.437 +03:00 [INF] Request starting HTTP/1.1 GET http://localhost:5112/api/loans/active - application/json null
2026-06-07 14:22:22.437 +03:00 [INF] CORS policy execution successful.
2026-06-07 14:22:22.437 +03:00 [INF] Route matched with {action = "GetActive", controller = "Loans"}. Executing controller action with signature System.Threading.Tasks.Task`1[Microsoft.AspNetCore.Mvc.IActionResult] GetActive(System.Threading.CancellationToken) on controller LibraryApp.Api.Controllers.LoansController (LibraryApp.Api).
2026-06-07 14:22:22.441 +03:00 [INF] Executing OkObjectResult, writing value of type 'System.Collections.Generic.List`1[[LibraryApp.Core.DTOs.ActiveLoanDto, LibraryApp.Core, Version=1.0.0.0, Culture=neutral, PublicKeyToken=null]]'.
2026-06-07 14:22:22.441 +03:00 [INF] Executed action LibraryApp.Api.Controllers.LoansController.GetActive (LibraryApp.Api) in 4.0698ms
2026-06-07 14:22:22.442 +03:00 [INF] HTTP GET /api/loans/active responded 200 in 4.6403 ms
2026-06-07 14:22:22.442 +03:00 [INF] Request finished HTTP/1.1 GET http://localhost:5112/api/loans/active - 200 null application/json; charset=utf-8 4.9694ms
2026-06-07 14:22:27.574 +03:00 [INF] Request starting HTTP/1.1 OPTIONS http://localhost:5112/api/books?page=1&pageSize=20 - null null
2026-06-07 14:22:27.574 +03:00 [INF] CORS policy execution successful.
2026-06-07 14:22:27.574 +03:00 [INF] HTTP OPTIONS /api/books responded 204 in 0.1967 ms
2026-06-07 14:22:27.575 +03:00 [INF] Request finished HTTP/1.1 OPTIONS http://localhost:5112/api/books?page=1&pageSize=20 - 204 null null 0.8256ms
2026-06-07 14:22:27.580 +03:00 [INF] Request starting HTTP/1.1 GET http://localhost:5112/api/books?page=1&pageSize=20 - application/json null
2026-06-07 14:22:27.580 +03:00 [INF] CORS policy execution successful.
2026-06-07 14:22:27.581 +03:00 [INF] Route matched with {action = "Search", controller = "Books"}. Executing controller action with signature System.Threading.Tasks.Task`1[Microsoft.AspNetCore.Mvc.IActionResult] Search(BookSearchQuery, System.Threading.CancellationToken) on controller BooksController (LibraryApp.Api).
2026-06-07 14:22:27.589 +03:00 [INF] Executing OkObjectResult, writing value of type 'PagedResult`1[[BookDto, LibraryApp.Core, Version=1.0.0.0, Culture=neutral, PublicKeyToken=null]]'.
2026-06-07 14:22:27.589 +03:00 [INF] Executed action BooksController.Search (LibraryApp.Api) in 8.6024ms
2026-06-07 14:22:27.589 +03:00 [INF] HTTP GET /api/books responded 200 in 9.1874 ms
2026-06-07 14:22:27.590 +03:00 [INF] Request finished HTTP/1.1 GET http://localhost:5112/api/books?page=1&pageSize=20 - 200 null application/json; charset=utf-8 9.6142ms
2026-06-07 14:24:13.147 +03:00 [INF] Request starting HTTP/1.1 GET http://localhost:5112/api/categories - application/json null
2026-06-07 14:24:13.147 +03:00 [INF] Request starting HTTP/1.1 GET http://localhost:5112/api/authors - application/json null
2026-06-07 14:24:13.147 +03:00 [INF] Request starting HTTP/1.1 GET http://localhost:5112/api/books?page=1&pageSize=20 - application/json null
2026-06-07 14:24:13.148 +03:00 [INF] Route matched with {action = "Search", controller = "Books"}. Executing controller action with signature System.Threading.Tasks.Task`1[Microsoft.AspNetCore.Mvc.IActionResult] Search(BookSearchQuery, System.Threading.CancellationToken) on controller BooksController (LibraryApp.Api).
2026-06-07 14:24:13.155 +03:00 [INF] Route matched with {action = "GetAll", controller = "Categories"}. Executing controller action with signature System.Threading.Tasks.Task`1[Microsoft.AspNetCore.Mvc.IActionResult] GetAll(System.Threading.CancellationToken) on controller LibraryApp.Api.Controllers.CategoriesController (LibraryApp.Api).
2026-06-07 14:24:13.157 +03:00 [INF] Route matched with {action = "GetAll", controller = "Authors"}. Executing controller action with signature System.Threading.Tasks.Task`1[Microsoft.AspNetCore.Mvc.IActionResult] GetAll(System.Threading.CancellationToken) on controller LibraryApp.Api.Controllers.AuthorsController (LibraryApp.Api).
2026-06-07 14:24:13.169 +03:00 [INF] Executing OkObjectResult, writing value of type 'PagedResult`1[[BookDto, LibraryApp.Core, Version=1.0.0.0, Culture=neutral, PublicKeyToken=null]]'.
2026-06-07 14:24:13.170 +03:00 [INF] Executed action BooksController.Search (LibraryApp.Api) in 21.4165ms
2026-06-07 14:24:13.170 +03:00 [INF] HTTP GET /api/books responded 200 in 22.4097 ms
2026-06-07 14:24:13.171 +03:00 [INF] Request finished HTTP/1.1 GET http://localhost:5112/api/books?page=1&pageSize=20 - 200 null application/json; charset=utf-8 23.0412ms
2026-06-07 14:24:13.192 +03:00 [INF] Executing OkObjectResult, writing value of type 'System.Collections.Generic.List`1[[<>f__AnonymousType1`2[[System.Int32, System.Private.CoreLib, Version=8.0.0.0, Culture=neutral, PublicKeyToken=7cec85d7bea7798e],[System.String, System.Private.CoreLib, Version=8.0.0.0, Culture=neutral, PublicKeyToken=7cec85d7bea7798e]], LibraryApp.Api, Version=1.0.0.0, Culture=neutral, PublicKeyToken=null]]'.
2026-06-07 14:24:13.200 +03:00 [INF] Executing OkObjectResult, writing value of type 'System.Collections.Generic.List`1[[LibraryApp.Core.DTOs.AuthorDto, LibraryApp.Core, Version=1.0.0.0, Culture=neutral, PublicKeyToken=null]]'.
2026-06-07 14:24:13.204 +03:00 [INF] Executed action LibraryApp.Api.Controllers.CategoriesController.GetAll (LibraryApp.Api) in 48.9831ms
2026-06-07 14:24:13.204 +03:00 [INF] Executed action LibraryApp.Api.Controllers.AuthorsController.GetAll (LibraryApp.Api) in 47.2199ms
2026-06-07 14:24:13.204 +03:00 [INF] HTTP GET /api/categories responded 200 in 56.5182 ms
2026-06-07 14:24:13.204 +03:00 [INF] HTTP GET /api/authors responded 200 in 56.6387 ms
2026-06-07 14:24:13.204 +03:00 [INF] Request finished HTTP/1.1 GET http://localhost:5112/api/authors - 200 null application/json; charset=utf-8 57.2755ms
2026-06-07 14:24:13.208 +03:00 [INF] Request finished HTTP/1.1 GET http://localhost:5112/api/categories - 200 null application/json; charset=utf-8 60.7668ms
2026-06-07 14:24:13.700 +03:00 [INF] Request starting HTTP/1.1 OPTIONS http://localhost:5112/api/authors - null null
2026-06-07 14:24:13.702 +03:00 [INF] CORS policy execution successful.
2026-06-07 14:24:13.702 +03:00 [INF] HTTP OPTIONS /api/authors responded 204 in 0.1971 ms
2026-06-07 14:24:13.702 +03:00 [INF] Request finished HTTP/1.1 OPTIONS http://localhost:5112/api/authors - 204 null null 2.1555ms
2026-06-07 14:24:13.703 +03:00 [INF] Request starting HTTP/1.1 OPTIONS http://localhost:5112/api/categories - null null
2026-06-07 14:24:13.703 +03:00 [INF] CORS policy execution successful.
2026-06-07 14:24:13.703 +03:00 [INF] HTTP OPTIONS /api/categories responded 204 in 0.1386 ms
2026-06-07 14:24:13.703 +03:00 [INF] Request finished HTTP/1.1 OPTIONS http://localhost:5112/api/categories - 204 null null 0.3346ms
2026-06-07 14:24:13.704 +03:00 [INF] Request starting HTTP/1.1 OPTIONS http://localhost:5112/api/books?page=1&pageSize=20 - null null
2026-06-07 14:24:13.704 +03:00 [INF] CORS policy execution successful.
2026-06-07 14:24:13.705 +03:00 [INF] HTTP OPTIONS /api/books responded 204 in 0.1421 ms
2026-06-07 14:24:13.705 +03:00 [INF] Request finished HTTP/1.1 OPTIONS http://localhost:5112/api/books?page=1&pageSize=20 - 204 null null 0.4283ms
2026-06-07 14:24:13.715 +03:00 [INF] Request starting HTTP/1.1 GET http://localhost:5112/api/authors - application/json null
2026-06-07 14:24:13.715 +03:00 [INF] CORS policy execution successful.
2026-06-07 14:24:13.715 +03:00 [INF] Request starting HTTP/1.1 GET http://localhost:5112/api/categories - application/json null
2026-06-07 14:24:13.715 +03:00 [INF] Route matched with {action = "GetAll", controller = "Authors"}. Executing controller action with signature System.Threading.Tasks.Task`1[Microsoft.AspNetCore.Mvc.IActionResult] GetAll(System.Threading.CancellationToken) on controller LibraryApp.Api.Controllers.AuthorsController (LibraryApp.Api).
2026-06-07 14:24:13.715 +03:00 [INF] CORS policy execution successful.
2026-06-07 14:24:13.715 +03:00 [INF] Route matched with {action = "GetAll", controller = "Categories"}. Executing controller action with signature System.Threading.Tasks.Task`1[Microsoft.AspNetCore.Mvc.IActionResult] GetAll(System.Threading.CancellationToken) on controller LibraryApp.Api.Controllers.CategoriesController (LibraryApp.Api).
2026-06-07 14:24:13.718 +03:00 [INF] Request starting HTTP/1.1 GET http://localhost:5112/api/books?page=1&pageSize=20 - application/json null
2026-06-07 14:24:13.718 +03:00 [INF] CORS policy execution successful.
2026-06-07 14:24:13.718 +03:00 [INF] Executing OkObjectResult, writing value of type 'System.Collections.Generic.List`1[[<>f__AnonymousType1`2[[System.Int32, System.Private.CoreLib, Version=8.0.0.0, Culture=neutral, PublicKeyToken=7cec85d7bea7798e],[System.String, System.Private.CoreLib, Version=8.0.0.0, Culture=neutral, PublicKeyToken=7cec85d7bea7798e]], LibraryApp.Api, Version=1.0.0.0, Culture=neutral, PublicKeyToken=null]]'.
2026-06-07 14:24:13.718 +03:00 [INF] Route matched with {action = "Search", controller = "Books"}. Executing controller action with signature System.Threading.Tasks.Task`1[Microsoft.AspNetCore.Mvc.IActionResult] Search(BookSearchQuery, System.Threading.CancellationToken) on controller BooksController (LibraryApp.Api).
2026-06-07 14:24:13.718 +03:00 [INF] Executed action LibraryApp.Api.Controllers.CategoriesController.GetAll (LibraryApp.Api) in 2.5867ms
2026-06-07 14:24:13.718 +03:00 [INF] HTTP GET /api/categories responded 200 in 2.9140 ms
2026-06-07 14:24:13.718 +03:00 [INF] Executing OkObjectResult, writing value of type 'System.Collections.Generic.List`1[[LibraryApp.Core.DTOs.AuthorDto, LibraryApp.Core, Version=1.0.0.0, Culture=neutral, PublicKeyToken=null]]'.
2026-06-07 14:24:13.718 +03:00 [INF] Request finished HTTP/1.1 GET http://localhost:5112/api/categories - 200 null application/json; charset=utf-8 3.2181ms
2026-06-07 14:24:13.718 +03:00 [INF] Executed action LibraryApp.Api.Controllers.AuthorsController.GetAll (LibraryApp.Api) in 3.3108ms
2026-06-07 14:24:13.719 +03:00 [INF] HTTP GET /api/authors responded 200 in 3.7815 ms
2026-06-07 14:24:13.719 +03:00 [INF] Request finished HTTP/1.1 GET http://localhost:5112/api/authors - 200 null application/json; charset=utf-8 4.1156ms
2026-06-07 14:24:13.726 +03:00 [INF] Executing OkObjectResult, writing value of type 'PagedResult`1[[BookDto, LibraryApp.Core, Version=1.0.0.0, Culture=neutral, PublicKeyToken=null]]'.
2026-06-07 14:24:13.726 +03:00 [INF] Executed action BooksController.Search (LibraryApp.Api) in 8.0732ms
2026-06-07 14:24:13.726 +03:00 [INF] HTTP GET /api/books responded 200 in 8.6090 ms
2026-06-07 14:24:13.727 +03:00 [INF] Request finished HTTP/1.1 GET http://localhost:5112/api/books?page=1&pageSize=20 - 200 null application/json; charset=utf-8 9.2238ms
2026-06-07 14:25:08.350 +03:00 [INF] Request starting HTTP/1.1 GET http://localhost:5112/api/authors - application/json null
2026-06-07 14:25:08.351 +03:00 [INF] Request starting HTTP/1.1 GET http://localhost:5112/api/categories - application/json null
2026-06-07 14:25:08.351 +03:00 [INF] Route matched with {action = "GetAll", controller = "Authors"}. Executing controller action with signature System.Threading.Tasks.Task`1[Microsoft.AspNetCore.Mvc.IActionResult] GetAll(System.Threading.CancellationToken) on controller LibraryApp.Api.Controllers.AuthorsController (LibraryApp.Api).
2026-06-07 14:25:08.351 +03:00 [INF] Route matched with {action = "GetAll", controller = "Categories"}. Executing controller action with signature System.Threading.Tasks.Task`1[Microsoft.AspNetCore.Mvc.IActionResult] GetAll(System.Threading.CancellationToken) on controller LibraryApp.Api.Controllers.CategoriesController (LibraryApp.Api).
2026-06-07 14:25:08.351 +03:00 [INF] Request starting HTTP/1.1 GET http://localhost:5112/api/books?page=1&pageSize=20 - application/json null
2026-06-07 14:25:08.351 +03:00 [INF] Route matched with {action = "Search", controller = "Books"}. Executing controller action with signature System.Threading.Tasks.Task`1[Microsoft.AspNetCore.Mvc.IActionResult] Search(BookSearchQuery, System.Threading.CancellationToken) on controller BooksController (LibraryApp.Api).
2026-06-07 14:25:08.351 +03:00 [INF] Request starting HTTP/1.1 GET http://localhost:5112/api/authors - application/json null
2026-06-07 14:25:08.352 +03:00 [INF] Route matched with {action = "GetAll", controller = "Authors"}. Executing controller action with signature System.Threading.Tasks.Task`1[Microsoft.AspNetCore.Mvc.IActionResult] GetAll(System.Threading.CancellationToken) on controller LibraryApp.Api.Controllers.AuthorsController (LibraryApp.Api).
2026-06-07 14:25:08.352 +03:00 [INF] Request starting HTTP/1.1 GET http://localhost:5112/api/categories - application/json null
2026-06-07 14:25:08.352 +03:00 [INF] Route matched with {action = "GetAll", controller = "Categories"}. Executing controller action with signature System.Threading.Tasks.Task`1[Microsoft.AspNetCore.Mvc.IActionResult] GetAll(System.Threading.CancellationToken) on controller LibraryApp.Api.Controllers.CategoriesController (LibraryApp.Api).
2026-06-07 14:25:08.353 +03:00 [INF] Request starting HTTP/1.1 GET http://localhost:5112/api/books?page=1&pageSize=20 - application/json null
2026-06-07 14:25:08.353 +03:00 [INF] Route matched with {action = "Search", controller = "Books"}. Executing controller action with signature System.Threading.Tasks.Task`1[Microsoft.AspNetCore.Mvc.IActionResult] Search(BookSearchQuery, System.Threading.CancellationToken) on controller BooksController (LibraryApp.Api).
2026-06-07 14:25:08.354 +03:00 [INF] Executing OkObjectResult, writing value of type 'System.Collections.Generic.List`1[[<>f__AnonymousType1`2[[System.Int32, System.Private.CoreLib, Version=8.0.0.0, Culture=neutral, PublicKeyToken=7cec85d7bea7798e],[System.String, System.Private.CoreLib, Version=8.0.0.0, Culture=neutral, PublicKeyToken=7cec85d7bea7798e]], LibraryApp.Api, Version=1.0.0.0, Culture=neutral, PublicKeyToken=null]]'.
2026-06-07 14:25:08.354 +03:00 [INF] Executed action LibraryApp.Api.Controllers.CategoriesController.GetAll (LibraryApp.Api) in 3.248ms
2026-06-07 14:25:08.354 +03:00 [INF] HTTP GET /api/categories responded 200 in 3.5958 ms
2026-06-07 14:25:08.355 +03:00 [INF] Request finished HTTP/1.1 GET http://localhost:5112/api/categories - 200 null application/json; charset=utf-8 4.0085ms
2026-06-07 14:25:08.356 +03:00 [INF] Executing OkObjectResult, writing value of type 'PagedResult`1[[BookDto, LibraryApp.Core, Version=1.0.0.0, Culture=neutral, PublicKeyToken=null]]'.
2026-06-07 14:25:08.357 +03:00 [INF] Executed action BooksController.Search (LibraryApp.Api) in 5.3025ms
2026-06-07 14:25:08.357 +03:00 [INF] HTTP GET /api/books responded 200 in 5.5904 ms
2026-06-07 14:25:08.357 +03:00 [INF] Request finished HTTP/1.1 GET http://localhost:5112/api/books?page=1&pageSize=20 - 200 null application/json; charset=utf-8 5.8439ms
2026-06-07 14:25:08.359 +03:00 [INF] Executing OkObjectResult, writing value of type 'PagedResult`1[[BookDto, LibraryApp.Core, Version=1.0.0.0, Culture=neutral, PublicKeyToken=null]]'.
2026-06-07 14:25:08.360 +03:00 [INF] Executed action BooksController.Search (LibraryApp.Api) in 5.935ms
2026-06-07 14:25:08.360 +03:00 [INF] HTTP GET /api/books responded 200 in 6.4015 ms
2026-06-07 14:25:08.360 +03:00 [INF] Request finished HTTP/1.1 GET http://localhost:5112/api/books?page=1&pageSize=20 - 200 null application/json; charset=utf-8 6.7488ms
2026-06-07 14:25:08.366 +03:00 [INF] Executing OkObjectResult, writing value of type 'System.Collections.Generic.List`1[[LibraryApp.Core.DTOs.AuthorDto, LibraryApp.Core, Version=1.0.0.0, Culture=neutral, PublicKeyToken=null]]'.
2026-06-07 14:25:08.367 +03:00 [INF] Executed action LibraryApp.Api.Controllers.AuthorsController.GetAll (LibraryApp.Api) in 14.7461ms
2026-06-07 14:25:08.367 +03:00 [INF] HTTP GET /api/authors responded 200 in 15.0905 ms
2026-06-07 14:25:08.367 +03:00 [INF] Executing OkObjectResult, writing value of type 'System.Collections.Generic.List`1[[LibraryApp.Core.DTOs.AuthorDto, LibraryApp.Core, Version=1.0.0.0, Culture=neutral, PublicKeyToken=null]]'.
2026-06-07 14:25:08.367 +03:00 [INF] Request finished HTTP/1.1 GET http://localhost:5112/api/authors - 200 null application/json; charset=utf-8 15.3754ms
2026-06-07 14:25:08.367 +03:00 [INF] Executed action LibraryApp.Api.Controllers.AuthorsController.GetAll (LibraryApp.Api) in 16.4632ms
2026-06-07 14:25:08.367 +03:00 [INF] HTTP GET /api/authors responded 200 in 16.8399 ms
2026-06-07 14:25:08.368 +03:00 [INF] Request finished HTTP/1.1 GET http://localhost:5112/api/authors - 200 null application/json; charset=utf-8 17.2636ms
2026-06-07 14:25:08.368 +03:00 [INF] Executing OkObjectResult, writing value of type 'System.Collections.Generic.List`1[[<>f__AnonymousType1`2[[System.Int32, System.Private.CoreLib, Version=8.0.0.0, Culture=neutral, PublicKeyToken=7cec85d7bea7798e],[System.String, System.Private.CoreLib, Version=8.0.0.0, Culture=neutral, PublicKeyToken=7cec85d7bea7798e]], LibraryApp.Api, Version=1.0.0.0, Culture=neutral, PublicKeyToken=null]]'.
2026-06-07 14:25:08.368 +03:00 [INF] Executed action LibraryApp.Api.Controllers.CategoriesController.GetAll (LibraryApp.Api) in 16.1331ms
2026-06-07 14:25:08.368 +03:00 [INF] HTTP GET /api/categories responded 200 in 16.4120 ms
2026-06-07 14:25:08.369 +03:00 [INF] Request finished HTTP/1.1 GET http://localhost:5112/api/categories - 200 null application/json; charset=utf-8 16.7374ms
2026-06-07 14:25:08.765 +03:00 [INF] Request starting HTTP/1.1 OPTIONS http://localhost:5112/api/authors - null null
2026-06-07 14:25:08.765 +03:00 [INF] CORS policy execution successful.
2026-06-07 14:25:08.765 +03:00 [INF] HTTP OPTIONS /api/authors responded 204 in 0.1455 ms
2026-06-07 14:25:08.765 +03:00 [INF] Request finished HTTP/1.1 OPTIONS http://localhost:5112/api/authors - 204 null null 0.4719ms
2026-06-07 14:25:08.766 +03:00 [INF] Request starting HTTP/1.1 OPTIONS http://localhost:5112/api/categories - null null
2026-06-07 14:25:08.766 +03:00 [INF] CORS policy execution successful.
2026-06-07 14:25:08.766 +03:00 [INF] HTTP OPTIONS /api/categories responded 204 in 0.0980 ms
2026-06-07 14:25:08.766 +03:00 [INF] Request finished HTTP/1.1 OPTIONS http://localhost:5112/api/categories - 204 null null 0.3257ms
2026-06-07 14:25:08.766 +03:00 [INF] Request starting HTTP/1.1 OPTIONS http://localhost:5112/api/books?page=1&pageSize=20 - null null
2026-06-07 14:25:08.766 +03:00 [INF] CORS policy execution successful.
2026-06-07 14:25:08.766 +03:00 [INF] HTTP OPTIONS /api/books responded 204 in 0.1020 ms
2026-06-07 14:25:08.766 +03:00 [INF] Request finished HTTP/1.1 OPTIONS http://localhost:5112/api/books?page=1&pageSize=20 - 204 null null 0.4069ms
2026-06-07 14:25:08.777 +03:00 [INF] Request starting HTTP/1.1 GET http://localhost:5112/api/authors - application/json null
2026-06-07 14:25:08.777 +03:00 [INF] Request starting HTTP/1.1 GET http://localhost:5112/api/books?page=1&pageSize=20 - application/json null
2026-06-07 14:25:08.778 +03:00 [INF] Request starting HTTP/1.1 GET http://localhost:5112/api/categories - application/json null
2026-06-07 14:25:08.778 +03:00 [INF] CORS policy execution successful.
2026-06-07 14:25:08.778 +03:00 [INF] CORS policy execution successful.
2026-06-07 14:25:08.778 +03:00 [INF] CORS policy execution successful.
2026-06-07 14:25:08.778 +03:00 [INF] Route matched with {action = "Search", controller = "Books"}. Executing controller action with signature System.Threading.Tasks.Task`1[Microsoft.AspNetCore.Mvc.IActionResult] Search(BookSearchQuery, System.Threading.CancellationToken) on controller BooksController (LibraryApp.Api).
2026-06-07 14:25:08.778 +03:00 [INF] Route matched with {action = "GetAll", controller = "Authors"}. Executing controller action with signature System.Threading.Tasks.Task`1[Microsoft.AspNetCore.Mvc.IActionResult] GetAll(System.Threading.CancellationToken) on controller LibraryApp.Api.Controllers.AuthorsController (LibraryApp.Api).
2026-06-07 14:25:08.778 +03:00 [INF] Route matched with {action = "GetAll", controller = "Categories"}. Executing controller action with signature System.Threading.Tasks.Task`1[Microsoft.AspNetCore.Mvc.IActionResult] GetAll(System.Threading.CancellationToken) on controller LibraryApp.Api.Controllers.CategoriesController (LibraryApp.Api).
2026-06-07 14:25:08.781 +03:00 [INF] Executing OkObjectResult, writing value of type 'System.Collections.Generic.List`1[[<>f__AnonymousType1`2[[System.Int32, System.Private.CoreLib, Version=8.0.0.0, Culture=neutral, PublicKeyToken=7cec85d7bea7798e],[System.String, System.Private.CoreLib, Version=8.0.0.0, Culture=neutral, PublicKeyToken=7cec85d7bea7798e]], LibraryApp.Api, Version=1.0.0.0, Culture=neutral, PublicKeyToken=null]]'.
2026-06-07 14:25:08.781 +03:00 [INF] Executing OkObjectResult, writing value of type 'System.Collections.Generic.List`1[[LibraryApp.Core.DTOs.AuthorDto, LibraryApp.Core, Version=1.0.0.0, Culture=neutral, PublicKeyToken=null]]'.
2026-06-07 14:25:08.781 +03:00 [INF] Executed action LibraryApp.Api.Controllers.CategoriesController.GetAll (LibraryApp.Api) in 3.1696ms
2026-06-07 14:25:08.782 +03:00 [INF] Executed action LibraryApp.Api.Controllers.AuthorsController.GetAll (LibraryApp.Api) in 3.517ms
2026-06-07 14:25:08.782 +03:00 [INF] HTTP GET /api/categories responded 200 in 3.8782 ms
2026-06-07 14:25:08.782 +03:00 [INF] HTTP GET /api/authors responded 200 in 3.9979 ms
2026-06-07 14:25:08.782 +03:00 [INF] Request finished HTTP/1.1 GET http://localhost:5112/api/categories - 200 null application/json; charset=utf-8 4.3753ms
2026-06-07 14:25:08.782 +03:00 [INF] Request finished HTTP/1.1 GET http://localhost:5112/api/authors - 200 null application/json; charset=utf-8 4.599ms
2026-06-07 14:25:08.783 +03:00 [INF] Executing OkObjectResult, writing value of type 'PagedResult`1[[BookDto, LibraryApp.Core, Version=1.0.0.0, Culture=neutral, PublicKeyToken=null]]'.
2026-06-07 14:25:08.784 +03:00 [INF] Executed action BooksController.Search (LibraryApp.Api) in 5.5499ms
2026-06-07 14:25:08.784 +03:00 [INF] HTTP GET /api/books responded 200 in 6.0259 ms
2026-06-07 14:25:08.784 +03:00 [INF] Request finished HTTP/1.1 GET http://localhost:5112/api/books?page=1&pageSize=20 - 200 null application/json; charset=utf-8 6.5464ms
2026-06-07 14:25:24.864 +03:00 [INF] Request starting HTTP/1.1 GET http://localhost:5112/api/authors - application/json null
2026-06-07 14:25:24.864 +03:00 [INF] Route matched with {action = "GetAll", controller = "Authors"}. Executing controller action with signature System.Threading.Tasks.Task`1[Microsoft.AspNetCore.Mvc.IActionResult] GetAll(System.Threading.CancellationToken) on controller LibraryApp.Api.Controllers.AuthorsController (LibraryApp.Api).
2026-06-07 14:25:24.865 +03:00 [INF] Request starting HTTP/1.1 GET http://localhost:5112/api/categories - application/json null
2026-06-07 14:25:24.865 +03:00 [INF] Route matched with {action = "GetAll", controller = "Categories"}. Executing controller action with signature System.Threading.Tasks.Task`1[Microsoft.AspNetCore.Mvc.IActionResult] GetAll(System.Threading.CancellationToken) on controller LibraryApp.Api.Controllers.CategoriesController (LibraryApp.Api).
2026-06-07 14:25:24.866 +03:00 [INF] Request starting HTTP/1.1 GET http://localhost:5112/api/books?page=1&pageSize=20 - application/json null
2026-06-07 14:25:24.866 +03:00 [INF] Route matched with {action = "Search", controller = "Books"}. Executing controller action with signature System.Threading.Tasks.Task`1[Microsoft.AspNetCore.Mvc.IActionResult] Search(BookSearchQuery, System.Threading.CancellationToken) on controller BooksController (LibraryApp.Api).
2026-06-07 14:25:24.869 +03:00 [INF] Executing OkObjectResult, writing value of type 'System.Collections.Generic.List`1[[<>f__AnonymousType1`2[[System.Int32, System.Private.CoreLib, Version=8.0.0.0, Culture=neutral, PublicKeyToken=7cec85d7bea7798e],[System.String, System.Private.CoreLib, Version=8.0.0.0, Culture=neutral, PublicKeyToken=7cec85d7bea7798e]], LibraryApp.Api, Version=1.0.0.0, Culture=neutral, PublicKeyToken=null]]'.
2026-06-07 14:25:24.869 +03:00 [INF] Executing OkObjectResult, writing value of type 'System.Collections.Generic.List`1[[LibraryApp.Core.DTOs.AuthorDto, LibraryApp.Core, Version=1.0.0.0, Culture=neutral, PublicKeyToken=null]]'.
2026-06-07 14:25:24.869 +03:00 [INF] Executed action LibraryApp.Api.Controllers.AuthorsController.GetAll (LibraryApp.Api) in 4.8365ms
2026-06-07 14:25:24.869 +03:00 [INF] Executed action LibraryApp.Api.Controllers.CategoriesController.GetAll (LibraryApp.Api) in 3.4914ms
2026-06-07 14:25:24.869 +03:00 [INF] Request starting HTTP/1.1 GET http://localhost:5112/api/loans/active - application/json null
2026-06-07 14:25:24.869 +03:00 [INF] HTTP GET /api/categories responded 200 in 3.8412 ms
2026-06-07 14:25:24.869 +03:00 [INF] HTTP GET /api/authors responded 200 in 5.1674 ms
2026-06-07 14:25:24.869 +03:00 [INF] Request finished HTTP/1.1 GET http://localhost:5112/api/authors - 200 null application/json; charset=utf-8 5.5567ms
2026-06-07 14:25:24.869 +03:00 [INF] Request finished HTTP/1.1 GET http://localhost:5112/api/categories - 200 null application/json; charset=utf-8 4.2081ms
2026-06-07 14:25:24.869 +03:00 [INF] Route matched with {action = "GetActive", controller = "Loans"}. Executing controller action with signature System.Threading.Tasks.Task`1[Microsoft.AspNetCore.Mvc.IActionResult] GetActive(System.Threading.CancellationToken) on controller LibraryApp.Api.Controllers.LoansController (LibraryApp.Api).
2026-06-07 14:25:24.876 +03:00 [INF] Executing OkObjectResult, writing value of type 'PagedResult`1[[BookDto, LibraryApp.Core, Version=1.0.0.0, Culture=neutral, PublicKeyToken=null]]'.
2026-06-07 14:25:24.877 +03:00 [INF] Executed action BooksController.Search (LibraryApp.Api) in 10.1608ms
2026-06-07 14:25:24.877 +03:00 [INF] HTTP GET /api/books responded 200 in 10.4897 ms
2026-06-07 14:25:24.877 +03:00 [INF] Request finished HTTP/1.1 GET http://localhost:5112/api/books?page=1&pageSize=20 - 200 null application/json; charset=utf-8 10.7391ms
2026-06-07 14:25:24.877 +03:00 [INF] Executing OkObjectResult, writing value of type 'System.Collections.Generic.List`1[[LibraryApp.Core.DTOs.ActiveLoanDto, LibraryApp.Core, Version=1.0.0.0, Culture=neutral, PublicKeyToken=null]]'.
2026-06-07 14:25:24.877 +03:00 [INF] Executed action LibraryApp.Api.Controllers.LoansController.GetActive (LibraryApp.Api) in 8.0045ms
2026-06-07 14:25:24.878 +03:00 [INF] HTTP GET /api/loans/active responded 200 in 8.3096 ms
2026-06-07 14:25:24.878 +03:00 [INF] Request finished HTTP/1.1 GET http://localhost:5112/api/loans/active - 200 null application/json; charset=utf-8 8.6538ms
2026-06-07 14:25:24.896 +03:00 [INF] Request starting HTTP/1.1 GET http://localhost:5112/api/members - application/json null
2026-06-07 14:25:24.897 +03:00 [INF] Route matched with {action = "GetAll", controller = "Members"}. Executing controller action with signature System.Threading.Tasks.Task`1[Microsoft.AspNetCore.Mvc.IActionResult] GetAll(System.Threading.CancellationToken) on controller LibraryApp.Api.Controllers.MembersController (LibraryApp.Api).
2026-06-07 14:25:24.900 +03:00 [INF] Executing OkObjectResult, writing value of type 'System.Collections.Generic.List`1[[LibraryApp.Core.DTOs.MemberDto, LibraryApp.Core, Version=1.0.0.0, Culture=neutral, PublicKeyToken=null]]'.
2026-06-07 14:25:24.900 +03:00 [INF] Executed action LibraryApp.Api.Controllers.MembersController.GetAll (LibraryApp.Api) in 3.1826ms
2026-06-07 14:25:24.900 +03:00 [INF] HTTP GET /api/members responded 200 in 3.5147 ms
2026-06-07 14:25:24.900 +03:00 [INF] Request finished HTTP/1.1 GET http://localhost:5112/api/members - 200 null application/json; charset=utf-8 3.8815ms
2026-06-07 14:25:27.191 +03:00 [INF] Request starting HTTP/1.1 OPTIONS http://localhost:5112/api/loans/active - null null
2026-06-07 14:25:27.192 +03:00 [INF] CORS policy execution successful.
2026-06-07 14:25:27.192 +03:00 [INF] HTTP OPTIONS /api/loans/active responded 204 in 0.5073 ms
2026-06-07 14:25:27.192 +03:00 [INF] Request finished HTTP/1.1 OPTIONS http://localhost:5112/api/loans/active - 204 null null 0.8219ms
2026-06-07 14:25:27.202 +03:00 [INF] Request starting HTTP/1.1 GET http://localhost:5112/api/loans/active - application/json null
2026-06-07 14:25:27.202 +03:00 [INF] CORS policy execution successful.
2026-06-07 14:25:27.202 +03:00 [INF] Route matched with {action = "GetActive", controller = "Loans"}. Executing controller action with signature System.Threading.Tasks.Task`1[Microsoft.AspNetCore.Mvc.IActionResult] GetActive(System.Threading.CancellationToken) on controller LibraryApp.Api.Controllers.LoansController (LibraryApp.Api).
2026-06-07 14:25:27.210 +03:00 [INF] Executing OkObjectResult, writing value of type 'System.Collections.Generic.List`1[[LibraryApp.Core.DTOs.ActiveLoanDto, LibraryApp.Core, Version=1.0.0.0, Culture=neutral, PublicKeyToken=null]]'.
2026-06-07 14:25:27.210 +03:00 [INF] Executed action LibraryApp.Api.Controllers.LoansController.GetActive (LibraryApp.Api) in 7.2782ms
2026-06-07 14:25:27.210 +03:00 [INF] HTTP GET /api/loans/active responded 200 in 7.7649 ms
2026-06-07 14:25:27.210 +03:00 [INF] Request finished HTTP/1.1 GET http://localhost:5112/api/loans/active - 200 null application/json; charset=utf-8 8.1739ms
2026-06-07 14:25:29.046 +03:00 [INF] Request starting HTTP/1.1 OPTIONS http://localhost:5112/api/authors - null null
2026-06-07 14:25:29.047 +03:00 [INF] CORS policy execution successful.
2026-06-07 14:25:29.047 +03:00 [INF] HTTP OPTIONS /api/authors responded 204 in 0.1635 ms
2026-06-07 14:25:29.047 +03:00 [INF] Request finished HTTP/1.1 OPTIONS http://localhost:5112/api/authors - 204 null null 0.692ms
2026-06-07 14:25:29.048 +03:00 [INF] Request starting HTTP/1.1 OPTIONS http://localhost:5112/api/books?page=1&pageSize=20 - null null
2026-06-07 14:25:29.048 +03:00 [INF] Request starting HTTP/1.1 OPTIONS http://localhost:5112/api/categories - null null
2026-06-07 14:25:29.048 +03:00 [INF] CORS policy execution successful.
2026-06-07 14:25:29.048 +03:00 [INF] CORS policy execution successful.
2026-06-07 14:25:29.048 +03:00 [INF] HTTP OPTIONS /api/books responded 204 in 0.1379 ms
2026-06-07 14:25:29.048 +03:00 [INF] HTTP OPTIONS /api/categories responded 204 in 0.0976 ms
2026-06-07 14:25:29.048 +03:00 [INF] Request finished HTTP/1.1 OPTIONS http://localhost:5112/api/books?page=1&pageSize=20 - 204 null null 0.473ms
2026-06-07 14:25:29.048 +03:00 [INF] Request finished HTTP/1.1 OPTIONS http://localhost:5112/api/categories - 204 null null 0.3209ms
2026-06-07 14:25:29.056 +03:00 [INF] Request starting HTTP/1.1 GET http://localhost:5112/api/books?page=1&pageSize=20 - application/json null
2026-06-07 14:25:29.057 +03:00 [INF] CORS policy execution successful.
2026-06-07 14:25:29.056 +03:00 [INF] Request starting HTTP/1.1 GET http://localhost:5112/api/authors - application/json null
2026-06-07 14:25:29.057 +03:00 [INF] Route matched with {action = "Search", controller = "Books"}. Executing controller action with signature System.Threading.Tasks.Task`1[Microsoft.AspNetCore.Mvc.IActionResult] Search(BookSearchQuery, System.Threading.CancellationToken) on controller BooksController (LibraryApp.Api).
2026-06-07 14:25:29.057 +03:00 [INF] CORS policy execution successful.
2026-06-07 14:25:29.057 +03:00 [INF] Route matched with {action = "GetAll", controller = "Authors"}. Executing controller action with signature System.Threading.Tasks.Task`1[Microsoft.AspNetCore.Mvc.IActionResult] GetAll(System.Threading.CancellationToken) on controller LibraryApp.Api.Controllers.AuthorsController (LibraryApp.Api).
2026-06-07 14:25:29.057 +03:00 [INF] Request starting HTTP/1.1 GET http://localhost:5112/api/categories - application/json null
2026-06-07 14:25:29.057 +03:00 [INF] CORS policy execution successful.
2026-06-07 14:25:29.057 +03:00 [INF] Route matched with {action = "GetAll", controller = "Categories"}. Executing controller action with signature System.Threading.Tasks.Task`1[Microsoft.AspNetCore.Mvc.IActionResult] GetAll(System.Threading.CancellationToken) on controller LibraryApp.Api.Controllers.CategoriesController (LibraryApp.Api).
2026-06-07 14:25:29.060 +03:00 [INF] Executing OkObjectResult, writing value of type 'System.Collections.Generic.List`1[[LibraryApp.Core.DTOs.AuthorDto, LibraryApp.Core, Version=1.0.0.0, Culture=neutral, PublicKeyToken=null]]'.
2026-06-07 14:25:29.060 +03:00 [INF] Executing OkObjectResult, writing value of type 'System.Collections.Generic.List`1[[<>f__AnonymousType1`2[[System.Int32, System.Private.CoreLib, Version=8.0.0.0, Culture=neutral, PublicKeyToken=7cec85d7bea7798e],[System.String, System.Private.CoreLib, Version=8.0.0.0, Culture=neutral, PublicKeyToken=7cec85d7bea7798e]], LibraryApp.Api, Version=1.0.0.0, Culture=neutral, PublicKeyToken=null]]'.
2026-06-07 14:25:29.060 +03:00 [INF] Executed action LibraryApp.Api.Controllers.CategoriesController.GetAll (LibraryApp.Api) in 2.9901ms
2026-06-07 14:25:29.060 +03:00 [INF] Executed action LibraryApp.Api.Controllers.AuthorsController.GetAll (LibraryApp.Api) in 3.2444ms
2026-06-07 14:25:29.061 +03:00 [INF] HTTP GET /api/authors responded 200 in 3.6492 ms
2026-06-07 14:25:29.061 +03:00 [INF] HTTP GET /api/categories responded 200 in 3.2738 ms
2026-06-07 14:25:29.061 +03:00 [INF] Request finished HTTP/1.1 GET http://localhost:5112/api/authors - 200 null application/json; charset=utf-8 4.3616ms
2026-06-07 14:25:29.061 +03:00 [INF] Request finished HTTP/1.1 GET http://localhost:5112/api/categories - 200 null application/json; charset=utf-8 3.6734ms
2026-06-07 14:25:29.063 +03:00 [INF] Executing OkObjectResult, writing value of type 'PagedResult`1[[BookDto, LibraryApp.Core, Version=1.0.0.0, Culture=neutral, PublicKeyToken=null]]'.
2026-06-07 14:25:29.063 +03:00 [INF] Executed action BooksController.Search (LibraryApp.Api) in 6.4641ms
2026-06-07 14:25:29.064 +03:00 [INF] HTTP GET /api/books responded 200 in 6.9498 ms
2026-06-07 14:25:29.064 +03:00 [INF] Request finished HTTP/1.1 GET http://localhost:5112/api/books?page=1&pageSize=20 - 200 null application/json; charset=utf-8 7.2287ms
2026-06-07 14:25:33.517 +03:00 [INF] Request starting HTTP/1.1 OPTIONS http://localhost:5112/api/books/8 - null null
2026-06-07 14:25:33.517 +03:00 [INF] CORS policy execution successful.
2026-06-07 14:25:33.517 +03:00 [INF] HTTP OPTIONS /api/books/8 responded 204 in 0.3430 ms
2026-06-07 14:25:33.518 +03:00 [INF] Request finished HTTP/1.1 OPTIONS http://localhost:5112/api/books/8 - 204 null null 1.1183ms
2026-06-07 14:25:33.523 +03:00 [INF] Request starting HTTP/1.1 GET http://localhost:5112/api/books/8 - application/json null
2026-06-07 14:25:33.524 +03:00 [INF] CORS policy execution successful.
2026-06-07 14:25:33.534 +03:00 [INF] Route matched with {action = "GetById", controller = "Books"}. Executing controller action with signature System.Threading.Tasks.Task`1[Microsoft.AspNetCore.Mvc.IActionResult] GetById(Int32, System.Threading.CancellationToken) on controller BooksController (LibraryApp.Api).
2026-06-07 14:25:33.551 +03:00 [WRN] Compiling a query which loads related collections for more than one collection navigation, either via 'Include' or through projection, but no 'QuerySplittingBehavior' has been configured. By default, Entity Framework will use 'QuerySplittingBehavior.SingleQuery', which can potentially result in slow query performance. See https://go.microsoft.com/fwlink/?linkid=2134277 for more information. To identify the query that's triggering this warning call 'ConfigureWarnings(w => w.Throw(RelationalEventId.MultipleCollectionIncludeWarning))'.
2026-06-07 14:25:33.570 +03:00 [INF] Executing OkObjectResult, writing value of type 'BookDto'.
2026-06-07 14:25:33.570 +03:00 [INF] Executed action BooksController.GetById (LibraryApp.Api) in 36.6059ms
2026-06-07 14:25:33.570 +03:00 [INF] HTTP GET /api/books/8 responded 200 in 46.6149 ms
2026-06-07 14:25:33.570 +03:00 [INF] Request finished HTTP/1.1 GET http://localhost:5112/api/books/8 - 200 null application/json; charset=utf-8 47.123ms
2026-06-07 14:25:37.286 +03:00 [INF] Request starting HTTP/1.1 OPTIONS http://localhost:5112/api/authors - null null
2026-06-07 14:25:37.286 +03:00 [INF] CORS policy execution successful.
2026-06-07 14:25:37.286 +03:00 [INF] Request starting HTTP/1.1 OPTIONS http://localhost:5112/api/categories - null null
2026-06-07 14:25:37.286 +03:00 [INF] HTTP OPTIONS /api/authors responded 204 in 0.1545 ms
2026-06-07 14:25:37.286 +03:00 [INF] CORS policy execution successful.
2026-06-07 14:25:37.287 +03:00 [INF] HTTP OPTIONS /api/categories responded 204 in 0.0808 ms
2026-06-07 14:25:37.287 +03:00 [INF] Request finished HTTP/1.1 OPTIONS http://localhost:5112/api/authors - 204 null null 0.3813ms
2026-06-07 14:25:37.287 +03:00 [INF] Request finished HTTP/1.1 OPTIONS http://localhost:5112/api/categories - 204 null null 0.2154ms
2026-06-07 14:25:37.287 +03:00 [INF] Request starting HTTP/1.1 OPTIONS http://localhost:5112/api/books?page=1&pageSize=20 - null null
2026-06-07 14:25:37.287 +03:00 [INF] CORS policy execution successful.
2026-06-07 14:25:37.288 +03:00 [INF] HTTP OPTIONS /api/books responded 204 in 0.6148 ms
2026-06-07 14:25:37.288 +03:00 [INF] Request finished HTTP/1.1 OPTIONS http://localhost:5112/api/books?page=1&pageSize=20 - 204 null null 1.167ms
2026-06-07 14:25:37.293 +03:00 [INF] Request starting HTTP/1.1 GET http://localhost:5112/api/authors - application/json null
2026-06-07 14:25:37.294 +03:00 [INF] CORS policy execution successful.
2026-06-07 14:25:37.294 +03:00 [INF] Route matched with {action = "GetAll", controller = "Authors"}. Executing controller action with signature System.Threading.Tasks.Task`1[Microsoft.AspNetCore.Mvc.IActionResult] GetAll(System.Threading.CancellationToken) on controller LibraryApp.Api.Controllers.AuthorsController (LibraryApp.Api).
2026-06-07 14:25:37.294 +03:00 [INF] Request starting HTTP/1.1 GET http://localhost:5112/api/categories - application/json null
2026-06-07 14:25:37.294 +03:00 [INF] CORS policy execution successful.
2026-06-07 14:25:37.295 +03:00 [INF] Request starting HTTP/1.1 GET http://localhost:5112/api/books?page=1&pageSize=20 - application/json null
2026-06-07 14:25:37.295 +03:00 [INF] Route matched with {action = "GetAll", controller = "Categories"}. Executing controller action with signature System.Threading.Tasks.Task`1[Microsoft.AspNetCore.Mvc.IActionResult] GetAll(System.Threading.CancellationToken) on controller LibraryApp.Api.Controllers.CategoriesController (LibraryApp.Api).
2026-06-07 14:25:37.295 +03:00 [INF] CORS policy execution successful.
2026-06-07 14:25:37.295 +03:00 [INF] Route matched with {action = "Search", controller = "Books"}. Executing controller action with signature System.Threading.Tasks.Task`1[Microsoft.AspNetCore.Mvc.IActionResult] Search(BookSearchQuery, System.Threading.CancellationToken) on controller BooksController (LibraryApp.Api).
2026-06-07 14:25:37.297 +03:00 [INF] Executing OkObjectResult, writing value of type 'System.Collections.Generic.List`1[[LibraryApp.Core.DTOs.AuthorDto, LibraryApp.Core, Version=1.0.0.0, Culture=neutral, PublicKeyToken=null]]'.
2026-06-07 14:25:37.297 +03:00 [INF] Executing OkObjectResult, writing value of type 'System.Collections.Generic.List`1[[<>f__AnonymousType1`2[[System.Int32, System.Private.CoreLib, Version=8.0.0.0, Culture=neutral, PublicKeyToken=7cec85d7bea7798e],[System.String, System.Private.CoreLib, Version=8.0.0.0, Culture=neutral, PublicKeyToken=7cec85d7bea7798e]], LibraryApp.Api, Version=1.0.0.0, Culture=neutral, PublicKeyToken=null]]'.
2026-06-07 14:25:37.297 +03:00 [INF] Executed action LibraryApp.Api.Controllers.AuthorsController.GetAll (LibraryApp.Api) in 2.8503ms
2026-06-07 14:25:37.297 +03:00 [INF] HTTP GET /api/authors responded 200 in 3.5399 ms
2026-06-07 14:25:37.298 +03:00 [INF] Request finished HTTP/1.1 GET http://localhost:5112/api/authors - 200 null application/json; charset=utf-8 4.2634ms
2026-06-07 14:25:37.299 +03:00 [INF] Executed action LibraryApp.Api.Controllers.CategoriesController.GetAll (LibraryApp.Api) in 3.6998ms
2026-06-07 14:25:37.299 +03:00 [INF] HTTP GET /api/categories responded 200 in 4.3396 ms
2026-06-07 14:25:37.299 +03:00 [INF] Request finished HTTP/1.1 GET http://localhost:5112/api/categories - 200 null application/json; charset=utf-8 4.9369ms
2026-06-07 14:25:37.305 +03:00 [INF] Executing OkObjectResult, writing value of type 'PagedResult`1[[BookDto, LibraryApp.Core, Version=1.0.0.0, Culture=neutral, PublicKeyToken=null]]'.
2026-06-07 14:25:37.306 +03:00 [INF] Executed action BooksController.Search (LibraryApp.Api) in 10.4583ms
2026-06-07 14:25:37.306 +03:00 [INF] HTTP GET /api/books responded 200 in 10.7751 ms
2026-06-07 14:25:37.306 +03:00 [INF] Request finished HTTP/1.1 GET http://localhost:5112/api/books?page=1&pageSize=20 - 200 null application/json; charset=utf-8 11.038ms
2026-06-07 14:25:52.921 +03:00 [INF] Request starting HTTP/1.1 OPTIONS http://localhost:5112/api/books/3 - null null
2026-06-07 14:25:52.921 +03:00 [INF] CORS policy execution successful.
2026-06-07 14:25:52.921 +03:00 [INF] HTTP OPTIONS /api/books/3 responded 204 in 0.1807 ms
2026-06-07 14:25:52.921 +03:00 [INF] Request finished HTTP/1.1 OPTIONS http://localhost:5112/api/books/3 - 204 null null 0.7252ms
2026-06-07 14:25:52.926 +03:00 [INF] Request starting HTTP/1.1 GET http://localhost:5112/api/books/3 - application/json null
2026-06-07 14:25:52.926 +03:00 [INF] CORS policy execution successful.
2026-06-07 14:25:52.927 +03:00 [INF] Route matched with {action = "GetById", controller = "Books"}. Executing controller action with signature System.Threading.Tasks.Task`1[Microsoft.AspNetCore.Mvc.IActionResult] GetById(Int32, System.Threading.CancellationToken) on controller BooksController (LibraryApp.Api).
2026-06-07 14:25:52.930 +03:00 [INF] Executing OkObjectResult, writing value of type 'BookDto'.
2026-06-07 14:25:52.931 +03:00 [INF] Executed action BooksController.GetById (LibraryApp.Api) in 3.9096ms
2026-06-07 14:25:52.931 +03:00 [INF] HTTP GET /api/books/3 responded 200 in 4.3885 ms
2026-06-07 14:25:52.931 +03:00 [INF] Request finished HTTP/1.1 GET http://localhost:5112/api/books/3 - 200 null application/json; charset=utf-8 5.0606ms
2026-06-07 14:25:54.058 +03:00 [INF] Request starting HTTP/1.1 OPTIONS http://localhost:5112/api/authors - null null
2026-06-07 14:25:54.058 +03:00 [INF] CORS policy execution successful.
2026-06-07 14:25:54.059 +03:00 [INF] HTTP OPTIONS /api/authors responded 204 in 0.2656 ms
2026-06-07 14:25:54.059 +03:00 [INF] Request finished HTTP/1.1 OPTIONS http://localhost:5112/api/authors - 204 null null 0.743ms
2026-06-07 14:25:54.059 +03:00 [INF] Request starting HTTP/1.1 OPTIONS http://localhost:5112/api/categories - null null
2026-06-07 14:25:54.059 +03:00 [INF] CORS policy execution successful.
2026-06-07 14:25:54.059 +03:00 [INF] HTTP OPTIONS /api/categories responded 204 in 0.1408 ms
2026-06-07 14:25:54.059 +03:00 [INF] Request finished HTTP/1.1 OPTIONS http://localhost:5112/api/categories - 204 null null 0.3564ms
2026-06-07 14:25:54.061 +03:00 [INF] Request starting HTTP/1.1 GET http://localhost:5112/api/books/3 - application/json null
2026-06-07 14:25:54.061 +03:00 [INF] CORS policy execution successful.
2026-06-07 14:25:54.061 +03:00 [INF] Route matched with {action = "GetById", controller = "Books"}. Executing controller action with signature System.Threading.Tasks.Task`1[Microsoft.AspNetCore.Mvc.IActionResult] GetById(Int32, System.Threading.CancellationToken) on controller BooksController (LibraryApp.Api).
2026-06-07 14:25:54.066 +03:00 [INF] Request starting HTTP/1.1 GET http://localhost:5112/api/authors - application/json null
2026-06-07 14:25:54.066 +03:00 [INF] CORS policy execution successful.
2026-06-07 14:25:54.066 +03:00 [INF] Route matched with {action = "GetAll", controller = "Authors"}. Executing controller action with signature System.Threading.Tasks.Task`1[Microsoft.AspNetCore.Mvc.IActionResult] GetAll(System.Threading.CancellationToken) on controller LibraryApp.Api.Controllers.AuthorsController (LibraryApp.Api).
2026-06-07 14:25:54.066 +03:00 [INF] Executing OkObjectResult, writing value of type 'BookDto'.
2026-06-07 14:25:54.067 +03:00 [INF] Request starting HTTP/1.1 GET http://localhost:5112/api/categories - application/json null
2026-06-07 14:25:54.067 +03:00 [INF] Executed action BooksController.GetById (LibraryApp.Api) in 5.4058ms
2026-06-07 14:25:54.067 +03:00 [INF] HTTP GET /api/books/3 responded 200 in 5.9115 ms
2026-06-07 14:25:54.067 +03:00 [INF] CORS policy execution successful.
2026-06-07 14:25:54.067 +03:00 [INF] Request finished HTTP/1.1 GET http://localhost:5112/api/books/3 - 200 null application/json; charset=utf-8 6.2124ms
2026-06-07 14:25:54.067 +03:00 [INF] Route matched with {action = "GetAll", controller = "Categories"}. Executing controller action with signature System.Threading.Tasks.Task`1[Microsoft.AspNetCore.Mvc.IActionResult] GetAll(System.Threading.CancellationToken) on controller LibraryApp.Api.Controllers.CategoriesController (LibraryApp.Api).
2026-06-07 14:25:54.069 +03:00 [INF] Executing OkObjectResult, writing value of type 'System.Collections.Generic.List`1[[LibraryApp.Core.DTOs.AuthorDto, LibraryApp.Core, Version=1.0.0.0, Culture=neutral, PublicKeyToken=null]]'.
2026-06-07 14:25:54.070 +03:00 [INF] Executed action LibraryApp.Api.Controllers.AuthorsController.GetAll (LibraryApp.Api) in 3.2364ms
2026-06-07 14:25:54.070 +03:00 [INF] HTTP GET /api/authors responded 200 in 3.6893 ms
2026-06-07 14:25:54.070 +03:00 [INF] Request finished HTTP/1.1 GET http://localhost:5112/api/authors - 200 null application/json; charset=utf-8 4.5727ms
2026-06-07 14:25:54.071 +03:00 [INF] Executing OkObjectResult, writing value of type 'System.Collections.Generic.List`1[[<>f__AnonymousType1`2[[System.Int32, System.Private.CoreLib, Version=8.0.0.0, Culture=neutral, PublicKeyToken=7cec85d7bea7798e],[System.String, System.Private.CoreLib, Version=8.0.0.0, Culture=neutral, PublicKeyToken=7cec85d7bea7798e]], LibraryApp.Api, Version=1.0.0.0, Culture=neutral, PublicKeyToken=null]]'.
2026-06-07 14:25:54.072 +03:00 [INF] Executed action LibraryApp.Api.Controllers.CategoriesController.GetAll (LibraryApp.Api) in 4.6529ms
2026-06-07 14:25:54.072 +03:00 [INF] HTTP GET /api/categories responded 200 in 5.0325 ms
2026-06-07 14:25:54.072 +03:00 [INF] Request finished HTTP/1.1 GET http://localhost:5112/api/categories - 200 null application/json; charset=utf-8 5.3475ms
2026-06-07 14:26:04.303 +03:00 [INF] Request starting HTTP/1.1 OPTIONS http://localhost:5112/api/authors - null null
2026-06-07 14:26:04.303 +03:00 [INF] CORS policy execution successful.
2026-06-07 14:26:04.303 +03:00 [INF] HTTP OPTIONS /api/authors responded 204 in 0.3930 ms
2026-06-07 14:26:04.303 +03:00 [INF] Request finished HTTP/1.1 OPTIONS http://localhost:5112/api/authors - 204 null null 0.7219ms
2026-06-07 14:26:04.304 +03:00 [INF] Request starting HTTP/1.1 OPTIONS http://localhost:5112/api/categories - null null
2026-06-07 14:26:04.304 +03:00 [INF] CORS policy execution successful.
2026-06-07 14:26:04.305 +03:00 [INF] HTTP OPTIONS /api/categories responded 204 in 0.2049 ms
2026-06-07 14:26:04.305 +03:00 [INF] Request starting HTTP/1.1 OPTIONS http://localhost:5112/api/books?page=1&pageSize=20 - null null
2026-06-07 14:26:04.305 +03:00 [INF] Request finished HTTP/1.1 OPTIONS http://localhost:5112/api/categories - 204 null null 0.5814ms
2026-06-07 14:26:04.305 +03:00 [INF] CORS policy execution successful.
2026-06-07 14:26:04.305 +03:00 [INF] HTTP OPTIONS /api/books responded 204 in 0.2640 ms
2026-06-07 14:26:04.306 +03:00 [INF] Request finished HTTP/1.1 OPTIONS http://localhost:5112/api/books?page=1&pageSize=20 - 204 null null 0.9471ms
2026-06-07 14:26:04.311 +03:00 [INF] Request starting HTTP/1.1 GET http://localhost:5112/api/authors - application/json null
2026-06-07 14:26:04.312 +03:00 [INF] CORS policy execution successful.
2026-06-07 14:26:04.312 +03:00 [INF] Route matched with {action = "GetAll", controller = "Authors"}. Executing controller action with signature System.Threading.Tasks.Task`1[Microsoft.AspNetCore.Mvc.IActionResult] GetAll(System.Threading.CancellationToken) on controller LibraryApp.Api.Controllers.AuthorsController (LibraryApp.Api).
2026-06-07 14:26:04.313 +03:00 [INF] Request starting HTTP/1.1 GET http://localhost:5112/api/categories - application/json null
2026-06-07 14:26:04.313 +03:00 [INF] CORS policy execution successful.
2026-06-07 14:26:04.313 +03:00 [INF] Route matched with {action = "GetAll", controller = "Categories"}. Executing controller action with signature System.Threading.Tasks.Task`1[Microsoft.AspNetCore.Mvc.IActionResult] GetAll(System.Threading.CancellationToken) on controller LibraryApp.Api.Controllers.CategoriesController (LibraryApp.Api).
2026-06-07 14:26:04.314 +03:00 [INF] Request starting HTTP/1.1 GET http://localhost:5112/api/books?page=1&pageSize=20 - application/json null
2026-06-07 14:26:04.314 +03:00 [INF] CORS policy execution successful.
2026-06-07 14:26:04.314 +03:00 [INF] Route matched with {action = "Search", controller = "Books"}. Executing controller action with signature System.Threading.Tasks.Task`1[Microsoft.AspNetCore.Mvc.IActionResult] Search(BookSearchQuery, System.Threading.CancellationToken) on controller BooksController (LibraryApp.Api).
2026-06-07 14:26:04.315 +03:00 [INF] Executing OkObjectResult, writing value of type 'System.Collections.Generic.List`1[[LibraryApp.Core.DTOs.AuthorDto, LibraryApp.Core, Version=1.0.0.0, Culture=neutral, PublicKeyToken=null]]'.
2026-06-07 14:26:04.315 +03:00 [INF] Executed action LibraryApp.Api.Controllers.AuthorsController.GetAll (LibraryApp.Api) in 2.8241ms
2026-06-07 14:26:04.315 +03:00 [INF] Executing OkObjectResult, writing value of type 'System.Collections.Generic.List`1[[<>f__AnonymousType1`2[[System.Int32, System.Private.CoreLib, Version=8.0.0.0, Culture=neutral, PublicKeyToken=7cec85d7bea7798e],[System.String, System.Private.CoreLib, Version=8.0.0.0, Culture=neutral, PublicKeyToken=7cec85d7bea7798e]], LibraryApp.Api, Version=1.0.0.0, Culture=neutral, PublicKeyToken=null]]'.
2026-06-07 14:26:04.315 +03:00 [INF] HTTP GET /api/authors responded 200 in 3.4525 ms
2026-06-07 14:26:04.315 +03:00 [INF] Executed action LibraryApp.Api.Controllers.CategoriesController.GetAll (LibraryApp.Api) in 2.083ms
2026-06-07 14:26:04.315 +03:00 [INF] Request finished HTTP/1.1 GET http://localhost:5112/api/authors - 200 null application/json; charset=utf-8 3.7775ms
2026-06-07 14:26:04.315 +03:00 [INF] HTTP GET /api/categories responded 200 in 2.4651 ms
2026-06-07 14:26:04.315 +03:00 [INF] Request finished HTTP/1.1 GET http://localhost:5112/api/categories - 200 null application/json; charset=utf-8 2.7353ms
2026-06-07 14:26:04.319 +03:00 [INF] Executing OkObjectResult, writing value of type 'PagedResult`1[[BookDto, LibraryApp.Core, Version=1.0.0.0, Culture=neutral, PublicKeyToken=null]]'.
2026-06-07 14:26:04.320 +03:00 [INF] Executed action BooksController.Search (LibraryApp.Api) in 5.8124ms
2026-06-07 14:26:04.320 +03:00 [INF] HTTP GET /api/books responded 200 in 6.1124 ms
2026-06-07 14:26:04.320 +03:00 [INF] Request finished HTTP/1.1 GET http://localhost:5112/api/books?page=1&pageSize=20 - 200 null application/json; charset=utf-8 6.52ms
2026-06-07 14:26:10.400 +03:00 [INF] Request starting HTTP/1.1 OPTIONS http://localhost:5112/api/books/3 - null null
2026-06-07 14:26:10.400 +03:00 [INF] CORS policy execution successful.
2026-06-07 14:26:10.400 +03:00 [INF] HTTP OPTIONS /api/books/3 responded 204 in 0.2514 ms
2026-06-07 14:26:10.400 +03:00 [INF] Request finished HTTP/1.1 OPTIONS http://localhost:5112/api/books/3 - 204 null null 0.4871ms
2026-06-07 14:26:10.406 +03:00 [INF] Request starting HTTP/1.1 GET http://localhost:5112/api/books/3 - application/json null
2026-06-07 14:26:10.407 +03:00 [INF] CORS policy execution successful.
2026-06-07 14:26:10.407 +03:00 [INF] Route matched with {action = "GetById", controller = "Books"}. Executing controller action with signature System.Threading.Tasks.Task`1[Microsoft.AspNetCore.Mvc.IActionResult] GetById(Int32, System.Threading.CancellationToken) on controller BooksController (LibraryApp.Api).
2026-06-07 14:26:10.410 +03:00 [INF] Executing OkObjectResult, writing value of type 'BookDto'.
2026-06-07 14:26:10.411 +03:00 [INF] Executed action BooksController.GetById (LibraryApp.Api) in 3.6766ms
2026-06-07 14:26:10.411 +03:00 [INF] HTTP GET /api/books/3 responded 200 in 4.2383 ms
2026-06-07 14:26:10.411 +03:00 [INF] Request finished HTTP/1.1 GET http://localhost:5112/api/books/3 - 200 null application/json; charset=utf-8 4.9572ms
2026-06-07 14:26:22.237 +03:00 [INF] Request starting HTTP/1.1 GET http://localhost:5112/api/books/3 - application/json null
2026-06-07 14:26:22.237 +03:00 [INF] Route matched with {action = "GetById", controller = "Books"}. Executing controller action with signature System.Threading.Tasks.Task`1[Microsoft.AspNetCore.Mvc.IActionResult] GetById(Int32, System.Threading.CancellationToken) on controller BooksController (LibraryApp.Api).
2026-06-07 14:26:22.240 +03:00 [INF] Executing OkObjectResult, writing value of type 'BookDto'.
2026-06-07 14:26:22.240 +03:00 [INF] Executed action BooksController.GetById (LibraryApp.Api) in 3.0619ms
2026-06-07 14:26:22.240 +03:00 [INF] HTTP GET /api/books/3 responded 200 in 3.3060 ms
2026-06-07 14:26:22.241 +03:00 [INF] Request finished HTTP/1.1 GET http://localhost:5112/api/books/3 - 200 null application/json; charset=utf-8 3.5821ms
2026-06-07 14:26:23.091 +03:00 [INF] Request starting HTTP/1.1 OPTIONS http://localhost:5112/api/books/3 - null null
2026-06-07 14:26:23.092 +03:00 [INF] CORS policy execution successful.
2026-06-07 14:26:23.092 +03:00 [INF] HTTP OPTIONS /api/books/3 responded 204 in 0.2128 ms
2026-06-07 14:26:23.093 +03:00 [INF] Request finished HTTP/1.1 OPTIONS http://localhost:5112/api/books/3 - 204 null null 1.9789ms
2026-06-07 14:26:23.101 +03:00 [INF] Request starting HTTP/1.1 GET http://localhost:5112/api/books/3 - application/json null
2026-06-07 14:26:23.101 +03:00 [INF] CORS policy execution successful.
2026-06-07 14:26:23.101 +03:00 [INF] Route matched with {action = "GetById", controller = "Books"}. Executing controller action with signature System.Threading.Tasks.Task`1[Microsoft.AspNetCore.Mvc.IActionResult] GetById(Int32, System.Threading.CancellationToken) on controller BooksController (LibraryApp.Api).
2026-06-07 14:26:23.106 +03:00 [INF] Executing OkObjectResult, writing value of type 'BookDto'.
2026-06-07 14:26:23.106 +03:00 [INF] Executed action BooksController.GetById (LibraryApp.Api) in 4.5737ms
2026-06-07 14:26:23.106 +03:00 [INF] HTTP GET /api/books/3 responded 200 in 5.0188 ms
2026-06-07 14:26:23.106 +03:00 [INF] Request finished HTTP/1.1 GET http://localhost:5112/api/books/3 - 200 null application/json; charset=utf-8 5.3996ms
2026-06-07 14:26:27.797 +03:00 [INF] Request starting HTTP/1.1 OPTIONS http://localhost:5112/api/authors - null null
2026-06-07 14:26:27.798 +03:00 [INF] CORS policy execution successful.
2026-06-07 14:26:27.800 +03:00 [INF] HTTP OPTIONS /api/authors responded 204 in 2.4014 ms
2026-06-07 14:26:27.801 +03:00 [INF] Request starting HTTP/1.1 OPTIONS http://localhost:5112/api/categories - null null
2026-06-07 14:26:27.801 +03:00 [INF] CORS policy execution successful.
2026-06-07 14:26:27.801 +03:00 [INF] HTTP OPTIONS /api/categories responded 204 in 0.1066 ms
2026-06-07 14:26:27.802 +03:00 [INF] Request finished HTTP/1.1 OPTIONS http://localhost:5112/api/categories - 204 null null 1.1071ms
2026-06-07 14:26:27.819 +03:00 [INF] Request finished HTTP/1.1 OPTIONS http://localhost:5112/api/authors - 204 null null 9.5364ms
2026-06-07 14:26:27.819 +03:00 [INF] Request starting HTTP/1.1 GET http://localhost:5112/api/categories - application/json null
2026-06-07 14:26:27.819 +03:00 [INF] CORS policy execution successful.
2026-06-07 14:26:27.820 +03:00 [INF] Request starting HTTP/1.1 GET http://localhost:5112/api/authors - application/json null
2026-06-07 14:26:27.820 +03:00 [INF] Route matched with {action = "GetAll", controller = "Categories"}. Executing controller action with signature System.Threading.Tasks.Task`1[Microsoft.AspNetCore.Mvc.IActionResult] GetAll(System.Threading.CancellationToken) on controller LibraryApp.Api.Controllers.CategoriesController (LibraryApp.Api).
2026-06-07 14:26:27.820 +03:00 [INF] CORS policy execution successful.
2026-06-07 14:26:27.820 +03:00 [INF] Request starting HTTP/1.1 OPTIONS http://localhost:5112/api/books?page=1&pageSize=20 - null null
2026-06-07 14:26:27.820 +03:00 [INF] Route matched with {action = "GetAll", controller = "Authors"}. Executing controller action with signature System.Threading.Tasks.Task`1[Microsoft.AspNetCore.Mvc.IActionResult] GetAll(System.Threading.CancellationToken) on controller LibraryApp.Api.Controllers.AuthorsController (LibraryApp.Api).
2026-06-07 14:26:27.821 +03:00 [INF] CORS policy execution successful.
2026-06-07 14:26:27.821 +03:00 [INF] HTTP OPTIONS /api/books responded 204 in 0.1228 ms
2026-06-07 14:26:27.821 +03:00 [INF] Request finished HTTP/1.1 OPTIONS http://localhost:5112/api/books?page=1&pageSize=20 - 204 null null 1.2508ms
2026-06-07 14:26:27.824 +03:00 [INF] Executing OkObjectResult, writing value of type 'System.Collections.Generic.List`1[[<>f__AnonymousType1`2[[System.Int32, System.Private.CoreLib, Version=8.0.0.0, Culture=neutral, PublicKeyToken=7cec85d7bea7798e],[System.String, System.Private.CoreLib, Version=8.0.0.0, Culture=neutral, PublicKeyToken=7cec85d7bea7798e]], LibraryApp.Api, Version=1.0.0.0, Culture=neutral, PublicKeyToken=null]]'.
2026-06-07 14:26:27.824 +03:00 [INF] Executed action LibraryApp.Api.Controllers.CategoriesController.GetAll (LibraryApp.Api) in 4.2733ms
2026-06-07 14:26:27.824 +03:00 [INF] HTTP GET /api/categories responded 200 in 4.9211 ms
2026-06-07 14:26:27.825 +03:00 [INF] Request finished HTTP/1.1 GET http://localhost:5112/api/categories - 200 null application/json; charset=utf-8 5.3211ms
2026-06-07 14:26:27.827 +03:00 [INF] Executing OkObjectResult, writing value of type 'System.Collections.Generic.List`1[[LibraryApp.Core.DTOs.AuthorDto, LibraryApp.Core, Version=1.0.0.0, Culture=neutral, PublicKeyToken=null]]'.
2026-06-07 14:26:27.828 +03:00 [INF] Request starting HTTP/1.1 GET http://localhost:5112/api/books?page=1&pageSize=20 - application/json null
2026-06-07 14:26:27.829 +03:00 [INF] CORS policy execution successful.
2026-06-07 14:26:27.829 +03:00 [INF] Route matched with {action = "Search", controller = "Books"}. Executing controller action with signature System.Threading.Tasks.Task`1[Microsoft.AspNetCore.Mvc.IActionResult] Search(BookSearchQuery, System.Threading.CancellationToken) on controller BooksController (LibraryApp.Api).
2026-06-07 14:26:27.834 +03:00 [INF] Executed action LibraryApp.Api.Controllers.AuthorsController.GetAll (LibraryApp.Api) in 12.745ms
2026-06-07 14:26:27.834 +03:00 [INF] HTTP GET /api/authors responded 200 in 14.2838 ms
2026-06-07 14:26:27.835 +03:00 [INF] Request finished HTTP/1.1 GET http://localhost:5112/api/authors - 200 null application/json; charset=utf-8 14.981ms
2026-06-07 14:26:27.840 +03:00 [INF] Executing OkObjectResult, writing value of type 'PagedResult`1[[BookDto, LibraryApp.Core, Version=1.0.0.0, Culture=neutral, PublicKeyToken=null]]'.
2026-06-07 14:26:27.840 +03:00 [INF] Executed action BooksController.Search (LibraryApp.Api) in 10.1972ms
2026-06-07 14:26:27.840 +03:00 [INF] HTTP GET /api/books responded 200 in 10.9149 ms
2026-06-07 14:26:27.840 +03:00 [INF] Request finished HTTP/1.1 GET http://localhost:5112/api/books?page=1&pageSize=20 - 200 null application/json; charset=utf-8 11.662ms
2026-06-07 14:26:30.334 +03:00 [INF] Request starting HTTP/1.1 OPTIONS http://localhost:5112/api/loans/active - null null
2026-06-07 14:26:30.334 +03:00 [INF] CORS policy execution successful.
2026-06-07 14:26:30.335 +03:00 [INF] HTTP OPTIONS /api/loans/active responded 204 in 0.1672 ms
2026-06-07 14:26:30.335 +03:00 [INF] Request finished HTTP/1.1 OPTIONS http://localhost:5112/api/loans/active - 204 null null 0.9245ms
2026-06-07 14:26:30.344 +03:00 [INF] Request starting HTTP/1.1 GET http://localhost:5112/api/loans/active - application/json null
2026-06-07 14:26:30.344 +03:00 [INF] CORS policy execution successful.
2026-06-07 14:26:30.344 +03:00 [INF] Route matched with {action = "GetActive", controller = "Loans"}. Executing controller action with signature System.Threading.Tasks.Task`1[Microsoft.AspNetCore.Mvc.IActionResult] GetActive(System.Threading.CancellationToken) on controller LibraryApp.Api.Controllers.LoansController (LibraryApp.Api).
2026-06-07 14:26:30.348 +03:00 [INF] Executing OkObjectResult, writing value of type 'System.Collections.Generic.List`1[[LibraryApp.Core.DTOs.ActiveLoanDto, LibraryApp.Core, Version=1.0.0.0, Culture=neutral, PublicKeyToken=null]]'.
2026-06-07 14:26:30.348 +03:00 [INF] Executed action LibraryApp.Api.Controllers.LoansController.GetActive (LibraryApp.Api) in 4.2286ms
2026-06-07 14:26:30.348 +03:00 [INF] HTTP GET /api/loans/active responded 200 in 4.7049 ms
2026-06-07 14:26:30.349 +03:00 [INF] Request finished HTTP/1.1 GET http://localhost:5112/api/loans/active - 200 null application/json; charset=utf-8 5.0553ms
2026-06-07 14:26:34.802 +03:00 [INF] Request starting HTTP/1.1 OPTIONS http://localhost:5112/api/loans/checkout - null null
2026-06-07 14:26:34.802 +03:00 [INF] CORS policy execution successful.
2026-06-07 14:26:34.803 +03:00 [INF] HTTP OPTIONS /api/loans/checkout responded 204 in 0.1650 ms
2026-06-07 14:26:34.803 +03:00 [INF] Request finished HTTP/1.1 OPTIONS http://localhost:5112/api/loans/checkout - 204 null null 0.9159ms
2026-06-07 14:26:34.808 +03:00 [INF] Request starting HTTP/1.1 POST http://localhost:5112/api/loans/checkout - application/json 25
2026-06-07 14:26:34.808 +03:00 [INF] CORS policy execution successful.
2026-06-07 14:26:34.815 +03:00 [INF] Route matched with {action = "CheckOut", controller = "Loans"}. Executing controller action with signature System.Threading.Tasks.Task`1[Microsoft.AspNetCore.Mvc.IActionResult] CheckOut(LibraryApp.Core.DTOs.CheckOutCommand, System.Threading.CancellationToken) on controller LibraryApp.Api.Controllers.LoansController (LibraryApp.Api).
2026-06-07 14:26:34.842 +03:00 [WRN] The query uses the 'First'/'FirstOrDefault' operator without 'OrderBy' and filter operators. This may lead to unpredictable results.
2026-06-07 14:26:35.034 +03:00 [WRN] Savepoints are disabled because Multiple Active Result Sets (MARS) is enabled. If 'SaveChanges' fails, then the transaction cannot be automatically rolled back to a known clean state. Instead, the transaction should be rolled back by the application before retrying 'SaveChanges'. See https://go.microsoft.com/fwlink/?linkid=2149338 for more information and examples. To identify the code which triggers this warning, call 'ConfigureWarnings(w => w.Throw(SqlServerEventId.SavepointsDisabledBecauseOfMARS))'.
2026-06-07 14:26:35.076 +03:00 [INF] Loan 1003 created: member 1, copy 5
2026-06-07 14:26:35.077 +03:00 [INF] Executing CreatedAtActionResult, writing value of type 'LibraryApp.Core.DTOs.LoanDto'.
2026-06-07 14:26:35.096 +03:00 [INF] Executed action LibraryApp.Api.Controllers.LoansController.CheckOut (LibraryApp.Api) in 280.6684ms
2026-06-07 14:26:35.096 +03:00 [INF] HTTP POST /api/loans/checkout responded 201 in 287.5721 ms
2026-06-07 14:26:35.096 +03:00 [INF] Request finished HTTP/1.1 POST http://localhost:5112/api/loans/checkout - 201 null application/json; charset=utf-8 287.9491ms
2026-06-07 14:26:35.114 +03:00 [INF] Request starting HTTP/1.1 OPTIONS http://localhost:5112/api/loans/active - null null
2026-06-07 14:26:35.114 +03:00 [INF] CORS policy execution successful.
2026-06-07 14:26:35.114 +03:00 [INF] HTTP OPTIONS /api/loans/active responded 204 in 0.1097 ms
2026-06-07 14:26:35.115 +03:00 [INF] Request finished HTTP/1.1 OPTIONS http://localhost:5112/api/loans/active - 204 null null 0.4024ms
2026-06-07 14:26:35.122 +03:00 [INF] Request starting HTTP/1.1 GET http://localhost:5112/api/loans/active - application/json null
2026-06-07 14:26:35.122 +03:00 [INF] CORS policy execution successful.
2026-06-07 14:26:35.123 +03:00 [INF] Route matched with {action = "GetActive", controller = "Loans"}. Executing controller action with signature System.Threading.Tasks.Task`1[Microsoft.AspNetCore.Mvc.IActionResult] GetActive(System.Threading.CancellationToken) on controller LibraryApp.Api.Controllers.LoansController (LibraryApp.Api).
2026-06-07 14:26:35.126 +03:00 [INF] Executing OkObjectResult, writing value of type 'System.Collections.Generic.List`1[[LibraryApp.Core.DTOs.ActiveLoanDto, LibraryApp.Core, Version=1.0.0.0, Culture=neutral, PublicKeyToken=null]]'.
2026-06-07 14:26:35.126 +03:00 [INF] Executed action LibraryApp.Api.Controllers.LoansController.GetActive (LibraryApp.Api) in 3.2595ms
2026-06-07 14:26:35.126 +03:00 [INF] HTTP GET /api/loans/active responded 200 in 3.6284 ms
2026-06-07 14:26:35.126 +03:00 [INF] Request finished HTTP/1.1 GET http://localhost:5112/api/loans/active - 200 null application/json; charset=utf-8 4.0676ms
2026-06-07 14:26:37.783 +03:00 [INF] Request starting HTTP/1.1 OPTIONS http://localhost:5112/api/authors - null null
2026-06-07 14:26:37.783 +03:00 [INF] CORS policy execution successful.
2026-06-07 14:26:37.783 +03:00 [INF] HTTP OPTIONS /api/authors responded 204 in 0.2662 ms
2026-06-07 14:26:37.784 +03:00 [INF] Request finished HTTP/1.1 OPTIONS http://localhost:5112/api/authors - 204 null null 0.5759ms
2026-06-07 14:26:37.786 +03:00 [INF] Request starting HTTP/1.1 OPTIONS http://localhost:5112/api/categories - null null
2026-06-07 14:26:37.786 +03:00 [INF] CORS policy execution successful.
2026-06-07 14:26:37.786 +03:00 [INF] HTTP OPTIONS /api/categories responded 204 in 0.1349 ms
2026-06-07 14:26:37.788 +03:00 [INF] Request finished HTTP/1.1 OPTIONS http://localhost:5112/api/categories - 204 null null 1.8384ms
2026-06-07 14:26:37.793 +03:00 [INF] Request starting HTTP/1.1 OPTIONS http://localhost:5112/api/books?page=1&pageSize=20 - null null
2026-06-07 14:26:37.793 +03:00 [INF] CORS policy execution successful.
2026-06-07 14:26:37.793 +03:00 [INF] HTTP OPTIONS /api/books responded 204 in 0.0861 ms
2026-06-07 14:26:37.793 +03:00 [INF] Request finished HTTP/1.1 OPTIONS http://localhost:5112/api/books?page=1&pageSize=20 - 204 null null 0.5427ms
2026-06-07 14:26:37.797 +03:00 [INF] Request starting HTTP/1.1 GET http://localhost:5112/api/authors - application/json null
2026-06-07 14:26:37.798 +03:00 [INF] CORS policy execution successful.
2026-06-07 14:26:37.799 +03:00 [INF] Route matched with {action = "GetAll", controller = "Authors"}. Executing controller action with signature System.Threading.Tasks.Task`1[Microsoft.AspNetCore.Mvc.IActionResult] GetAll(System.Threading.CancellationToken) on controller LibraryApp.Api.Controllers.AuthorsController (LibraryApp.Api).
2026-06-07 14:26:37.801 +03:00 [INF] Request starting HTTP/1.1 GET http://localhost:5112/api/categories - application/json null
2026-06-07 14:26:37.801 +03:00 [INF] CORS policy execution successful.
2026-06-07 14:26:37.801 +03:00 [INF] Route matched with {action = "GetAll", controller = "Categories"}. Executing controller action with signature System.Threading.Tasks.Task`1[Microsoft.AspNetCore.Mvc.IActionResult] GetAll(System.Threading.CancellationToken) on controller LibraryApp.Api.Controllers.CategoriesController (LibraryApp.Api).
2026-06-07 14:26:37.802 +03:00 [INF] Request starting HTTP/1.1 GET http://localhost:5112/api/books?page=1&pageSize=20 - application/json null
2026-06-07 14:26:37.802 +03:00 [INF] CORS policy execution successful.
2026-06-07 14:26:37.803 +03:00 [INF] Route matched with {action = "Search", controller = "Books"}. Executing controller action with signature System.Threading.Tasks.Task`1[Microsoft.AspNetCore.Mvc.IActionResult] Search(BookSearchQuery, System.Threading.CancellationToken) on controller BooksController (LibraryApp.Api).
2026-06-07 14:26:37.804 +03:00 [INF] Executing OkObjectResult, writing value of type 'System.Collections.Generic.List`1[[<>f__AnonymousType1`2[[System.Int32, System.Private.CoreLib, Version=8.0.0.0, Culture=neutral, PublicKeyToken=7cec85d7bea7798e],[System.String, System.Private.CoreLib, Version=8.0.0.0, Culture=neutral, PublicKeyToken=7cec85d7bea7798e]], LibraryApp.Api, Version=1.0.0.0, Culture=neutral, PublicKeyToken=null]]'.
2026-06-07 14:26:37.804 +03:00 [INF] Executing OkObjectResult, writing value of type 'System.Collections.Generic.List`1[[LibraryApp.Core.DTOs.AuthorDto, LibraryApp.Core, Version=1.0.0.0, Culture=neutral, PublicKeyToken=null]]'.
2026-06-07 14:26:37.805 +03:00 [INF] Executed action LibraryApp.Api.Controllers.AuthorsController.GetAll (LibraryApp.Api) in 5.4078ms
2026-06-07 14:26:37.805 +03:00 [INF] HTTP GET /api/authors responded 200 in 6.6082 ms
2026-06-07 14:26:37.805 +03:00 [INF] Executed action LibraryApp.Api.Controllers.CategoriesController.GetAll (LibraryApp.Api) in 3.3015ms
2026-06-07 14:26:37.805 +03:00 [INF] HTTP GET /api/categories responded 200 in 4.1523 ms
2026-06-07 14:26:37.805 +03:00 [INF] Request finished HTTP/1.1 GET http://localhost:5112/api/authors - 200 null application/json; charset=utf-8 7.9445ms
2026-06-07 14:26:37.805 +03:00 [INF] Request finished HTTP/1.1 GET http://localhost:5112/api/categories - 200 null application/json; charset=utf-8 4.578ms
2026-06-07 14:26:37.819 +03:00 [INF] Executing OkObjectResult, writing value of type 'PagedResult`1[[BookDto, LibraryApp.Core, Version=1.0.0.0, Culture=neutral, PublicKeyToken=null]]'.
2026-06-07 14:26:37.819 +03:00 [INF] Executed action BooksController.Search (LibraryApp.Api) in 16.4884ms
2026-06-07 14:26:37.820 +03:00 [INF] HTTP GET /api/books responded 200 in 17.1656 ms
2026-06-07 14:26:37.820 +03:00 [INF] Request finished HTTP/1.1 GET http://localhost:5112/api/books?page=1&pageSize=20 - 200 null application/json; charset=utf-8 17.9707ms
2026-06-07 14:26:47.217 +03:00 [INF] Request starting HTTP/1.1 OPTIONS http://localhost:5112/api/books?page=1&pageSize=20 - null null
2026-06-07 14:26:47.217 +03:00 [INF] CORS policy execution successful.
2026-06-07 14:26:47.217 +03:00 [INF] HTTP OPTIONS /api/books responded 204 in 0.0980 ms
2026-06-07 14:26:47.217 +03:00 [INF] Request finished HTTP/1.1 OPTIONS http://localhost:5112/api/books?page=1&pageSize=20 - 204 null null 0.4033ms
2026-06-07 14:26:47.225 +03:00 [INF] Request starting HTTP/1.1 GET http://localhost:5112/api/books?page=1&pageSize=20 - application/json null
2026-06-07 14:26:47.225 +03:00 [INF] CORS policy execution successful.
2026-06-07 14:26:47.225 +03:00 [INF] Route matched with {action = "Search", controller = "Books"}. Executing controller action with signature System.Threading.Tasks.Task`1[Microsoft.AspNetCore.Mvc.IActionResult] Search(BookSearchQuery, System.Threading.CancellationToken) on controller BooksController (LibraryApp.Api).
2026-06-07 14:26:47.231 +03:00 [INF] Executing OkObjectResult, writing value of type 'PagedResult`1[[BookDto, LibraryApp.Core, Version=1.0.0.0, Culture=neutral, PublicKeyToken=null]]'.
2026-06-07 14:26:47.231 +03:00 [INF] Executed action BooksController.Search (LibraryApp.Api) in 5.5333ms
2026-06-07 14:26:47.231 +03:00 [INF] HTTP GET /api/books responded 200 in 5.8850 ms
2026-06-07 14:26:47.231 +03:00 [INF] Request finished HTTP/1.1 GET http://localhost:5112/api/books?page=1&pageSize=20 - 200 null application/json; charset=utf-8 6.6729ms
2026-06-07 14:26:49.643 +03:00 [INF] Request starting HTTP/1.1 OPTIONS http://localhost:5112/api/books?categoryId=1&page=1&pageSize=20 - null null
2026-06-07 14:26:49.643 +03:00 [INF] CORS policy execution successful.
2026-06-07 14:26:49.644 +03:00 [INF] HTTP OPTIONS /api/books responded 204 in 0.0716 ms
2026-06-07 14:26:49.644 +03:00 [INF] Request finished HTTP/1.1 OPTIONS http://localhost:5112/api/books?categoryId=1&page=1&pageSize=20 - 204 null null 0.3209ms
2026-06-07 14:26:49.648 +03:00 [INF] Request starting HTTP/1.1 GET http://localhost:5112/api/books?categoryId=1&page=1&pageSize=20 - application/json null
2026-06-07 14:26:49.648 +03:00 [INF] CORS policy execution successful.
2026-06-07 14:26:49.648 +03:00 [INF] Route matched with {action = "Search", controller = "Books"}. Executing controller action with signature System.Threading.Tasks.Task`1[Microsoft.AspNetCore.Mvc.IActionResult] Search(BookSearchQuery, System.Threading.CancellationToken) on controller BooksController (LibraryApp.Api).
2026-06-07 14:26:49.698 +03:00 [WRN] Compiling a query which loads related collections for more than one collection navigation, either via 'Include' or through projection, but no 'QuerySplittingBehavior' has been configured. By default, Entity Framework will use 'QuerySplittingBehavior.SingleQuery', which can potentially result in slow query performance. See https://go.microsoft.com/fwlink/?linkid=2134277 for more information. To identify the query that's triggering this warning call 'ConfigureWarnings(w => w.Throw(RelationalEventId.MultipleCollectionIncludeWarning))'.
2026-06-07 14:26:49.746 +03:00 [INF] Executing OkObjectResult, writing value of type 'PagedResult`1[[BookDto, LibraryApp.Core, Version=1.0.0.0, Culture=neutral, PublicKeyToken=null]]'.
2026-06-07 14:26:49.746 +03:00 [INF] Executed action BooksController.Search (LibraryApp.Api) in 97.7672ms
2026-06-07 14:26:49.746 +03:00 [INF] HTTP GET /api/books responded 200 in 98.1813 ms
2026-06-07 14:26:49.746 +03:00 [INF] Request finished HTTP/1.1 GET http://localhost:5112/api/books?categoryId=1&page=1&pageSize=20 - 200 null application/json; charset=utf-8 98.4244ms
2026-06-07 14:26:54.166 +03:00 [INF] Request starting HTTP/1.1 OPTIONS http://localhost:5112/api/books?page=1&pageSize=20 - null null
2026-06-07 14:26:54.166 +03:00 [INF] CORS policy execution successful.
2026-06-07 14:26:54.166 +03:00 [INF] HTTP OPTIONS /api/books responded 204 in 0.0738 ms
2026-06-07 14:26:54.166 +03:00 [INF] Request finished HTTP/1.1 OPTIONS http://localhost:5112/api/books?page=1&pageSize=20 - 204 null null 0.3775ms
2026-06-07 14:26:54.173 +03:00 [INF] Request starting HTTP/1.1 GET http://localhost:5112/api/books?page=1&pageSize=20 - application/json null
2026-06-07 14:26:54.173 +03:00 [INF] CORS policy execution successful.
2026-06-07 14:26:54.173 +03:00 [INF] Route matched with {action = "Search", controller = "Books"}. Executing controller action with signature System.Threading.Tasks.Task`1[Microsoft.AspNetCore.Mvc.IActionResult] Search(BookSearchQuery, System.Threading.CancellationToken) on controller BooksController (LibraryApp.Api).
2026-06-07 14:26:54.179 +03:00 [INF] Executing OkObjectResult, writing value of type 'PagedResult`1[[BookDto, LibraryApp.Core, Version=1.0.0.0, Culture=neutral, PublicKeyToken=null]]'.
2026-06-07 14:26:54.179 +03:00 [INF] Executed action BooksController.Search (LibraryApp.Api) in 5.7493ms
2026-06-07 14:26:54.179 +03:00 [INF] HTTP GET /api/books responded 200 in 6.1934 ms
2026-06-07 14:26:54.179 +03:00 [INF] Request finished HTTP/1.1 GET http://localhost:5112/api/books?page=1&pageSize=20 - 200 null application/json; charset=utf-8 6.5161ms
2026-06-07 14:27:12.512 +03:00 [INF] Request starting HTTP/1.1 OPTIONS http://localhost:5112/api/books?authorName=J.R.R.%20Tolkien&page=1&pageSize=20 - null null
2026-06-07 14:27:12.512 +03:00 [INF] CORS policy execution successful.
2026-06-07 14:27:12.512 +03:00 [INF] HTTP OPTIONS /api/books responded 204 in 0.0781 ms
2026-06-07 14:27:12.512 +03:00 [INF] Request finished HTTP/1.1 OPTIONS http://localhost:5112/api/books?authorName=J.R.R.%20Tolkien&page=1&pageSize=20 - 204 null null 0.404ms
2026-06-07 14:27:12.517 +03:00 [INF] Request starting HTTP/1.1 GET http://localhost:5112/api/books?authorName=J.R.R.%20Tolkien&page=1&pageSize=20 - application/json null
2026-06-07 14:27:12.517 +03:00 [INF] CORS policy execution successful.
2026-06-07 14:27:12.517 +03:00 [INF] Route matched with {action = "Search", controller = "Books"}. Executing controller action with signature System.Threading.Tasks.Task`1[Microsoft.AspNetCore.Mvc.IActionResult] Search(BookSearchQuery, System.Threading.CancellationToken) on controller BooksController (LibraryApp.Api).
2026-06-07 14:27:12.562 +03:00 [WRN] Compiling a query which loads related collections for more than one collection navigation, either via 'Include' or through projection, but no 'QuerySplittingBehavior' has been configured. By default, Entity Framework will use 'QuerySplittingBehavior.SingleQuery', which can potentially result in slow query performance. See https://go.microsoft.com/fwlink/?linkid=2134277 for more information. To identify the query that's triggering this warning call 'ConfigureWarnings(w => w.Throw(RelationalEventId.MultipleCollectionIncludeWarning))'.
2026-06-07 14:27:12.603 +03:00 [INF] Executing OkObjectResult, writing value of type 'PagedResult`1[[BookDto, LibraryApp.Core, Version=1.0.0.0, Culture=neutral, PublicKeyToken=null]]'.
2026-06-07 14:27:12.604 +03:00 [INF] Executed action BooksController.Search (LibraryApp.Api) in 86.4368ms
2026-06-07 14:27:12.604 +03:00 [INF] HTTP GET /api/books responded 200 in 86.9609 ms
2026-06-07 14:27:12.604 +03:00 [INF] Request finished HTTP/1.1 GET http://localhost:5112/api/books?authorName=J.R.R.%20Tolkien&page=1&pageSize=20 - 200 null application/json; charset=utf-8 87.2122ms
2026-06-07 14:27:16.255 +03:00 [INF] Request starting HTTP/1.1 OPTIONS http://localhost:5112/api/books?page=1&pageSize=20 - null null
2026-06-07 14:27:16.255 +03:00 [INF] CORS policy execution successful.
2026-06-07 14:27:16.255 +03:00 [INF] HTTP OPTIONS /api/books responded 204 in 0.0810 ms
2026-06-07 14:27:16.255 +03:00 [INF] Request finished HTTP/1.1 OPTIONS http://localhost:5112/api/books?page=1&pageSize=20 - 204 null null 0.3849ms
2026-06-07 14:27:16.259 +03:00 [INF] Request starting HTTP/1.1 GET http://localhost:5112/api/books?page=1&pageSize=20 - application/json null
2026-06-07 14:27:16.259 +03:00 [INF] CORS policy execution successful.
2026-06-07 14:27:16.259 +03:00 [INF] Route matched with {action = "Search", controller = "Books"}. Executing controller action with signature System.Threading.Tasks.Task`1[Microsoft.AspNetCore.Mvc.IActionResult] Search(BookSearchQuery, System.Threading.CancellationToken) on controller BooksController (LibraryApp.Api).
2026-06-07 14:27:16.264 +03:00 [INF] Executing OkObjectResult, writing value of type 'PagedResult`1[[BookDto, LibraryApp.Core, Version=1.0.0.0, Culture=neutral, PublicKeyToken=null]]'.
2026-06-07 14:27:16.264 +03:00 [INF] Executed action BooksController.Search (LibraryApp.Api) in 4.5427ms
2026-06-07 14:27:16.264 +03:00 [INF] HTTP GET /api/books responded 200 in 4.8895 ms
2026-06-07 14:27:16.264 +03:00 [INF] Request finished HTTP/1.1 GET http://localhost:5112/api/books?page=1&pageSize=20 - 200 null application/json; charset=utf-8 5.2368ms
2026-06-07 14:27:18.076 +03:00 [INF] Request starting HTTP/1.1 OPTIONS http://localhost:5112/api/authors - null null
2026-06-07 14:27:18.076 +03:00 [INF] CORS policy execution successful.
2026-06-07 14:27:18.076 +03:00 [INF] HTTP OPTIONS /api/authors responded 204 in 0.0835 ms
2026-06-07 14:27:18.076 +03:00 [INF] Request finished HTTP/1.1 OPTIONS http://localhost:5112/api/authors - 204 null null 0.4559ms
2026-06-07 14:27:18.077 +03:00 [INF] Request starting HTTP/1.1 OPTIONS http://localhost:5112/api/categories - null null
2026-06-07 14:27:18.078 +03:00 [INF] CORS policy execution successful.
2026-06-07 14:27:18.078 +03:00 [INF] HTTP OPTIONS /api/categories responded 204 in 0.0679 ms
2026-06-07 14:27:18.078 +03:00 [INF] Request finished HTTP/1.1 OPTIONS http://localhost:5112/api/categories - 204 null null 0.4626ms
2026-06-07 14:27:18.084 +03:00 [INF] Request starting HTTP/1.1 GET http://localhost:5112/api/categories - application/json null
2026-06-07 14:27:18.084 +03:00 [INF] Request starting HTTP/1.1 GET http://localhost:5112/api/authors - application/json null
2026-06-07 14:27:18.085 +03:00 [INF] CORS policy execution successful.
2026-06-07 14:27:18.085 +03:00 [INF] CORS policy execution successful.
2026-06-07 14:27:18.085 +03:00 [INF] Route matched with {action = "GetAll", controller = "Categories"}. Executing controller action with signature System.Threading.Tasks.Task`1[Microsoft.AspNetCore.Mvc.IActionResult] GetAll(System.Threading.CancellationToken) on controller LibraryApp.Api.Controllers.CategoriesController (LibraryApp.Api).
2026-06-07 14:27:18.085 +03:00 [INF] Route matched with {action = "GetAll", controller = "Authors"}. Executing controller action with signature System.Threading.Tasks.Task`1[Microsoft.AspNetCore.Mvc.IActionResult] GetAll(System.Threading.CancellationToken) on controller LibraryApp.Api.Controllers.AuthorsController (LibraryApp.Api).
2026-06-07 14:27:18.087 +03:00 [INF] Executing OkObjectResult, writing value of type 'System.Collections.Generic.List`1[[LibraryApp.Core.DTOs.AuthorDto, LibraryApp.Core, Version=1.0.0.0, Culture=neutral, PublicKeyToken=null]]'.
2026-06-07 14:27:18.087 +03:00 [INF] Executing OkObjectResult, writing value of type 'System.Collections.Generic.List`1[[<>f__AnonymousType1`2[[System.Int32, System.Private.CoreLib, Version=8.0.0.0, Culture=neutral, PublicKeyToken=7cec85d7bea7798e],[System.String, System.Private.CoreLib, Version=8.0.0.0, Culture=neutral, PublicKeyToken=7cec85d7bea7798e]], LibraryApp.Api, Version=1.0.0.0, Culture=neutral, PublicKeyToken=null]]'.
2026-06-07 14:27:18.087 +03:00 [INF] Executed action LibraryApp.Api.Controllers.CategoriesController.GetAll (LibraryApp.Api) in 1.9895ms
2026-06-07 14:27:18.087 +03:00 [INF] Executed action LibraryApp.Api.Controllers.AuthorsController.GetAll (LibraryApp.Api) in 1.9454ms
2026-06-07 14:27:18.087 +03:00 [INF] HTTP GET /api/categories responded 200 in 2.3058 ms
2026-06-07 14:27:18.087 +03:00 [INF] HTTP GET /api/authors responded 200 in 2.3184 ms
2026-06-07 14:27:18.087 +03:00 [INF] Request finished HTTP/1.1 GET http://localhost:5112/api/authors - 200 null application/json; charset=utf-8 2.8799ms
2026-06-07 14:27:18.087 +03:00 [INF] Request finished HTTP/1.1 GET http://localhost:5112/api/categories - 200 null application/json; charset=utf-8 2.7651ms
2026-06-07 14:27:20.313 +03:00 [INF] Request starting HTTP/1.1 GET http://localhost:5112/api/authors - application/json null
2026-06-07 14:27:20.313 +03:00 [INF] CORS policy execution successful.
2026-06-07 14:27:20.313 +03:00 [INF] Request starting HTTP/1.1 GET http://localhost:5112/api/categories - application/json null
2026-06-07 14:27:20.314 +03:00 [INF] CORS policy execution successful.
2026-06-07 14:27:20.314 +03:00 [INF] Route matched with {action = "GetAll", controller = "Categories"}. Executing controller action with signature System.Threading.Tasks.Task`1[Microsoft.AspNetCore.Mvc.IActionResult] GetAll(System.Threading.CancellationToken) on controller LibraryApp.Api.Controllers.CategoriesController (LibraryApp.Api).
2026-06-07 14:27:20.313 +03:00 [INF] Route matched with {action = "GetAll", controller = "Authors"}. Executing controller action with signature System.Threading.Tasks.Task`1[Microsoft.AspNetCore.Mvc.IActionResult] GetAll(System.Threading.CancellationToken) on controller LibraryApp.Api.Controllers.AuthorsController (LibraryApp.Api).
2026-06-07 14:27:20.316 +03:00 [INF] Request starting HTTP/1.1 GET http://localhost:5112/api/books?page=1&pageSize=20 - application/json null
2026-06-07 14:27:20.316 +03:00 [INF] CORS policy execution successful.
2026-06-07 14:27:20.316 +03:00 [INF] Route matched with {action = "Search", controller = "Books"}. Executing controller action with signature System.Threading.Tasks.Task`1[Microsoft.AspNetCore.Mvc.IActionResult] Search(BookSearchQuery, System.Threading.CancellationToken) on controller BooksController (LibraryApp.Api).
2026-06-07 14:27:20.317 +03:00 [INF] Executing OkObjectResult, writing value of type 'System.Collections.Generic.List`1[[<>f__AnonymousType1`2[[System.Int32, System.Private.CoreLib, Version=8.0.0.0, Culture=neutral, PublicKeyToken=7cec85d7bea7798e],[System.String, System.Private.CoreLib, Version=8.0.0.0, Culture=neutral, PublicKeyToken=7cec85d7bea7798e]], LibraryApp.Api, Version=1.0.0.0, Culture=neutral, PublicKeyToken=null]]'.
2026-06-07 14:27:20.318 +03:00 [INF] Executed action LibraryApp.Api.Controllers.CategoriesController.GetAll (LibraryApp.Api) in 2.9256ms
2026-06-07 14:27:20.318 +03:00 [INF] HTTP GET /api/categories responded 200 in 3.9932 ms
2026-06-07 14:27:20.318 +03:00 [INF] Request finished HTTP/1.1 GET http://localhost:5112/api/categories - 200 null application/json; charset=utf-8 4.4169ms
2026-06-07 14:27:20.318 +03:00 [INF] Executing OkObjectResult, writing value of type 'System.Collections.Generic.List`1[[LibraryApp.Core.DTOs.AuthorDto, LibraryApp.Core, Version=1.0.0.0, Culture=neutral, PublicKeyToken=null]]'.
2026-06-07 14:27:20.318 +03:00 [INF] Executed action LibraryApp.Api.Controllers.AuthorsController.GetAll (LibraryApp.Api) in 2.7489ms
2026-06-07 14:27:20.318 +03:00 [INF] HTTP GET /api/authors responded 200 in 5.0966 ms
2026-06-07 14:27:20.318 +03:00 [INF] Request finished HTTP/1.1 GET http://localhost:5112/api/authors - 200 null application/json; charset=utf-8 5.4399ms
2026-06-07 14:27:20.321 +03:00 [INF] Executing OkObjectResult, writing value of type 'PagedResult`1[[BookDto, LibraryApp.Core, Version=1.0.0.0, Culture=neutral, PublicKeyToken=null]]'.
2026-06-07 14:27:20.321 +03:00 [INF] Executed action BooksController.Search (LibraryApp.Api) in 4.8706ms
2026-06-07 14:27:20.322 +03:00 [INF] HTTP GET /api/books responded 200 in 5.3603 ms
2026-06-07 14:27:20.322 +03:00 [INF] Request finished HTTP/1.1 GET http://localhost:5112/api/books?page=1&pageSize=20 - 200 null application/json; charset=utf-8 5.7297ms
2026-06-07 14:27:23.745 +03:00 [INF] Request starting HTTP/1.1 OPTIONS http://localhost:5112/api/books/1 - null null
2026-06-07 14:27:23.746 +03:00 [INF] CORS policy execution successful.
2026-06-07 14:27:23.746 +03:00 [INF] HTTP OPTIONS /api/books/1 responded 204 in 0.7322 ms
2026-06-07 14:27:23.747 +03:00 [INF] Request finished HTTP/1.1 OPTIONS http://localhost:5112/api/books/1 - 204 null null 1.1462ms
2026-06-07 14:27:23.751 +03:00 [INF] Request starting HTTP/1.1 GET http://localhost:5112/api/books/1 - application/json null
2026-06-07 14:27:23.751 +03:00 [INF] CORS policy execution successful.
2026-06-07 14:27:23.751 +03:00 [INF] Route matched with {action = "GetById", controller = "Books"}. Executing controller action with signature System.Threading.Tasks.Task`1[Microsoft.AspNetCore.Mvc.IActionResult] GetById(Int32, System.Threading.CancellationToken) on controller BooksController (LibraryApp.Api).
2026-06-07 14:27:23.754 +03:00 [INF] Executing OkObjectResult, writing value of type 'BookDto'.
2026-06-07 14:27:23.754 +03:00 [INF] Executed action BooksController.GetById (LibraryApp.Api) in 2.9586ms
2026-06-07 14:27:23.754 +03:00 [INF] HTTP GET /api/books/1 responded 200 in 3.4194 ms
2026-06-07 14:27:23.755 +03:00 [INF] Request finished HTTP/1.1 GET http://localhost:5112/api/books/1 - 200 null application/json; charset=utf-8 3.7524ms
2026-06-07 14:28:29.675 +03:00 [INF] Request starting HTTP/1.1 GET http://localhost:5112/api/books/1 - application/json null
2026-06-07 14:28:29.676 +03:00 [INF] Route matched with {action = "GetById", controller = "Books"}. Executing controller action with signature System.Threading.Tasks.Task`1[Microsoft.AspNetCore.Mvc.IActionResult] GetById(Int32, System.Threading.CancellationToken) on controller BooksController (LibraryApp.Api).
2026-06-07 14:28:29.678 +03:00 [INF] Executing OkObjectResult, writing value of type 'BookDto'.
2026-06-07 14:28:29.678 +03:00 [INF] Executed action BooksController.GetById (LibraryApp.Api) in 2.3859ms
2026-06-07 14:28:29.678 +03:00 [INF] HTTP GET /api/books/1 responded 200 in 2.6153 ms
2026-06-07 14:28:29.678 +03:00 [INF] Request finished HTTP/1.1 GET http://localhost:5112/api/books/1 - 200 null application/json; charset=utf-8 3.0273ms
2026-06-07 14:28:30.228 +03:00 [INF] Request starting HTTP/1.1 OPTIONS http://localhost:5112/api/books/1 - null null
2026-06-07 14:28:30.231 +03:00 [INF] CORS policy execution successful.
2026-06-07 14:28:30.232 +03:00 [INF] HTTP OPTIONS /api/books/1 responded 204 in 3.0143 ms
2026-06-07 14:28:30.232 +03:00 [INF] Request finished HTTP/1.1 OPTIONS http://localhost:5112/api/books/1 - 204 null null 3.4318ms
2026-06-07 14:28:30.238 +03:00 [INF] Request starting HTTP/1.1 GET http://localhost:5112/api/books/1 - application/json null
2026-06-07 14:28:30.238 +03:00 [INF] CORS policy execution successful.
2026-06-07 14:28:30.238 +03:00 [INF] Route matched with {action = "GetById", controller = "Books"}. Executing controller action with signature System.Threading.Tasks.Task`1[Microsoft.AspNetCore.Mvc.IActionResult] GetById(Int32, System.Threading.CancellationToken) on controller BooksController (LibraryApp.Api).
2026-06-07 14:28:30.241 +03:00 [INF] Executing OkObjectResult, writing value of type 'BookDto'.
2026-06-07 14:28:30.241 +03:00 [INF] Executed action BooksController.GetById (LibraryApp.Api) in 3.3203ms
2026-06-07 14:28:30.241 +03:00 [INF] HTTP GET /api/books/1 responded 200 in 3.6406 ms
2026-06-07 14:28:30.242 +03:00 [INF] Request finished HTTP/1.1 GET http://localhost:5112/api/books/1 - 200 null application/json; charset=utf-8 4.0134ms
2026-06-07 14:29:02.297 +03:00 [INF] Request starting HTTP/1.1 OPTIONS http://localhost:5112/api/authors - null null
2026-06-07 14:29:02.297 +03:00 [INF] CORS policy execution successful.
2026-06-07 14:29:02.297 +03:00 [INF] HTTP OPTIONS /api/authors responded 204 in 0.1042 ms
2026-06-07 14:29:02.298 +03:00 [INF] Request finished HTTP/1.1 OPTIONS http://localhost:5112/api/authors - 204 null null 0.8433ms
2026-06-07 14:29:02.299 +03:00 [INF] Request starting HTTP/1.1 OPTIONS http://localhost:5112/api/categories - null null
2026-06-07 14:29:02.299 +03:00 [INF] CORS policy execution successful.
2026-06-07 14:29:02.299 +03:00 [INF] HTTP OPTIONS /api/categories responded 204 in 0.0715 ms
2026-06-07 14:29:02.299 +03:00 [INF] Request finished HTTP/1.1 OPTIONS http://localhost:5112/api/categories - 204 null null 0.2684ms
2026-06-07 14:29:02.299 +03:00 [INF] Request starting HTTP/1.1 OPTIONS http://localhost:5112/api/books/1 - null null
2026-06-07 14:29:02.299 +03:00 [INF] CORS policy execution successful.
2026-06-07 14:29:02.299 +03:00 [INF] HTTP OPTIONS /api/books/1 responded 204 in 0.0657 ms
2026-06-07 14:29:02.299 +03:00 [INF] Request finished HTTP/1.1 OPTIONS http://localhost:5112/api/books/1 - 204 null null 0.246ms
2026-06-07 14:29:02.310 +03:00 [INF] Request starting HTTP/1.1 GET http://localhost:5112/api/categories - application/json null
2026-06-07 14:29:02.311 +03:00 [INF] CORS policy execution successful.
2026-06-07 14:29:02.311 +03:00 [INF] Route matched with {action = "GetAll", controller = "Categories"}. Executing controller action with signature System.Threading.Tasks.Task`1[Microsoft.AspNetCore.Mvc.IActionResult] GetAll(System.Threading.CancellationToken) on controller LibraryApp.Api.Controllers.CategoriesController (LibraryApp.Api).
2026-06-07 14:29:02.310 +03:00 [INF] Request starting HTTP/1.1 GET http://localhost:5112/api/books/1 - application/json null
2026-06-07 14:29:02.314 +03:00 [INF] Request starting HTTP/1.1 GET http://localhost:5112/api/authors - application/json null
2026-06-07 14:29:02.315 +03:00 [INF] CORS policy execution successful.
2026-06-07 14:29:02.315 +03:00 [INF] CORS policy execution successful.
2026-06-07 14:29:02.315 +03:00 [INF] Route matched with {action = "GetById", controller = "Books"}. Executing controller action with signature System.Threading.Tasks.Task`1[Microsoft.AspNetCore.Mvc.IActionResult] GetById(Int32, System.Threading.CancellationToken) on controller BooksController (LibraryApp.Api).
2026-06-07 14:29:02.315 +03:00 [INF] Route matched with {action = "GetAll", controller = "Authors"}. Executing controller action with signature System.Threading.Tasks.Task`1[Microsoft.AspNetCore.Mvc.IActionResult] GetAll(System.Threading.CancellationToken) on controller LibraryApp.Api.Controllers.AuthorsController (LibraryApp.Api).
2026-06-07 14:29:02.317 +03:00 [INF] Executing OkObjectResult, writing value of type 'System.Collections.Generic.List`1[[<>f__AnonymousType1`2[[System.Int32, System.Private.CoreLib, Version=8.0.0.0, Culture=neutral, PublicKeyToken=7cec85d7bea7798e],[System.String, System.Private.CoreLib, Version=8.0.0.0, Culture=neutral, PublicKeyToken=7cec85d7bea7798e]], LibraryApp.Api, Version=1.0.0.0, Culture=neutral, PublicKeyToken=null]]'.
2026-06-07 14:29:02.317 +03:00 [INF] Executed action LibraryApp.Api.Controllers.CategoriesController.GetAll (LibraryApp.Api) in 5.7481ms
2026-06-07 14:29:02.317 +03:00 [INF] HTTP GET /api/categories responded 200 in 6.4123 ms
2026-06-07 14:29:02.317 +03:00 [INF] Request finished HTTP/1.1 GET http://localhost:5112/api/categories - 200 null application/json; charset=utf-8 6.9617ms
2026-06-07 14:29:02.323 +03:00 [INF] Executing OkObjectResult, writing value of type 'BookDto'.
2026-06-07 14:29:02.323 +03:00 [INF] Executed action BooksController.GetById (LibraryApp.Api) in 8.4693ms
2026-06-07 14:29:02.324 +03:00 [INF] HTTP GET /api/books/1 responded 200 in 8.8233 ms
2026-06-07 14:29:02.324 +03:00 [INF] Request finished HTTP/1.1 GET http://localhost:5112/api/books/1 - 200 null application/json; charset=utf-8 13.1619ms
2026-06-07 14:29:02.326 +03:00 [INF] Executing OkObjectResult, writing value of type 'System.Collections.Generic.List`1[[LibraryApp.Core.DTOs.AuthorDto, LibraryApp.Core, Version=1.0.0.0, Culture=neutral, PublicKeyToken=null]]'.
2026-06-07 14:29:02.326 +03:00 [INF] Executed action LibraryApp.Api.Controllers.AuthorsController.GetAll (LibraryApp.Api) in 10.8342ms
2026-06-07 14:29:02.327 +03:00 [INF] HTTP GET /api/authors responded 200 in 12.2182 ms
2026-06-07 14:29:02.327 +03:00 [INF] Request finished HTTP/1.1 GET http://localhost:5112/api/authors - 200 null application/json; charset=utf-8 12.5439ms
2026-06-07 14:29:02.440 +03:00 [INF] Request starting HTTP/1.1 GET http://localhost:5112/api/authors - application/json null
2026-06-07 14:29:02.440 +03:00 [INF] Route matched with {action = "GetAll", controller = "Authors"}. Executing controller action with signature System.Threading.Tasks.Task`1[Microsoft.AspNetCore.Mvc.IActionResult] GetAll(System.Threading.CancellationToken) on controller LibraryApp.Api.Controllers.AuthorsController (LibraryApp.Api).
2026-06-07 14:29:02.442 +03:00 [INF] Request starting HTTP/1.1 GET http://localhost:5112/api/loans/active - application/json null
2026-06-07 14:29:02.443 +03:00 [INF] Route matched with {action = "GetActive", controller = "Loans"}. Executing controller action with signature System.Threading.Tasks.Task`1[Microsoft.AspNetCore.Mvc.IActionResult] GetActive(System.Threading.CancellationToken) on controller LibraryApp.Api.Controllers.LoansController (LibraryApp.Api).
2026-06-07 14:29:02.443 +03:00 [INF] Request starting HTTP/1.1 GET http://localhost:5112/api/books?page=1&pageSize=20 - application/json null
2026-06-07 14:29:02.444 +03:00 [INF] Route matched with {action = "Search", controller = "Books"}. Executing controller action with signature System.Threading.Tasks.Task`1[Microsoft.AspNetCore.Mvc.IActionResult] Search(BookSearchQuery, System.Threading.CancellationToken) on controller BooksController (LibraryApp.Api).
2026-06-07 14:29:02.444 +03:00 [INF] Request starting HTTP/1.1 GET http://localhost:5112/api/categories - application/json null
2026-06-07 14:29:02.444 +03:00 [INF] Route matched with {action = "GetAll", controller = "Categories"}. Executing controller action with signature System.Threading.Tasks.Task`1[Microsoft.AspNetCore.Mvc.IActionResult] GetAll(System.Threading.CancellationToken) on controller LibraryApp.Api.Controllers.CategoriesController (LibraryApp.Api).
2026-06-07 14:29:02.446 +03:00 [INF] Executing OkObjectResult, writing value of type 'System.Collections.Generic.List`1[[LibraryApp.Core.DTOs.ActiveLoanDto, LibraryApp.Core, Version=1.0.0.0, Culture=neutral, PublicKeyToken=null]]'.
2026-06-07 14:29:02.446 +03:00 [INF] Executing OkObjectResult, writing value of type 'System.Collections.Generic.List`1[[<>f__AnonymousType1`2[[System.Int32, System.Private.CoreLib, Version=8.0.0.0, Culture=neutral, PublicKeyToken=7cec85d7bea7798e],[System.String, System.Private.CoreLib, Version=8.0.0.0, Culture=neutral, PublicKeyToken=7cec85d7bea7798e]], LibraryApp.Api, Version=1.0.0.0, Culture=neutral, PublicKeyToken=null]]'.
2026-06-07 14:29:02.446 +03:00 [INF] Executed action LibraryApp.Api.Controllers.LoansController.GetActive (LibraryApp.Api) in 3.4659ms
2026-06-07 14:29:02.446 +03:00 [INF] Executed action LibraryApp.Api.Controllers.CategoriesController.GetAll (LibraryApp.Api) in 2.2504ms
2026-06-07 14:29:02.446 +03:00 [INF] HTTP GET /api/loans/active responded 200 in 3.7610 ms
2026-06-07 14:29:02.446 +03:00 [INF] HTTP GET /api/categories responded 200 in 2.6695 ms
2026-06-07 14:29:02.447 +03:00 [INF] Request finished HTTP/1.1 GET http://localhost:5112/api/categories - 200 null application/json; charset=utf-8 3.0268ms
2026-06-07 14:29:02.447 +03:00 [INF] Request finished HTTP/1.1 GET http://localhost:5112/api/loans/active - 200 null application/json; charset=utf-8 4.3583ms
2026-06-07 14:29:02.450 +03:00 [INF] Executing OkObjectResult, writing value of type 'System.Collections.Generic.List`1[[LibraryApp.Core.DTOs.AuthorDto, LibraryApp.Core, Version=1.0.0.0, Culture=neutral, PublicKeyToken=null]]'.
2026-06-07 14:29:02.450 +03:00 [INF] Executed action LibraryApp.Api.Controllers.AuthorsController.GetAll (LibraryApp.Api) in 9.5912ms
2026-06-07 14:29:02.450 +03:00 [INF] HTTP GET /api/authors responded 200 in 9.9194 ms
2026-06-07 14:29:02.450 +03:00 [INF] Request finished HTTP/1.1 GET http://localhost:5112/api/authors - 200 null application/json; charset=utf-8 10.2199ms
2026-06-07 14:29:02.458 +03:00 [INF] Executing OkObjectResult, writing value of type 'PagedResult`1[[BookDto, LibraryApp.Core, Version=1.0.0.0, Culture=neutral, PublicKeyToken=null]]'.
2026-06-07 14:29:02.458 +03:00 [INF] Executed action BooksController.Search (LibraryApp.Api) in 14.1657ms
2026-06-07 14:29:02.458 +03:00 [INF] HTTP GET /api/books responded 200 in 14.3622 ms
2026-06-07 14:29:02.458 +03:00 [INF] Request finished HTTP/1.1 GET http://localhost:5112/api/books?page=1&pageSize=20 - 200 null application/json; charset=utf-8 14.6189ms
2026-06-07 14:29:02.518 +03:00 [INF] Request starting HTTP/1.1 GET http://localhost:5112/api/members - application/json null
2026-06-07 14:29:02.518 +03:00 [INF] Route matched with {action = "GetAll", controller = "Members"}. Executing controller action with signature System.Threading.Tasks.Task`1[Microsoft.AspNetCore.Mvc.IActionResult] GetAll(System.Threading.CancellationToken) on controller LibraryApp.Api.Controllers.MembersController (LibraryApp.Api).
2026-06-07 14:29:02.524 +03:00 [INF] Executing OkObjectResult, writing value of type 'System.Collections.Generic.List`1[[LibraryApp.Core.DTOs.MemberDto, LibraryApp.Core, Version=1.0.0.0, Culture=neutral, PublicKeyToken=null]]'.
2026-06-07 14:29:02.524 +03:00 [INF] Executed action LibraryApp.Api.Controllers.MembersController.GetAll (LibraryApp.Api) in 6.2297ms
2026-06-07 14:29:02.525 +03:00 [INF] HTTP GET /api/members responded 200 in 6.4941 ms
2026-06-07 14:29:02.525 +03:00 [INF] Request finished HTTP/1.1 GET http://localhost:5112/api/members - 200 null application/json; charset=utf-8 6.7655ms
2026-06-07 14:29:08.490 +03:00 [INF] Request starting HTTP/1.1 OPTIONS http://localhost:5112/api/books/1 - null null
2026-06-07 14:29:08.491 +03:00 [INF] CORS policy execution successful.
2026-06-07 14:29:08.491 +03:00 [INF] HTTP OPTIONS /api/books/1 responded 204 in 0.0769 ms
2026-06-07 14:29:08.491 +03:00 [INF] Request finished HTTP/1.1 OPTIONS http://localhost:5112/api/books/1 - 204 null null 0.3929ms
2026-06-07 14:29:08.496 +03:00 [INF] Request starting HTTP/1.1 GET http://localhost:5112/api/books/1 - application/json null
2026-06-07 14:29:08.496 +03:00 [INF] CORS policy execution successful.
2026-06-07 14:29:08.496 +03:00 [INF] Route matched with {action = "GetById", controller = "Books"}. Executing controller action with signature System.Threading.Tasks.Task`1[Microsoft.AspNetCore.Mvc.IActionResult] GetById(Int32, System.Threading.CancellationToken) on controller BooksController (LibraryApp.Api).
2026-06-07 14:29:08.499 +03:00 [INF] Executing OkObjectResult, writing value of type 'BookDto'.
2026-06-07 14:29:08.499 +03:00 [INF] Executed action BooksController.GetById (LibraryApp.Api) in 2.8613ms
2026-06-07 14:29:08.499 +03:00 [INF] HTTP GET /api/books/1 responded 200 in 3.2274 ms
2026-06-07 14:29:08.500 +03:00 [INF] Request finished HTTP/1.1 GET http://localhost:5112/api/books/1 - 200 null application/json; charset=utf-8 4.1091ms
2026-06-07 14:29:19.845 +03:00 [INF] Request starting HTTP/1.1 OPTIONS http://localhost:5112/api/loans/active - null null
2026-06-07 14:29:19.846 +03:00 [INF] CORS policy execution successful.
2026-06-07 14:29:19.846 +03:00 [INF] HTTP OPTIONS /api/loans/active responded 204 in 0.1529 ms
2026-06-07 14:29:19.846 +03:00 [INF] Request finished HTTP/1.1 OPTIONS http://localhost:5112/api/loans/active - 204 null null 0.5785ms
2026-06-07 14:29:19.850 +03:00 [INF] Request starting HTTP/1.1 GET http://localhost:5112/api/loans/active - application/json null
2026-06-07 14:29:19.851 +03:00 [INF] CORS policy execution successful.
2026-06-07 14:29:19.851 +03:00 [INF] Route matched with {action = "GetActive", controller = "Loans"}. Executing controller action with signature System.Threading.Tasks.Task`1[Microsoft.AspNetCore.Mvc.IActionResult] GetActive(System.Threading.CancellationToken) on controller LibraryApp.Api.Controllers.LoansController (LibraryApp.Api).
2026-06-07 14:29:19.853 +03:00 [INF] Executing OkObjectResult, writing value of type 'System.Collections.Generic.List`1[[LibraryApp.Core.DTOs.ActiveLoanDto, LibraryApp.Core, Version=1.0.0.0, Culture=neutral, PublicKeyToken=null]]'.
2026-06-07 14:29:19.854 +03:00 [INF] Executed action LibraryApp.Api.Controllers.LoansController.GetActive (LibraryApp.Api) in 2.6567ms
2026-06-07 14:29:19.854 +03:00 [INF] HTTP GET /api/loans/active responded 200 in 3.0880 ms
2026-06-07 14:29:19.854 +03:00 [INF] Request finished HTTP/1.1 GET http://localhost:5112/api/loans/active - 200 null application/json; charset=utf-8 3.3982ms
2026-06-07 14:30:21.062 +03:00 [INF] Request starting HTTP/1.1 OPTIONS http://localhost:5112/api/loans/active - null null
2026-06-07 14:30:21.062 +03:00 [INF] CORS policy execution successful.
2026-06-07 14:30:21.062 +03:00 [INF] HTTP OPTIONS /api/loans/active responded 204 in 0.1841 ms
2026-06-07 14:30:21.062 +03:00 [INF] Request finished HTTP/1.1 OPTIONS http://localhost:5112/api/loans/active - 204 null null 0.4568ms
2026-06-07 14:30:21.067 +03:00 [INF] Request starting HTTP/1.1 GET http://localhost:5112/api/loans/active - application/json null
2026-06-07 14:30:21.068 +03:00 [INF] CORS policy execution successful.
2026-06-07 14:30:21.068 +03:00 [INF] Route matched with {action = "GetActive", controller = "Loans"}. Executing controller action with signature System.Threading.Tasks.Task`1[Microsoft.AspNetCore.Mvc.IActionResult] GetActive(System.Threading.CancellationToken) on controller LibraryApp.Api.Controllers.LoansController (LibraryApp.Api).
2026-06-07 14:30:21.072 +03:00 [INF] Executing OkObjectResult, writing value of type 'System.Collections.Generic.List`1[[LibraryApp.Core.DTOs.ActiveLoanDto, LibraryApp.Core, Version=1.0.0.0, Culture=neutral, PublicKeyToken=null]]'.
2026-06-07 14:30:21.072 +03:00 [INF] Executed action LibraryApp.Api.Controllers.LoansController.GetActive (LibraryApp.Api) in 3.6698ms
2026-06-07 14:30:21.072 +03:00 [INF] HTTP GET /api/loans/active responded 200 in 4.6335 ms
2026-06-07 14:30:21.072 +03:00 [INF] Request finished HTTP/1.1 GET http://localhost:5112/api/loans/active - 200 null application/json; charset=utf-8 4.9954ms
2026-06-07 14:30:23.435 +03:00 [INF] Request starting HTTP/1.1 GET http://localhost:5112/api/loans/active - application/json null
2026-06-07 14:30:23.435 +03:00 [INF] CORS policy execution successful.
2026-06-07 14:30:23.435 +03:00 [INF] Route matched with {action = "GetActive", controller = "Loans"}. Executing controller action with signature System.Threading.Tasks.Task`1[Microsoft.AspNetCore.Mvc.IActionResult] GetActive(System.Threading.CancellationToken) on controller LibraryApp.Api.Controllers.LoansController (LibraryApp.Api).
2026-06-07 14:30:23.438 +03:00 [INF] Executing OkObjectResult, writing value of type 'System.Collections.Generic.List`1[[LibraryApp.Core.DTOs.ActiveLoanDto, LibraryApp.Core, Version=1.0.0.0, Culture=neutral, PublicKeyToken=null]]'.
2026-06-07 14:30:23.438 +03:00 [INF] Executed action LibraryApp.Api.Controllers.LoansController.GetActive (LibraryApp.Api) in 2.5223ms
2026-06-07 14:30:23.438 +03:00 [INF] HTTP GET /api/loans/active responded 200 in 2.9248 ms
2026-06-07 14:30:23.438 +03:00 [INF] Request finished HTTP/1.1 GET http://localhost:5112/api/loans/active - 200 null application/json; charset=utf-8 3.1885ms
2026-06-07 14:30:34.897 +03:00 [INF] Request starting HTTP/1.1 GET http://localhost:5112/api/loans/active - application/json null
2026-06-07 14:30:34.897 +03:00 [INF] Route matched with {action = "GetActive", controller = "Loans"}. Executing controller action with signature System.Threading.Tasks.Task`1[Microsoft.AspNetCore.Mvc.IActionResult] GetActive(System.Threading.CancellationToken) on controller LibraryApp.Api.Controllers.LoansController (LibraryApp.Api).
2026-06-07 14:30:34.898 +03:00 [INF] Request starting HTTP/1.1 GET http://localhost:5112/api/loans/active - application/json null
2026-06-07 14:30:34.898 +03:00 [INF] Route matched with {action = "GetActive", controller = "Loans"}. Executing controller action with signature System.Threading.Tasks.Task`1[Microsoft.AspNetCore.Mvc.IActionResult] GetActive(System.Threading.CancellationToken) on controller LibraryApp.Api.Controllers.LoansController (LibraryApp.Api).
2026-06-07 14:30:34.900 +03:00 [INF] Executing OkObjectResult, writing value of type 'System.Collections.Generic.List`1[[LibraryApp.Core.DTOs.ActiveLoanDto, LibraryApp.Core, Version=1.0.0.0, Culture=neutral, PublicKeyToken=null]]'.
2026-06-07 14:30:34.901 +03:00 [INF] Executed action LibraryApp.Api.Controllers.LoansController.GetActive (LibraryApp.Api) in 2.9135ms
2026-06-07 14:30:34.901 +03:00 [INF] HTTP GET /api/loans/active responded 200 in 3.2831 ms
2026-06-07 14:30:34.901 +03:00 [INF] Request finished HTTP/1.1 GET http://localhost:5112/api/loans/active - 200 null application/json; charset=utf-8 3.8077ms
2026-06-07 14:30:34.901 +03:00 [INF] Executing OkObjectResult, writing value of type 'System.Collections.Generic.List`1[[LibraryApp.Core.DTOs.ActiveLoanDto, LibraryApp.Core, Version=1.0.0.0, Culture=neutral, PublicKeyToken=null]]'.
2026-06-07 14:30:34.902 +03:00 [INF] Executed action LibraryApp.Api.Controllers.LoansController.GetActive (LibraryApp.Api) in 3.3719ms
2026-06-07 14:30:34.902 +03:00 [INF] HTTP GET /api/loans/active responded 200 in 3.6308 ms
2026-06-07 14:30:34.902 +03:00 [INF] Request finished HTTP/1.1 GET http://localhost:5112/api/loans/active - 200 null application/json; charset=utf-8 3.9892ms
2026-06-07 14:30:35.203 +03:00 [INF] Request starting HTTP/1.1 OPTIONS http://localhost:5112/api/loans/active - null null
2026-06-07 14:30:35.203 +03:00 [INF] Request starting HTTP/1.1 OPTIONS http://localhost:5112/api/loans/active - null null
2026-06-07 14:30:35.203 +03:00 [INF] CORS policy execution successful.
2026-06-07 14:30:35.203 +03:00 [INF] CORS policy execution successful.
2026-06-07 14:30:35.203 +03:00 [INF] HTTP OPTIONS /api/loans/active responded 204 in 0.1544 ms
2026-06-07 14:30:35.203 +03:00 [INF] HTTP OPTIONS /api/loans/active responded 204 in 0.1881 ms
2026-06-07 14:30:35.203 +03:00 [INF] Request finished HTTP/1.1 OPTIONS http://localhost:5112/api/loans/active - 204 null null 0.5473ms
2026-06-07 14:30:35.203 +03:00 [INF] Request finished HTTP/1.1 OPTIONS http://localhost:5112/api/loans/active - 204 null null 0.5154ms
2026-06-07 14:30:35.208 +03:00 [INF] Request starting HTTP/1.1 GET http://localhost:5112/api/loans/active - application/json null
2026-06-07 14:30:35.208 +03:00 [INF] CORS policy execution successful.
2026-06-07 14:30:35.208 +03:00 [INF] Route matched with {action = "GetActive", controller = "Loans"}. Executing controller action with signature System.Threading.Tasks.Task`1[Microsoft.AspNetCore.Mvc.IActionResult] GetActive(System.Threading.CancellationToken) on controller LibraryApp.Api.Controllers.LoansController (LibraryApp.Api).
2026-06-07 14:30:35.211 +03:00 [INF] Executing OkObjectResult, writing value of type 'System.Collections.Generic.List`1[[LibraryApp.Core.DTOs.ActiveLoanDto, LibraryApp.Core, Version=1.0.0.0, Culture=neutral, PublicKeyToken=null]]'.
2026-06-07 14:30:35.211 +03:00 [INF] Executed action LibraryApp.Api.Controllers.LoansController.GetActive (LibraryApp.Api) in 2.857ms
2026-06-07 14:30:35.211 +03:00 [INF] HTTP GET /api/loans/active responded 200 in 3.2669 ms
2026-06-07 14:30:35.212 +03:00 [INF] Request finished HTTP/1.1 GET http://localhost:5112/api/loans/active - 200 null application/json; charset=utf-8 4.3113ms
2026-06-07 14:30:35.220 +03:00 [INF] Request starting HTTP/1.1 GET http://localhost:5112/api/loans/active - application/json null
2026-06-07 14:30:35.220 +03:00 [INF] CORS policy execution successful.
2026-06-07 14:30:35.220 +03:00 [INF] Route matched with {action = "GetActive", controller = "Loans"}. Executing controller action with signature System.Threading.Tasks.Task`1[Microsoft.AspNetCore.Mvc.IActionResult] GetActive(System.Threading.CancellationToken) on controller LibraryApp.Api.Controllers.LoansController (LibraryApp.Api).
2026-06-07 14:30:35.224 +03:00 [INF] Executing OkObjectResult, writing value of type 'System.Collections.Generic.List`1[[LibraryApp.Core.DTOs.ActiveLoanDto, LibraryApp.Core, Version=1.0.0.0, Culture=neutral, PublicKeyToken=null]]'.
2026-06-07 14:30:35.224 +03:00 [INF] Executed action LibraryApp.Api.Controllers.LoansController.GetActive (LibraryApp.Api) in 3.5542ms
2026-06-07 14:30:35.224 +03:00 [INF] HTTP GET /api/loans/active responded 200 in 3.8936 ms
2026-06-07 14:30:35.224 +03:00 [INF] Request finished HTTP/1.1 GET http://localhost:5112/api/loans/active - 200 null application/json; charset=utf-8 4.2483ms
2026-06-07 14:30:50.205 +03:00 [INF] Request starting HTTP/1.1 GET http://localhost:5112/api/loans/active - application/json null
2026-06-07 14:30:50.205 +03:00 [INF] Route matched with {action = "GetActive", controller = "Loans"}. Executing controller action with signature System.Threading.Tasks.Task`1[Microsoft.AspNetCore.Mvc.IActionResult] GetActive(System.Threading.CancellationToken) on controller LibraryApp.Api.Controllers.LoansController (LibraryApp.Api).
2026-06-07 14:30:50.205 +03:00 [INF] Request starting HTTP/1.1 GET http://localhost:5112/api/loans/active - application/json null
2026-06-07 14:30:50.205 +03:00 [INF] Route matched with {action = "GetActive", controller = "Loans"}. Executing controller action with signature System.Threading.Tasks.Task`1[Microsoft.AspNetCore.Mvc.IActionResult] GetActive(System.Threading.CancellationToken) on controller LibraryApp.Api.Controllers.LoansController (LibraryApp.Api).
2026-06-07 14:30:50.217 +03:00 [INF] Executing OkObjectResult, writing value of type 'System.Collections.Generic.List`1[[LibraryApp.Core.DTOs.ActiveLoanDto, LibraryApp.Core, Version=1.0.0.0, Culture=neutral, PublicKeyToken=null]]'.
2026-06-07 14:30:50.218 +03:00 [INF] Executed action LibraryApp.Api.Controllers.LoansController.GetActive (LibraryApp.Api) in 12.3583ms
2026-06-07 14:30:50.218 +03:00 [INF] HTTP GET /api/loans/active responded 200 in 12.6047 ms
2026-06-07 14:30:50.218 +03:00 [INF] Request finished HTTP/1.1 GET http://localhost:5112/api/loans/active - 200 null application/json; charset=utf-8 12.7716ms
2026-06-07 14:30:50.219 +03:00 [INF] Executing OkObjectResult, writing value of type 'System.Collections.Generic.List`1[[LibraryApp.Core.DTOs.ActiveLoanDto, LibraryApp.Core, Version=1.0.0.0, Culture=neutral, PublicKeyToken=null]]'.
2026-06-07 14:30:50.220 +03:00 [INF] Executed action LibraryApp.Api.Controllers.LoansController.GetActive (LibraryApp.Api) in 14.538ms
2026-06-07 14:30:50.220 +03:00 [INF] HTTP GET /api/loans/active responded 200 in 14.7862 ms
2026-06-07 14:30:50.220 +03:00 [INF] Request finished HTTP/1.1 GET http://localhost:5112/api/loans/active - 200 null application/json; charset=utf-8 15.0143ms
2026-06-07 14:30:50.468 +03:00 [INF] Request starting HTTP/1.1 OPTIONS http://localhost:5112/api/loans/active - null null
2026-06-07 14:30:50.469 +03:00 [INF] CORS policy execution successful.
2026-06-07 14:30:50.469 +03:00 [INF] HTTP OPTIONS /api/loans/active responded 204 in 0.7124 ms
2026-06-07 14:30:50.469 +03:00 [INF] Request finished HTTP/1.1 OPTIONS http://localhost:5112/api/loans/active - 204 null null 1.2399ms
2026-06-07 14:30:50.484 +03:00 [INF] Request starting HTTP/1.1 OPTIONS http://localhost:5112/api/loans/active - null null
2026-06-07 14:30:50.484 +03:00 [INF] CORS policy execution successful.
2026-06-07 14:30:50.484 +03:00 [INF] HTTP OPTIONS /api/loans/active responded 204 in 0.1533 ms
2026-06-07 14:30:50.484 +03:00 [INF] Request finished HTTP/1.1 OPTIONS http://localhost:5112/api/loans/active - 204 null null 0.6171ms
2026-06-07 14:30:50.485 +03:00 [INF] Request starting HTTP/1.1 GET http://localhost:5112/api/loans/active - application/json null
2026-06-07 14:30:50.485 +03:00 [INF] CORS policy execution successful.
2026-06-07 14:30:50.485 +03:00 [INF] Route matched with {action = "GetActive", controller = "Loans"}. Executing controller action with signature System.Threading.Tasks.Task`1[Microsoft.AspNetCore.Mvc.IActionResult] GetActive(System.Threading.CancellationToken) on controller LibraryApp.Api.Controllers.LoansController (LibraryApp.Api).
2026-06-07 14:30:50.488 +03:00 [INF] Executing OkObjectResult, writing value of type 'System.Collections.Generic.List`1[[LibraryApp.Core.DTOs.ActiveLoanDto, LibraryApp.Core, Version=1.0.0.0, Culture=neutral, PublicKeyToken=null]]'.
2026-06-07 14:30:50.489 +03:00 [INF] Executed action LibraryApp.Api.Controllers.LoansController.GetActive (LibraryApp.Api) in 3.4438ms
2026-06-07 14:30:50.489 +03:00 [INF] HTTP GET /api/loans/active responded 200 in 3.7799 ms
2026-06-07 14:30:50.489 +03:00 [INF] Request finished HTTP/1.1 GET http://localhost:5112/api/loans/active - 200 null application/json; charset=utf-8 4.1751ms
2026-06-07 14:30:50.490 +03:00 [INF] Request starting HTTP/1.1 GET http://localhost:5112/api/loans/active - application/json null
2026-06-07 14:30:50.490 +03:00 [INF] CORS policy execution successful.
2026-06-07 14:30:50.490 +03:00 [INF] Route matched with {action = "GetActive", controller = "Loans"}. Executing controller action with signature System.Threading.Tasks.Task`1[Microsoft.AspNetCore.Mvc.IActionResult] GetActive(System.Threading.CancellationToken) on controller LibraryApp.Api.Controllers.LoansController (LibraryApp.Api).
2026-06-07 14:30:50.494 +03:00 [INF] Executing OkObjectResult, writing value of type 'System.Collections.Generic.List`1[[LibraryApp.Core.DTOs.ActiveLoanDto, LibraryApp.Core, Version=1.0.0.0, Culture=neutral, PublicKeyToken=null]]'.
2026-06-07 14:30:50.494 +03:00 [INF] Executed action LibraryApp.Api.Controllers.LoansController.GetActive (LibraryApp.Api) in 4.1429ms
2026-06-07 14:30:50.495 +03:00 [INF] HTTP GET /api/loans/active responded 200 in 4.7828 ms
2026-06-07 14:30:50.495 +03:00 [INF] Request finished HTTP/1.1 GET http://localhost:5112/api/loans/active - 200 null application/json; charset=utf-8 5.1019ms
2026-06-07 14:31:15.454 +03:00 [INF] Request starting HTTP/1.1 GET http://localhost:5112/api/members - application/json null
2026-06-07 14:31:15.454 +03:00 [INF] Route matched with {action = "GetAll", controller = "Members"}. Executing controller action with signature System.Threading.Tasks.Task`1[Microsoft.AspNetCore.Mvc.IActionResult] GetAll(System.Threading.CancellationToken) on controller LibraryApp.Api.Controllers.MembersController (LibraryApp.Api).
2026-06-07 14:31:15.454 +03:00 [INF] Request starting HTTP/1.1 GET http://localhost:5112/api/loans/active - application/json null
2026-06-07 14:31:15.454 +03:00 [INF] Route matched with {action = "GetActive", controller = "Loans"}. Executing controller action with signature System.Threading.Tasks.Task`1[Microsoft.AspNetCore.Mvc.IActionResult] GetActive(System.Threading.CancellationToken) on controller LibraryApp.Api.Controllers.LoansController (LibraryApp.Api).
2026-06-07 14:31:15.456 +03:00 [INF] Executing OkObjectResult, writing value of type 'System.Collections.Generic.List`1[[LibraryApp.Core.DTOs.MemberDto, LibraryApp.Core, Version=1.0.0.0, Culture=neutral, PublicKeyToken=null]]'.
2026-06-07 14:31:15.456 +03:00 [INF] Executing OkObjectResult, writing value of type 'System.Collections.Generic.List`1[[LibraryApp.Core.DTOs.ActiveLoanDto, LibraryApp.Core, Version=1.0.0.0, Culture=neutral, PublicKeyToken=null]]'.
2026-06-07 14:31:15.456 +03:00 [INF] Executed action LibraryApp.Api.Controllers.MembersController.GetAll (LibraryApp.Api) in 2.4174ms
2026-06-07 14:31:15.456 +03:00 [INF] Executed action LibraryApp.Api.Controllers.LoansController.GetActive (LibraryApp.Api) in 1.8236ms
2026-06-07 14:31:15.457 +03:00 [INF] HTTP GET /api/loans/active responded 200 in 2.1298 ms
2026-06-07 14:31:15.456 +03:00 [INF] HTTP GET /api/members responded 200 in 2.6776 ms
2026-06-07 14:31:15.457 +03:00 [INF] Request finished HTTP/1.1 GET http://localhost:5112/api/members - 200 null application/json; charset=utf-8 3.0757ms
2026-06-07 14:31:15.457 +03:00 [INF] Request finished HTTP/1.1 GET http://localhost:5112/api/loans/active - 200 null application/json; charset=utf-8 2.3921ms
2026-06-07 14:31:15.485 +03:00 [INF] Request starting HTTP/1.1 GET http://localhost:5112/api/authors - application/json null
2026-06-07 14:31:15.485 +03:00 [INF] Route matched with {action = "GetAll", controller = "Authors"}. Executing controller action with signature System.Threading.Tasks.Task`1[Microsoft.AspNetCore.Mvc.IActionResult] GetAll(System.Threading.CancellationToken) on controller LibraryApp.Api.Controllers.AuthorsController (LibraryApp.Api).
2026-06-07 14:31:15.487 +03:00 [INF] Request starting HTTP/1.1 GET http://localhost:5112/api/categories - application/json null
2026-06-07 14:31:15.487 +03:00 [INF] Route matched with {action = "GetAll", controller = "Categories"}. Executing controller action with signature System.Threading.Tasks.Task`1[Microsoft.AspNetCore.Mvc.IActionResult] GetAll(System.Threading.CancellationToken) on controller LibraryApp.Api.Controllers.CategoriesController (LibraryApp.Api).
2026-06-07 14:31:15.487 +03:00 [INF] Executing OkObjectResult, writing value of type 'System.Collections.Generic.List`1[[LibraryApp.Core.DTOs.AuthorDto, LibraryApp.Core, Version=1.0.0.0, Culture=neutral, PublicKeyToken=null]]'.
2026-06-07 14:31:15.488 +03:00 [INF] Executed action LibraryApp.Api.Controllers.AuthorsController.GetAll (LibraryApp.Api) in 2.1303ms
2026-06-07 14:31:15.488 +03:00 [INF] HTTP GET /api/authors responded 200 in 2.3390 ms
2026-06-07 14:31:15.488 +03:00 [INF] Request finished HTTP/1.1 GET http://localhost:5112/api/authors - 200 null application/json; charset=utf-8 2.5959ms
2026-06-07 14:31:15.489 +03:00 [INF] Executing OkObjectResult, writing value of type 'System.Collections.Generic.List`1[[<>f__AnonymousType1`2[[System.Int32, System.Private.CoreLib, Version=8.0.0.0, Culture=neutral, PublicKeyToken=7cec85d7bea7798e],[System.String, System.Private.CoreLib, Version=8.0.0.0, Culture=neutral, PublicKeyToken=7cec85d7bea7798e]], LibraryApp.Api, Version=1.0.0.0, Culture=neutral, PublicKeyToken=null]]'.
2026-06-07 14:31:15.489 +03:00 [INF] Executed action LibraryApp.Api.Controllers.CategoriesController.GetAll (LibraryApp.Api) in 1.6509ms
2026-06-07 14:31:15.489 +03:00 [INF] HTTP GET /api/categories responded 200 in 1.9392 ms
2026-06-07 14:31:15.489 +03:00 [INF] Request finished HTTP/1.1 GET http://localhost:5112/api/categories - 200 null application/json; charset=utf-8 2.1832ms
2026-06-07 14:31:15.490 +03:00 [INF] Request starting HTTP/1.1 GET http://localhost:5112/api/books?page=1&pageSize=20 - application/json null
2026-06-07 14:31:15.490 +03:00 [INF] Route matched with {action = "Search", controller = "Books"}. Executing controller action with signature System.Threading.Tasks.Task`1[Microsoft.AspNetCore.Mvc.IActionResult] Search(BookSearchQuery, System.Threading.CancellationToken) on controller BooksController (LibraryApp.Api).
2026-06-07 14:31:15.505 +03:00 [INF] Executing OkObjectResult, writing value of type 'PagedResult`1[[BookDto, LibraryApp.Core, Version=1.0.0.0, Culture=neutral, PublicKeyToken=null]]'.
2026-06-07 14:31:15.506 +03:00 [INF] Executed action BooksController.Search (LibraryApp.Api) in 15.4565ms
2026-06-07 14:31:15.506 +03:00 [INF] HTTP GET /api/books responded 200 in 15.8181 ms
2026-06-07 14:31:15.506 +03:00 [INF] Request finished HTTP/1.1 GET http://localhost:5112/api/books?page=1&pageSize=20 - 200 null application/json; charset=utf-8 16.0841ms
2026-06-07 14:31:38.453 +03:00 [INF] Request starting HTTP/1.1 OPTIONS http://localhost:5112/api/authors - null null
2026-06-07 14:31:38.453 +03:00 [INF] CORS policy execution successful.
2026-06-07 14:31:38.453 +03:00 [INF] HTTP OPTIONS /api/authors responded 204 in 0.1124 ms
2026-06-07 14:31:38.453 +03:00 [INF] Request finished HTTP/1.1 OPTIONS http://localhost:5112/api/authors - 204 null null 0.3731ms
2026-06-07 14:31:38.453 +03:00 [INF] Request starting HTTP/1.1 OPTIONS http://localhost:5112/api/categories - null null
2026-06-07 14:31:38.454 +03:00 [INF] CORS policy execution successful.
2026-06-07 14:31:38.454 +03:00 [INF] HTTP OPTIONS /api/categories responded 204 in 0.1721 ms
2026-06-07 14:31:38.454 +03:00 [INF] Request finished HTTP/1.1 OPTIONS http://localhost:5112/api/categories - 204 null null 0.5259ms
2026-06-07 14:31:38.455 +03:00 [INF] Request starting HTTP/1.1 OPTIONS http://localhost:5112/api/books?page=1&pageSize=20 - null null
2026-06-07 14:31:38.455 +03:00 [INF] CORS policy execution successful.
2026-06-07 14:31:38.455 +03:00 [INF] HTTP OPTIONS /api/books responded 204 in 0.0694 ms
2026-06-07 14:31:38.455 +03:00 [INF] Request finished HTTP/1.1 OPTIONS http://localhost:5112/api/books?page=1&pageSize=20 - 204 null null 0.5006ms
2026-06-07 14:31:38.463 +03:00 [INF] Request starting HTTP/1.1 GET http://localhost:5112/api/categories - application/json null
2026-06-07 14:31:38.464 +03:00 [INF] CORS policy execution successful.
2026-06-07 14:31:38.464 +03:00 [INF] Route matched with {action = "GetAll", controller = "Categories"}. Executing controller action with signature System.Threading.Tasks.Task`1[Microsoft.AspNetCore.Mvc.IActionResult] GetAll(System.Threading.CancellationToken) on controller LibraryApp.Api.Controllers.CategoriesController (LibraryApp.Api).
2026-06-07 14:31:38.463 +03:00 [INF] Request starting HTTP/1.1 GET http://localhost:5112/api/authors - application/json null
2026-06-07 14:31:38.464 +03:00 [INF] Request starting HTTP/1.1 GET http://localhost:5112/api/books?page=1&pageSize=20 - application/json null
2026-06-07 14:31:38.464 +03:00 [INF] CORS policy execution successful.
2026-06-07 14:31:38.464 +03:00 [INF] CORS policy execution successful.
2026-06-07 14:31:38.464 +03:00 [INF] Route matched with {action = "Search", controller = "Books"}. Executing controller action with signature System.Threading.Tasks.Task`1[Microsoft.AspNetCore.Mvc.IActionResult] Search(BookSearchQuery, System.Threading.CancellationToken) on controller BooksController (LibraryApp.Api).
2026-06-07 14:31:38.464 +03:00 [INF] Route matched with {action = "GetAll", controller = "Authors"}. Executing controller action with signature System.Threading.Tasks.Task`1[Microsoft.AspNetCore.Mvc.IActionResult] GetAll(System.Threading.CancellationToken) on controller LibraryApp.Api.Controllers.AuthorsController (LibraryApp.Api).
2026-06-07 14:31:38.466 +03:00 [INF] Executing OkObjectResult, writing value of type 'System.Collections.Generic.List`1[[<>f__AnonymousType1`2[[System.Int32, System.Private.CoreLib, Version=8.0.0.0, Culture=neutral, PublicKeyToken=7cec85d7bea7798e],[System.String, System.Private.CoreLib, Version=8.0.0.0, Culture=neutral, PublicKeyToken=7cec85d7bea7798e]], LibraryApp.Api, Version=1.0.0.0, Culture=neutral, PublicKeyToken=null]]'.
2026-06-07 14:31:38.467 +03:00 [INF] Executing OkObjectResult, writing value of type 'System.Collections.Generic.List`1[[LibraryApp.Core.DTOs.AuthorDto, LibraryApp.Core, Version=1.0.0.0, Culture=neutral, PublicKeyToken=null]]'.
2026-06-07 14:31:38.467 +03:00 [INF] Executed action LibraryApp.Api.Controllers.AuthorsController.GetAll (LibraryApp.Api) in 2.8502ms
2026-06-07 14:31:38.468 +03:00 [INF] HTTP GET /api/authors responded 200 in 3.8949 ms
2026-06-07 14:31:38.467 +03:00 [INF] Executed action LibraryApp.Api.Controllers.CategoriesController.GetAll (LibraryApp.Api) in 3.1984ms
2026-06-07 14:31:38.468 +03:00 [INF] Request finished HTTP/1.1 GET http://localhost:5112/api/authors - 200 null application/json; charset=utf-8 5.1019ms
2026-06-07 14:31:38.468 +03:00 [INF] HTTP GET /api/categories responded 200 in 4.7570 ms
2026-06-07 14:31:38.469 +03:00 [INF] Request finished HTTP/1.1 GET http://localhost:5112/api/categories - 200 null application/json; charset=utf-8 5.354ms
2026-06-07 14:31:38.470 +03:00 [INF] Executing OkObjectResult, writing value of type 'PagedResult`1[[BookDto, LibraryApp.Core, Version=1.0.0.0, Culture=neutral, PublicKeyToken=null]]'.
2026-06-07 14:31:38.470 +03:00 [INF] Executed action BooksController.Search (LibraryApp.Api) in 5.6368ms
2026-06-07 14:31:38.470 +03:00 [INF] HTTP GET /api/books responded 200 in 5.9865 ms
2026-06-07 14:31:38.470 +03:00 [INF] Request finished HTTP/1.1 GET http://localhost:5112/api/books?page=1&pageSize=20 - 200 null application/json; charset=utf-8 6.2853ms
2026-06-07 14:31:39.749 +03:00 [INF] Request starting HTTP/1.1 OPTIONS http://localhost:5112/api/members - null null
2026-06-07 14:31:39.749 +03:00 [INF] CORS policy execution successful.
2026-06-07 14:31:39.750 +03:00 [INF] HTTP OPTIONS /api/members responded 204 in 0.3766 ms
2026-06-07 14:31:39.750 +03:00 [INF] Request finished HTTP/1.1 OPTIONS http://localhost:5112/api/members - 204 null null 1.075ms
2026-06-07 14:31:39.755 +03:00 [INF] Request starting HTTP/1.1 GET http://localhost:5112/api/members - application/json null
2026-06-07 14:31:39.755 +03:00 [INF] CORS policy execution successful.
2026-06-07 14:31:39.755 +03:00 [INF] Route matched with {action = "GetAll", controller = "Members"}. Executing controller action with signature System.Threading.Tasks.Task`1[Microsoft.AspNetCore.Mvc.IActionResult] GetAll(System.Threading.CancellationToken) on controller LibraryApp.Api.Controllers.MembersController (LibraryApp.Api).
2026-06-07 14:31:39.757 +03:00 [INF] Executing OkObjectResult, writing value of type 'System.Collections.Generic.List`1[[LibraryApp.Core.DTOs.MemberDto, LibraryApp.Core, Version=1.0.0.0, Culture=neutral, PublicKeyToken=null]]'.
2026-06-07 14:31:39.758 +03:00 [INF] Executed action LibraryApp.Api.Controllers.MembersController.GetAll (LibraryApp.Api) in 2.1216ms
2026-06-07 14:31:39.758 +03:00 [INF] HTTP GET /api/members responded 200 in 2.4283 ms
2026-06-07 14:31:39.758 +03:00 [INF] Request finished HTTP/1.1 GET http://localhost:5112/api/members - 200 null application/json; charset=utf-8 2.6457ms
2026-06-07 14:31:41.868 +03:00 [INF] Request starting HTTP/1.1 GET http://localhost:5112/api/authors - application/json null
2026-06-07 14:31:41.868 +03:00 [INF] CORS policy execution successful.
2026-06-07 14:31:41.868 +03:00 [INF] Route matched with {action = "GetAll", controller = "Authors"}. Executing controller action with signature System.Threading.Tasks.Task`1[Microsoft.AspNetCore.Mvc.IActionResult] GetAll(System.Threading.CancellationToken) on controller LibraryApp.Api.Controllers.AuthorsController (LibraryApp.Api).
2026-06-07 14:31:41.869 +03:00 [INF] Request starting HTTP/1.1 GET http://localhost:5112/api/categories - application/json null
2026-06-07 14:31:41.870 +03:00 [INF] Request starting HTTP/1.1 GET http://localhost:5112/api/books?page=1&pageSize=20 - application/json null
2026-06-07 14:31:41.870 +03:00 [INF] CORS policy execution successful.
2026-06-07 14:31:41.870 +03:00 [INF] CORS policy execution successful.
2026-06-07 14:31:41.870 +03:00 [INF] Route matched with {action = "Search", controller = "Books"}. Executing controller action with signature System.Threading.Tasks.Task`1[Microsoft.AspNetCore.Mvc.IActionResult] Search(BookSearchQuery, System.Threading.CancellationToken) on controller BooksController (LibraryApp.Api).
2026-06-07 14:31:41.870 +03:00 [INF] Route matched with {action = "GetAll", controller = "Categories"}. Executing controller action with signature System.Threading.Tasks.Task`1[Microsoft.AspNetCore.Mvc.IActionResult] GetAll(System.Threading.CancellationToken) on controller LibraryApp.Api.Controllers.CategoriesController (LibraryApp.Api).
2026-06-07 14:31:41.871 +03:00 [INF] Executing OkObjectResult, writing value of type 'System.Collections.Generic.List`1[[LibraryApp.Core.DTOs.AuthorDto, LibraryApp.Core, Version=1.0.0.0, Culture=neutral, PublicKeyToken=null]]'.
2026-06-07 14:31:41.871 +03:00 [INF] Executed action LibraryApp.Api.Controllers.AuthorsController.GetAll (LibraryApp.Api) in 2.64ms
2026-06-07 14:31:41.872 +03:00 [INF] HTTP GET /api/authors responded 200 in 3.4082 ms
2026-06-07 14:31:41.872 +03:00 [INF] Request finished HTTP/1.1 GET http://localhost:5112/api/authors - 200 null application/json; charset=utf-8 3.9163ms
2026-06-07 14:31:41.872 +03:00 [INF] Executing OkObjectResult, writing value of type 'System.Collections.Generic.List`1[[<>f__AnonymousType1`2[[System.Int32, System.Private.CoreLib, Version=8.0.0.0, Culture=neutral, PublicKeyToken=7cec85d7bea7798e],[System.String, System.Private.CoreLib, Version=8.0.0.0, Culture=neutral, PublicKeyToken=7cec85d7bea7798e]], LibraryApp.Api, Version=1.0.0.0, Culture=neutral, PublicKeyToken=null]]'.
2026-06-07 14:31:41.872 +03:00 [INF] Executed action LibraryApp.Api.Controllers.CategoriesController.GetAll (LibraryApp.Api) in 2.2454ms
2026-06-07 14:31:41.872 +03:00 [INF] HTTP GET /api/categories responded 200 in 2.5529 ms
2026-06-07 14:31:41.873 +03:00 [INF] Request finished HTTP/1.1 GET http://localhost:5112/api/categories - 200 null application/json; charset=utf-8 3.3089ms
2026-06-07 14:31:41.879 +03:00 [INF] Executing OkObjectResult, writing value of type 'PagedResult`1[[BookDto, LibraryApp.Core, Version=1.0.0.0, Culture=neutral, PublicKeyToken=null]]'.
2026-06-07 14:31:41.879 +03:00 [INF] Executed action BooksController.Search (LibraryApp.Api) in 8.7549ms
2026-06-07 14:31:41.879 +03:00 [INF] HTTP GET /api/books responded 200 in 9.0601 ms
2026-06-07 14:31:41.879 +03:00 [INF] Request finished HTTP/1.1 GET http://localhost:5112/api/books?page=1&pageSize=20 - 200 null application/json; charset=utf-8 9.3491ms
2026-06-07 14:31:43.371 +03:00 [INF] Request starting HTTP/1.1 OPTIONS http://localhost:5112/api/books/1 - null null
2026-06-07 14:31:43.372 +03:00 [INF] CORS policy execution successful.
2026-06-07 14:31:43.372 +03:00 [INF] HTTP OPTIONS /api/books/1 responded 204 in 0.2661 ms
2026-06-07 14:31:43.372 +03:00 [INF] Request finished HTTP/1.1 OPTIONS http://localhost:5112/api/books/1 - 204 null null 0.8456ms
2026-06-07 14:31:43.378 +03:00 [INF] Request starting HTTP/1.1 GET http://localhost:5112/api/books/1 - application/json null
2026-06-07 14:31:43.378 +03:00 [INF] CORS policy execution successful.
2026-06-07 14:31:43.378 +03:00 [INF] Route matched with {action = "GetById", controller = "Books"}. Executing controller action with signature System.Threading.Tasks.Task`1[Microsoft.AspNetCore.Mvc.IActionResult] GetById(Int32, System.Threading.CancellationToken) on controller BooksController (LibraryApp.Api).
2026-06-07 14:31:43.380 +03:00 [INF] Executing OkObjectResult, writing value of type 'BookDto'.
2026-06-07 14:31:43.380 +03:00 [INF] Executed action BooksController.GetById (LibraryApp.Api) in 1.852ms
2026-06-07 14:31:43.380 +03:00 [INF] HTTP GET /api/books/1 responded 200 in 2.0980 ms
2026-06-07 14:31:43.380 +03:00 [INF] Request finished HTTP/1.1 GET http://localhost:5112/api/books/1 - 200 null application/json; charset=utf-8 2.3641ms
2026-06-07 14:31:45.990 +03:00 [INF] Request starting HTTP/1.1 OPTIONS http://localhost:5112/api/authors - null null
2026-06-07 14:31:45.990 +03:00 [INF] CORS policy execution successful.
2026-06-07 14:31:45.991 +03:00 [INF] HTTP OPTIONS /api/authors responded 204 in 0.2041 ms
2026-06-07 14:31:45.991 +03:00 [INF] Request finished HTTP/1.1 OPTIONS http://localhost:5112/api/authors - 204 null null 0.5711ms
2026-06-07 14:31:45.991 +03:00 [INF] Request starting HTTP/1.1 OPTIONS http://localhost:5112/api/books?page=1&pageSize=20 - null null
2026-06-07 14:31:45.991 +03:00 [INF] CORS policy execution successful.
2026-06-07 14:31:45.991 +03:00 [INF] HTTP OPTIONS /api/books responded 204 in 0.0723 ms
2026-06-07 14:31:45.991 +03:00 [INF] Request finished HTTP/1.1 OPTIONS http://localhost:5112/api/books?page=1&pageSize=20 - 204 null null 0.2621ms
2026-06-07 14:31:45.991 +03:00 [INF] Request starting HTTP/1.1 OPTIONS http://localhost:5112/api/categories - null null
2026-06-07 14:31:45.992 +03:00 [INF] CORS policy execution successful.
2026-06-07 14:31:45.992 +03:00 [INF] HTTP OPTIONS /api/categories responded 204 in 0.0850 ms
2026-06-07 14:31:45.992 +03:00 [INF] Request finished HTTP/1.1 OPTIONS http://localhost:5112/api/categories - 204 null null 1.3662ms
2026-06-07 14:31:46.001 +03:00 [INF] Request starting HTTP/1.1 GET http://localhost:5112/api/authors - application/json null
2026-06-07 14:31:46.001 +03:00 [INF] CORS policy execution successful.
2026-06-07 14:31:46.001 +03:00 [INF] Request starting HTTP/1.1 GET http://localhost:5112/api/books?page=1&pageSize=20 - application/json null
2026-06-07 14:31:46.001 +03:00 [INF] CORS policy execution successful.
2026-06-07 14:31:46.002 +03:00 [INF] Route matched with {action = "GetAll", controller = "Authors"}. Executing controller action with signature System.Threading.Tasks.Task`1[Microsoft.AspNetCore.Mvc.IActionResult] GetAll(System.Threading.CancellationToken) on controller LibraryApp.Api.Controllers.AuthorsController (LibraryApp.Api).
2026-06-07 14:31:46.002 +03:00 [INF] Route matched with {action = "Search", controller = "Books"}. Executing controller action with signature System.Threading.Tasks.Task`1[Microsoft.AspNetCore.Mvc.IActionResult] Search(BookSearchQuery, System.Threading.CancellationToken) on controller BooksController (LibraryApp.Api).
2026-06-07 14:31:46.002 +03:00 [INF] Request starting HTTP/1.1 GET http://localhost:5112/api/categories - application/json null
2026-06-07 14:31:46.002 +03:00 [INF] CORS policy execution successful.
2026-06-07 14:31:46.002 +03:00 [INF] Route matched with {action = "GetAll", controller = "Categories"}. Executing controller action with signature System.Threading.Tasks.Task`1[Microsoft.AspNetCore.Mvc.IActionResult] GetAll(System.Threading.CancellationToken) on controller LibraryApp.Api.Controllers.CategoriesController (LibraryApp.Api).
2026-06-07 14:31:46.004 +03:00 [INF] Executing OkObjectResult, writing value of type 'System.Collections.Generic.List`1[[LibraryApp.Core.DTOs.AuthorDto, LibraryApp.Core, Version=1.0.0.0, Culture=neutral, PublicKeyToken=null]]'.
2026-06-07 14:31:46.004 +03:00 [INF] Executed action LibraryApp.Api.Controllers.AuthorsController.GetAll (LibraryApp.Api) in 2.1454ms
2026-06-07 14:31:46.004 +03:00 [INF] Executing OkObjectResult, writing value of type 'System.Collections.Generic.List`1[[<>f__AnonymousType1`2[[System.Int32, System.Private.CoreLib, Version=8.0.0.0, Culture=neutral, PublicKeyToken=7cec85d7bea7798e],[System.String, System.Private.CoreLib, Version=8.0.0.0, Culture=neutral, PublicKeyToken=7cec85d7bea7798e]], LibraryApp.Api, Version=1.0.0.0, Culture=neutral, PublicKeyToken=null]]'.
2026-06-07 14:31:46.004 +03:00 [INF] HTTP GET /api/authors responded 200 in 2.8179 ms
2026-06-07 14:31:46.004 +03:00 [INF] Executed action LibraryApp.Api.Controllers.CategoriesController.GetAll (LibraryApp.Api) in 1.6157ms
2026-06-07 14:31:46.004 +03:00 [INF] Request finished HTTP/1.1 GET http://localhost:5112/api/authors - 200 null application/json; charset=utf-8 3.1008ms
2026-06-07 14:31:46.004 +03:00 [INF] HTTP GET /api/categories responded 200 in 2.2170 ms
2026-06-07 14:31:46.004 +03:00 [INF] Request finished HTTP/1.1 GET http://localhost:5112/api/categories - 200 null application/json; charset=utf-8 2.4942ms
2026-06-07 14:31:46.006 +03:00 [INF] Executing OkObjectResult, writing value of type 'PagedResult`1[[BookDto, LibraryApp.Core, Version=1.0.0.0, Culture=neutral, PublicKeyToken=null]]'.
2026-06-07 14:31:46.006 +03:00 [INF] Executed action BooksController.Search (LibraryApp.Api) in 3.9905ms
2026-06-07 14:31:46.006 +03:00 [INF] HTTP GET /api/books responded 200 in 4.3103 ms
2026-06-07 14:31:46.006 +03:00 [INF] Request finished HTTP/1.1 GET http://localhost:5112/api/books?page=1&pageSize=20 - 200 null application/json; charset=utf-8 4.5427ms
2026-06-07 14:31:47.465 +03:00 [INF] Request starting HTTP/1.1 OPTIONS http://localhost:5112/api/books/5 - null null
2026-06-07 14:31:47.465 +03:00 [INF] CORS policy execution successful.
2026-06-07 14:31:47.465 +03:00 [INF] HTTP OPTIONS /api/books/5 responded 204 in 0.0896 ms
2026-06-07 14:31:47.466 +03:00 [INF] Request finished HTTP/1.1 OPTIONS http://localhost:5112/api/books/5 - 204 null null 0.3647ms
2026-06-07 14:31:47.470 +03:00 [INF] Request starting HTTP/1.1 GET http://localhost:5112/api/books/5 - application/json null
2026-06-07 14:31:47.470 +03:00 [INF] CORS policy execution successful.
2026-06-07 14:31:47.470 +03:00 [INF] Route matched with {action = "GetById", controller = "Books"}. Executing controller action with signature System.Threading.Tasks.Task`1[Microsoft.AspNetCore.Mvc.IActionResult] GetById(Int32, System.Threading.CancellationToken) on controller BooksController (LibraryApp.Api).
2026-06-07 14:31:47.473 +03:00 [INF] Executing OkObjectResult, writing value of type 'BookDto'.
2026-06-07 14:31:47.474 +03:00 [INF] Executed action BooksController.GetById (LibraryApp.Api) in 3.4714ms
2026-06-07 14:31:47.474 +03:00 [INF] HTTP GET /api/books/5 responded 200 in 4.0417 ms
2026-06-07 14:31:47.474 +03:00 [INF] Request finished HTTP/1.1 GET http://localhost:5112/api/books/5 - 200 null application/json; charset=utf-8 4.3787ms
2026-06-07 14:31:50.699 +03:00 [INF] Request starting HTTP/1.1 GET http://localhost:5112/api/authors - application/json null
2026-06-07 14:31:50.699 +03:00 [INF] CORS policy execution successful.
2026-06-07 14:31:50.699 +03:00 [INF] Route matched with {action = "GetAll", controller = "Authors"}. Executing controller action with signature System.Threading.Tasks.Task`1[Microsoft.AspNetCore.Mvc.IActionResult] GetAll(System.Threading.CancellationToken) on controller LibraryApp.Api.Controllers.AuthorsController (LibraryApp.Api).
2026-06-07 14:31:50.699 +03:00 [INF] Request starting HTTP/1.1 GET http://localhost:5112/api/categories - application/json null
2026-06-07 14:31:50.699 +03:00 [INF] CORS policy execution successful.
2026-06-07 14:31:50.700 +03:00 [INF] Request starting HTTP/1.1 GET http://localhost:5112/api/books?page=1&pageSize=20 - application/json null
2026-06-07 14:31:50.700 +03:00 [INF] Route matched with {action = "GetAll", controller = "Categories"}. Executing controller action with signature System.Threading.Tasks.Task`1[Microsoft.AspNetCore.Mvc.IActionResult] GetAll(System.Threading.CancellationToken) on controller LibraryApp.Api.Controllers.CategoriesController (LibraryApp.Api).
2026-06-07 14:31:50.700 +03:00 [INF] CORS policy execution successful.
2026-06-07 14:31:50.700 +03:00 [INF] Route matched with {action = "Search", controller = "Books"}. Executing controller action with signature System.Threading.Tasks.Task`1[Microsoft.AspNetCore.Mvc.IActionResult] Search(BookSearchQuery, System.Threading.CancellationToken) on controller BooksController (LibraryApp.Api).
2026-06-07 14:31:50.701 +03:00 [INF] Executing OkObjectResult, writing value of type 'System.Collections.Generic.List`1[[LibraryApp.Core.DTOs.AuthorDto, LibraryApp.Core, Version=1.0.0.0, Culture=neutral, PublicKeyToken=null]]'.
2026-06-07 14:31:50.701 +03:00 [INF] Executing OkObjectResult, writing value of type 'System.Collections.Generic.List`1[[<>f__AnonymousType1`2[[System.Int32, System.Private.CoreLib, Version=8.0.0.0, Culture=neutral, PublicKeyToken=7cec85d7bea7798e],[System.String, System.Private.CoreLib, Version=8.0.0.0, Culture=neutral, PublicKeyToken=7cec85d7bea7798e]], LibraryApp.Api, Version=1.0.0.0, Culture=neutral, PublicKeyToken=null]]'.
2026-06-07 14:31:50.702 +03:00 [INF] Executed action LibraryApp.Api.Controllers.AuthorsController.GetAll (LibraryApp.Api) in 2.5583ms
2026-06-07 14:31:50.702 +03:00 [INF] Executed action LibraryApp.Api.Controllers.CategoriesController.GetAll (LibraryApp.Api) in 1.8234ms
2026-06-07 14:31:50.702 +03:00 [INF] HTTP GET /api/authors responded 200 in 3.0435 ms
2026-06-07 14:31:50.702 +03:00 [INF] HTTP GET /api/categories responded 200 in 2.3516 ms
2026-06-07 14:31:50.702 +03:00 [INF] Request finished HTTP/1.1 GET http://localhost:5112/api/authors - 200 null application/json; charset=utf-8 3.3082ms
2026-06-07 14:31:50.702 +03:00 [INF] Request finished HTTP/1.1 GET http://localhost:5112/api/categories - 200 null application/json; charset=utf-8 2.7306ms
2026-06-07 14:31:50.704 +03:00 [INF] Executing OkObjectResult, writing value of type 'PagedResult`1[[BookDto, LibraryApp.Core, Version=1.0.0.0, Culture=neutral, PublicKeyToken=null]]'.
2026-06-07 14:31:50.704 +03:00 [INF] Executed action BooksController.Search (LibraryApp.Api) in 4.219ms
2026-06-07 14:31:50.704 +03:00 [INF] HTTP GET /api/books responded 200 in 4.6722 ms
2026-06-07 14:31:50.707 +03:00 [INF] Request finished HTTP/1.1 GET http://localhost:5112/api/books?page=1&pageSize=20 - 200 null application/json; charset=utf-8 7.1046ms
2026-06-07 15:03:18.557 +03:00 [INF] Request starting HTTP/1.1 OPTIONS http://localhost:5112/api/loans/active - null null
2026-06-07 15:03:18.558 +03:00 [INF] CORS policy execution successful.
2026-06-07 15:03:18.558 +03:00 [INF] HTTP OPTIONS /api/loans/active responded 204 in 0.2555 ms
2026-06-07 15:03:18.558 +03:00 [INF] Request finished HTTP/1.1 OPTIONS http://localhost:5112/api/loans/active - 204 null null 1.0683ms
2026-06-07 15:03:18.566 +03:00 [INF] Request starting HTTP/1.1 GET http://localhost:5112/api/loans/active - application/json null
2026-06-07 15:03:18.566 +03:00 [INF] CORS policy execution successful.
2026-06-07 15:03:18.566 +03:00 [INF] Route matched with {action = "GetActive", controller = "Loans"}. Executing controller action with signature System.Threading.Tasks.Task`1[Microsoft.AspNetCore.Mvc.IActionResult] GetActive(System.Threading.CancellationToken) on controller LibraryApp.Api.Controllers.LoansController (LibraryApp.Api).
2026-06-07 15:03:20.055 +03:00 [INF] Executing OkObjectResult, writing value of type 'System.Collections.Generic.List`1[[LibraryApp.Core.DTOs.ActiveLoanDto, LibraryApp.Core, Version=1.0.0.0, Culture=neutral, PublicKeyToken=null]]'.
2026-06-07 15:03:20.056 +03:00 [INF] Executed action LibraryApp.Api.Controllers.LoansController.GetActive (LibraryApp.Api) in 1489.4543ms
2026-06-07 15:03:20.056 +03:00 [INF] HTTP GET /api/loans/active responded 200 in 1489.7974 ms
2026-06-07 15:03:20.056 +03:00 [INF] Request finished HTTP/1.1 GET http://localhost:5112/api/loans/active - 200 null application/json; charset=utf-8 1490.1064ms
2026-06-07 15:03:26.667 +03:00 [INF] Request starting HTTP/1.1 OPTIONS http://localhost:5112/api/authors - null null
2026-06-07 15:03:26.668 +03:00 [INF] CORS policy execution successful.
2026-06-07 15:03:26.668 +03:00 [INF] HTTP OPTIONS /api/authors responded 204 in 0.1119 ms
2026-06-07 15:03:26.668 +03:00 [INF] Request finished HTTP/1.1 OPTIONS http://localhost:5112/api/authors - 204 null null 0.952ms
2026-06-07 15:03:26.669 +03:00 [INF] Request starting HTTP/1.1 OPTIONS http://localhost:5112/api/categories - null null
2026-06-07 15:03:26.669 +03:00 [INF] CORS policy execution successful.
2026-06-07 15:03:26.669 +03:00 [INF] HTTP OPTIONS /api/categories responded 204 in 0.0932 ms
2026-06-07 15:03:26.669 +03:00 [INF] Request finished HTTP/1.1 OPTIONS http://localhost:5112/api/categories - 204 null null 0.627ms
2026-06-07 15:03:26.670 +03:00 [INF] Request starting HTTP/1.1 OPTIONS http://localhost:5112/api/books?page=1&pageSize=20 - null null
2026-06-07 15:03:26.670 +03:00 [INF] CORS policy execution successful.
2026-06-07 15:03:26.671 +03:00 [INF] HTTP OPTIONS /api/books responded 204 in 0.0960 ms
2026-06-07 15:03:26.671 +03:00 [INF] Request finished HTTP/1.1 OPTIONS http://localhost:5112/api/books?page=1&pageSize=20 - 204 null null 0.3376ms
2026-06-07 15:03:26.676 +03:00 [INF] Request starting HTTP/1.1 GET http://localhost:5112/api/authors - application/json null
2026-06-07 15:03:26.676 +03:00 [INF] CORS policy execution successful.
2026-06-07 15:03:26.676 +03:00 [INF] Route matched with {action = "GetAll", controller = "Authors"}. Executing controller action with signature System.Threading.Tasks.Task`1[Microsoft.AspNetCore.Mvc.IActionResult] GetAll(System.Threading.CancellationToken) on controller LibraryApp.Api.Controllers.AuthorsController (LibraryApp.Api).
2026-06-07 15:03:26.677 +03:00 [INF] Request starting HTTP/1.1 GET http://localhost:5112/api/categories - application/json null
2026-06-07 15:03:26.677 +03:00 [INF] Request starting HTTP/1.1 GET http://localhost:5112/api/books?page=1&pageSize=20 - application/json null
2026-06-07 15:03:26.677 +03:00 [INF] CORS policy execution successful.
2026-06-07 15:03:26.677 +03:00 [INF] CORS policy execution successful.
2026-06-07 15:03:26.677 +03:00 [INF] Route matched with {action = "GetAll", controller = "Categories"}. Executing controller action with signature System.Threading.Tasks.Task`1[Microsoft.AspNetCore.Mvc.IActionResult] GetAll(System.Threading.CancellationToken) on controller LibraryApp.Api.Controllers.CategoriesController (LibraryApp.Api).
2026-06-07 15:03:26.677 +03:00 [INF] Route matched with {action = "Search", controller = "Books"}. Executing controller action with signature System.Threading.Tasks.Task`1[Microsoft.AspNetCore.Mvc.IActionResult] Search(BookSearchQuery, System.Threading.CancellationToken) on controller BooksController (LibraryApp.Api).
2026-06-07 15:03:26.682 +03:00 [INF] Executing OkObjectResult, writing value of type 'System.Collections.Generic.List`1[[LibraryApp.Core.DTOs.AuthorDto, LibraryApp.Core, Version=1.0.0.0, Culture=neutral, PublicKeyToken=null]]'.
2026-06-07 15:03:26.682 +03:00 [INF] Executed action LibraryApp.Api.Controllers.AuthorsController.GetAll (LibraryApp.Api) in 6.206ms
2026-06-07 15:03:26.682 +03:00 [INF] HTTP GET /api/authors responded 200 in 6.5404 ms
2026-06-07 15:03:26.683 +03:00 [INF] Request finished HTTP/1.1 GET http://localhost:5112/api/authors - 200 null application/json; charset=utf-8 6.8909ms
2026-06-07 15:03:26.694 +03:00 [INF] Executing OkObjectResult, writing value of type 'System.Collections.Generic.List`1[[<>f__AnonymousType1`2[[System.Int32, System.Private.CoreLib, Version=8.0.0.0, Culture=neutral, PublicKeyToken=7cec85d7bea7798e],[System.String, System.Private.CoreLib, Version=8.0.0.0, Culture=neutral, PublicKeyToken=7cec85d7bea7798e]], LibraryApp.Api, Version=1.0.0.0, Culture=neutral, PublicKeyToken=null]]'.
2026-06-07 15:03:26.694 +03:00 [INF] Executed action LibraryApp.Api.Controllers.CategoriesController.GetAll (LibraryApp.Api) in 16.3001ms
2026-06-07 15:03:26.694 +03:00 [INF] HTTP GET /api/categories responded 200 in 16.7029 ms
2026-06-07 15:03:26.694 +03:00 [INF] Request finished HTTP/1.1 GET http://localhost:5112/api/categories - 200 null application/json; charset=utf-8 17.0199ms
2026-06-07 15:03:26.721 +03:00 [INF] Executing OkObjectResult, writing value of type 'PagedResult`1[[BookDto, LibraryApp.Core, Version=1.0.0.0, Culture=neutral, PublicKeyToken=null]]'.
2026-06-07 15:03:26.721 +03:00 [INF] Executed action BooksController.Search (LibraryApp.Api) in 43.886ms
2026-06-07 15:03:26.722 +03:00 [INF] HTTP GET /api/books responded 200 in 44.2082 ms
2026-06-07 15:03:26.722 +03:00 [INF] Request finished HTTP/1.1 GET http://localhost:5112/api/books?page=1&pageSize=20 - 200 null application/json; charset=utf-8 44.4491ms
2026-06-07 15:03:27.973 +03:00 [INF] Request starting HTTP/1.1 OPTIONS http://localhost:5112/api/members - null null
2026-06-07 15:03:27.974 +03:00 [INF] CORS policy execution successful.
2026-06-07 15:03:27.974 +03:00 [INF] HTTP OPTIONS /api/members responded 204 in 0.3763 ms
2026-06-07 15:03:27.974 +03:00 [INF] Request finished HTTP/1.1 OPTIONS http://localhost:5112/api/members - 204 null null 0.8988ms
2026-06-07 15:03:27.979 +03:00 [INF] Request starting HTTP/1.1 GET http://localhost:5112/api/members - application/json null
2026-06-07 15:03:27.980 +03:00 [INF] CORS policy execution successful.
2026-06-07 15:03:27.980 +03:00 [INF] Route matched with {action = "GetAll", controller = "Members"}. Executing controller action with signature System.Threading.Tasks.Task`1[Microsoft.AspNetCore.Mvc.IActionResult] GetAll(System.Threading.CancellationToken) on controller LibraryApp.Api.Controllers.MembersController (LibraryApp.Api).
2026-06-07 15:03:27.985 +03:00 [INF] Executing OkObjectResult, writing value of type 'System.Collections.Generic.List`1[[LibraryApp.Core.DTOs.MemberDto, LibraryApp.Core, Version=1.0.0.0, Culture=neutral, PublicKeyToken=null]]'.
2026-06-07 15:03:27.985 +03:00 [INF] Executed action LibraryApp.Api.Controllers.MembersController.GetAll (LibraryApp.Api) in 4.8856ms
2026-06-07 15:03:27.985 +03:00 [INF] HTTP GET /api/members responded 200 in 5.4299 ms
2026-06-07 15:03:27.985 +03:00 [INF] Request finished HTTP/1.1 GET http://localhost:5112/api/members - 200 null application/json; charset=utf-8 5.9171ms
2026-06-07 15:03:29.365 +03:00 [INF] Request starting HTTP/1.1 OPTIONS http://localhost:5112/api/members/2 - null null
2026-06-07 15:03:29.365 +03:00 [INF] CORS policy execution successful.
2026-06-07 15:03:29.365 +03:00 [INF] HTTP OPTIONS /api/members/2 responded 204 in 0.1292 ms
2026-06-07 15:03:29.365 +03:00 [INF] Request finished HTTP/1.1 OPTIONS http://localhost:5112/api/members/2 - 204 null null 0.4224ms
2026-06-07 15:03:29.370 +03:00 [INF] Request starting HTTP/1.1 GET http://localhost:5112/api/members/2 - application/json null
2026-06-07 15:03:29.370 +03:00 [INF] CORS policy execution successful.
2026-06-07 15:03:29.370 +03:00 [INF] Route matched with {action = "GetById", controller = "Members"}. Executing controller action with signature System.Threading.Tasks.Task`1[Microsoft.AspNetCore.Mvc.IActionResult] GetById(Int32, System.Threading.CancellationToken) on controller LibraryApp.Api.Controllers.MembersController (LibraryApp.Api).
2026-06-07 15:03:29.374 +03:00 [INF] Executing OkObjectResult, writing value of type 'LibraryApp.Core.DTOs.MemberDto'.
2026-06-07 15:03:29.375 +03:00 [INF] Executed action LibraryApp.Api.Controllers.MembersController.GetById (LibraryApp.Api) in 4.4916ms
2026-06-07 15:03:29.375 +03:00 [INF] HTTP GET /api/members/2 responded 200 in 4.9647 ms
2026-06-07 15:03:29.375 +03:00 [INF] Request finished HTTP/1.1 GET http://localhost:5112/api/members/2 - 200 null application/json; charset=utf-8 5.2508ms
2026-06-07 15:03:32.156 +03:00 [INF] Request starting HTTP/1.1 GET http://localhost:5112/api/members - application/json null
2026-06-07 15:03:32.157 +03:00 [INF] CORS policy execution successful.
2026-06-07 15:03:32.157 +03:00 [INF] Route matched with {action = "GetAll", controller = "Members"}. Executing controller action with signature System.Threading.Tasks.Task`1[Microsoft.AspNetCore.Mvc.IActionResult] GetAll(System.Threading.CancellationToken) on controller LibraryApp.Api.Controllers.MembersController (LibraryApp.Api).
2026-06-07 15:03:32.159 +03:00 [INF] Executing OkObjectResult, writing value of type 'System.Collections.Generic.List`1[[LibraryApp.Core.DTOs.MemberDto, LibraryApp.Core, Version=1.0.0.0, Culture=neutral, PublicKeyToken=null]]'.
2026-06-07 15:03:32.159 +03:00 [INF] Executed action LibraryApp.Api.Controllers.MembersController.GetAll (LibraryApp.Api) in 2.1598ms
2026-06-07 15:03:32.159 +03:00 [INF] HTTP GET /api/members responded 200 in 2.7612 ms
2026-06-07 15:03:32.160 +03:00 [INF] Request finished HTTP/1.1 GET http://localhost:5112/api/members - 200 null application/json; charset=utf-8 3ms
2026-06-07 15:03:33.327 +03:00 [INF] Request starting HTTP/1.1 OPTIONS http://localhost:5112/api/authors - null null
2026-06-07 15:03:33.327 +03:00 [INF] CORS policy execution successful.
2026-06-07 15:03:33.328 +03:00 [INF] HTTP OPTIONS /api/authors responded 204 in 0.5810 ms
2026-06-07 15:03:33.328 +03:00 [INF] Request finished HTTP/1.1 OPTIONS http://localhost:5112/api/authors - 204 null null 0.9174ms
2026-06-07 15:03:33.328 +03:00 [INF] Request starting HTTP/1.1 OPTIONS http://localhost:5112/api/categories - null null
2026-06-07 15:03:33.329 +03:00 [INF] CORS policy execution successful.
2026-06-07 15:03:33.329 +03:00 [INF] HTTP OPTIONS /api/categories responded 204 in 0.1114 ms
2026-06-07 15:03:33.329 +03:00 [INF] Request finished HTTP/1.1 OPTIONS http://localhost:5112/api/categories - 204 null null 0.3849ms
2026-06-07 15:03:33.329 +03:00 [INF] Request starting HTTP/1.1 OPTIONS http://localhost:5112/api/books?page=1&pageSize=20 - null null
2026-06-07 15:03:33.329 +03:00 [INF] CORS policy execution successful.
2026-06-07 15:03:33.330 +03:00 [INF] HTTP OPTIONS /api/books responded 204 in 0.2913 ms
2026-06-07 15:03:33.330 +03:00 [INF] Request finished HTTP/1.1 OPTIONS http://localhost:5112/api/books?page=1&pageSize=20 - 204 null null 0.7475ms
2026-06-07 15:03:33.337 +03:00 [INF] Request starting HTTP/1.1 GET http://localhost:5112/api/authors - application/json null
2026-06-07 15:03:33.338 +03:00 [INF] Request starting HTTP/1.1 GET http://localhost:5112/api/categories - application/json null
2026-06-07 15:03:33.338 +03:00 [INF] CORS policy execution successful.
2026-06-07 15:03:33.338 +03:00 [INF] CORS policy execution successful.
2026-06-07 15:03:33.338 +03:00 [INF] Request starting HTTP/1.1 GET http://localhost:5112/api/books?page=1&pageSize=20 - application/json null
2026-06-07 15:03:33.338 +03:00 [INF] CORS policy execution successful.
2026-06-07 15:03:33.338 +03:00 [INF] Route matched with {action = "GetAll", controller = "Authors"}. Executing controller action with signature System.Threading.Tasks.Task`1[Microsoft.AspNetCore.Mvc.IActionResult] GetAll(System.Threading.CancellationToken) on controller LibraryApp.Api.Controllers.AuthorsController (LibraryApp.Api).
2026-06-07 15:03:33.338 +03:00 [INF] Route matched with {action = "Search", controller = "Books"}. Executing controller action with signature System.Threading.Tasks.Task`1[Microsoft.AspNetCore.Mvc.IActionResult] Search(BookSearchQuery, System.Threading.CancellationToken) on controller BooksController (LibraryApp.Api).
2026-06-07 15:03:33.338 +03:00 [INF] Route matched with {action = "GetAll", controller = "Categories"}. Executing controller action with signature System.Threading.Tasks.Task`1[Microsoft.AspNetCore.Mvc.IActionResult] GetAll(System.Threading.CancellationToken) on controller LibraryApp.Api.Controllers.CategoriesController (LibraryApp.Api).
2026-06-07 15:03:33.340 +03:00 [INF] Executing OkObjectResult, writing value of type 'System.Collections.Generic.List`1[[LibraryApp.Core.DTOs.AuthorDto, LibraryApp.Core, Version=1.0.0.0, Culture=neutral, PublicKeyToken=null]]'.
2026-06-07 15:03:33.340 +03:00 [INF] Executed action LibraryApp.Api.Controllers.AuthorsController.GetAll (LibraryApp.Api) in 1.8782ms
2026-06-07 15:03:33.340 +03:00 [INF] HTTP GET /api/authors responded 200 in 2.2908 ms
2026-06-07 15:03:33.340 +03:00 [INF] Request finished HTTP/1.1 GET http://localhost:5112/api/authors - 200 null application/json; charset=utf-8 2.7861ms
2026-06-07 15:03:33.342 +03:00 [INF] Executing OkObjectResult, writing value of type 'System.Collections.Generic.List`1[[<>f__AnonymousType1`2[[System.Int32, System.Private.CoreLib, Version=8.0.0.0, Culture=neutral, PublicKeyToken=7cec85d7bea7798e],[System.String, System.Private.CoreLib, Version=8.0.0.0, Culture=neutral, PublicKeyToken=7cec85d7bea7798e]], LibraryApp.Api, Version=1.0.0.0, Culture=neutral, PublicKeyToken=null]]'.
2026-06-07 15:03:33.342 +03:00 [INF] Executed action LibraryApp.Api.Controllers.CategoriesController.GetAll (LibraryApp.Api) in 3.5922ms
2026-06-07 15:03:33.342 +03:00 [INF] HTTP GET /api/categories responded 200 in 4.3508 ms
2026-06-07 15:03:33.342 +03:00 [INF] Request finished HTTP/1.1 GET http://localhost:5112/api/categories - 200 null application/json; charset=utf-8 4.6053ms
2026-06-07 15:03:33.347 +03:00 [INF] Executing OkObjectResult, writing value of type 'PagedResult`1[[BookDto, LibraryApp.Core, Version=1.0.0.0, Culture=neutral, PublicKeyToken=null]]'.
2026-06-07 15:03:33.349 +03:00 [INF] Executed action BooksController.Search (LibraryApp.Api) in 10.8513ms
2026-06-07 15:03:33.349 +03:00 [INF] HTTP GET /api/books responded 200 in 11.1247 ms
2026-06-07 15:03:33.349 +03:00 [INF] Request finished HTTP/1.1 GET http://localhost:5112/api/books?page=1&pageSize=20 - 200 null application/json; charset=utf-8 11.4213ms
2026-06-07 15:03:56.306 +03:00 [INF] Request starting HTTP/1.1 OPTIONS http://localhost:5112/api/books/8 - null null
2026-06-07 15:03:56.307 +03:00 [INF] CORS policy execution successful.
2026-06-07 15:03:56.307 +03:00 [INF] HTTP OPTIONS /api/books/8 responded 204 in 0.0982 ms
2026-06-07 15:03:56.307 +03:00 [INF] Request finished HTTP/1.1 OPTIONS http://localhost:5112/api/books/8 - 204 null null 0.3683ms
2026-06-07 15:03:56.312 +03:00 [INF] Request starting HTTP/1.1 GET http://localhost:5112/api/books/8 - application/json null
2026-06-07 15:03:56.312 +03:00 [INF] CORS policy execution successful.
2026-06-07 15:03:56.312 +03:00 [INF] Route matched with {action = "GetById", controller = "Books"}. Executing controller action with signature System.Threading.Tasks.Task`1[Microsoft.AspNetCore.Mvc.IActionResult] GetById(Int32, System.Threading.CancellationToken) on controller BooksController (LibraryApp.Api).
2026-06-07 15:03:56.333 +03:00 [INF] Executing OkObjectResult, writing value of type 'BookDto'.
2026-06-07 15:03:56.333 +03:00 [INF] Executed action BooksController.GetById (LibraryApp.Api) in 20.8568ms
2026-06-07 15:03:56.334 +03:00 [INF] HTTP GET /api/books/8 responded 200 in 21.1719 ms
2026-06-07 15:03:56.334 +03:00 [INF] Request finished HTTP/1.1 GET http://localhost:5112/api/books/8 - 200 null application/json; charset=utf-8 21.443ms
2026-06-07 15:03:58.178 +03:00 [INF] Request starting HTTP/1.1 OPTIONS http://localhost:5112/api/authors - null null
2026-06-07 15:03:58.179 +03:00 [INF] CORS policy execution successful.
2026-06-07 15:03:58.179 +03:00 [INF] HTTP OPTIONS /api/authors responded 204 in 0.1038 ms
2026-06-07 15:03:58.179 +03:00 [INF] Request starting HTTP/1.1 OPTIONS http://localhost:5112/api/categories - null null
2026-06-07 15:03:58.179 +03:00 [INF] Request finished HTTP/1.1 OPTIONS http://localhost:5112/api/authors - 204 null null 0.3624ms
2026-06-07 15:03:58.179 +03:00 [INF] CORS policy execution successful.
2026-06-07 15:03:58.179 +03:00 [INF] HTTP OPTIONS /api/categories responded 204 in 0.0806 ms
2026-06-07 15:03:58.179 +03:00 [INF] Request finished HTTP/1.1 OPTIONS http://localhost:5112/api/categories - 204 null null 0.2655ms
2026-06-07 15:03:58.180 +03:00 [INF] Request starting HTTP/1.1 GET http://localhost:5112/api/books/8 - application/json null
2026-06-07 15:03:58.181 +03:00 [INF] CORS policy execution successful.
2026-06-07 15:03:58.181 +03:00 [INF] Route matched with {action = "GetById", controller = "Books"}. Executing controller action with signature System.Threading.Tasks.Task`1[Microsoft.AspNetCore.Mvc.IActionResult] GetById(Int32, System.Threading.CancellationToken) on controller BooksController (LibraryApp.Api).
2026-06-07 15:03:58.183 +03:00 [INF] Executing OkObjectResult, writing value of type 'BookDto'.
2026-06-07 15:03:58.183 +03:00 [INF] Executed action BooksController.GetById (LibraryApp.Api) in 2.3046ms
2026-06-07 15:03:58.183 +03:00 [INF] HTTP GET /api/books/8 responded 200 in 2.6067 ms
2026-06-07 15:03:58.183 +03:00 [INF] Request finished HTTP/1.1 GET http://localhost:5112/api/books/8 - 200 null application/json; charset=utf-8 2.9441ms
2026-06-07 15:03:58.186 +03:00 [INF] Request starting HTTP/1.1 GET http://localhost:5112/api/categories - application/json null
2026-06-07 15:03:58.186 +03:00 [INF] CORS policy execution successful.
2026-06-07 15:03:58.187 +03:00 [INF] Request starting HTTP/1.1 GET http://localhost:5112/api/authors - application/json null
2026-06-07 15:03:58.187 +03:00 [INF] CORS policy execution successful.
2026-06-07 15:03:58.187 +03:00 [INF] Route matched with {action = "GetAll", controller = "Authors"}. Executing controller action with signature System.Threading.Tasks.Task`1[Microsoft.AspNetCore.Mvc.IActionResult] GetAll(System.Threading.CancellationToken) on controller LibraryApp.Api.Controllers.AuthorsController (LibraryApp.Api).
2026-06-07 15:03:58.187 +03:00 [INF] Route matched with {action = "GetAll", controller = "Categories"}. Executing controller action with signature System.Threading.Tasks.Task`1[Microsoft.AspNetCore.Mvc.IActionResult] GetAll(System.Threading.CancellationToken) on controller LibraryApp.Api.Controllers.CategoriesController (LibraryApp.Api).
2026-06-07 15:03:58.189 +03:00 [INF] Executing OkObjectResult, writing value of type 'System.Collections.Generic.List`1[[<>f__AnonymousType1`2[[System.Int32, System.Private.CoreLib, Version=8.0.0.0, Culture=neutral, PublicKeyToken=7cec85d7bea7798e],[System.String, System.Private.CoreLib, Version=8.0.0.0, Culture=neutral, PublicKeyToken=7cec85d7bea7798e]], LibraryApp.Api, Version=1.0.0.0, Culture=neutral, PublicKeyToken=null]]'.
2026-06-07 15:03:58.189 +03:00 [INF] Executed action LibraryApp.Api.Controllers.CategoriesController.GetAll (LibraryApp.Api) in 1.6596ms
2026-06-07 15:03:58.189 +03:00 [INF] Executing OkObjectResult, writing value of type 'System.Collections.Generic.List`1[[LibraryApp.Core.DTOs.AuthorDto, LibraryApp.Core, Version=1.0.0.0, Culture=neutral, PublicKeyToken=null]]'.
2026-06-07 15:03:58.189 +03:00 [INF] HTTP GET /api/categories responded 200 in 3.4855 ms
2026-06-07 15:03:58.189 +03:00 [INF] Executed action LibraryApp.Api.Controllers.AuthorsController.GetAll (LibraryApp.Api) in 1.9153ms
2026-06-07 15:03:58.190 +03:00 [INF] HTTP GET /api/authors responded 200 in 2.4901 ms
2026-06-07 15:03:58.190 +03:00 [INF] Request finished HTTP/1.1 GET http://localhost:5112/api/categories - 200 null application/json; charset=utf-8 4.1575ms
2026-06-07 15:03:58.190 +03:00 [INF] Request finished HTTP/1.1 GET http://localhost:5112/api/authors - 200 null application/json; charset=utf-8 2.7598ms
2026-06-07 15:04:13.596 +03:00 [INF] Request starting HTTP/1.1 OPTIONS http://localhost:5112/api/books/8 - null null
2026-06-07 15:04:13.596 +03:00 [INF] CORS policy execution successful.
2026-06-07 15:04:13.596 +03:00 [INF] HTTP OPTIONS /api/books/8 responded 204 in 0.1020 ms
2026-06-07 15:04:13.597 +03:00 [INF] Request finished HTTP/1.1 OPTIONS http://localhost:5112/api/books/8 - 204 null null 0.8699ms
2026-06-07 15:04:13.604 +03:00 [INF] Request starting HTTP/1.1 GET http://localhost:5112/api/books/8 - application/json null
2026-06-07 15:04:13.604 +03:00 [INF] CORS policy execution successful.
2026-06-07 15:04:13.604 +03:00 [INF] Route matched with {action = "GetById", controller = "Books"}. Executing controller action with signature System.Threading.Tasks.Task`1[Microsoft.AspNetCore.Mvc.IActionResult] GetById(Int32, System.Threading.CancellationToken) on controller BooksController (LibraryApp.Api).
2026-06-07 15:04:13.606 +03:00 [INF] Executing OkObjectResult, writing value of type 'BookDto'.
2026-06-07 15:04:13.607 +03:00 [INF] Executed action BooksController.GetById (LibraryApp.Api) in 2.3842ms
2026-06-07 15:04:13.607 +03:00 [INF] HTTP GET /api/books/8 responded 200 in 2.7289 ms
2026-06-07 15:04:13.607 +03:00 [INF] Request finished HTTP/1.1 GET http://localhost:5112/api/books/8 - 200 null application/json; charset=utf-8 3.047ms
2026-06-07 15:04:16.655 +03:00 [INF] Request starting HTTP/1.1 OPTIONS http://localhost:5112/api/loans/active - null null
2026-06-07 15:04:16.655 +03:00 [INF] CORS policy execution successful.
2026-06-07 15:04:16.655 +03:00 [INF] HTTP OPTIONS /api/loans/active responded 204 in 0.2024 ms
2026-06-07 15:04:16.655 +03:00 [INF] Request finished HTTP/1.1 OPTIONS http://localhost:5112/api/loans/active - 204 null null 0.5015ms
2026-06-07 15:04:16.660 +03:00 [INF] Request starting HTTP/1.1 GET http://localhost:5112/api/loans/active - application/json null
2026-06-07 15:04:16.660 +03:00 [INF] CORS policy execution successful.
2026-06-07 15:04:16.660 +03:00 [INF] Route matched with {action = "GetActive", controller = "Loans"}. Executing controller action with signature System.Threading.Tasks.Task`1[Microsoft.AspNetCore.Mvc.IActionResult] GetActive(System.Threading.CancellationToken) on controller LibraryApp.Api.Controllers.LoansController (LibraryApp.Api).
2026-06-07 15:04:16.662 +03:00 [INF] Executing OkObjectResult, writing value of type 'System.Collections.Generic.List`1[[LibraryApp.Core.DTOs.ActiveLoanDto, LibraryApp.Core, Version=1.0.0.0, Culture=neutral, PublicKeyToken=null]]'.
2026-06-07 15:04:16.662 +03:00 [INF] Executed action LibraryApp.Api.Controllers.LoansController.GetActive (LibraryApp.Api) in 2.0083ms
2026-06-07 15:04:16.662 +03:00 [INF] HTTP GET /api/loans/active responded 200 in 2.5604 ms
2026-06-07 15:04:16.663 +03:00 [INF] Request finished HTTP/1.1 GET http://localhost:5112/api/loans/active - 200 null application/json; charset=utf-8 2.8586ms
2026-06-07 15:05:38.861 +03:00 [INF] Request starting HTTP/1.1 GET http://localhost:5112/api/loans/active - application/json null
2026-06-07 15:05:38.861 +03:00 [INF] Route matched with {action = "GetActive", controller = "Loans"}. Executing controller action with signature System.Threading.Tasks.Task`1[Microsoft.AspNetCore.Mvc.IActionResult] GetActive(System.Threading.CancellationToken) on controller LibraryApp.Api.Controllers.LoansController (LibraryApp.Api).
2026-06-07 15:05:38.863 +03:00 [INF] Executing OkObjectResult, writing value of type 'System.Collections.Generic.List`1[[LibraryApp.Core.DTOs.ActiveLoanDto, LibraryApp.Core, Version=1.0.0.0, Culture=neutral, PublicKeyToken=null]]'.
2026-06-07 15:05:38.863 +03:00 [INF] Executed action LibraryApp.Api.Controllers.LoansController.GetActive (LibraryApp.Api) in 1.8548ms
2026-06-07 15:05:38.863 +03:00 [INF] HTTP GET /api/loans/active responded 200 in 2.0980 ms
2026-06-07 15:05:38.863 +03:00 [INF] Request finished HTTP/1.1 GET http://localhost:5112/api/loans/active - 200 null application/json; charset=utf-8 2.3737ms
2026-06-07 15:05:39.303 +03:00 [INF] Request starting HTTP/1.1 OPTIONS http://localhost:5112/api/loans/active - null null
2026-06-07 15:05:39.303 +03:00 [INF] CORS policy execution successful.
2026-06-07 15:05:39.303 +03:00 [INF] HTTP OPTIONS /api/loans/active responded 204 in 0.0856 ms
2026-06-07 15:05:39.304 +03:00 [INF] Request finished HTTP/1.1 OPTIONS http://localhost:5112/api/loans/active - 204 null null 0.3454ms
2026-06-07 15:05:39.307 +03:00 [INF] Request starting HTTP/1.1 GET http://localhost:5112/api/loans/active - application/json null
2026-06-07 15:05:39.307 +03:00 [INF] CORS policy execution successful.
2026-06-07 15:05:39.307 +03:00 [INF] Route matched with {action = "GetActive", controller = "Loans"}. Executing controller action with signature System.Threading.Tasks.Task`1[Microsoft.AspNetCore.Mvc.IActionResult] GetActive(System.Threading.CancellationToken) on controller LibraryApp.Api.Controllers.LoansController (LibraryApp.Api).
2026-06-07 15:05:39.309 +03:00 [INF] Executing OkObjectResult, writing value of type 'System.Collections.Generic.List`1[[LibraryApp.Core.DTOs.ActiveLoanDto, LibraryApp.Core, Version=1.0.0.0, Culture=neutral, PublicKeyToken=null]]'.
2026-06-07 15:05:39.309 +03:00 [INF] Executed action LibraryApp.Api.Controllers.LoansController.GetActive (LibraryApp.Api) in 2.0239ms
2026-06-07 15:05:39.310 +03:00 [INF] HTTP GET /api/loans/active responded 200 in 2.4744 ms
2026-06-07 15:05:39.310 +03:00 [INF] Request finished HTTP/1.1 GET http://localhost:5112/api/loans/active - 200 null application/json; charset=utf-8 2.7554ms
2026-06-07 15:05:54.043 +03:00 [INF] Request starting HTTP/1.1 GET http://localhost:5112/api/loans/active - application/json null
2026-06-07 15:05:54.043 +03:00 [INF] Route matched with {action = "GetActive", controller = "Loans"}. Executing controller action with signature System.Threading.Tasks.Task`1[Microsoft.AspNetCore.Mvc.IActionResult] GetActive(System.Threading.CancellationToken) on controller LibraryApp.Api.Controllers.LoansController (LibraryApp.Api).
2026-06-07 15:05:54.047 +03:00 [INF] Executing OkObjectResult, writing value of type 'System.Collections.Generic.List`1[[LibraryApp.Core.DTOs.ActiveLoanDto, LibraryApp.Core, Version=1.0.0.0, Culture=neutral, PublicKeyToken=null]]'.
2026-06-07 15:05:54.047 +03:00 [INF] Executed action LibraryApp.Api.Controllers.LoansController.GetActive (LibraryApp.Api) in 3.4615ms
2026-06-07 15:05:54.047 +03:00 [INF] HTTP GET /api/loans/active responded 200 in 3.7100 ms
2026-06-07 15:05:54.047 +03:00 [INF] Request finished HTTP/1.1 GET http://localhost:5112/api/loans/active - 200 null application/json; charset=utf-8 4.0897ms
2026-06-07 15:05:54.707 +03:00 [INF] Request starting HTTP/1.1 OPTIONS http://localhost:5112/api/loans/active - null null
2026-06-07 15:05:54.708 +03:00 [INF] CORS policy execution successful.
2026-06-07 15:05:54.708 +03:00 [INF] HTTP OPTIONS /api/loans/active responded 204 in 0.0842 ms
2026-06-07 15:05:54.708 +03:00 [INF] Request finished HTTP/1.1 OPTIONS http://localhost:5112/api/loans/active - 204 null null 0.6297ms
2026-06-07 15:05:54.716 +03:00 [INF] Request starting HTTP/1.1 GET http://localhost:5112/api/loans/active - application/json null
2026-06-07 15:05:54.717 +03:00 [INF] CORS policy execution successful.
2026-06-07 15:05:54.717 +03:00 [INF] Route matched with {action = "GetActive", controller = "Loans"}. Executing controller action with signature System.Threading.Tasks.Task`1[Microsoft.AspNetCore.Mvc.IActionResult] GetActive(System.Threading.CancellationToken) on controller LibraryApp.Api.Controllers.LoansController (LibraryApp.Api).
2026-06-07 15:05:54.719 +03:00 [INF] Executing OkObjectResult, writing value of type 'System.Collections.Generic.List`1[[LibraryApp.Core.DTOs.ActiveLoanDto, LibraryApp.Core, Version=1.0.0.0, Culture=neutral, PublicKeyToken=null]]'.
2026-06-07 15:05:54.719 +03:00 [INF] Executed action LibraryApp.Api.Controllers.LoansController.GetActive (LibraryApp.Api) in 2.1098ms
2026-06-07 15:05:54.719 +03:00 [INF] HTTP GET /api/loans/active responded 200 in 2.4280 ms
2026-06-07 15:05:54.719 +03:00 [INF] Request finished HTTP/1.1 GET http://localhost:5112/api/loans/active - 200 null application/json; charset=utf-8 2.8688ms
2026-06-07 15:06:06.074 +03:00 [INF] Request starting HTTP/1.1 OPTIONS http://localhost:5112/api/authors - null null
2026-06-07 15:06:06.074 +03:00 [INF] CORS policy execution successful.
2026-06-07 15:06:06.074 +03:00 [INF] HTTP OPTIONS /api/authors responded 204 in 0.0981 ms
2026-06-07 15:06:06.074 +03:00 [INF] Request finished HTTP/1.1 OPTIONS http://localhost:5112/api/authors - 204 null null 0.5102ms
2026-06-07 15:06:06.075 +03:00 [INF] Request starting HTTP/1.1 OPTIONS http://localhost:5112/api/categories - null null
2026-06-07 15:06:06.075 +03:00 [INF] CORS policy execution successful.
2026-06-07 15:06:06.075 +03:00 [INF] HTTP OPTIONS /api/categories responded 204 in 0.0906 ms
2026-06-07 15:06:06.075 +03:00 [INF] Request finished HTTP/1.1 OPTIONS http://localhost:5112/api/categories - 204 null null 0.3664ms
2026-06-07 15:06:06.076 +03:00 [INF] Request starting HTTP/1.1 OPTIONS http://localhost:5112/api/books?page=1&pageSize=20 - null null
2026-06-07 15:06:06.076 +03:00 [INF] CORS policy execution successful.
2026-06-07 15:06:06.076 +03:00 [INF] HTTP OPTIONS /api/books responded 204 in 0.0729 ms
2026-06-07 15:06:06.076 +03:00 [INF] Request finished HTTP/1.1 OPTIONS http://localhost:5112/api/books?page=1&pageSize=20 - 204 null null 0.2431ms
2026-06-07 15:06:06.083 +03:00 [INF] Request starting HTTP/1.1 GET http://localhost:5112/api/authors - application/json null
2026-06-07 15:06:06.084 +03:00 [INF] CORS policy execution successful.
2026-06-07 15:06:06.084 +03:00 [INF] Route matched with {action = "GetAll", controller = "Authors"}. Executing controller action with signature System.Threading.Tasks.Task`1[Microsoft.AspNetCore.Mvc.IActionResult] GetAll(System.Threading.CancellationToken) on controller LibraryApp.Api.Controllers.AuthorsController (LibraryApp.Api).
2026-06-07 15:06:06.084 +03:00 [INF] Request starting HTTP/1.1 GET http://localhost:5112/api/categories - application/json null
2026-06-07 15:06:06.084 +03:00 [INF] CORS policy execution successful.
2026-06-07 15:06:06.084 +03:00 [INF] Request starting HTTP/1.1 GET http://localhost:5112/api/books?page=1&pageSize=20 - application/json null
2026-06-07 15:06:06.084 +03:00 [INF] Route matched with {action = "GetAll", controller = "Categories"}. Executing controller action with signature System.Threading.Tasks.Task`1[Microsoft.AspNetCore.Mvc.IActionResult] GetAll(System.Threading.CancellationToken) on controller LibraryApp.Api.Controllers.CategoriesController (LibraryApp.Api).
2026-06-07 15:06:06.084 +03:00 [INF] CORS policy execution successful.
2026-06-07 15:06:06.085 +03:00 [INF] Route matched with {action = "Search", controller = "Books"}. Executing controller action with signature System.Threading.Tasks.Task`1[Microsoft.AspNetCore.Mvc.IActionResult] Search(BookSearchQuery, System.Threading.CancellationToken) on controller BooksController (LibraryApp.Api).
2026-06-07 15:06:06.086 +03:00 [INF] Executing OkObjectResult, writing value of type 'System.Collections.Generic.List`1[[<>f__AnonymousType1`2[[System.Int32, System.Private.CoreLib, Version=8.0.0.0, Culture=neutral, PublicKeyToken=7cec85d7bea7798e],[System.String, System.Private.CoreLib, Version=8.0.0.0, Culture=neutral, PublicKeyToken=7cec85d7bea7798e]], LibraryApp.Api, Version=1.0.0.0, Culture=neutral, PublicKeyToken=null]]'.
2026-06-07 15:06:06.086 +03:00 [INF] Executing OkObjectResult, writing value of type 'System.Collections.Generic.List`1[[LibraryApp.Core.DTOs.AuthorDto, LibraryApp.Core, Version=1.0.0.0, Culture=neutral, PublicKeyToken=null]]'.
2026-06-07 15:06:06.086 +03:00 [INF] Executed action LibraryApp.Api.Controllers.CategoriesController.GetAll (LibraryApp.Api) in 1.5058ms
2026-06-07 15:06:06.086 +03:00 [INF] Executed action LibraryApp.Api.Controllers.AuthorsController.GetAll (LibraryApp.Api) in 2.3065ms
2026-06-07 15:06:06.086 +03:00 [INF] HTTP GET /api/categories responded 200 in 1.9770 ms
2026-06-07 15:06:06.086 +03:00 [INF] HTTP GET /api/authors responded 200 in 2.7257 ms
2026-06-07 15:06:06.087 +03:00 [INF] Request finished HTTP/1.1 GET http://localhost:5112/api/categories - 200 null application/json; charset=utf-8 2.773ms
2026-06-07 15:06:06.087 +03:00 [INF] Request finished HTTP/1.1 GET http://localhost:5112/api/authors - 200 null application/json; charset=utf-8 3.5416ms
2026-06-07 15:06:06.090 +03:00 [INF] Executing OkObjectResult, writing value of type 'PagedResult`1[[BookDto, LibraryApp.Core, Version=1.0.0.0, Culture=neutral, PublicKeyToken=null]]'.
2026-06-07 15:06:06.090 +03:00 [INF] Executed action BooksController.Search (LibraryApp.Api) in 5.4557ms
2026-06-07 15:06:06.090 +03:00 [INF] HTTP GET /api/books responded 200 in 5.8541 ms
2026-06-07 15:06:06.090 +03:00 [INF] Request finished HTTP/1.1 GET http://localhost:5112/api/books?page=1&pageSize=20 - 200 null application/json; charset=utf-8 6.085ms
2026-06-07 15:06:07.983 +03:00 [INF] Request starting HTTP/1.1 GET http://localhost:5112/api/authors - application/json null
2026-06-07 15:06:07.983 +03:00 [INF] CORS policy execution successful.
2026-06-07 15:06:07.983 +03:00 [INF] Route matched with {action = "GetAll", controller = "Authors"}. Executing controller action with signature System.Threading.Tasks.Task`1[Microsoft.AspNetCore.Mvc.IActionResult] GetAll(System.Threading.CancellationToken) on controller LibraryApp.Api.Controllers.AuthorsController (LibraryApp.Api).
2026-06-07 15:06:07.983 +03:00 [INF] Request starting HTTP/1.1 GET http://localhost:5112/api/categories - application/json null
2026-06-07 15:06:07.984 +03:00 [INF] CORS policy execution successful.
2026-06-07 15:06:07.984 +03:00 [INF] Route matched with {action = "GetAll", controller = "Categories"}. Executing controller action with signature System.Threading.Tasks.Task`1[Microsoft.AspNetCore.Mvc.IActionResult] GetAll(System.Threading.CancellationToken) on controller LibraryApp.Api.Controllers.CategoriesController (LibraryApp.Api).
2026-06-07 15:06:07.985 +03:00 [INF] Executing OkObjectResult, writing value of type 'System.Collections.Generic.List`1[[LibraryApp.Core.DTOs.AuthorDto, LibraryApp.Core, Version=1.0.0.0, Culture=neutral, PublicKeyToken=null]]'.
2026-06-07 15:06:07.985 +03:00 [INF] Executed action LibraryApp.Api.Controllers.AuthorsController.GetAll (LibraryApp.Api) in 1.5925ms
2026-06-07 15:06:07.985 +03:00 [INF] HTTP GET /api/authors responded 200 in 1.9459 ms
2026-06-07 15:06:07.985 +03:00 [INF] Executing OkObjectResult, writing value of type 'System.Collections.Generic.List`1[[<>f__AnonymousType1`2[[System.Int32, System.Private.CoreLib, Version=8.0.0.0, Culture=neutral, PublicKeyToken=7cec85d7bea7798e],[System.String, System.Private.CoreLib, Version=8.0.0.0, Culture=neutral, PublicKeyToken=7cec85d7bea7798e]], LibraryApp.Api, Version=1.0.0.0, Culture=neutral, PublicKeyToken=null]]'.
2026-06-07 15:06:07.985 +03:00 [INF] Request finished HTTP/1.1 GET http://localhost:5112/api/authors - 200 null application/json; charset=utf-8 2.2062ms
2026-06-07 15:06:07.985 +03:00 [INF] Executed action LibraryApp.Api.Controllers.CategoriesController.GetAll (LibraryApp.Api) in 1.3445ms
2026-06-07 15:06:07.985 +03:00 [INF] HTTP GET /api/categories responded 200 in 1.5688 ms
2026-06-07 15:06:07.985 +03:00 [INF] Request finished HTTP/1.1 GET http://localhost:5112/api/categories - 200 null application/json; charset=utf-8 1.7422ms
2026-06-07 15:06:14.178 +03:00 [INF] Request starting HTTP/1.1 OPTIONS http://localhost:5112/api/members - null null
2026-06-07 15:06:14.179 +03:00 [INF] CORS policy execution successful.
2026-06-07 15:06:14.179 +03:00 [INF] HTTP OPTIONS /api/members responded 204 in 0.0854 ms
2026-06-07 15:06:14.179 +03:00 [INF] Request finished HTTP/1.1 OPTIONS http://localhost:5112/api/members - 204 null null 0.3198ms
2026-06-07 15:06:14.183 +03:00 [INF] Request starting HTTP/1.1 GET http://localhost:5112/api/members - application/json null
2026-06-07 15:06:14.183 +03:00 [INF] CORS policy execution successful.
2026-06-07 15:06:14.183 +03:00 [INF] Route matched with {action = "GetAll", controller = "Members"}. Executing controller action with signature System.Threading.Tasks.Task`1[Microsoft.AspNetCore.Mvc.IActionResult] GetAll(System.Threading.CancellationToken) on controller LibraryApp.Api.Controllers.MembersController (LibraryApp.Api).
2026-06-07 15:06:14.185 +03:00 [INF] Executing OkObjectResult, writing value of type 'System.Collections.Generic.List`1[[LibraryApp.Core.DTOs.MemberDto, LibraryApp.Core, Version=1.0.0.0, Culture=neutral, PublicKeyToken=null]]'.
2026-06-07 15:06:14.186 +03:00 [INF] Executed action LibraryApp.Api.Controllers.MembersController.GetAll (LibraryApp.Api) in 2.0022ms
2026-06-07 15:06:14.186 +03:00 [INF] HTTP GET /api/members responded 200 in 2.2221 ms
2026-06-07 15:06:14.186 +03:00 [INF] Request finished HTTP/1.1 GET http://localhost:5112/api/members - 200 null application/json; charset=utf-8 2.46ms
2026-06-07 15:06:24.029 +03:00 [INF] Request starting HTTP/1.1 OPTIONS http://localhost:5112/api/members/1 - null null
2026-06-07 15:06:24.029 +03:00 [INF] CORS policy execution successful.
2026-06-07 15:06:24.029 +03:00 [INF] HTTP OPTIONS /api/members/1 responded 204 in 0.0671 ms
2026-06-07 15:06:24.029 +03:00 [INF] Request finished HTTP/1.1 OPTIONS http://localhost:5112/api/members/1 - 204 null null 0.2926ms
2026-06-07 15:06:24.033 +03:00 [INF] Request starting HTTP/1.1 DELETE http://localhost:5112/api/members/1 - application/json null
2026-06-07 15:06:24.033 +03:00 [INF] CORS policy execution successful.
2026-06-07 15:06:24.039 +03:00 [INF] Route matched with {action = "Delete", controller = "Members"}. Executing controller action with signature System.Threading.Tasks.Task`1[Microsoft.AspNetCore.Mvc.IActionResult] Delete(Int32, System.Threading.CancellationToken) on controller LibraryApp.Api.Controllers.MembersController (LibraryApp.Api).
2026-06-07 15:06:24.056 +03:00 [INF] Executed action LibraryApp.Api.Controllers.MembersController.Delete (LibraryApp.Api) in 17.4976ms
2026-06-07 15:06:24.057 +03:00 [ERR] HTTP DELETE /api/members/1 responded 500 in 23.4031 ms
ConflictException: Member ID 1 has active loans and cannot be deleted.
   at LibraryApp.Data.Services.MemberService.DeleteAsync(Int32 memberId, CancellationToken ct) in c:\Users\Thales\Desktop\netcore\LibraryApp\LibraryApp.Data\Services\MemberService.cs:line 121
   at LibraryApp.Api.Controllers.MembersController.Delete(Int32 id, CancellationToken ct) in c:\Users\Thales\Desktop\netcore\LibraryApp\LibraryApp.Api\Controllers\MembersController.cs:line 68
   at Microsoft.AspNetCore.Mvc.Infrastructure.ActionMethodExecutor.TaskOfIActionResultExecutor.Execute(ActionContext actionContext, IActionResultTypeMapper mapper, ObjectMethodExecutor executor, Object controller, Object[] arguments)
   at Microsoft.AspNetCore.Mvc.Infrastructure.ControllerActionInvoker.<InvokeActionMethodAsync>g__Awaited|12_0(ControllerActionInvoker invoker, ValueTask`1 actionResultValueTask)
   at Microsoft.AspNetCore.Mvc.Infrastructure.ControllerActionInvoker.<InvokeNextActionFilterAsync>g__Awaited|10_0(ControllerActionInvoker invoker, Task lastTask, State next, Scope scope, Object state, Boolean isCompleted)
   at Microsoft.AspNetCore.Mvc.Infrastructure.ControllerActionInvoker.Rethrow(ActionExecutedContextSealed context)
   at Microsoft.AspNetCore.Mvc.Infrastructure.ControllerActionInvoker.Next(State& next, Scope& scope, Object& state, Boolean& isCompleted)
   at Microsoft.AspNetCore.Mvc.Infrastructure.ControllerActionInvoker.<InvokeInnerFilterAsync>g__Awaited|13_0(ControllerActionInvoker invoker, Task lastTask, State next, Scope scope, Object state, Boolean isCompleted)
   at Microsoft.AspNetCore.Mvc.Infrastructure.ResourceInvoker.<InvokeFilterPipelineAsync>g__Awaited|20_0(ResourceInvoker invoker, Task lastTask, State next, Scope scope, Object state, Boolean isCompleted)
   at Microsoft.AspNetCore.Mvc.Infrastructure.ResourceInvoker.<InvokeAsync>g__Logged|17_1(ResourceInvoker invoker)
   at Microsoft.AspNetCore.Mvc.Infrastructure.ResourceInvoker.<InvokeAsync>g__Logged|17_1(ResourceInvoker invoker)
   at Swashbuckle.AspNetCore.SwaggerUI.SwaggerUIMiddleware.Invoke(HttpContext httpContext)
   at Swashbuckle.AspNetCore.Swagger.SwaggerMiddleware.Invoke(HttpContext httpContext, ISwaggerProvider swaggerProvider)
   at Serilog.AspNetCore.RequestLoggingMiddleware.Invoke(HttpContext httpContext)
2026-06-07 15:06:24.094 +03:00 [INF] Request finished HTTP/1.1 DELETE http://localhost:5112/api/members/1 - 409 null application/problem+json 61.2309ms
2026-06-07 15:06:34.088 +03:00 [INF] Request starting HTTP/1.1 OPTIONS http://localhost:5112/api/members/1 - null null
2026-06-07 15:06:34.088 +03:00 [INF] CORS policy execution successful.
2026-06-07 15:06:34.088 +03:00 [INF] HTTP OPTIONS /api/members/1 responded 204 in 0.0779 ms
2026-06-07 15:06:34.088 +03:00 [INF] Request finished HTTP/1.1 OPTIONS http://localhost:5112/api/members/1 - 204 null null 0.374ms
2026-06-07 15:06:34.093 +03:00 [INF] Request starting HTTP/1.1 DELETE http://localhost:5112/api/members/1 - application/json null
2026-06-07 15:06:34.093 +03:00 [INF] CORS policy execution successful.
2026-06-07 15:06:34.093 +03:00 [INF] Route matched with {action = "Delete", controller = "Members"}. Executing controller action with signature System.Threading.Tasks.Task`1[Microsoft.AspNetCore.Mvc.IActionResult] Delete(Int32, System.Threading.CancellationToken) on controller LibraryApp.Api.Controllers.MembersController (LibraryApp.Api).
2026-06-07 15:06:34.098 +03:00 [INF] Executed action LibraryApp.Api.Controllers.MembersController.Delete (LibraryApp.Api) in 4.9433ms
2026-06-07 15:06:34.099 +03:00 [ERR] HTTP DELETE /api/members/1 responded 500 in 5.4914 ms
ConflictException: Member ID 1 has active loans and cannot be deleted.
   at LibraryApp.Data.Services.MemberService.DeleteAsync(Int32 memberId, CancellationToken ct) in c:\Users\Thales\Desktop\netcore\LibraryApp\LibraryApp.Data\Services\MemberService.cs:line 121
   at LibraryApp.Api.Controllers.MembersController.Delete(Int32 id, CancellationToken ct) in c:\Users\Thales\Desktop\netcore\LibraryApp\LibraryApp.Api\Controllers\MembersController.cs:line 68
   at Microsoft.AspNetCore.Mvc.Infrastructure.ActionMethodExecutor.TaskOfIActionResultExecutor.Execute(ActionContext actionContext, IActionResultTypeMapper mapper, ObjectMethodExecutor executor, Object controller, Object[] arguments)
   at Microsoft.AspNetCore.Mvc.Infrastructure.ControllerActionInvoker.<InvokeActionMethodAsync>g__Awaited|12_0(ControllerActionInvoker invoker, ValueTask`1 actionResultValueTask)
   at Microsoft.AspNetCore.Mvc.Infrastructure.ControllerActionInvoker.<InvokeNextActionFilterAsync>g__Awaited|10_0(ControllerActionInvoker invoker, Task lastTask, State next, Scope scope, Object state, Boolean isCompleted)
   at Microsoft.AspNetCore.Mvc.Infrastructure.ControllerActionInvoker.Rethrow(ActionExecutedContextSealed context)
   at Microsoft.AspNetCore.Mvc.Infrastructure.ControllerActionInvoker.Next(State& next, Scope& scope, Object& state, Boolean& isCompleted)
   at Microsoft.AspNetCore.Mvc.Infrastructure.ControllerActionInvoker.<InvokeInnerFilterAsync>g__Awaited|13_0(ControllerActionInvoker invoker, Task lastTask, State next, Scope scope, Object state, Boolean isCompleted)
   at Microsoft.AspNetCore.Mvc.Infrastructure.ResourceInvoker.<InvokeFilterPipelineAsync>g__Awaited|20_0(ResourceInvoker invoker, Task lastTask, State next, Scope scope, Object state, Boolean isCompleted)
   at Microsoft.AspNetCore.Mvc.Infrastructure.ResourceInvoker.<InvokeAsync>g__Logged|17_1(ResourceInvoker invoker)
   at Microsoft.AspNetCore.Mvc.Infrastructure.ResourceInvoker.<InvokeAsync>g__Logged|17_1(ResourceInvoker invoker)
   at Swashbuckle.AspNetCore.SwaggerUI.SwaggerUIMiddleware.Invoke(HttpContext httpContext)
   at Swashbuckle.AspNetCore.Swagger.SwaggerMiddleware.Invoke(HttpContext httpContext, ISwaggerProvider swaggerProvider)
   at Serilog.AspNetCore.RequestLoggingMiddleware.Invoke(HttpContext httpContext)
2026-06-07 15:06:34.103 +03:00 [INF] Request finished HTTP/1.1 DELETE http://localhost:5112/api/members/1 - 409 null application/problem+json 9.978ms
2026-06-07 15:10:36.475 +03:00 [INF] Request starting HTTP/1.1 GET http://localhost:5112/api/members - application/json null
2026-06-07 15:10:36.475 +03:00 [INF] Route matched with {action = "GetAll", controller = "Members"}. Executing controller action with signature System.Threading.Tasks.Task`1[Microsoft.AspNetCore.Mvc.IActionResult] GetAll(System.Threading.CancellationToken) on controller LibraryApp.Api.Controllers.MembersController (LibraryApp.Api).
2026-06-07 15:10:36.477 +03:00 [INF] Executing OkObjectResult, writing value of type 'System.Collections.Generic.List`1[[LibraryApp.Core.DTOs.MemberDto, LibraryApp.Core, Version=1.0.0.0, Culture=neutral, PublicKeyToken=null]]'.
2026-06-07 15:10:36.477 +03:00 [INF] Executed action LibraryApp.Api.Controllers.MembersController.GetAll (LibraryApp.Api) in 2.2282ms
2026-06-07 15:10:36.478 +03:00 [INF] HTTP GET /api/members responded 200 in 2.4818 ms
2026-06-07 15:10:36.478 +03:00 [INF] Request finished HTTP/1.1 GET http://localhost:5112/api/members - 200 null application/json; charset=utf-8 2.774ms
2026-06-07 15:10:37.498 +03:00 [INF] Request starting HTTP/1.1 OPTIONS http://localhost:5112/api/members - null null
2026-06-07 15:10:37.498 +03:00 [INF] CORS policy execution successful.
2026-06-07 15:10:37.498 +03:00 [INF] HTTP OPTIONS /api/members responded 204 in 0.1072 ms
2026-06-07 15:10:37.498 +03:00 [INF] Request finished HTTP/1.1 OPTIONS http://localhost:5112/api/members - 204 null null 0.327ms
2026-06-07 15:10:37.509 +03:00 [INF] Request starting HTTP/1.1 GET http://localhost:5112/api/members - application/json null
2026-06-07 15:10:37.510 +03:00 [INF] CORS policy execution successful.
2026-06-07 15:10:37.510 +03:00 [INF] Route matched with {action = "GetAll", controller = "Members"}. Executing controller action with signature System.Threading.Tasks.Task`1[Microsoft.AspNetCore.Mvc.IActionResult] GetAll(System.Threading.CancellationToken) on controller LibraryApp.Api.Controllers.MembersController (LibraryApp.Api).
2026-06-07 15:10:37.512 +03:00 [INF] Executing OkObjectResult, writing value of type 'System.Collections.Generic.List`1[[LibraryApp.Core.DTOs.MemberDto, LibraryApp.Core, Version=1.0.0.0, Culture=neutral, PublicKeyToken=null]]'.
2026-06-07 15:10:37.512 +03:00 [INF] Executed action LibraryApp.Api.Controllers.MembersController.GetAll (LibraryApp.Api) in 1.885ms
2026-06-07 15:10:37.512 +03:00 [INF] HTTP GET /api/members responded 200 in 2.1844 ms
2026-06-07 15:10:37.512 +03:00 [INF] Request finished HTTP/1.1 GET http://localhost:5112/api/members - 200 null application/json; charset=utf-8 2.5357ms
2026-06-07 15:10:42.577 +03:00 [INF] Request starting HTTP/1.1 GET http://localhost:5112/api/members - application/json null
2026-06-07 15:10:42.578 +03:00 [INF] Route matched with {action = "GetAll", controller = "Members"}. Executing controller action with signature System.Threading.Tasks.Task`1[Microsoft.AspNetCore.Mvc.IActionResult] GetAll(System.Threading.CancellationToken) on controller LibraryApp.Api.Controllers.MembersController (LibraryApp.Api).
2026-06-07 15:10:42.583 +03:00 [INF] Executing OkObjectResult, writing value of type 'System.Collections.Generic.List`1[[LibraryApp.Core.DTOs.MemberDto, LibraryApp.Core, Version=1.0.0.0, Culture=neutral, PublicKeyToken=null]]'.
2026-06-07 15:10:42.583 +03:00 [INF] Executed action LibraryApp.Api.Controllers.MembersController.GetAll (LibraryApp.Api) in 4.9243ms
2026-06-07 15:10:42.583 +03:00 [INF] HTTP GET /api/members responded 200 in 5.1371 ms
2026-06-07 15:10:42.583 +03:00 [INF] Request finished HTTP/1.1 GET http://localhost:5112/api/members - 200 null application/json; charset=utf-8 5.7619ms
2026-06-07 15:10:44.040 +03:00 [INF] Request starting HTTP/1.1 OPTIONS http://localhost:5112/api/members - null null
2026-06-07 15:10:44.040 +03:00 [INF] CORS policy execution successful.
2026-06-07 15:10:44.040 +03:00 [INF] HTTP OPTIONS /api/members responded 204 in 0.0756 ms
2026-06-07 15:10:44.040 +03:00 [INF] Request finished HTTP/1.1 OPTIONS http://localhost:5112/api/members - 204 null null 0.2872ms
2026-06-07 15:10:44.045 +03:00 [INF] Request starting HTTP/1.1 GET http://localhost:5112/api/members - application/json null
2026-06-07 15:10:44.046 +03:00 [INF] CORS policy execution successful.
2026-06-07 15:10:44.046 +03:00 [INF] Route matched with {action = "GetAll", controller = "Members"}. Executing controller action with signature System.Threading.Tasks.Task`1[Microsoft.AspNetCore.Mvc.IActionResult] GetAll(System.Threading.CancellationToken) on controller LibraryApp.Api.Controllers.MembersController (LibraryApp.Api).
2026-06-07 15:10:44.048 +03:00 [INF] Executing OkObjectResult, writing value of type 'System.Collections.Generic.List`1[[LibraryApp.Core.DTOs.MemberDto, LibraryApp.Core, Version=1.0.0.0, Culture=neutral, PublicKeyToken=null]]'.
2026-06-07 15:10:44.048 +03:00 [INF] Executed action LibraryApp.Api.Controllers.MembersController.GetAll (LibraryApp.Api) in 2.0129ms
2026-06-07 15:10:44.048 +03:00 [INF] HTTP GET /api/members responded 200 in 2.3145 ms
2026-06-07 15:10:44.048 +03:00 [INF] Request finished HTTP/1.1 GET http://localhost:5112/api/members - 200 null application/json; charset=utf-8 2.6824ms
2026-06-07 15:10:49.142 +03:00 [INF] Request starting HTTP/1.1 GET http://localhost:5112/api/members - application/json null
2026-06-07 15:10:49.143 +03:00 [INF] Route matched with {action = "GetAll", controller = "Members"}. Executing controller action with signature System.Threading.Tasks.Task`1[Microsoft.AspNetCore.Mvc.IActionResult] GetAll(System.Threading.CancellationToken) on controller LibraryApp.Api.Controllers.MembersController (LibraryApp.Api).
2026-06-07 15:10:49.152 +03:00 [INF] Executing OkObjectResult, writing value of type 'System.Collections.Generic.List`1[[LibraryApp.Core.DTOs.MemberDto, LibraryApp.Core, Version=1.0.0.0, Culture=neutral, PublicKeyToken=null]]'.
2026-06-07 15:10:49.152 +03:00 [INF] Executed action LibraryApp.Api.Controllers.MembersController.GetAll (LibraryApp.Api) in 8.8724ms
2026-06-07 15:10:49.152 +03:00 [INF] HTTP GET /api/members responded 200 in 9.1371 ms
2026-06-07 15:10:49.152 +03:00 [INF] Request finished HTTP/1.1 GET http://localhost:5112/api/members - 200 null application/json; charset=utf-8 10.8864ms
2026-06-07 15:10:50.653 +03:00 [INF] Request starting HTTP/1.1 OPTIONS http://localhost:5112/api/members - null null
2026-06-07 15:10:50.653 +03:00 [INF] CORS policy execution successful.
2026-06-07 15:10:50.654 +03:00 [INF] HTTP OPTIONS /api/members responded 204 in 0.0891 ms
2026-06-07 15:10:50.654 +03:00 [INF] Request finished HTTP/1.1 OPTIONS http://localhost:5112/api/members - 204 null null 0.3175ms
2026-06-07 15:10:50.659 +03:00 [INF] Request starting HTTP/1.1 GET http://localhost:5112/api/members - application/json null
2026-06-07 15:10:50.659 +03:00 [INF] CORS policy execution successful.
2026-06-07 15:10:50.659 +03:00 [INF] Route matched with {action = "GetAll", controller = "Members"}. Executing controller action with signature System.Threading.Tasks.Task`1[Microsoft.AspNetCore.Mvc.IActionResult] GetAll(System.Threading.CancellationToken) on controller LibraryApp.Api.Controllers.MembersController (LibraryApp.Api).
2026-06-07 15:10:50.661 +03:00 [INF] Executing OkObjectResult, writing value of type 'System.Collections.Generic.List`1[[LibraryApp.Core.DTOs.MemberDto, LibraryApp.Core, Version=1.0.0.0, Culture=neutral, PublicKeyToken=null]]'.
2026-06-07 15:10:50.661 +03:00 [INF] Executed action LibraryApp.Api.Controllers.MembersController.GetAll (LibraryApp.Api) in 1.8631ms
2026-06-07 15:10:50.661 +03:00 [INF] HTTP GET /api/members responded 200 in 2.1236 ms
2026-06-07 15:10:50.661 +03:00 [INF] Request finished HTTP/1.1 GET http://localhost:5112/api/members - 200 null application/json; charset=utf-8 2.3585ms
2026-06-07 15:10:56.205 +03:00 [INF] Request starting HTTP/1.1 GET http://localhost:5112/api/members - application/json null
2026-06-07 15:10:56.206 +03:00 [INF] Route matched with {action = "GetAll", controller = "Members"}. Executing controller action with signature System.Threading.Tasks.Task`1[Microsoft.AspNetCore.Mvc.IActionResult] GetAll(System.Threading.CancellationToken) on controller LibraryApp.Api.Controllers.MembersController (LibraryApp.Api).
2026-06-07 15:10:56.208 +03:00 [INF] Executing OkObjectResult, writing value of type 'System.Collections.Generic.List`1[[LibraryApp.Core.DTOs.MemberDto, LibraryApp.Core, Version=1.0.0.0, Culture=neutral, PublicKeyToken=null]]'.
2026-06-07 15:10:56.208 +03:00 [INF] Executed action LibraryApp.Api.Controllers.MembersController.GetAll (LibraryApp.Api) in 2.0255ms
2026-06-07 15:10:56.208 +03:00 [INF] HTTP GET /api/members responded 200 in 2.3549 ms
2026-06-07 15:10:56.208 +03:00 [INF] Request finished HTTP/1.1 GET http://localhost:5112/api/members - 200 null application/json; charset=utf-8 3.0267ms
2026-06-07 15:10:57.881 +03:00 [INF] Request starting HTTP/1.1 OPTIONS http://localhost:5112/api/members - null null
2026-06-07 15:10:57.881 +03:00 [INF] CORS policy execution successful.
2026-06-07 15:10:57.882 +03:00 [INF] HTTP OPTIONS /api/members responded 204 in 0.1302 ms
2026-06-07 15:10:57.882 +03:00 [INF] Request finished HTTP/1.1 OPTIONS http://localhost:5112/api/members - 204 null null 0.5254ms
2026-06-07 15:10:57.889 +03:00 [INF] Request starting HTTP/1.1 GET http://localhost:5112/api/members - application/json null
2026-06-07 15:10:57.889 +03:00 [INF] CORS policy execution successful.
2026-06-07 15:10:57.889 +03:00 [INF] Route matched with {action = "GetAll", controller = "Members"}. Executing controller action with signature System.Threading.Tasks.Task`1[Microsoft.AspNetCore.Mvc.IActionResult] GetAll(System.Threading.CancellationToken) on controller LibraryApp.Api.Controllers.MembersController (LibraryApp.Api).
2026-06-07 15:10:57.891 +03:00 [INF] Executing OkObjectResult, writing value of type 'System.Collections.Generic.List`1[[LibraryApp.Core.DTOs.MemberDto, LibraryApp.Core, Version=1.0.0.0, Culture=neutral, PublicKeyToken=null]]'.
2026-06-07 15:10:57.891 +03:00 [INF] Executed action LibraryApp.Api.Controllers.MembersController.GetAll (LibraryApp.Api) in 1.8091ms
2026-06-07 15:10:57.891 +03:00 [INF] HTTP GET /api/members responded 200 in 2.1183 ms
2026-06-07 15:10:57.891 +03:00 [INF] Request finished HTTP/1.1 GET http://localhost:5112/api/members - 200 null application/json; charset=utf-8 2.4018ms
2026-06-07 15:11:30.793 +03:00 [INF] Request starting HTTP/1.1 GET http://localhost:5112/api/authors - application/json null
2026-06-07 15:11:30.794 +03:00 [INF] Route matched with {action = "GetAll", controller = "Authors"}. Executing controller action with signature System.Threading.Tasks.Task`1[Microsoft.AspNetCore.Mvc.IActionResult] GetAll(System.Threading.CancellationToken) on controller LibraryApp.Api.Controllers.AuthorsController (LibraryApp.Api).
2026-06-07 15:11:30.794 +03:00 [INF] Request starting HTTP/1.1 GET http://localhost:5112/api/categories - application/json null
2026-06-07 15:11:30.794 +03:00 [INF] Route matched with {action = "GetAll", controller = "Categories"}. Executing controller action with signature System.Threading.Tasks.Task`1[Microsoft.AspNetCore.Mvc.IActionResult] GetAll(System.Threading.CancellationToken) on controller LibraryApp.Api.Controllers.CategoriesController (LibraryApp.Api).
2026-06-07 15:11:30.795 +03:00 [INF] Request starting HTTP/1.1 GET http://localhost:5112/api/books?page=1&pageSize=20 - application/json null
2026-06-07 15:11:30.795 +03:00 [INF] Route matched with {action = "Search", controller = "Books"}. Executing controller action with signature System.Threading.Tasks.Task`1[Microsoft.AspNetCore.Mvc.IActionResult] Search(BookSearchQuery, System.Threading.CancellationToken) on controller BooksController (LibraryApp.Api).
2026-06-07 15:11:30.796 +03:00 [INF] Executing OkObjectResult, writing value of type 'System.Collections.Generic.List`1[[<>f__AnonymousType1`2[[System.Int32, System.Private.CoreLib, Version=8.0.0.0, Culture=neutral, PublicKeyToken=7cec85d7bea7798e],[System.String, System.Private.CoreLib, Version=8.0.0.0, Culture=neutral, PublicKeyToken=7cec85d7bea7798e]], LibraryApp.Api, Version=1.0.0.0, Culture=neutral, PublicKeyToken=null]]'.
2026-06-07 15:11:30.796 +03:00 [INF] Executed action LibraryApp.Api.Controllers.CategoriesController.GetAll (LibraryApp.Api) in 1.921ms
2026-06-07 15:11:30.796 +03:00 [INF] HTTP GET /api/categories responded 200 in 2.1271 ms
2026-06-07 15:11:30.797 +03:00 [INF] Request finished HTTP/1.1 GET http://localhost:5112/api/categories - 200 null application/json; charset=utf-8 2.5617ms
2026-06-07 15:11:30.797 +03:00 [INF] Request starting HTTP/1.1 GET http://localhost:5112/api/loans/active - application/json null
2026-06-07 15:11:30.797 +03:00 [INF] Route matched with {action = "GetActive", controller = "Loans"}. Executing controller action with signature System.Threading.Tasks.Task`1[Microsoft.AspNetCore.Mvc.IActionResult] GetActive(System.Threading.CancellationToken) on controller LibraryApp.Api.Controllers.LoansController (LibraryApp.Api).
2026-06-07 15:11:30.798 +03:00 [INF] Executing OkObjectResult, writing value of type 'System.Collections.Generic.List`1[[LibraryApp.Core.DTOs.AuthorDto, LibraryApp.Core, Version=1.0.0.0, Culture=neutral, PublicKeyToken=null]]'.
2026-06-07 15:11:30.798 +03:00 [INF] Executed action LibraryApp.Api.Controllers.AuthorsController.GetAll (LibraryApp.Api) in 3.7195ms
2026-06-07 15:11:30.798 +03:00 [INF] HTTP GET /api/authors responded 200 in 4.2283 ms
2026-06-07 15:11:30.798 +03:00 [INF] Request finished HTTP/1.1 GET http://localhost:5112/api/authors - 200 null application/json; charset=utf-8 5.5361ms
2026-06-07 15:11:30.801 +03:00 [INF] Executing OkObjectResult, writing value of type 'PagedResult`1[[BookDto, LibraryApp.Core, Version=1.0.0.0, Culture=neutral, PublicKeyToken=null]]'.
2026-06-07 15:11:30.802 +03:00 [INF] Executed action BooksController.Search (LibraryApp.Api) in 6.279ms
2026-06-07 15:11:30.802 +03:00 [INF] HTTP GET /api/books responded 200 in 6.7760 ms
2026-06-07 15:11:30.803 +03:00 [INF] Request finished HTTP/1.1 GET http://localhost:5112/api/books?page=1&pageSize=20 - 200 null application/json; charset=utf-8 8.0808ms
2026-06-07 15:11:30.813 +03:00 [INF] Executing OkObjectResult, writing value of type 'System.Collections.Generic.List`1[[LibraryApp.Core.DTOs.ActiveLoanDto, LibraryApp.Core, Version=1.0.0.0, Culture=neutral, PublicKeyToken=null]]'.
2026-06-07 15:11:30.814 +03:00 [INF] Executed action LibraryApp.Api.Controllers.LoansController.GetActive (LibraryApp.Api) in 16.4994ms
2026-06-07 15:11:30.814 +03:00 [INF] HTTP GET /api/loans/active responded 200 in 16.7470 ms
2026-06-07 15:11:30.814 +03:00 [INF] Request finished HTTP/1.1 GET http://localhost:5112/api/loans/active - 200 null application/json; charset=utf-8 17.0542ms
2026-06-07 15:11:30.845 +03:00 [INF] Request starting HTTP/1.1 GET http://localhost:5112/api/members - application/json null
2026-06-07 15:11:30.846 +03:00 [INF] Route matched with {action = "GetAll", controller = "Members"}. Executing controller action with signature System.Threading.Tasks.Task`1[Microsoft.AspNetCore.Mvc.IActionResult] GetAll(System.Threading.CancellationToken) on controller LibraryApp.Api.Controllers.MembersController (LibraryApp.Api).
2026-06-07 15:11:30.857 +03:00 [INF] Executing OkObjectResult, writing value of type 'System.Collections.Generic.List`1[[LibraryApp.Core.DTOs.MemberDto, LibraryApp.Core, Version=1.0.0.0, Culture=neutral, PublicKeyToken=null]]'.
2026-06-07 15:11:30.857 +03:00 [INF] Executed action LibraryApp.Api.Controllers.MembersController.GetAll (LibraryApp.Api) in 11.1111ms
2026-06-07 15:11:30.857 +03:00 [INF] HTTP GET /api/members responded 200 in 11.3709 ms
2026-06-07 15:11:30.857 +03:00 [INF] Request finished HTTP/1.1 GET http://localhost:5112/api/members - 200 null application/json; charset=utf-8 11.7027ms
2026-06-07 15:12:00.927 +03:00 [INF] Request starting HTTP/1.1 GET http://localhost:5112/api/members - application/json null
2026-06-07 15:12:00.927 +03:00 [INF] Route matched with {action = "GetAll", controller = "Members"}. Executing controller action with signature System.Threading.Tasks.Task`1[Microsoft.AspNetCore.Mvc.IActionResult] GetAll(System.Threading.CancellationToken) on controller LibraryApp.Api.Controllers.MembersController (LibraryApp.Api).
2026-06-07 15:12:00.929 +03:00 [INF] Executing OkObjectResult, writing value of type 'System.Collections.Generic.List`1[[LibraryApp.Core.DTOs.MemberDto, LibraryApp.Core, Version=1.0.0.0, Culture=neutral, PublicKeyToken=null]]'.
2026-06-07 15:12:00.929 +03:00 [INF] Executed action LibraryApp.Api.Controllers.MembersController.GetAll (LibraryApp.Api) in 1.9744ms
2026-06-07 15:12:00.929 +03:00 [INF] HTTP GET /api/members responded 200 in 2.2336 ms
2026-06-07 15:12:00.930 +03:00 [INF] Request finished HTTP/1.1 GET http://localhost:5112/api/members - 200 null application/json; charset=utf-8 2.5231ms
2026-06-07 15:12:01.820 +03:00 [INF] Request starting HTTP/1.1 OPTIONS http://localhost:5112/api/members - null null
2026-06-07 15:12:01.820 +03:00 [INF] CORS policy execution successful.
2026-06-07 15:12:01.820 +03:00 [INF] HTTP OPTIONS /api/members responded 204 in 0.1119 ms
2026-06-07 15:12:01.820 +03:00 [INF] Request finished HTTP/1.1 OPTIONS http://localhost:5112/api/members - 204 null null 0.3759ms
2026-06-07 15:12:01.849 +03:00 [INF] Request starting HTTP/1.1 GET http://localhost:5112/api/members - application/json null
2026-06-07 15:12:01.849 +03:00 [INF] CORS policy execution successful.
2026-06-07 15:12:01.849 +03:00 [INF] Route matched with {action = "GetAll", controller = "Members"}. Executing controller action with signature System.Threading.Tasks.Task`1[Microsoft.AspNetCore.Mvc.IActionResult] GetAll(System.Threading.CancellationToken) on controller LibraryApp.Api.Controllers.MembersController (LibraryApp.Api).
2026-06-07 15:12:01.903 +03:00 [INF] Executing OkObjectResult, writing value of type 'System.Collections.Generic.List`1[[LibraryApp.Core.DTOs.MemberDto, LibraryApp.Core, Version=1.0.0.0, Culture=neutral, PublicKeyToken=null]]'.
2026-06-07 15:12:01.903 +03:00 [INF] Executed action LibraryApp.Api.Controllers.MembersController.GetAll (LibraryApp.Api) in 54.2735ms
2026-06-07 15:12:01.904 +03:00 [INF] HTTP GET /api/members responded 200 in 54.5309 ms
2026-06-07 15:12:01.904 +03:00 [INF] Request finished HTTP/1.1 GET http://localhost:5112/api/members - 200 null application/json; charset=utf-8 54.7544ms
2026-06-07 15:12:03.882 +03:00 [INF] Request starting HTTP/1.1 OPTIONS http://localhost:5112/api/members/1 - null null
2026-06-07 15:12:03.882 +03:00 [INF] CORS policy execution successful.
2026-06-07 15:12:03.882 +03:00 [INF] HTTP OPTIONS /api/members/1 responded 204 in 0.0749 ms
2026-06-07 15:12:03.882 +03:00 [INF] Request finished HTTP/1.1 OPTIONS http://localhost:5112/api/members/1 - 204 null null 0.3286ms
2026-06-07 15:12:03.895 +03:00 [INF] Request starting HTTP/1.1 DELETE http://localhost:5112/api/members/1 - application/json null
2026-06-07 15:12:03.895 +03:00 [INF] CORS policy execution successful.
2026-06-07 15:12:03.895 +03:00 [INF] Route matched with {action = "Delete", controller = "Members"}. Executing controller action with signature System.Threading.Tasks.Task`1[Microsoft.AspNetCore.Mvc.IActionResult] Delete(Int32, System.Threading.CancellationToken) on controller LibraryApp.Api.Controllers.MembersController (LibraryApp.Api).
2026-06-07 15:12:03.919 +03:00 [INF] Executed action LibraryApp.Api.Controllers.MembersController.Delete (LibraryApp.Api) in 24.0035ms
2026-06-07 15:12:03.920 +03:00 [ERR] HTTP DELETE /api/members/1 responded 500 in 24.9027 ms
ConflictException: Member ID 1 has active loans and cannot be deleted.
   at LibraryApp.Data.Services.MemberService.DeleteAsync(Int32 memberId, CancellationToken ct) in c:\Users\Thales\Desktop\netcore\LibraryApp\LibraryApp.Data\Services\MemberService.cs:line 121
   at LibraryApp.Api.Controllers.MembersController.Delete(Int32 id, CancellationToken ct) in c:\Users\Thales\Desktop\netcore\LibraryApp\LibraryApp.Api\Controllers\MembersController.cs:line 68
   at Microsoft.AspNetCore.Mvc.Infrastructure.ActionMethodExecutor.TaskOfIActionResultExecutor.Execute(ActionContext actionContext, IActionResultTypeMapper mapper, ObjectMethodExecutor executor, Object controller, Object[] arguments)
   at Microsoft.AspNetCore.Mvc.Infrastructure.ControllerActionInvoker.<InvokeActionMethodAsync>g__Awaited|12_0(ControllerActionInvoker invoker, ValueTask`1 actionResultValueTask)
   at Microsoft.AspNetCore.Mvc.Infrastructure.ControllerActionInvoker.<InvokeNextActionFilterAsync>g__Awaited|10_0(ControllerActionInvoker invoker, Task lastTask, State next, Scope scope, Object state, Boolean isCompleted)
   at Microsoft.AspNetCore.Mvc.Infrastructure.ControllerActionInvoker.Rethrow(ActionExecutedContextSealed context)
   at Microsoft.AspNetCore.Mvc.Infrastructure.ControllerActionInvoker.Next(State& next, Scope& scope, Object& state, Boolean& isCompleted)
   at Microsoft.AspNetCore.Mvc.Infrastructure.ControllerActionInvoker.<InvokeInnerFilterAsync>g__Awaited|13_0(ControllerActionInvoker invoker, Task lastTask, State next, Scope scope, Object state, Boolean isCompleted)
   at Microsoft.AspNetCore.Mvc.Infrastructure.ResourceInvoker.<InvokeFilterPipelineAsync>g__Awaited|20_0(ResourceInvoker invoker, Task lastTask, State next, Scope scope, Object state, Boolean isCompleted)
   at Microsoft.AspNetCore.Mvc.Infrastructure.ResourceInvoker.<InvokeAsync>g__Logged|17_1(ResourceInvoker invoker)
   at Microsoft.AspNetCore.Mvc.Infrastructure.ResourceInvoker.<InvokeAsync>g__Logged|17_1(ResourceInvoker invoker)
   at Swashbuckle.AspNetCore.SwaggerUI.SwaggerUIMiddleware.Invoke(HttpContext httpContext)
   at Swashbuckle.AspNetCore.Swagger.SwaggerMiddleware.Invoke(HttpContext httpContext, ISwaggerProvider swaggerProvider)
   at Serilog.AspNetCore.RequestLoggingMiddleware.Invoke(HttpContext httpContext)
2026-06-07 15:12:03.944 +03:00 [INF] Request finished HTTP/1.1 DELETE http://localhost:5112/api/members/1 - 409 null application/problem+json 49.8393ms
2026-06-07 15:12:13.290 +03:00 [INF] Request starting HTTP/1.1 OPTIONS http://localhost:5112/api/loans/active - null null
2026-06-07 15:12:13.295 +03:00 [INF] CORS policy execution successful.
2026-06-07 15:12:13.296 +03:00 [INF] HTTP OPTIONS /api/loans/active responded 204 in 1.4353 ms
2026-06-07 15:12:13.296 +03:00 [INF] Request finished HTTP/1.1 OPTIONS http://localhost:5112/api/loans/active - 204 null null 6.003ms
2026-06-07 15:12:13.313 +03:00 [INF] Request starting HTTP/1.1 GET http://localhost:5112/api/loans/active - application/json null
2026-06-07 15:12:13.315 +03:00 [INF] CORS policy execution successful.
2026-06-07 15:12:13.315 +03:00 [INF] Route matched with {action = "GetActive", controller = "Loans"}. Executing controller action with signature System.Threading.Tasks.Task`1[Microsoft.AspNetCore.Mvc.IActionResult] GetActive(System.Threading.CancellationToken) on controller LibraryApp.Api.Controllers.LoansController (LibraryApp.Api).
2026-06-07 15:12:13.325 +03:00 [INF] Executing OkObjectResult, writing value of type 'System.Collections.Generic.List`1[[LibraryApp.Core.DTOs.ActiveLoanDto, LibraryApp.Core, Version=1.0.0.0, Culture=neutral, PublicKeyToken=null]]'.
2026-06-07 15:12:13.325 +03:00 [INF] Executed action LibraryApp.Api.Controllers.LoansController.GetActive (LibraryApp.Api) in 9.694ms
2026-06-07 15:12:13.325 +03:00 [INF] HTTP GET /api/loans/active responded 200 in 10.4437 ms
2026-06-07 15:12:13.325 +03:00 [INF] Request finished HTTP/1.1 GET http://localhost:5112/api/loans/active - 200 null application/json; charset=utf-8 11.9693ms
2026-06-07 15:12:20.139 +03:00 [INF] Request starting HTTP/1.1 OPTIONS http://localhost:5112/api/loans/1003/return - null null
2026-06-07 15:12:20.139 +03:00 [INF] CORS policy execution successful.
2026-06-07 15:12:20.139 +03:00 [INF] HTTP OPTIONS /api/loans/1003/return responded 204 in 0.1018 ms
2026-06-07 15:12:20.139 +03:00 [INF] Request finished HTTP/1.1 OPTIONS http://localhost:5112/api/loans/1003/return - 204 null null 0.3751ms
2026-06-07 15:12:20.144 +03:00 [INF] Request starting HTTP/1.1 PATCH http://localhost:5112/api/loans/1003/return - application/json 2
2026-06-07 15:12:20.145 +03:00 [INF] CORS policy execution successful.
2026-06-07 15:12:20.153 +03:00 [INF] Route matched with {action = "Return", controller = "Loans"}. Executing controller action with signature System.Threading.Tasks.Task`1[Microsoft.AspNetCore.Mvc.IActionResult] Return(Int32, System.Threading.CancellationToken) on controller LibraryApp.Api.Controllers.LoansController (LibraryApp.Api).
2026-06-07 15:12:20.190 +03:00 [WRN] Savepoints are disabled because Multiple Active Result Sets (MARS) is enabled. If 'SaveChanges' fails, then the transaction cannot be automatically rolled back to a known clean state. Instead, the transaction should be rolled back by the application before retrying 'SaveChanges'. See https://go.microsoft.com/fwlink/?linkid=2149338 for more information and examples. To identify the code which triggers this warning, call 'ConfigureWarnings(w => w.Throw(SqlServerEventId.SavepointsDisabledBecauseOfMARS))'.
2026-06-07 15:12:20.203 +03:00 [INF] Loan 1003 returned. Fine charged: ¤0.00
2026-06-07 15:12:20.207 +03:00 [INF] Executing StatusCodeResult, setting HTTP status code 204
2026-06-07 15:12:20.207 +03:00 [INF] Executed action LibraryApp.Api.Controllers.LoansController.Return (LibraryApp.Api) in 53.2069ms
2026-06-07 15:12:20.207 +03:00 [INF] HTTP PATCH /api/loans/1003/return responded 204 in 62.0760 ms
2026-06-07 15:12:20.207 +03:00 [INF] Request finished HTTP/1.1 PATCH http://localhost:5112/api/loans/1003/return - 204 null null 62.6212ms
2026-06-07 15:12:20.222 +03:00 [INF] Request starting HTTP/1.1 OPTIONS http://localhost:5112/api/loans/active - null null
2026-06-07 15:12:20.222 +03:00 [INF] CORS policy execution successful.
2026-06-07 15:12:20.222 +03:00 [INF] HTTP OPTIONS /api/loans/active responded 204 in 0.1403 ms
2026-06-07 15:12:20.222 +03:00 [INF] Request finished HTTP/1.1 OPTIONS http://localhost:5112/api/loans/active - 204 null null 0.4699ms
2026-06-07 15:12:20.233 +03:00 [INF] Request starting HTTP/1.1 GET http://localhost:5112/api/loans/active - application/json null
2026-06-07 15:12:20.233 +03:00 [INF] CORS policy execution successful.
2026-06-07 15:12:20.233 +03:00 [INF] Route matched with {action = "GetActive", controller = "Loans"}. Executing controller action with signature System.Threading.Tasks.Task`1[Microsoft.AspNetCore.Mvc.IActionResult] GetActive(System.Threading.CancellationToken) on controller LibraryApp.Api.Controllers.LoansController (LibraryApp.Api).
2026-06-07 15:12:20.236 +03:00 [INF] Executing OkObjectResult, writing value of type 'System.Collections.Generic.List`1[[LibraryApp.Core.DTOs.ActiveLoanDto, LibraryApp.Core, Version=1.0.0.0, Culture=neutral, PublicKeyToken=null]]'.
2026-06-07 15:12:20.236 +03:00 [INF] Executed action LibraryApp.Api.Controllers.LoansController.GetActive (LibraryApp.Api) in 2.7073ms
2026-06-07 15:12:20.236 +03:00 [INF] HTTP GET /api/loans/active responded 200 in 3.0494 ms
2026-06-07 15:12:20.236 +03:00 [INF] Request finished HTTP/1.1 GET http://localhost:5112/api/loans/active - 200 null application/json; charset=utf-8 3.4077ms
2026-06-07 15:12:21.932 +03:00 [INF] Request starting HTTP/1.1 OPTIONS http://localhost:5112/api/loans/4/return - null null
2026-06-07 15:12:21.932 +03:00 [INF] CORS policy execution successful.
2026-06-07 15:12:21.932 +03:00 [INF] HTTP OPTIONS /api/loans/4/return responded 204 in 0.1505 ms
2026-06-07 15:12:21.932 +03:00 [INF] Request finished HTTP/1.1 OPTIONS http://localhost:5112/api/loans/4/return - 204 null null 0.4728ms
2026-06-07 15:12:21.943 +03:00 [INF] Request starting HTTP/1.1 PATCH http://localhost:5112/api/loans/4/return - application/json 2
2026-06-07 15:12:21.943 +03:00 [INF] CORS policy execution successful.
2026-06-07 15:12:21.943 +03:00 [INF] Route matched with {action = "Return", controller = "Loans"}. Executing controller action with signature System.Threading.Tasks.Task`1[Microsoft.AspNetCore.Mvc.IActionResult] Return(Int32, System.Threading.CancellationToken) on controller LibraryApp.Api.Controllers.LoansController (LibraryApp.Api).
2026-06-07 15:12:21.947 +03:00 [WRN] Savepoints are disabled because Multiple Active Result Sets (MARS) is enabled. If 'SaveChanges' fails, then the transaction cannot be automatically rolled back to a known clean state. Instead, the transaction should be rolled back by the application before retrying 'SaveChanges'. See https://go.microsoft.com/fwlink/?linkid=2149338 for more information and examples. To identify the code which triggers this warning, call 'ConfigureWarnings(w => w.Throw(SqlServerEventId.SavepointsDisabledBecauseOfMARS))'.
2026-06-07 15:12:21.951 +03:00 [INF] Loan 4 returned. Fine charged: ¤0.00
2026-06-07 15:12:21.952 +03:00 [INF] Executing StatusCodeResult, setting HTTP status code 204
2026-06-07 15:12:21.952 +03:00 [INF] Executed action LibraryApp.Api.Controllers.LoansController.Return (LibraryApp.Api) in 8.5184ms
2026-06-07 15:12:21.952 +03:00 [INF] HTTP PATCH /api/loans/4/return responded 204 in 8.7743 ms
2026-06-07 15:12:21.952 +03:00 [INF] Request finished HTTP/1.1 PATCH http://localhost:5112/api/loans/4/return - 204 null null 9.286ms
2026-06-07 15:12:21.962 +03:00 [INF] Request starting HTTP/1.1 OPTIONS http://localhost:5112/api/loans/active - null null
2026-06-07 15:12:21.963 +03:00 [INF] CORS policy execution successful.
2026-06-07 15:12:21.963 +03:00 [INF] HTTP OPTIONS /api/loans/active responded 204 in 0.2216 ms
2026-06-07 15:12:21.963 +03:00 [INF] Request finished HTTP/1.1 OPTIONS http://localhost:5112/api/loans/active - 204 null null 0.7296ms
2026-06-07 15:12:21.970 +03:00 [INF] Request starting HTTP/1.1 GET http://localhost:5112/api/loans/active - application/json null
2026-06-07 15:12:21.971 +03:00 [INF] CORS policy execution successful.
2026-06-07 15:12:21.971 +03:00 [INF] Route matched with {action = "GetActive", controller = "Loans"}. Executing controller action with signature System.Threading.Tasks.Task`1[Microsoft.AspNetCore.Mvc.IActionResult] GetActive(System.Threading.CancellationToken) on controller LibraryApp.Api.Controllers.LoansController (LibraryApp.Api).
2026-06-07 15:12:21.976 +03:00 [INF] Executing OkObjectResult, writing value of type 'System.Collections.Generic.List`1[[LibraryApp.Core.DTOs.ActiveLoanDto, LibraryApp.Core, Version=1.0.0.0, Culture=neutral, PublicKeyToken=null]]'.
2026-06-07 15:12:21.976 +03:00 [INF] Executed action LibraryApp.Api.Controllers.LoansController.GetActive (LibraryApp.Api) in 4.6432ms
2026-06-07 15:12:21.976 +03:00 [INF] HTTP GET /api/loans/active responded 200 in 5.2433 ms
2026-06-07 15:12:21.976 +03:00 [INF] Request finished HTTP/1.1 GET http://localhost:5112/api/loans/active - 200 null application/json; charset=utf-8 5.6138ms
2026-06-07 15:12:22.713 +03:00 [INF] Request starting HTTP/1.1 OPTIONS http://localhost:5112/api/members - null null
2026-06-07 15:12:22.713 +03:00 [INF] CORS policy execution successful.
2026-06-07 15:12:22.713 +03:00 [INF] HTTP OPTIONS /api/members responded 204 in 0.0824 ms
2026-06-07 15:12:22.713 +03:00 [INF] Request finished HTTP/1.1 OPTIONS http://localhost:5112/api/members - 204 null null 0.5621ms
2026-06-07 15:12:22.721 +03:00 [INF] Request starting HTTP/1.1 GET http://localhost:5112/api/members - application/json null
2026-06-07 15:12:22.721 +03:00 [INF] CORS policy execution successful.
2026-06-07 15:12:22.722 +03:00 [INF] Route matched with {action = "GetAll", controller = "Members"}. Executing controller action with signature System.Threading.Tasks.Task`1[Microsoft.AspNetCore.Mvc.IActionResult] GetAll(System.Threading.CancellationToken) on controller LibraryApp.Api.Controllers.MembersController (LibraryApp.Api).
2026-06-07 15:12:22.723 +03:00 [INF] Executing OkObjectResult, writing value of type 'System.Collections.Generic.List`1[[LibraryApp.Core.DTOs.MemberDto, LibraryApp.Core, Version=1.0.0.0, Culture=neutral, PublicKeyToken=null]]'.
2026-06-07 15:12:22.724 +03:00 [INF] Executed action LibraryApp.Api.Controllers.MembersController.GetAll (LibraryApp.Api) in 1.9159ms
2026-06-07 15:12:22.724 +03:00 [INF] HTTP GET /api/members responded 200 in 2.2480 ms
2026-06-07 15:12:22.724 +03:00 [INF] Request finished HTTP/1.1 GET http://localhost:5112/api/members - 200 null application/json; charset=utf-8 2.5361ms
2026-06-07 15:12:24.776 +03:00 [INF] Request starting HTTP/1.1 OPTIONS http://localhost:5112/api/members/1 - null null
2026-06-07 15:12:24.777 +03:00 [INF] CORS policy execution successful.
2026-06-07 15:12:24.777 +03:00 [INF] HTTP OPTIONS /api/members/1 responded 204 in 0.0967 ms
2026-06-07 15:12:24.777 +03:00 [INF] Request finished HTTP/1.1 OPTIONS http://localhost:5112/api/members/1 - 204 null null 0.4577ms
2026-06-07 15:12:24.786 +03:00 [INF] Request starting HTTP/1.1 DELETE http://localhost:5112/api/members/1 - application/json null
2026-06-07 15:12:24.786 +03:00 [INF] CORS policy execution successful.
2026-06-07 15:12:24.786 +03:00 [INF] Route matched with {action = "Delete", controller = "Members"}. Executing controller action with signature System.Threading.Tasks.Task`1[Microsoft.AspNetCore.Mvc.IActionResult] Delete(Int32, System.Threading.CancellationToken) on controller LibraryApp.Api.Controllers.MembersController (LibraryApp.Api).
2026-06-07 15:12:24.801 +03:00 [INF] Deleted member: MemberId=1
2026-06-07 15:12:24.817 +03:00 [WRN] Savepoints are disabled because Multiple Active Result Sets (MARS) is enabled. If 'SaveChanges' fails, then the transaction cannot be automatically rolled back to a known clean state. Instead, the transaction should be rolled back by the application before retrying 'SaveChanges'. See https://go.microsoft.com/fwlink/?linkid=2149338 for more information and examples. To identify the code which triggers this warning, call 'ConfigureWarnings(w => w.Throw(SqlServerEventId.SavepointsDisabledBecauseOfMARS))'.
2026-06-07 15:12:24.841 +03:00 [ERR] An exception occurred in the database while saving changes for context type 'LibraryApp.Data.LibraryContext'.
Microsoft.EntityFrameworkCore.DbUpdateException: An error occurred while saving the entity changes. See the inner exception for details.
 ---> Microsoft.Data.SqlClient.SqlException (0x80131904): The DELETE statement conflicted with the REFERENCE constraint "FK_Loans_Members". The conflict occurred in database "LibraryDb", table "dbo.Loans", column 'MemberId'.
   at Microsoft.Data.SqlClient.SqlConnection.OnError(SqlException exception, Boolean breakConnection, Action`1 wrapCloseInAction)
   at Microsoft.Data.SqlClient.SqlInternalConnection.OnError(SqlException exception, Boolean breakConnection, Action`1 wrapCloseInAction)
   at Microsoft.Data.SqlClient.TdsParser.ThrowExceptionAndWarning(TdsParserStateObject stateObj, Boolean callerHasConnectionLock, Boolean asyncClose)
   at Microsoft.Data.SqlClient.TdsParser.TryRun(RunBehavior runBehavior, SqlCommand cmdHandler, SqlDataReader dataStream, BulkCopySimpleResultSet bulkCopyHandler, TdsParserStateObject stateObj, Boolean& dataReady)
   at Microsoft.Data.SqlClient.SqlDataReader.TryHasMoreRows(Boolean& moreRows)
   at Microsoft.Data.SqlClient.SqlDataReader.TryReadInternal(Boolean setTimeout, Boolean& more)
   at Microsoft.Data.SqlClient.SqlDataReader.ReadAsyncExecute(Task task, Object state)
   at Microsoft.Data.SqlClient.SqlDataReader.InvokeAsyncCall[T](SqlDataReaderBaseAsyncCallContext`1 context)
--- End of stack trace from previous location ---
   at Microsoft.EntityFrameworkCore.Update.AffectedCountModificationCommandBatch.ConsumeResultSetWithRowsAffectedOnlyAsync(Int32 commandIndex, RelationalDataReader reader, CancellationToken cancellationToken)
   at Microsoft.EntityFrameworkCore.Update.AffectedCountModificationCommandBatch.ConsumeAsync(RelationalDataReader reader, CancellationToken cancellationToken)
ClientConnectionId:325b20f1-b0ea-4824-984d-5890be6edd57
Error Number:547,State:0,Class:16
   --- End of inner exception stack trace ---
   at Microsoft.EntityFrameworkCore.Update.AffectedCountModificationCommandBatch.ConsumeAsync(RelationalDataReader reader, CancellationToken cancellationToken)
   at Microsoft.EntityFrameworkCore.Update.ReaderModificationCommandBatch.ExecuteAsync(IRelationalConnection connection, CancellationToken cancellationToken)
   at Microsoft.EntityFrameworkCore.Update.ReaderModificationCommandBatch.ExecuteAsync(IRelationalConnection connection, CancellationToken cancellationToken)
   at Microsoft.EntityFrameworkCore.SqlServer.Update.Internal.SqlServerModificationCommandBatch.ExecuteAsync(IRelationalConnection connection, CancellationToken cancellationToken)
   at Microsoft.EntityFrameworkCore.Update.Internal.BatchExecutor.ExecuteAsync(IEnumerable`1 commandBatches, IRelationalConnection connection, CancellationToken cancellationToken)
   at Microsoft.EntityFrameworkCore.Update.Internal.BatchExecutor.ExecuteAsync(IEnumerable`1 commandBatches, IRelationalConnection connection, CancellationToken cancellationToken)
   at Microsoft.EntityFrameworkCore.Update.Internal.BatchExecutor.ExecuteAsync(IEnumerable`1 commandBatches, IRelationalConnection connection, CancellationToken cancellationToken)
   at Microsoft.EntityFrameworkCore.ChangeTracking.Internal.StateManager.SaveChangesAsync(IList`1 entriesToSave, CancellationToken cancellationToken)
   at Microsoft.EntityFrameworkCore.ChangeTracking.Internal.StateManager.SaveChangesAsync(StateManager stateManager, Boolean acceptAllChangesOnSuccess, CancellationToken cancellationToken)
   at Microsoft.EntityFrameworkCore.SqlServer.Storage.Internal.SqlServerExecutionStrategy.ExecuteAsync[TState,TResult](TState state, Func`4 operation, Func`4 verifySucceeded, CancellationToken cancellationToken)
   at Microsoft.EntityFrameworkCore.DbContext.SaveChangesAsync(Boolean acceptAllChangesOnSuccess, CancellationToken cancellationToken)
Microsoft.EntityFrameworkCore.DbUpdateException: An error occurred while saving the entity changes. See the inner exception for details.
 ---> Microsoft.Data.SqlClient.SqlException (0x80131904): The DELETE statement conflicted with the REFERENCE constraint "FK_Loans_Members". The conflict occurred in database "LibraryDb", table "dbo.Loans", column 'MemberId'.
   at Microsoft.Data.SqlClient.SqlConnection.OnError(SqlException exception, Boolean breakConnection, Action`1 wrapCloseInAction)
   at Microsoft.Data.SqlClient.SqlInternalConnection.OnError(SqlException exception, Boolean breakConnection, Action`1 wrapCloseInAction)
   at Microsoft.Data.SqlClient.TdsParser.ThrowExceptionAndWarning(TdsParserStateObject stateObj, Boolean callerHasConnectionLock, Boolean asyncClose)
   at Microsoft.Data.SqlClient.TdsParser.TryRun(RunBehavior runBehavior, SqlCommand cmdHandler, SqlDataReader dataStream, BulkCopySimpleResultSet bulkCopyHandler, TdsParserStateObject stateObj, Boolean& dataReady)
   at Microsoft.Data.SqlClient.SqlDataReader.TryHasMoreRows(Boolean& moreRows)
   at Microsoft.Data.SqlClient.SqlDataReader.TryReadInternal(Boolean setTimeout, Boolean& more)
   at Microsoft.Data.SqlClient.SqlDataReader.ReadAsyncExecute(Task task, Object state)
   at Microsoft.Data.SqlClient.SqlDataReader.InvokeAsyncCall[T](SqlDataReaderBaseAsyncCallContext`1 context)
--- End of stack trace from previous location ---
   at Microsoft.EntityFrameworkCore.Update.AffectedCountModificationCommandBatch.ConsumeResultSetWithRowsAffectedOnlyAsync(Int32 commandIndex, RelationalDataReader reader, CancellationToken cancellationToken)
   at Microsoft.EntityFrameworkCore.Update.AffectedCountModificationCommandBatch.ConsumeAsync(RelationalDataReader reader, CancellationToken cancellationToken)
ClientConnectionId:325b20f1-b0ea-4824-984d-5890be6edd57
Error Number:547,State:0,Class:16
   --- End of inner exception stack trace ---
   at Microsoft.EntityFrameworkCore.Update.AffectedCountModificationCommandBatch.ConsumeAsync(RelationalDataReader reader, CancellationToken cancellationToken)
   at Microsoft.EntityFrameworkCore.Update.ReaderModificationCommandBatch.ExecuteAsync(IRelationalConnection connection, CancellationToken cancellationToken)
   at Microsoft.EntityFrameworkCore.Update.ReaderModificationCommandBatch.ExecuteAsync(IRelationalConnection connection, CancellationToken cancellationToken)
   at Microsoft.EntityFrameworkCore.SqlServer.Update.Internal.SqlServerModificationCommandBatch.ExecuteAsync(IRelationalConnection connection, CancellationToken cancellationToken)
   at Microsoft.EntityFrameworkCore.Update.Internal.BatchExecutor.ExecuteAsync(IEnumerable`1 commandBatches, IRelationalConnection connection, CancellationToken cancellationToken)
   at Microsoft.EntityFrameworkCore.Update.Internal.BatchExecutor.ExecuteAsync(IEnumerable`1 commandBatches, IRelationalConnection connection, CancellationToken cancellationToken)
   at Microsoft.EntityFrameworkCore.Update.Internal.BatchExecutor.ExecuteAsync(IEnumerable`1 commandBatches, IRelationalConnection connection, CancellationToken cancellationToken)
   at Microsoft.EntityFrameworkCore.ChangeTracking.Internal.StateManager.SaveChangesAsync(IList`1 entriesToSave, CancellationToken cancellationToken)
   at Microsoft.EntityFrameworkCore.ChangeTracking.Internal.StateManager.SaveChangesAsync(StateManager stateManager, Boolean acceptAllChangesOnSuccess, CancellationToken cancellationToken)
   at Microsoft.EntityFrameworkCore.SqlServer.Storage.Internal.SqlServerExecutionStrategy.ExecuteAsync[TState,TResult](TState state, Func`4 operation, Func`4 verifySucceeded, CancellationToken cancellationToken)
   at Microsoft.EntityFrameworkCore.DbContext.SaveChangesAsync(Boolean acceptAllChangesOnSuccess, CancellationToken cancellationToken)
2026-06-07 15:12:24.849 +03:00 [INF] Executed action LibraryApp.Api.Controllers.MembersController.Delete (LibraryApp.Api) in 63.4814ms
2026-06-07 15:12:24.850 +03:00 [ERR] HTTP DELETE /api/members/1 responded 500 in 64.2133 ms
Microsoft.EntityFrameworkCore.DbUpdateException: An error occurred while saving the entity changes. See the inner exception for details.
 ---> Microsoft.Data.SqlClient.SqlException (0x80131904): The DELETE statement conflicted with the REFERENCE constraint "FK_Loans_Members". The conflict occurred in database "LibraryDb", table "dbo.Loans", column 'MemberId'.
   at Microsoft.Data.SqlClient.SqlConnection.OnError(SqlException exception, Boolean breakConnection, Action`1 wrapCloseInAction)
   at Microsoft.Data.SqlClient.SqlInternalConnection.OnError(SqlException exception, Boolean breakConnection, Action`1 wrapCloseInAction)
   at Microsoft.Data.SqlClient.TdsParser.ThrowExceptionAndWarning(TdsParserStateObject stateObj, Boolean callerHasConnectionLock, Boolean asyncClose)
   at Microsoft.Data.SqlClient.TdsParser.TryRun(RunBehavior runBehavior, SqlCommand cmdHandler, SqlDataReader dataStream, BulkCopySimpleResultSet bulkCopyHandler, TdsParserStateObject stateObj, Boolean& dataReady)
   at Microsoft.Data.SqlClient.SqlDataReader.TryHasMoreRows(Boolean& moreRows)
   at Microsoft.Data.SqlClient.SqlDataReader.TryReadInternal(Boolean setTimeout, Boolean& more)
   at Microsoft.Data.SqlClient.SqlDataReader.ReadAsyncExecute(Task task, Object state)
   at Microsoft.Data.SqlClient.SqlDataReader.InvokeAsyncCall[T](SqlDataReaderBaseAsyncCallContext`1 context)
--- End of stack trace from previous location ---
   at Microsoft.EntityFrameworkCore.Update.AffectedCountModificationCommandBatch.ConsumeResultSetWithRowsAffectedOnlyAsync(Int32 commandIndex, RelationalDataReader reader, CancellationToken cancellationToken)
   at Microsoft.EntityFrameworkCore.Update.AffectedCountModificationCommandBatch.ConsumeAsync(RelationalDataReader reader, CancellationToken cancellationToken)
ClientConnectionId:325b20f1-b0ea-4824-984d-5890be6edd57
Error Number:547,State:0,Class:16
   --- End of inner exception stack trace ---
   at Microsoft.EntityFrameworkCore.Update.AffectedCountModificationCommandBatch.ConsumeAsync(RelationalDataReader reader, CancellationToken cancellationToken)
   at Microsoft.EntityFrameworkCore.Update.ReaderModificationCommandBatch.ExecuteAsync(IRelationalConnection connection, CancellationToken cancellationToken)
   at Microsoft.EntityFrameworkCore.Update.ReaderModificationCommandBatch.ExecuteAsync(IRelationalConnection connection, CancellationToken cancellationToken)
   at Microsoft.EntityFrameworkCore.SqlServer.Update.Internal.SqlServerModificationCommandBatch.ExecuteAsync(IRelationalConnection connection, CancellationToken cancellationToken)
   at Microsoft.EntityFrameworkCore.Update.Internal.BatchExecutor.ExecuteAsync(IEnumerable`1 commandBatches, IRelationalConnection connection, CancellationToken cancellationToken)
   at Microsoft.EntityFrameworkCore.Update.Internal.BatchExecutor.ExecuteAsync(IEnumerable`1 commandBatches, IRelationalConnection connection, CancellationToken cancellationToken)
   at Microsoft.EntityFrameworkCore.Update.Internal.BatchExecutor.ExecuteAsync(IEnumerable`1 commandBatches, IRelationalConnection connection, CancellationToken cancellationToken)
   at Microsoft.EntityFrameworkCore.ChangeTracking.Internal.StateManager.SaveChangesAsync(IList`1 entriesToSave, CancellationToken cancellationToken)
   at Microsoft.EntityFrameworkCore.ChangeTracking.Internal.StateManager.SaveChangesAsync(StateManager stateManager, Boolean acceptAllChangesOnSuccess, CancellationToken cancellationToken)
   at Microsoft.EntityFrameworkCore.SqlServer.Storage.Internal.SqlServerExecutionStrategy.ExecuteAsync[TState,TResult](TState state, Func`4 operation, Func`4 verifySucceeded, CancellationToken cancellationToken)
   at Microsoft.EntityFrameworkCore.DbContext.SaveChangesAsync(Boolean acceptAllChangesOnSuccess, CancellationToken cancellationToken)
   at Microsoft.EntityFrameworkCore.DbContext.SaveChangesAsync(Boolean acceptAllChangesOnSuccess, CancellationToken cancellationToken)
   at UnitOfWork.CommitTransactionAsync(CancellationToken ct) in c:\Users\Thales\Desktop\netcore\LibraryApp\LibraryApp.Data\UnitOfWork.cs:line 30
   at LibraryApp.Data.Services.MemberService.DeleteAsync(Int32 memberId, CancellationToken ct) in c:\Users\Thales\Desktop\netcore\LibraryApp\LibraryApp.Data\Services\MemberService.cs:line 128
   at LibraryApp.Data.Services.MemberService.DeleteAsync(Int32 memberId, CancellationToken ct) in c:\Users\Thales\Desktop\netcore\LibraryApp\LibraryApp.Data\Services\MemberService.cs:line 136
   at LibraryApp.Api.Controllers.MembersController.Delete(Int32 id, CancellationToken ct) in c:\Users\Thales\Desktop\netcore\LibraryApp\LibraryApp.Api\Controllers\MembersController.cs:line 68
   at Microsoft.AspNetCore.Mvc.Infrastructure.ActionMethodExecutor.TaskOfIActionResultExecutor.Execute(ActionContext actionContext, IActionResultTypeMapper mapper, ObjectMethodExecutor executor, Object controller, Object[] arguments)
   at Microsoft.AspNetCore.Mvc.Infrastructure.ControllerActionInvoker.<InvokeActionMethodAsync>g__Awaited|12_0(ControllerActionInvoker invoker, ValueTask`1 actionResultValueTask)
   at Microsoft.AspNetCore.Mvc.Infrastructure.ControllerActionInvoker.<InvokeNextActionFilterAsync>g__Awaited|10_0(ControllerActionInvoker invoker, Task lastTask, State next, Scope scope, Object state, Boolean isCompleted)
   at Microsoft.AspNetCore.Mvc.Infrastructure.ControllerActionInvoker.Rethrow(ActionExecutedContextSealed context)
   at Microsoft.AspNetCore.Mvc.Infrastructure.ControllerActionInvoker.Next(State& next, Scope& scope, Object& state, Boolean& isCompleted)
   at Microsoft.AspNetCore.Mvc.Infrastructure.ControllerActionInvoker.<InvokeInnerFilterAsync>g__Awaited|13_0(ControllerActionInvoker invoker, Task lastTask, State next, Scope scope, Object state, Boolean isCompleted)
   at Microsoft.AspNetCore.Mvc.Infrastructure.ResourceInvoker.<InvokeFilterPipelineAsync>g__Awaited|20_0(ResourceInvoker invoker, Task lastTask, State next, Scope scope, Object state, Boolean isCompleted)
   at Microsoft.AspNetCore.Mvc.Infrastructure.ResourceInvoker.<InvokeAsync>g__Logged|17_1(ResourceInvoker invoker)
   at Microsoft.AspNetCore.Mvc.Infrastructure.ResourceInvoker.<InvokeAsync>g__Logged|17_1(ResourceInvoker invoker)
   at Swashbuckle.AspNetCore.SwaggerUI.SwaggerUIMiddleware.Invoke(HttpContext httpContext)
   at Swashbuckle.AspNetCore.Swagger.SwaggerMiddleware.Invoke(HttpContext httpContext, ISwaggerProvider swaggerProvider)
   at Serilog.AspNetCore.RequestLoggingMiddleware.Invoke(HttpContext httpContext)
2026-06-07 15:12:24.857 +03:00 [ERR] Unhandled exception on DELETE /api/members/1
Microsoft.EntityFrameworkCore.DbUpdateException: An error occurred while saving the entity changes. See the inner exception for details.
 ---> Microsoft.Data.SqlClient.SqlException (0x80131904): The DELETE statement conflicted with the REFERENCE constraint "FK_Loans_Members". The conflict occurred in database "LibraryDb", table "dbo.Loans", column 'MemberId'.
   at Microsoft.Data.SqlClient.SqlConnection.OnError(SqlException exception, Boolean breakConnection, Action`1 wrapCloseInAction)
   at Microsoft.Data.SqlClient.SqlInternalConnection.OnError(SqlException exception, Boolean breakConnection, Action`1 wrapCloseInAction)
   at Microsoft.Data.SqlClient.TdsParser.ThrowExceptionAndWarning(TdsParserStateObject stateObj, Boolean callerHasConnectionLock, Boolean asyncClose)
   at Microsoft.Data.SqlClient.TdsParser.TryRun(RunBehavior runBehavior, SqlCommand cmdHandler, SqlDataReader dataStream, BulkCopySimpleResultSet bulkCopyHandler, TdsParserStateObject stateObj, Boolean& dataReady)
   at Microsoft.Data.SqlClient.SqlDataReader.TryHasMoreRows(Boolean& moreRows)
   at Microsoft.Data.SqlClient.SqlDataReader.TryReadInternal(Boolean setTimeout, Boolean& more)
   at Microsoft.Data.SqlClient.SqlDataReader.ReadAsyncExecute(Task task, Object state)
   at Microsoft.Data.SqlClient.SqlDataReader.InvokeAsyncCall[T](SqlDataReaderBaseAsyncCallContext`1 context)
--- End of stack trace from previous location ---
   at Microsoft.EntityFrameworkCore.Update.AffectedCountModificationCommandBatch.ConsumeResultSetWithRowsAffectedOnlyAsync(Int32 commandIndex, RelationalDataReader reader, CancellationToken cancellationToken)
   at Microsoft.EntityFrameworkCore.Update.AffectedCountModificationCommandBatch.ConsumeAsync(RelationalDataReader reader, CancellationToken cancellationToken)
ClientConnectionId:325b20f1-b0ea-4824-984d-5890be6edd57
Error Number:547,State:0,Class:16
   --- End of inner exception stack trace ---
   at Microsoft.EntityFrameworkCore.Update.AffectedCountModificationCommandBatch.ConsumeAsync(RelationalDataReader reader, CancellationToken cancellationToken)
   at Microsoft.EntityFrameworkCore.Update.ReaderModificationCommandBatch.ExecuteAsync(IRelationalConnection connection, CancellationToken cancellationToken)
   at Microsoft.EntityFrameworkCore.Update.ReaderModificationCommandBatch.ExecuteAsync(IRelationalConnection connection, CancellationToken cancellationToken)
   at Microsoft.EntityFrameworkCore.SqlServer.Update.Internal.SqlServerModificationCommandBatch.ExecuteAsync(IRelationalConnection connection, CancellationToken cancellationToken)
   at Microsoft.EntityFrameworkCore.Update.Internal.BatchExecutor.ExecuteAsync(IEnumerable`1 commandBatches, IRelationalConnection connection, CancellationToken cancellationToken)
   at Microsoft.EntityFrameworkCore.Update.Internal.BatchExecutor.ExecuteAsync(IEnumerable`1 commandBatches, IRelationalConnection connection, CancellationToken cancellationToken)
   at Microsoft.EntityFrameworkCore.Update.Internal.BatchExecutor.ExecuteAsync(IEnumerable`1 commandBatches, IRelationalConnection connection, CancellationToken cancellationToken)
   at Microsoft.EntityFrameworkCore.ChangeTracking.Internal.StateManager.SaveChangesAsync(IList`1 entriesToSave, CancellationToken cancellationToken)
   at Microsoft.EntityFrameworkCore.ChangeTracking.Internal.StateManager.SaveChangesAsync(StateManager stateManager, Boolean acceptAllChangesOnSuccess, CancellationToken cancellationToken)
   at Microsoft.EntityFrameworkCore.SqlServer.Storage.Internal.SqlServerExecutionStrategy.ExecuteAsync[TState,TResult](TState state, Func`4 operation, Func`4 verifySucceeded, CancellationToken cancellationToken)
   at Microsoft.EntityFrameworkCore.DbContext.SaveChangesAsync(Boolean acceptAllChangesOnSuccess, CancellationToken cancellationToken)
   at Microsoft.EntityFrameworkCore.DbContext.SaveChangesAsync(Boolean acceptAllChangesOnSuccess, CancellationToken cancellationToken)
   at UnitOfWork.CommitTransactionAsync(CancellationToken ct) in c:\Users\Thales\Desktop\netcore\LibraryApp\LibraryApp.Data\UnitOfWork.cs:line 30
   at LibraryApp.Data.Services.MemberService.DeleteAsync(Int32 memberId, CancellationToken ct) in c:\Users\Thales\Desktop\netcore\LibraryApp\LibraryApp.Data\Services\MemberService.cs:line 128
   at LibraryApp.Data.Services.MemberService.DeleteAsync(Int32 memberId, CancellationToken ct) in c:\Users\Thales\Desktop\netcore\LibraryApp\LibraryApp.Data\Services\MemberService.cs:line 136
   at LibraryApp.Api.Controllers.MembersController.Delete(Int32 id, CancellationToken ct) in c:\Users\Thales\Desktop\netcore\LibraryApp\LibraryApp.Api\Controllers\MembersController.cs:line 68
   at Microsoft.AspNetCore.Mvc.Infrastructure.ActionMethodExecutor.TaskOfIActionResultExecutor.Execute(ActionContext actionContext, IActionResultTypeMapper mapper, ObjectMethodExecutor executor, Object controller, Object[] arguments)
   at Microsoft.AspNetCore.Mvc.Infrastructure.ControllerActionInvoker.<InvokeActionMethodAsync>g__Awaited|12_0(ControllerActionInvoker invoker, ValueTask`1 actionResultValueTask)
   at Microsoft.AspNetCore.Mvc.Infrastructure.ControllerActionInvoker.<InvokeNextActionFilterAsync>g__Awaited|10_0(ControllerActionInvoker invoker, Task lastTask, State next, Scope scope, Object state, Boolean isCompleted)
   at Microsoft.AspNetCore.Mvc.Infrastructure.ControllerActionInvoker.Rethrow(ActionExecutedContextSealed context)
   at Microsoft.AspNetCore.Mvc.Infrastructure.ControllerActionInvoker.Next(State& next, Scope& scope, Object& state, Boolean& isCompleted)
   at Microsoft.AspNetCore.Mvc.Infrastructure.ControllerActionInvoker.<InvokeInnerFilterAsync>g__Awaited|13_0(ControllerActionInvoker invoker, Task lastTask, State next, Scope scope, Object state, Boolean isCompleted)
   at Microsoft.AspNetCore.Mvc.Infrastructure.ResourceInvoker.<InvokeFilterPipelineAsync>g__Awaited|20_0(ResourceInvoker invoker, Task lastTask, State next, Scope scope, Object state, Boolean isCompleted)
   at Microsoft.AspNetCore.Mvc.Infrastructure.ResourceInvoker.<InvokeAsync>g__Logged|17_1(ResourceInvoker invoker)
   at Microsoft.AspNetCore.Mvc.Infrastructure.ResourceInvoker.<InvokeAsync>g__Logged|17_1(ResourceInvoker invoker)
   at Swashbuckle.AspNetCore.SwaggerUI.SwaggerUIMiddleware.Invoke(HttpContext httpContext)
   at Swashbuckle.AspNetCore.Swagger.SwaggerMiddleware.Invoke(HttpContext httpContext, ISwaggerProvider swaggerProvider)
   at Serilog.AspNetCore.RequestLoggingMiddleware.Invoke(HttpContext httpContext)
   at LibraryApp.Api.Middleware.ExceptionMiddleware.InvokeAsync(HttpContext context) in c:\Users\Thales\Desktop\netcore\LibraryApp\LibraryApp.Api\Middleware\ExceptionMiddleware.cs:line 22
2026-06-07 15:12:24.861 +03:00 [INF] Request finished HTTP/1.1 DELETE http://localhost:5112/api/members/1 - 500 null application/problem+json 75.7685ms
2026-06-07 15:13:03.791 +03:00 [INF] Now listening on: http://localhost:5112
2026-06-07 15:13:03.834 +03:00 [INF] Application started. Press Ctrl+C to shut down.
2026-06-07 15:13:03.836 +03:00 [INF] Hosting environment: Development
2026-06-07 15:13:03.836 +03:00 [INF] Content root path: c:\Users\Thales\Desktop\netcore\LibraryApp\LibraryApp.Api
2026-06-07 15:16:15.114 +03:00 [INF] Now listening on: http://localhost:5112
2026-06-07 15:16:15.165 +03:00 [INF] Application started. Press Ctrl+C to shut down.
2026-06-07 15:16:15.166 +03:00 [INF] Hosting environment: Development
2026-06-07 15:16:15.166 +03:00 [INF] Content root path: c:\Users\Thales\Desktop\netcore\LibraryApp\LibraryApp.Api
2026-06-07 15:16:19.981 +03:00 [INF] Request starting HTTP/1.1 GET http://localhost:5112/api/members - application/json null
2026-06-07 15:16:20.085 +03:00 [INF] Route matched with {action = "GetAll", controller = "Members"}. Executing controller action with signature System.Threading.Tasks.Task`1[Microsoft.AspNetCore.Mvc.IActionResult] GetAll(System.Threading.CancellationToken) on controller LibraryApp.Api.Controllers.MembersController (LibraryApp.Api).
2026-06-07 15:16:23.173 +03:00 [INF] Executing OkObjectResult, writing value of type 'System.Collections.Generic.List`1[[LibraryApp.Core.DTOs.MemberDto, LibraryApp.Core, Version=1.0.0.0, Culture=neutral, PublicKeyToken=null]]'.
2026-06-07 15:16:23.278 +03:00 [INF] Executed action LibraryApp.Api.Controllers.MembersController.GetAll (LibraryApp.Api) in 3188.7872ms
2026-06-07 15:16:23.286 +03:00 [INF] HTTP GET /api/members responded 200 in 3271.5296 ms
2026-06-07 15:16:23.295 +03:00 [INF] Request finished HTTP/1.1 GET http://localhost:5112/api/members - 200 null application/json; charset=utf-8 3317.2371ms
2026-06-07 15:16:24.121 +03:00 [INF] Request starting HTTP/1.1 OPTIONS http://localhost:5112/api/members - null null
2026-06-07 15:16:24.130 +03:00 [INF] CORS policy execution successful.
2026-06-07 15:16:24.133 +03:00 [INF] HTTP OPTIONS /api/members responded 204 in 8.3503 ms
2026-06-07 15:16:24.135 +03:00 [INF] Request finished HTTP/1.1 OPTIONS http://localhost:5112/api/members - 204 null null 15.0072ms
2026-06-07 15:16:24.142 +03:00 [INF] Request starting HTTP/1.1 GET http://localhost:5112/api/members - application/json null
2026-06-07 15:16:24.146 +03:00 [INF] CORS policy execution successful.
2026-06-07 15:16:24.148 +03:00 [INF] Route matched with {action = "GetAll", controller = "Members"}. Executing controller action with signature System.Threading.Tasks.Task`1[Microsoft.AspNetCore.Mvc.IActionResult] GetAll(System.Threading.CancellationToken) on controller LibraryApp.Api.Controllers.MembersController (LibraryApp.Api).
2026-06-07 15:16:24.189 +03:00 [INF] Executing OkObjectResult, writing value of type 'System.Collections.Generic.List`1[[LibraryApp.Core.DTOs.MemberDto, LibraryApp.Core, Version=1.0.0.0, Culture=neutral, PublicKeyToken=null]]'.
2026-06-07 15:16:24.190 +03:00 [INF] Executed action LibraryApp.Api.Controllers.MembersController.GetAll (LibraryApp.Api) in 42.1059ms
2026-06-07 15:16:24.191 +03:00 [INF] HTTP GET /api/members responded 200 in 45.8538 ms
2026-06-07 15:16:24.191 +03:00 [INF] Request finished HTTP/1.1 GET http://localhost:5112/api/members - 200 null application/json; charset=utf-8 49.281ms
2026-06-07 15:16:26.428 +03:00 [INF] Request starting HTTP/1.1 OPTIONS http://localhost:5112/api/members/1 - null null
2026-06-07 15:16:26.429 +03:00 [INF] CORS policy execution successful.
2026-06-07 15:16:26.429 +03:00 [INF] HTTP OPTIONS /api/members/1 responded 204 in 0.2969 ms
2026-06-07 15:16:26.429 +03:00 [INF] Request finished HTTP/1.1 OPTIONS http://localhost:5112/api/members/1 - 204 null null 0.9641ms
2026-06-07 15:16:26.440 +03:00 [INF] Request starting HTTP/1.1 DELETE http://localhost:5112/api/members/1 - application/json null
2026-06-07 15:16:26.442 +03:00 [INF] CORS policy execution successful.
2026-06-07 15:16:26.454 +03:00 [INF] Route matched with {action = "Delete", controller = "Members"}. Executing controller action with signature System.Threading.Tasks.Task`1[Microsoft.AspNetCore.Mvc.IActionResult] Delete(Int32, System.Threading.CancellationToken) on controller LibraryApp.Api.Controllers.MembersController (LibraryApp.Api).
2026-06-07 15:16:26.810 +03:00 [INF] Deleted member: MemberId=1
2026-06-07 15:16:26.906 +03:00 [WRN] Savepoints are disabled because Multiple Active Result Sets (MARS) is enabled. If 'SaveChanges' fails, then the transaction cannot be automatically rolled back to a known clean state. Instead, the transaction should be rolled back by the application before retrying 'SaveChanges'. See https://go.microsoft.com/fwlink/?linkid=2149338 for more information and examples. To identify the code which triggers this warning, call 'ConfigureWarnings(w => w.Throw(SqlServerEventId.SavepointsDisabledBecauseOfMARS))'.
2026-06-07 15:16:26.943 +03:00 [ERR] An exception occurred in the database while saving changes for context type 'LibraryApp.Data.LibraryContext'.
Microsoft.EntityFrameworkCore.DbUpdateException: An error occurred while saving the entity changes. See the inner exception for details.
 ---> Microsoft.Data.SqlClient.SqlException (0x80131904): The DELETE statement conflicted with the REFERENCE constraint "FK_Loans_Members". The conflict occurred in database "LibraryDb", table "dbo.Loans", column 'MemberId'.
   at Microsoft.Data.SqlClient.SqlConnection.OnError(SqlException exception, Boolean breakConnection, Action`1 wrapCloseInAction)
   at Microsoft.Data.SqlClient.SqlInternalConnection.OnError(SqlException exception, Boolean breakConnection, Action`1 wrapCloseInAction)
   at Microsoft.Data.SqlClient.TdsParser.ThrowExceptionAndWarning(TdsParserStateObject stateObj, Boolean callerHasConnectionLock, Boolean asyncClose)
   at Microsoft.Data.SqlClient.TdsParser.TryRun(RunBehavior runBehavior, SqlCommand cmdHandler, SqlDataReader dataStream, BulkCopySimpleResultSet bulkCopyHandler, TdsParserStateObject stateObj, Boolean& dataReady)
   at Microsoft.Data.SqlClient.SqlDataReader.TryHasMoreRows(Boolean& moreRows)
   at Microsoft.Data.SqlClient.SqlDataReader.TryReadInternal(Boolean setTimeout, Boolean& more)
   at Microsoft.Data.SqlClient.SqlDataReader.ReadAsyncExecute(Task task, Object state)
   at Microsoft.Data.SqlClient.SqlDataReader.InvokeAsyncCall[T](SqlDataReaderBaseAsyncCallContext`1 context)
--- End of stack trace from previous location ---
   at Microsoft.EntityFrameworkCore.Update.AffectedCountModificationCommandBatch.ConsumeResultSetWithRowsAffectedOnlyAsync(Int32 commandIndex, RelationalDataReader reader, CancellationToken cancellationToken)
   at Microsoft.EntityFrameworkCore.Update.AffectedCountModificationCommandBatch.ConsumeAsync(RelationalDataReader reader, CancellationToken cancellationToken)
ClientConnectionId:5f07baa8-c00c-48eb-bb04-8e49b03a1e68
Error Number:547,State:0,Class:16
   --- End of inner exception stack trace ---
   at Microsoft.EntityFrameworkCore.Update.AffectedCountModificationCommandBatch.ConsumeAsync(RelationalDataReader reader, CancellationToken cancellationToken)
   at Microsoft.EntityFrameworkCore.Update.ReaderModificationCommandBatch.ExecuteAsync(IRelationalConnection connection, CancellationToken cancellationToken)
   at Microsoft.EntityFrameworkCore.Update.ReaderModificationCommandBatch.ExecuteAsync(IRelationalConnection connection, CancellationToken cancellationToken)
   at Microsoft.EntityFrameworkCore.SqlServer.Update.Internal.SqlServerModificationCommandBatch.ExecuteAsync(IRelationalConnection connection, CancellationToken cancellationToken)
   at Microsoft.EntityFrameworkCore.Update.Internal.BatchExecutor.ExecuteAsync(IEnumerable`1 commandBatches, IRelationalConnection connection, CancellationToken cancellationToken)
   at Microsoft.EntityFrameworkCore.Update.Internal.BatchExecutor.ExecuteAsync(IEnumerable`1 commandBatches, IRelationalConnection connection, CancellationToken cancellationToken)
   at Microsoft.EntityFrameworkCore.Update.Internal.BatchExecutor.ExecuteAsync(IEnumerable`1 commandBatches, IRelationalConnection connection, CancellationToken cancellationToken)
   at Microsoft.EntityFrameworkCore.ChangeTracking.Internal.StateManager.SaveChangesAsync(IList`1 entriesToSave, CancellationToken cancellationToken)
   at Microsoft.EntityFrameworkCore.ChangeTracking.Internal.StateManager.SaveChangesAsync(StateManager stateManager, Boolean acceptAllChangesOnSuccess, CancellationToken cancellationToken)
   at Microsoft.EntityFrameworkCore.SqlServer.Storage.Internal.SqlServerExecutionStrategy.ExecuteAsync[TState,TResult](TState state, Func`4 operation, Func`4 verifySucceeded, CancellationToken cancellationToken)
   at Microsoft.EntityFrameworkCore.DbContext.SaveChangesAsync(Boolean acceptAllChangesOnSuccess, CancellationToken cancellationToken)
Microsoft.EntityFrameworkCore.DbUpdateException: An error occurred while saving the entity changes. See the inner exception for details.
 ---> Microsoft.Data.SqlClient.SqlException (0x80131904): The DELETE statement conflicted with the REFERENCE constraint "FK_Loans_Members". The conflict occurred in database "LibraryDb", table "dbo.Loans", column 'MemberId'.
   at Microsoft.Data.SqlClient.SqlConnection.OnError(SqlException exception, Boolean breakConnection, Action`1 wrapCloseInAction)
   at Microsoft.Data.SqlClient.SqlInternalConnection.OnError(SqlException exception, Boolean breakConnection, Action`1 wrapCloseInAction)
   at Microsoft.Data.SqlClient.TdsParser.ThrowExceptionAndWarning(TdsParserStateObject stateObj, Boolean callerHasConnectionLock, Boolean asyncClose)
   at Microsoft.Data.SqlClient.TdsParser.TryRun(RunBehavior runBehavior, SqlCommand cmdHandler, SqlDataReader dataStream, BulkCopySimpleResultSet bulkCopyHandler, TdsParserStateObject stateObj, Boolean& dataReady)
   at Microsoft.Data.SqlClient.SqlDataReader.TryHasMoreRows(Boolean& moreRows)
   at Microsoft.Data.SqlClient.SqlDataReader.TryReadInternal(Boolean setTimeout, Boolean& more)
   at Microsoft.Data.SqlClient.SqlDataReader.ReadAsyncExecute(Task task, Object state)
   at Microsoft.Data.SqlClient.SqlDataReader.InvokeAsyncCall[T](SqlDataReaderBaseAsyncCallContext`1 context)
--- End of stack trace from previous location ---
   at Microsoft.EntityFrameworkCore.Update.AffectedCountModificationCommandBatch.ConsumeResultSetWithRowsAffectedOnlyAsync(Int32 commandIndex, RelationalDataReader reader, CancellationToken cancellationToken)
   at Microsoft.EntityFrameworkCore.Update.AffectedCountModificationCommandBatch.ConsumeAsync(RelationalDataReader reader, CancellationToken cancellationToken)
ClientConnectionId:5f07baa8-c00c-48eb-bb04-8e49b03a1e68
Error Number:547,State:0,Class:16
   --- End of inner exception stack trace ---
   at Microsoft.EntityFrameworkCore.Update.AffectedCountModificationCommandBatch.ConsumeAsync(RelationalDataReader reader, CancellationToken cancellationToken)
   at Microsoft.EntityFrameworkCore.Update.ReaderModificationCommandBatch.ExecuteAsync(IRelationalConnection connection, CancellationToken cancellationToken)
   at Microsoft.EntityFrameworkCore.Update.ReaderModificationCommandBatch.ExecuteAsync(IRelationalConnection connection, CancellationToken cancellationToken)
   at Microsoft.EntityFrameworkCore.SqlServer.Update.Internal.SqlServerModificationCommandBatch.ExecuteAsync(IRelationalConnection connection, CancellationToken cancellationToken)
   at Microsoft.EntityFrameworkCore.Update.Internal.BatchExecutor.ExecuteAsync(IEnumerable`1 commandBatches, IRelationalConnection connection, CancellationToken cancellationToken)
   at Microsoft.EntityFrameworkCore.Update.Internal.BatchExecutor.ExecuteAsync(IEnumerable`1 commandBatches, IRelationalConnection connection, CancellationToken cancellationToken)
   at Microsoft.EntityFrameworkCore.Update.Internal.BatchExecutor.ExecuteAsync(IEnumerable`1 commandBatches, IRelationalConnection connection, CancellationToken cancellationToken)
   at Microsoft.EntityFrameworkCore.ChangeTracking.Internal.StateManager.SaveChangesAsync(IList`1 entriesToSave, CancellationToken cancellationToken)
   at Microsoft.EntityFrameworkCore.ChangeTracking.Internal.StateManager.SaveChangesAsync(StateManager stateManager, Boolean acceptAllChangesOnSuccess, CancellationToken cancellationToken)
   at Microsoft.EntityFrameworkCore.SqlServer.Storage.Internal.SqlServerExecutionStrategy.ExecuteAsync[TState,TResult](TState state, Func`4 operation, Func`4 verifySucceeded, CancellationToken cancellationToken)
   at Microsoft.EntityFrameworkCore.DbContext.SaveChangesAsync(Boolean acceptAllChangesOnSuccess, CancellationToken cancellationToken)
2026-06-07 15:16:26.958 +03:00 [INF] Executed action LibraryApp.Api.Controllers.MembersController.Delete (LibraryApp.Api) in 503.5798ms
2026-06-07 15:16:26.958 +03:00 [ERR] HTTP DELETE /api/members/1 responded 500 in 516.9171 ms
Microsoft.EntityFrameworkCore.DbUpdateException: An error occurred while saving the entity changes. See the inner exception for details.
 ---> Microsoft.Data.SqlClient.SqlException (0x80131904): The DELETE statement conflicted with the REFERENCE constraint "FK_Loans_Members". The conflict occurred in database "LibraryDb", table "dbo.Loans", column 'MemberId'.
   at Microsoft.Data.SqlClient.SqlConnection.OnError(SqlException exception, Boolean breakConnection, Action`1 wrapCloseInAction)
   at Microsoft.Data.SqlClient.SqlInternalConnection.OnError(SqlException exception, Boolean breakConnection, Action`1 wrapCloseInAction)
   at Microsoft.Data.SqlClient.TdsParser.ThrowExceptionAndWarning(TdsParserStateObject stateObj, Boolean callerHasConnectionLock, Boolean asyncClose)
   at Microsoft.Data.SqlClient.TdsParser.TryRun(RunBehavior runBehavior, SqlCommand cmdHandler, SqlDataReader dataStream, BulkCopySimpleResultSet bulkCopyHandler, TdsParserStateObject stateObj, Boolean& dataReady)
   at Microsoft.Data.SqlClient.SqlDataReader.TryHasMoreRows(Boolean& moreRows)
   at Microsoft.Data.SqlClient.SqlDataReader.TryReadInternal(Boolean setTimeout, Boolean& more)
   at Microsoft.Data.SqlClient.SqlDataReader.ReadAsyncExecute(Task task, Object state)
   at Microsoft.Data.SqlClient.SqlDataReader.InvokeAsyncCall[T](SqlDataReaderBaseAsyncCallContext`1 context)
--- End of stack trace from previous location ---
   at Microsoft.EntityFrameworkCore.Update.AffectedCountModificationCommandBatch.ConsumeResultSetWithRowsAffectedOnlyAsync(Int32 commandIndex, RelationalDataReader reader, CancellationToken cancellationToken)
   at Microsoft.EntityFrameworkCore.Update.AffectedCountModificationCommandBatch.ConsumeAsync(RelationalDataReader reader, CancellationToken cancellationToken)
ClientConnectionId:5f07baa8-c00c-48eb-bb04-8e49b03a1e68
Error Number:547,State:0,Class:16
   --- End of inner exception stack trace ---
   at Microsoft.EntityFrameworkCore.Update.AffectedCountModificationCommandBatch.ConsumeAsync(RelationalDataReader reader, CancellationToken cancellationToken)
   at Microsoft.EntityFrameworkCore.Update.ReaderModificationCommandBatch.ExecuteAsync(IRelationalConnection connection, CancellationToken cancellationToken)
   at Microsoft.EntityFrameworkCore.Update.ReaderModificationCommandBatch.ExecuteAsync(IRelationalConnection connection, CancellationToken cancellationToken)
   at Microsoft.EntityFrameworkCore.SqlServer.Update.Internal.SqlServerModificationCommandBatch.ExecuteAsync(IRelationalConnection connection, CancellationToken cancellationToken)
   at Microsoft.EntityFrameworkCore.Update.Internal.BatchExecutor.ExecuteAsync(IEnumerable`1 commandBatches, IRelationalConnection connection, CancellationToken cancellationToken)
   at Microsoft.EntityFrameworkCore.Update.Internal.BatchExecutor.ExecuteAsync(IEnumerable`1 commandBatches, IRelationalConnection connection, CancellationToken cancellationToken)
   at Microsoft.EntityFrameworkCore.Update.Internal.BatchExecutor.ExecuteAsync(IEnumerable`1 commandBatches, IRelationalConnection connection, CancellationToken cancellationToken)
   at Microsoft.EntityFrameworkCore.ChangeTracking.Internal.StateManager.SaveChangesAsync(IList`1 entriesToSave, CancellationToken cancellationToken)
   at Microsoft.EntityFrameworkCore.ChangeTracking.Internal.StateManager.SaveChangesAsync(StateManager stateManager, Boolean acceptAllChangesOnSuccess, CancellationToken cancellationToken)
   at Microsoft.EntityFrameworkCore.SqlServer.Storage.Internal.SqlServerExecutionStrategy.ExecuteAsync[TState,TResult](TState state, Func`4 operation, Func`4 verifySucceeded, CancellationToken cancellationToken)
   at Microsoft.EntityFrameworkCore.DbContext.SaveChangesAsync(Boolean acceptAllChangesOnSuccess, CancellationToken cancellationToken)
   at Microsoft.EntityFrameworkCore.DbContext.SaveChangesAsync(Boolean acceptAllChangesOnSuccess, CancellationToken cancellationToken)
   at UnitOfWork.CommitTransactionAsync(CancellationToken ct) in c:\Users\Thales\Desktop\netcore\LibraryApp\LibraryApp.Data\UnitOfWork.cs:line 30
   at LibraryApp.Data.Services.MemberService.DeleteAsync(Int32 memberId, CancellationToken ct) in c:\Users\Thales\Desktop\netcore\LibraryApp\LibraryApp.Data\Services\MemberService.cs:line 128
   at LibraryApp.Data.Services.MemberService.DeleteAsync(Int32 memberId, CancellationToken ct) in c:\Users\Thales\Desktop\netcore\LibraryApp\LibraryApp.Data\Services\MemberService.cs:line 136
   at LibraryApp.Api.Controllers.MembersController.Delete(Int32 id, CancellationToken ct) in c:\Users\Thales\Desktop\netcore\LibraryApp\LibraryApp.Api\Controllers\MembersController.cs:line 68
   at Microsoft.AspNetCore.Mvc.Infrastructure.ActionMethodExecutor.TaskOfIActionResultExecutor.Execute(ActionContext actionContext, IActionResultTypeMapper mapper, ObjectMethodExecutor executor, Object controller, Object[] arguments)
   at Microsoft.AspNetCore.Mvc.Infrastructure.ControllerActionInvoker.<InvokeActionMethodAsync>g__Awaited|12_0(ControllerActionInvoker invoker, ValueTask`1 actionResultValueTask)
   at Microsoft.AspNetCore.Mvc.Infrastructure.ControllerActionInvoker.<InvokeNextActionFilterAsync>g__Awaited|10_0(ControllerActionInvoker invoker, Task lastTask, State next, Scope scope, Object state, Boolean isCompleted)
   at Microsoft.AspNetCore.Mvc.Infrastructure.ControllerActionInvoker.Rethrow(ActionExecutedContextSealed context)
   at Microsoft.AspNetCore.Mvc.Infrastructure.ControllerActionInvoker.Next(State& next, Scope& scope, Object& state, Boolean& isCompleted)
   at Microsoft.AspNetCore.Mvc.Infrastructure.ControllerActionInvoker.<InvokeInnerFilterAsync>g__Awaited|13_0(ControllerActionInvoker invoker, Task lastTask, State next, Scope scope, Object state, Boolean isCompleted)
   at Microsoft.AspNetCore.Mvc.Infrastructure.ResourceInvoker.<InvokeFilterPipelineAsync>g__Awaited|20_0(ResourceInvoker invoker, Task lastTask, State next, Scope scope, Object state, Boolean isCompleted)
   at Microsoft.AspNetCore.Mvc.Infrastructure.ResourceInvoker.<InvokeAsync>g__Logged|17_1(ResourceInvoker invoker)
   at Microsoft.AspNetCore.Mvc.Infrastructure.ResourceInvoker.<InvokeAsync>g__Logged|17_1(ResourceInvoker invoker)
   at Swashbuckle.AspNetCore.SwaggerUI.SwaggerUIMiddleware.Invoke(HttpContext httpContext)
   at Swashbuckle.AspNetCore.Swagger.SwaggerMiddleware.Invoke(HttpContext httpContext, ISwaggerProvider swaggerProvider)
   at Serilog.AspNetCore.RequestLoggingMiddleware.Invoke(HttpContext httpContext)
2026-06-07 15:16:27.008 +03:00 [ERR] Unhandled exception on DELETE /api/members/1
Microsoft.EntityFrameworkCore.DbUpdateException: An error occurred while saving the entity changes. See the inner exception for details.
 ---> Microsoft.Data.SqlClient.SqlException (0x80131904): The DELETE statement conflicted with the REFERENCE constraint "FK_Loans_Members". The conflict occurred in database "LibraryDb", table "dbo.Loans", column 'MemberId'.
   at Microsoft.Data.SqlClient.SqlConnection.OnError(SqlException exception, Boolean breakConnection, Action`1 wrapCloseInAction)
   at Microsoft.Data.SqlClient.SqlInternalConnection.OnError(SqlException exception, Boolean breakConnection, Action`1 wrapCloseInAction)
   at Microsoft.Data.SqlClient.TdsParser.ThrowExceptionAndWarning(TdsParserStateObject stateObj, Boolean callerHasConnectionLock, Boolean asyncClose)
   at Microsoft.Data.SqlClient.TdsParser.TryRun(RunBehavior runBehavior, SqlCommand cmdHandler, SqlDataReader dataStream, BulkCopySimpleResultSet bulkCopyHandler, TdsParserStateObject stateObj, Boolean& dataReady)
   at Microsoft.Data.SqlClient.SqlDataReader.TryHasMoreRows(Boolean& moreRows)
   at Microsoft.Data.SqlClient.SqlDataReader.TryReadInternal(Boolean setTimeout, Boolean& more)
   at Microsoft.Data.SqlClient.SqlDataReader.ReadAsyncExecute(Task task, Object state)
   at Microsoft.Data.SqlClient.SqlDataReader.InvokeAsyncCall[T](SqlDataReaderBaseAsyncCallContext`1 context)
--- End of stack trace from previous location ---
   at Microsoft.EntityFrameworkCore.Update.AffectedCountModificationCommandBatch.ConsumeResultSetWithRowsAffectedOnlyAsync(Int32 commandIndex, RelationalDataReader reader, CancellationToken cancellationToken)
   at Microsoft.EntityFrameworkCore.Update.AffectedCountModificationCommandBatch.ConsumeAsync(RelationalDataReader reader, CancellationToken cancellationToken)
ClientConnectionId:5f07baa8-c00c-48eb-bb04-8e49b03a1e68
Error Number:547,State:0,Class:16
   --- End of inner exception stack trace ---
   at Microsoft.EntityFrameworkCore.Update.AffectedCountModificationCommandBatch.ConsumeAsync(RelationalDataReader reader, CancellationToken cancellationToken)
   at Microsoft.EntityFrameworkCore.Update.ReaderModificationCommandBatch.ExecuteAsync(IRelationalConnection connection, CancellationToken cancellationToken)
   at Microsoft.EntityFrameworkCore.Update.ReaderModificationCommandBatch.ExecuteAsync(IRelationalConnection connection, CancellationToken cancellationToken)
   at Microsoft.EntityFrameworkCore.SqlServer.Update.Internal.SqlServerModificationCommandBatch.ExecuteAsync(IRelationalConnection connection, CancellationToken cancellationToken)
   at Microsoft.EntityFrameworkCore.Update.Internal.BatchExecutor.ExecuteAsync(IEnumerable`1 commandBatches, IRelationalConnection connection, CancellationToken cancellationToken)
   at Microsoft.EntityFrameworkCore.Update.Internal.BatchExecutor.ExecuteAsync(IEnumerable`1 commandBatches, IRelationalConnection connection, CancellationToken cancellationToken)
   at Microsoft.EntityFrameworkCore.Update.Internal.BatchExecutor.ExecuteAsync(IEnumerable`1 commandBatches, IRelationalConnection connection, CancellationToken cancellationToken)
   at Microsoft.EntityFrameworkCore.ChangeTracking.Internal.StateManager.SaveChangesAsync(IList`1 entriesToSave, CancellationToken cancellationToken)
   at Microsoft.EntityFrameworkCore.ChangeTracking.Internal.StateManager.SaveChangesAsync(StateManager stateManager, Boolean acceptAllChangesOnSuccess, CancellationToken cancellationToken)
   at Microsoft.EntityFrameworkCore.SqlServer.Storage.Internal.SqlServerExecutionStrategy.ExecuteAsync[TState,TResult](TState state, Func`4 operation, Func`4 verifySucceeded, CancellationToken cancellationToken)
   at Microsoft.EntityFrameworkCore.DbContext.SaveChangesAsync(Boolean acceptAllChangesOnSuccess, CancellationToken cancellationToken)
   at Microsoft.EntityFrameworkCore.DbContext.SaveChangesAsync(Boolean acceptAllChangesOnSuccess, CancellationToken cancellationToken)
   at UnitOfWork.CommitTransactionAsync(CancellationToken ct) in c:\Users\Thales\Desktop\netcore\LibraryApp\LibraryApp.Data\UnitOfWork.cs:line 30
   at LibraryApp.Data.Services.MemberService.DeleteAsync(Int32 memberId, CancellationToken ct) in c:\Users\Thales\Desktop\netcore\LibraryApp\LibraryApp.Data\Services\MemberService.cs:line 128
   at LibraryApp.Data.Services.MemberService.DeleteAsync(Int32 memberId, CancellationToken ct) in c:\Users\Thales\Desktop\netcore\LibraryApp\LibraryApp.Data\Services\MemberService.cs:line 136
   at LibraryApp.Api.Controllers.MembersController.Delete(Int32 id, CancellationToken ct) in c:\Users\Thales\Desktop\netcore\LibraryApp\LibraryApp.Api\Controllers\MembersController.cs:line 68
   at Microsoft.AspNetCore.Mvc.Infrastructure.ActionMethodExecutor.TaskOfIActionResultExecutor.Execute(ActionContext actionContext, IActionResultTypeMapper mapper, ObjectMethodExecutor executor, Object controller, Object[] arguments)
   at Microsoft.AspNetCore.Mvc.Infrastructure.ControllerActionInvoker.<InvokeActionMethodAsync>g__Awaited|12_0(ControllerActionInvoker invoker, ValueTask`1 actionResultValueTask)
   at Microsoft.AspNetCore.Mvc.Infrastructure.ControllerActionInvoker.<InvokeNextActionFilterAsync>g__Awaited|10_0(ControllerActionInvoker invoker, Task lastTask, State next, Scope scope, Object state, Boolean isCompleted)
   at Microsoft.AspNetCore.Mvc.Infrastructure.ControllerActionInvoker.Rethrow(ActionExecutedContextSealed context)
   at Microsoft.AspNetCore.Mvc.Infrastructure.ControllerActionInvoker.Next(State& next, Scope& scope, Object& state, Boolean& isCompleted)
   at Microsoft.AspNetCore.Mvc.Infrastructure.ControllerActionInvoker.<InvokeInnerFilterAsync>g__Awaited|13_0(ControllerActionInvoker invoker, Task lastTask, State next, Scope scope, Object state, Boolean isCompleted)
   at Microsoft.AspNetCore.Mvc.Infrastructure.ResourceInvoker.<InvokeFilterPipelineAsync>g__Awaited|20_0(ResourceInvoker invoker, Task lastTask, State next, Scope scope, Object state, Boolean isCompleted)
   at Microsoft.AspNetCore.Mvc.Infrastructure.ResourceInvoker.<InvokeAsync>g__Logged|17_1(ResourceInvoker invoker)
   at Microsoft.AspNetCore.Mvc.Infrastructure.ResourceInvoker.<InvokeAsync>g__Logged|17_1(ResourceInvoker invoker)
   at Swashbuckle.AspNetCore.SwaggerUI.SwaggerUIMiddleware.Invoke(HttpContext httpContext)
   at Swashbuckle.AspNetCore.Swagger.SwaggerMiddleware.Invoke(HttpContext httpContext, ISwaggerProvider swaggerProvider)
   at Serilog.AspNetCore.RequestLoggingMiddleware.Invoke(HttpContext httpContext)
   at LibraryApp.Api.Middleware.ExceptionMiddleware.InvokeAsync(HttpContext context) in c:\Users\Thales\Desktop\netcore\LibraryApp\LibraryApp.Api\Middleware\ExceptionMiddleware.cs:line 22
2026-06-07 15:16:27.031 +03:00 [INF] Request finished HTTP/1.1 DELETE http://localhost:5112/api/members/1 - 500 null application/problem+json 591.4603ms
2026-06-07 15:18:23.098 +03:00 [INF] Now listening on: http://localhost:5112
2026-06-07 15:18:23.156 +03:00 [INF] Application started. Press Ctrl+C to shut down.
2026-06-07 15:18:23.157 +03:00 [INF] Hosting environment: Development
2026-06-07 15:18:23.157 +03:00 [INF] Content root path: c:\Users\Thales\Desktop\netcore\LibraryApp\LibraryApp.Api
2026-06-07 15:18:28.649 +03:00 [INF] Request starting HTTP/1.1 GET http://localhost:5112/api/members - application/json null
2026-06-07 15:18:28.737 +03:00 [INF] Route matched with {action = "GetAll", controller = "Members"}. Executing controller action with signature System.Threading.Tasks.Task`1[Microsoft.AspNetCore.Mvc.IActionResult] GetAll(System.Threading.CancellationToken) on controller LibraryApp.Api.Controllers.MembersController (LibraryApp.Api).
2026-06-07 15:18:31.501 +03:00 [INF] Executing OkObjectResult, writing value of type 'System.Collections.Generic.List`1[[LibraryApp.Core.DTOs.MemberDto, LibraryApp.Core, Version=1.0.0.0, Culture=neutral, PublicKeyToken=null]]'.
2026-06-07 15:18:31.598 +03:00 [INF] Executed action LibraryApp.Api.Controllers.MembersController.GetAll (LibraryApp.Api) in 2857.6446ms
2026-06-07 15:18:31.604 +03:00 [INF] HTTP GET /api/members responded 200 in 2921.2935 ms
2026-06-07 15:18:31.617 +03:00 [INF] Request finished HTTP/1.1 GET http://localhost:5112/api/members - 200 null application/json; charset=utf-8 2970.2701ms
2026-06-07 15:18:32.394 +03:00 [INF] Request starting HTTP/1.1 OPTIONS http://localhost:5112/api/members - null null
2026-06-07 15:18:32.402 +03:00 [INF] CORS policy execution successful.
2026-06-07 15:18:32.405 +03:00 [INF] HTTP OPTIONS /api/members responded 204 in 7.3176 ms
2026-06-07 15:18:32.406 +03:00 [INF] Request finished HTTP/1.1 OPTIONS http://localhost:5112/api/members - 204 null null 13.3014ms
2026-06-07 15:18:32.422 +03:00 [INF] Request starting HTTP/1.1 GET http://localhost:5112/api/members - application/json null
2026-06-07 15:18:32.425 +03:00 [INF] CORS policy execution successful.
2026-06-07 15:18:32.427 +03:00 [INF] Route matched with {action = "GetAll", controller = "Members"}. Executing controller action with signature System.Threading.Tasks.Task`1[Microsoft.AspNetCore.Mvc.IActionResult] GetAll(System.Threading.CancellationToken) on controller LibraryApp.Api.Controllers.MembersController (LibraryApp.Api).
2026-06-07 15:18:32.466 +03:00 [INF] Executing OkObjectResult, writing value of type 'System.Collections.Generic.List`1[[LibraryApp.Core.DTOs.MemberDto, LibraryApp.Core, Version=1.0.0.0, Culture=neutral, PublicKeyToken=null]]'.
2026-06-07 15:18:32.468 +03:00 [INF] Executed action LibraryApp.Api.Controllers.MembersController.GetAll (LibraryApp.Api) in 40.2298ms
2026-06-07 15:18:32.468 +03:00 [INF] HTTP GET /api/members responded 200 in 44.1167 ms
2026-06-07 15:18:32.469 +03:00 [INF] Request finished HTTP/1.1 GET http://localhost:5112/api/members - 200 null application/json; charset=utf-8 47.6107ms
2026-06-07 15:18:34.916 +03:00 [INF] Request starting HTTP/1.1 OPTIONS http://localhost:5112/api/members/1 - null null
2026-06-07 15:18:34.916 +03:00 [INF] CORS policy execution successful.
2026-06-07 15:18:34.916 +03:00 [INF] HTTP OPTIONS /api/members/1 responded 204 in 0.2363 ms
2026-06-07 15:18:34.916 +03:00 [INF] Request finished HTTP/1.1 OPTIONS http://localhost:5112/api/members/1 - 204 null null 0.869ms
2026-06-07 15:18:34.924 +03:00 [INF] Request starting HTTP/1.1 DELETE http://localhost:5112/api/members/1 - application/json null
2026-06-07 15:18:34.926 +03:00 [INF] CORS policy execution successful.
2026-06-07 15:18:34.937 +03:00 [INF] Route matched with {action = "Delete", controller = "Members"}. Executing controller action with signature System.Threading.Tasks.Task`1[Microsoft.AspNetCore.Mvc.IActionResult] Delete(Int32, System.Threading.CancellationToken) on controller LibraryApp.Api.Controllers.MembersController (LibraryApp.Api).
2026-06-07 15:18:35.158 +03:00 [INF] Executed action LibraryApp.Api.Controllers.MembersController.Delete (LibraryApp.Api) in 220.7116ms
2026-06-07 15:18:35.159 +03:00 [ERR] HTTP DELETE /api/members/1 responded 500 in 233.0795 ms
ConflictException: Member ID 1 has existing loans and cannot be deleted.
   at LibraryApp.Data.Services.MemberService.DeleteAsync(Int32 memberId, CancellationToken ct) in c:\Users\Thales\Desktop\netcore\LibraryApp\LibraryApp.Data\Services\MemberService.cs:line 121
   at LibraryApp.Api.Controllers.MembersController.Delete(Int32 id, CancellationToken ct) in c:\Users\Thales\Desktop\netcore\LibraryApp\LibraryApp.Api\Controllers\MembersController.cs:line 68
   at Microsoft.AspNetCore.Mvc.Infrastructure.ActionMethodExecutor.TaskOfIActionResultExecutor.Execute(ActionContext actionContext, IActionResultTypeMapper mapper, ObjectMethodExecutor executor, Object controller, Object[] arguments)
   at Microsoft.AspNetCore.Mvc.Infrastructure.ControllerActionInvoker.<InvokeActionMethodAsync>g__Awaited|12_0(ControllerActionInvoker invoker, ValueTask`1 actionResultValueTask)
   at Microsoft.AspNetCore.Mvc.Infrastructure.ControllerActionInvoker.<InvokeNextActionFilterAsync>g__Awaited|10_0(ControllerActionInvoker invoker, Task lastTask, State next, Scope scope, Object state, Boolean isCompleted)
   at Microsoft.AspNetCore.Mvc.Infrastructure.ControllerActionInvoker.Rethrow(ActionExecutedContextSealed context)
   at Microsoft.AspNetCore.Mvc.Infrastructure.ControllerActionInvoker.Next(State& next, Scope& scope, Object& state, Boolean& isCompleted)
   at Microsoft.AspNetCore.Mvc.Infrastructure.ControllerActionInvoker.<InvokeInnerFilterAsync>g__Awaited|13_0(ControllerActionInvoker invoker, Task lastTask, State next, Scope scope, Object state, Boolean isCompleted)
   at Microsoft.AspNetCore.Mvc.Infrastructure.ResourceInvoker.<InvokeFilterPipelineAsync>g__Awaited|20_0(ResourceInvoker invoker, Task lastTask, State next, Scope scope, Object state, Boolean isCompleted)
   at Microsoft.AspNetCore.Mvc.Infrastructure.ResourceInvoker.<InvokeAsync>g__Logged|17_1(ResourceInvoker invoker)
   at Microsoft.AspNetCore.Mvc.Infrastructure.ResourceInvoker.<InvokeAsync>g__Logged|17_1(ResourceInvoker invoker)
   at Swashbuckle.AspNetCore.SwaggerUI.SwaggerUIMiddleware.Invoke(HttpContext httpContext)
   at Swashbuckle.AspNetCore.Swagger.SwaggerMiddleware.Invoke(HttpContext httpContext, ISwaggerProvider swaggerProvider)
   at Serilog.AspNetCore.RequestLoggingMiddleware.Invoke(HttpContext httpContext)
2026-06-07 15:18:35.206 +03:00 [INF] Request finished HTTP/1.1 DELETE http://localhost:5112/api/members/1 - 409 null application/problem+json 281.3174ms
2026-06-07 15:18:41.783 +03:00 [INF] Request starting HTTP/1.1 OPTIONS http://localhost:5112/api/authors - null null
2026-06-07 15:18:41.784 +03:00 [INF] CORS policy execution successful.
2026-06-07 15:18:41.784 +03:00 [INF] HTTP OPTIONS /api/authors responded 204 in 0.2002 ms
2026-06-07 15:18:41.784 +03:00 [INF] Request finished HTTP/1.1 OPTIONS http://localhost:5112/api/authors - 204 null null 1.1387ms
2026-06-07 15:18:41.786 +03:00 [INF] Request starting HTTP/1.1 OPTIONS http://localhost:5112/api/categories - null null
2026-06-07 15:18:41.787 +03:00 [INF] CORS policy execution successful.
2026-06-07 15:18:41.787 +03:00 [INF] HTTP OPTIONS /api/categories responded 204 in 0.2927 ms
2026-06-07 15:18:41.788 +03:00 [INF] Request finished HTTP/1.1 OPTIONS http://localhost:5112/api/categories - 204 null null 1.1329ms
2026-06-07 15:18:41.788 +03:00 [INF] Request starting HTTP/1.1 OPTIONS http://localhost:5112/api/books?page=1&pageSize=20 - null null
2026-06-07 15:18:41.788 +03:00 [INF] CORS policy execution successful.
2026-06-07 15:18:41.788 +03:00 [INF] HTTP OPTIONS /api/books responded 204 in 0.2025 ms
2026-06-07 15:18:41.789 +03:00 [INF] Request finished HTTP/1.1 OPTIONS http://localhost:5112/api/books?page=1&pageSize=20 - 204 null null 0.6024ms
2026-06-07 15:18:41.812 +03:00 [INF] Request starting HTTP/1.1 GET http://localhost:5112/api/authors - application/json null
2026-06-07 15:18:41.815 +03:00 [INF] CORS policy execution successful.
2026-06-07 15:18:41.814 +03:00 [INF] Request starting HTTP/1.1 GET http://localhost:5112/api/categories - application/json null
2026-06-07 15:18:41.815 +03:00 [INF] CORS policy execution successful.
2026-06-07 15:18:41.818 +03:00 [INF] Request starting HTTP/1.1 GET http://localhost:5112/api/books?page=1&pageSize=20 - application/json null
2026-06-07 15:18:41.822 +03:00 [INF] CORS policy execution successful.
2026-06-07 15:18:41.827 +03:00 [INF] Route matched with {action = "GetAll", controller = "Authors"}. Executing controller action with signature System.Threading.Tasks.Task`1[Microsoft.AspNetCore.Mvc.IActionResult] GetAll(System.Threading.CancellationToken) on controller LibraryApp.Api.Controllers.AuthorsController (LibraryApp.Api).
2026-06-07 15:18:41.828 +03:00 [INF] Route matched with {action = "GetAll", controller = "Categories"}. Executing controller action with signature System.Threading.Tasks.Task`1[Microsoft.AspNetCore.Mvc.IActionResult] GetAll(System.Threading.CancellationToken) on controller LibraryApp.Api.Controllers.CategoriesController (LibraryApp.Api).
2026-06-07 15:18:41.847 +03:00 [INF] Route matched with {action = "Search", controller = "Books"}. Executing controller action with signature System.Threading.Tasks.Task`1[Microsoft.AspNetCore.Mvc.IActionResult] Search(BookSearchQuery, System.Threading.CancellationToken) on controller BooksController (LibraryApp.Api).
2026-06-07 15:18:41.876 +03:00 [INF] Executing OkObjectResult, writing value of type 'System.Collections.Generic.List`1[[LibraryApp.Core.DTOs.AuthorDto, LibraryApp.Core, Version=1.0.0.0, Culture=neutral, PublicKeyToken=null]]'.
2026-06-07 15:18:41.922 +03:00 [INF] Executed action LibraryApp.Api.Controllers.AuthorsController.GetAll (LibraryApp.Api) in 93.8027ms
2026-06-07 15:18:41.922 +03:00 [INF] HTTP GET /api/authors responded 200 in 107.4905 ms
2026-06-07 15:18:41.922 +03:00 [INF] Request finished HTTP/1.1 GET http://localhost:5112/api/authors - 200 null application/json; charset=utf-8 110.0875ms
2026-06-07 15:18:41.951 +03:00 [INF] Executing OkObjectResult, writing value of type 'System.Collections.Generic.List`1[[<>f__AnonymousType1`2[[System.Int32, System.Private.CoreLib, Version=8.0.0.0, Culture=neutral, PublicKeyToken=7cec85d7bea7798e],[System.String, System.Private.CoreLib, Version=8.0.0.0, Culture=neutral, PublicKeyToken=7cec85d7bea7798e]], LibraryApp.Api, Version=1.0.0.0, Culture=neutral, PublicKeyToken=null]]'.
2026-06-07 15:18:41.965 +03:00 [INF] Executed action LibraryApp.Api.Controllers.CategoriesController.GetAll (LibraryApp.Api) in 135.9519ms
2026-06-07 15:18:41.965 +03:00 [INF] HTTP GET /api/categories responded 200 in 150.0885 ms
2026-06-07 15:18:41.992 +03:00 [INF] Request finished HTTP/1.1 GET http://localhost:5112/api/categories - 200 null application/json; charset=utf-8 177.9444ms
2026-06-07 15:18:42.016 +03:00 [INF] Request starting HTTP/1.1 OPTIONS http://localhost:5112/api/loans/active - null null
2026-06-07 15:18:42.017 +03:00 [INF] CORS policy execution successful.
2026-06-07 15:18:42.017 +03:00 [INF] HTTP OPTIONS /api/loans/active responded 204 in 0.3899 ms
2026-06-07 15:18:42.017 +03:00 [INF] Request finished HTTP/1.1 OPTIONS http://localhost:5112/api/loans/active - 204 null null 1.4654ms
2026-06-07 15:18:42.027 +03:00 [INF] Request starting HTTP/1.1 GET http://localhost:5112/api/loans/active - application/json null
2026-06-07 15:18:42.030 +03:00 [INF] CORS policy execution successful.
2026-06-07 15:18:42.039 +03:00 [INF] Route matched with {action = "GetActive", controller = "Loans"}. Executing controller action with signature System.Threading.Tasks.Task`1[Microsoft.AspNetCore.Mvc.IActionResult] GetActive(System.Threading.CancellationToken) on controller LibraryApp.Api.Controllers.LoansController (LibraryApp.Api).
2026-06-07 15:18:42.182 +03:00 [WRN] Compiling a query which loads related collections for more than one collection navigation, either via 'Include' or through projection, but no 'QuerySplittingBehavior' has been configured. By default, Entity Framework will use 'QuerySplittingBehavior.SingleQuery', which can potentially result in slow query performance. See https://go.microsoft.com/fwlink/?linkid=2134277 for more information. To identify the query that's triggering this warning call 'ConfigureWarnings(w => w.Throw(RelationalEventId.MultipleCollectionIncludeWarning))'.
2026-06-07 15:18:42.194 +03:00 [INF] Executing OkObjectResult, writing value of type 'System.Collections.Generic.List`1[[LibraryApp.Core.DTOs.ActiveLoanDto, LibraryApp.Core, Version=1.0.0.0, Culture=neutral, PublicKeyToken=null]]'.
2026-06-07 15:18:42.201 +03:00 [INF] Executed action LibraryApp.Api.Controllers.LoansController.GetActive (LibraryApp.Api) in 160.7626ms
2026-06-07 15:18:42.201 +03:00 [INF] HTTP GET /api/loans/active responded 200 in 171.2723 ms
2026-06-07 15:18:42.202 +03:00 [INF] Request finished HTTP/1.1 GET http://localhost:5112/api/loans/active - 200 null application/json; charset=utf-8 174.4443ms
2026-06-07 15:18:42.225 +03:00 [INF] Executing OkObjectResult, writing value of type 'PagedResult`1[[BookDto, LibraryApp.Core, Version=1.0.0.0, Culture=neutral, PublicKeyToken=null]]'.
2026-06-07 15:18:42.234 +03:00 [INF] Executed action BooksController.Search (LibraryApp.Api) in 387.2162ms
2026-06-07 15:18:42.234 +03:00 [INF] HTTP GET /api/books responded 200 in 412.6500 ms
2026-06-07 15:18:42.235 +03:00 [INF] Request finished HTTP/1.1 GET http://localhost:5112/api/books?page=1&pageSize=20 - 200 null application/json; charset=utf-8 417.0873ms
2026-06-07 15:18:43.112 +03:00 [INF] Request starting HTTP/1.1 OPTIONS http://localhost:5112/api/members - null null
2026-06-07 15:18:43.112 +03:00 [INF] CORS policy execution successful.
2026-06-07 15:18:43.114 +03:00 [INF] HTTP OPTIONS /api/members responded 204 in 1.2234 ms
2026-06-07 15:18:43.114 +03:00 [INF] Request finished HTTP/1.1 OPTIONS http://localhost:5112/api/members - 204 null null 2.4406ms
2026-06-07 15:18:43.125 +03:00 [INF] Request starting HTTP/1.1 GET http://localhost:5112/api/members - application/json null
2026-06-07 15:18:43.125 +03:00 [INF] CORS policy execution successful.
2026-06-07 15:18:43.125 +03:00 [INF] Route matched with {action = "GetAll", controller = "Members"}. Executing controller action with signature System.Threading.Tasks.Task`1[Microsoft.AspNetCore.Mvc.IActionResult] GetAll(System.Threading.CancellationToken) on controller LibraryApp.Api.Controllers.MembersController (LibraryApp.Api).
2026-06-07 15:18:43.132 +03:00 [INF] Executing OkObjectResult, writing value of type 'System.Collections.Generic.List`1[[LibraryApp.Core.DTOs.MemberDto, LibraryApp.Core, Version=1.0.0.0, Culture=neutral, PublicKeyToken=null]]'.
2026-06-07 15:18:43.132 +03:00 [INF] Executed action LibraryApp.Api.Controllers.MembersController.GetAll (LibraryApp.Api) in 6.9433ms
2026-06-07 15:18:43.133 +03:00 [INF] HTTP GET /api/members responded 200 in 7.5420 ms
2026-06-07 15:18:43.133 +03:00 [INF] Request finished HTTP/1.1 GET http://localhost:5112/api/members - 200 null application/json; charset=utf-8 7.9924ms
2026-06-07 15:22:16.341 +03:00 [INF] Request starting HTTP/1.1 GET http://localhost:5112/api/members - application/json null
2026-06-07 15:22:16.342 +03:00 [INF] Route matched with {action = "GetAll", controller = "Members"}. Executing controller action with signature System.Threading.Tasks.Task`1[Microsoft.AspNetCore.Mvc.IActionResult] GetAll(System.Threading.CancellationToken) on controller LibraryApp.Api.Controllers.MembersController (LibraryApp.Api).
2026-06-07 15:22:16.347 +03:00 [INF] Executing OkObjectResult, writing value of type 'System.Collections.Generic.List`1[[LibraryApp.Core.DTOs.MemberDto, LibraryApp.Core, Version=1.0.0.0, Culture=neutral, PublicKeyToken=null]]'.
2026-06-07 15:22:16.347 +03:00 [INF] Executed action LibraryApp.Api.Controllers.MembersController.GetAll (LibraryApp.Api) in 4.8985ms
2026-06-07 15:22:16.347 +03:00 [INF] HTTP GET /api/members responded 200 in 5.4190 ms
2026-06-07 15:22:16.348 +03:00 [INF] Request finished HTTP/1.1 GET http://localhost:5112/api/members - 200 null application/json; charset=utf-8 6.054ms
2026-06-07 15:22:17.463 +03:00 [INF] Request starting HTTP/1.1 OPTIONS http://localhost:5112/api/members - null null
2026-06-07 15:22:17.464 +03:00 [INF] CORS policy execution successful.
2026-06-07 15:22:17.464 +03:00 [INF] HTTP OPTIONS /api/members responded 204 in 0.3031 ms
2026-06-07 15:22:17.470 +03:00 [INF] Request finished HTTP/1.1 OPTIONS http://localhost:5112/api/members - 204 null null 6.1291ms
2026-06-07 15:22:17.472 +03:00 [INF] Request starting HTTP/1.1 GET http://localhost:5112/api/members - application/json null
2026-06-07 15:22:17.472 +03:00 [INF] CORS policy execution successful.
2026-06-07 15:22:17.472 +03:00 [INF] Route matched with {action = "GetAll", controller = "Members"}. Executing controller action with signature System.Threading.Tasks.Task`1[Microsoft.AspNetCore.Mvc.IActionResult] GetAll(System.Threading.CancellationToken) on controller LibraryApp.Api.Controllers.MembersController (LibraryApp.Api).
2026-06-07 15:22:17.476 +03:00 [INF] Executing OkObjectResult, writing value of type 'System.Collections.Generic.List`1[[LibraryApp.Core.DTOs.MemberDto, LibraryApp.Core, Version=1.0.0.0, Culture=neutral, PublicKeyToken=null]]'.
2026-06-07 15:22:17.476 +03:00 [INF] Executed action LibraryApp.Api.Controllers.MembersController.GetAll (LibraryApp.Api) in 3.8691ms
2026-06-07 15:22:17.476 +03:00 [INF] HTTP GET /api/members responded 200 in 4.5741 ms
2026-06-07 15:22:17.477 +03:00 [INF] Request finished HTTP/1.1 GET http://localhost:5112/api/members - 200 null application/json; charset=utf-8 5.1291ms
2026-06-07 15:22:41.308 +03:00 [INF] Request starting HTTP/1.1 GET http://localhost:5112/api/members - application/json null
2026-06-07 15:22:41.309 +03:00 [INF] Route matched with {action = "GetAll", controller = "Members"}. Executing controller action with signature System.Threading.Tasks.Task`1[Microsoft.AspNetCore.Mvc.IActionResult] GetAll(System.Threading.CancellationToken) on controller LibraryApp.Api.Controllers.MembersController (LibraryApp.Api).
2026-06-07 15:22:41.319 +03:00 [INF] Executing OkObjectResult, writing value of type 'System.Collections.Generic.List`1[[LibraryApp.Core.DTOs.MemberDto, LibraryApp.Core, Version=1.0.0.0, Culture=neutral, PublicKeyToken=null]]'.
2026-06-07 15:22:41.320 +03:00 [INF] Executed action LibraryApp.Api.Controllers.MembersController.GetAll (LibraryApp.Api) in 9.3743ms
2026-06-07 15:22:41.320 +03:00 [INF] HTTP GET /api/members responded 200 in 10.6967 ms
2026-06-07 15:22:41.320 +03:00 [INF] Request finished HTTP/1.1 GET http://localhost:5112/api/members - 200 null application/json; charset=utf-8 11.9097ms
2026-06-07 15:22:41.330 +03:00 [INF] Request starting HTTP/1.1 GET http://localhost:5112/api/loans/active - application/json null
2026-06-07 15:22:41.330 +03:00 [INF] Route matched with {action = "GetActive", controller = "Loans"}. Executing controller action with signature System.Threading.Tasks.Task`1[Microsoft.AspNetCore.Mvc.IActionResult] GetActive(System.Threading.CancellationToken) on controller LibraryApp.Api.Controllers.LoansController (LibraryApp.Api).
2026-06-07 15:22:41.335 +03:00 [INF] Executing OkObjectResult, writing value of type 'System.Collections.Generic.List`1[[LibraryApp.Core.DTOs.ActiveLoanDto, LibraryApp.Core, Version=1.0.0.0, Culture=neutral, PublicKeyToken=null]]'.
2026-06-07 15:22:41.335 +03:00 [INF] Executed action LibraryApp.Api.Controllers.LoansController.GetActive (LibraryApp.Api) in 4.8596ms
2026-06-07 15:22:41.335 +03:00 [INF] HTTP GET /api/loans/active responded 200 in 5.2860 ms
2026-06-07 15:22:41.336 +03:00 [INF] Request finished HTTP/1.1 GET http://localhost:5112/api/loans/active - 200 null application/json; charset=utf-8 5.792ms
2026-06-07 15:22:41.364 +03:00 [INF] Request starting HTTP/1.1 GET http://localhost:5112/api/authors - application/json null
2026-06-07 15:22:41.365 +03:00 [INF] Route matched with {action = "GetAll", controller = "Authors"}. Executing controller action with signature System.Threading.Tasks.Task`1[Microsoft.AspNetCore.Mvc.IActionResult] GetAll(System.Threading.CancellationToken) on controller LibraryApp.Api.Controllers.AuthorsController (LibraryApp.Api).
2026-06-07 15:22:41.366 +03:00 [INF] Request starting HTTP/1.1 GET http://localhost:5112/api/categories - application/json null
2026-06-07 15:22:41.368 +03:00 [INF] Route matched with {action = "GetAll", controller = "Categories"}. Executing controller action with signature System.Threading.Tasks.Task`1[Microsoft.AspNetCore.Mvc.IActionResult] GetAll(System.Threading.CancellationToken) on controller LibraryApp.Api.Controllers.CategoriesController (LibraryApp.Api).
2026-06-07 15:22:41.368 +03:00 [INF] Request starting HTTP/1.1 GET http://localhost:5112/api/books?page=1&pageSize=20 - application/json null
2026-06-07 15:22:41.369 +03:00 [INF] Route matched with {action = "Search", controller = "Books"}. Executing controller action with signature System.Threading.Tasks.Task`1[Microsoft.AspNetCore.Mvc.IActionResult] Search(BookSearchQuery, System.Threading.CancellationToken) on controller BooksController (LibraryApp.Api).
2026-06-07 15:22:41.376 +03:00 [INF] Executing OkObjectResult, writing value of type 'System.Collections.Generic.List`1[[LibraryApp.Core.DTOs.AuthorDto, LibraryApp.Core, Version=1.0.0.0, Culture=neutral, PublicKeyToken=null]]'.
2026-06-07 15:22:41.376 +03:00 [INF] Executed action LibraryApp.Api.Controllers.AuthorsController.GetAll (LibraryApp.Api) in 10.8008ms
2026-06-07 15:22:41.376 +03:00 [INF] HTTP GET /api/authors responded 200 in 11.4602 ms
2026-06-07 15:22:41.376 +03:00 [INF] Request finished HTTP/1.1 GET http://localhost:5112/api/authors - 200 null application/json; charset=utf-8 12.2082ms
2026-06-07 15:22:41.379 +03:00 [INF] Executing OkObjectResult, writing value of type 'System.Collections.Generic.List`1[[<>f__AnonymousType1`2[[System.Int32, System.Private.CoreLib, Version=8.0.0.0, Culture=neutral, PublicKeyToken=7cec85d7bea7798e],[System.String, System.Private.CoreLib, Version=8.0.0.0, Culture=neutral, PublicKeyToken=7cec85d7bea7798e]], LibraryApp.Api, Version=1.0.0.0, Culture=neutral, PublicKeyToken=null]]'.
2026-06-07 15:22:41.380 +03:00 [INF] Executed action LibraryApp.Api.Controllers.CategoriesController.GetAll (LibraryApp.Api) in 11.9233ms
2026-06-07 15:22:41.380 +03:00 [INF] HTTP GET /api/categories responded 200 in 13.4119 ms
2026-06-07 15:22:41.380 +03:00 [INF] Request finished HTTP/1.1 GET http://localhost:5112/api/categories - 200 null application/json; charset=utf-8 14.0835ms
2026-06-07 15:22:41.386 +03:00 [INF] Executing OkObjectResult, writing value of type 'PagedResult`1[[BookDto, LibraryApp.Core, Version=1.0.0.0, Culture=neutral, PublicKeyToken=null]]'.
2026-06-07 15:22:41.386 +03:00 [INF] Executed action BooksController.Search (LibraryApp.Api) in 16.956ms
2026-06-07 15:22:41.386 +03:00 [INF] HTTP GET /api/books responded 200 in 17.7053 ms
2026-06-07 15:22:41.386 +03:00 [INF] Request finished HTTP/1.1 GET http://localhost:5112/api/books?page=1&pageSize=20 - 200 null application/json; charset=utf-8 18.8901ms
2026-06-07 15:23:15.364 +03:00 [INF] Request starting HTTP/1.1 OPTIONS http://localhost:5112/api/members/2 - null null
2026-06-07 15:23:15.365 +03:00 [INF] CORS policy execution successful.
2026-06-07 15:23:15.366 +03:00 [INF] HTTP OPTIONS /api/members/2 responded 204 in 0.4379 ms
2026-06-07 15:23:15.367 +03:00 [INF] Request finished HTTP/1.1 OPTIONS http://localhost:5112/api/members/2 - 204 null null 1.7919ms
2026-06-07 15:23:15.372 +03:00 [INF] Request starting HTTP/1.1 GET http://localhost:5112/api/members/2 - application/json null
2026-06-07 15:23:15.372 +03:00 [INF] CORS policy execution successful.
2026-06-07 15:23:15.380 +03:00 [INF] Route matched with {action = "GetById", controller = "Members"}. Executing controller action with signature System.Threading.Tasks.Task`1[Microsoft.AspNetCore.Mvc.IActionResult] GetById(Int32, System.Threading.CancellationToken) on controller LibraryApp.Api.Controllers.MembersController (LibraryApp.Api).
2026-06-07 15:23:15.387 +03:00 [INF] Executing OkObjectResult, writing value of type 'LibraryApp.Core.DTOs.MemberDto'.
2026-06-07 15:23:15.387 +03:00 [INF] Executed action LibraryApp.Api.Controllers.MembersController.GetById (LibraryApp.Api) in 7.1791ms
2026-06-07 15:23:15.387 +03:00 [INF] HTTP GET /api/members/2 responded 200 in 15.0453 ms
2026-06-07 15:23:15.388 +03:00 [INF] Request finished HTTP/1.1 GET http://localhost:5112/api/members/2 - 200 null application/json; charset=utf-8 15.62ms
2026-06-07 15:23:17.091 +03:00 [INF] Request starting HTTP/1.1 OPTIONS http://localhost:5112/api/members - null null
2026-06-07 15:23:17.091 +03:00 [INF] CORS policy execution successful.
2026-06-07 15:23:17.092 +03:00 [INF] HTTP OPTIONS /api/members responded 204 in 0.9875 ms
2026-06-07 15:23:17.093 +03:00 [INF] Request finished HTTP/1.1 OPTIONS http://localhost:5112/api/members - 204 null null 1.7691ms
2026-06-07 15:23:17.104 +03:00 [INF] Request starting HTTP/1.1 GET http://localhost:5112/api/members - application/json null
2026-06-07 15:23:17.104 +03:00 [INF] CORS policy execution successful.
2026-06-07 15:23:17.105 +03:00 [INF] Route matched with {action = "GetAll", controller = "Members"}. Executing controller action with signature System.Threading.Tasks.Task`1[Microsoft.AspNetCore.Mvc.IActionResult] GetAll(System.Threading.CancellationToken) on controller LibraryApp.Api.Controllers.MembersController (LibraryApp.Api).
2026-06-07 15:23:17.112 +03:00 [INF] Executing OkObjectResult, writing value of type 'System.Collections.Generic.List`1[[LibraryApp.Core.DTOs.MemberDto, LibraryApp.Core, Version=1.0.0.0, Culture=neutral, PublicKeyToken=null]]'.
2026-06-07 15:23:17.113 +03:00 [INF] Executed action LibraryApp.Api.Controllers.MembersController.GetAll (LibraryApp.Api) in 8.0168ms
2026-06-07 15:23:17.114 +03:00 [INF] HTTP GET /api/members responded 200 in 9.3142 ms
2026-06-07 15:23:17.115 +03:00 [INF] Request finished HTTP/1.1 GET http://localhost:5112/api/members - 200 null application/json; charset=utf-8 10.076ms
2026-06-07 15:23:18.707 +03:00 [INF] Request starting HTTP/1.1 OPTIONS http://localhost:5112/api/authors - null null
2026-06-07 15:23:18.707 +03:00 [INF] CORS policy execution successful.
2026-06-07 15:23:18.707 +03:00 [INF] HTTP OPTIONS /api/authors responded 204 in 0.1948 ms
2026-06-07 15:23:18.707 +03:00 [INF] Request finished HTTP/1.1 OPTIONS http://localhost:5112/api/authors - 204 null null 0.6806ms
2026-06-07 15:23:18.709 +03:00 [INF] Request starting HTTP/1.1 OPTIONS http://localhost:5112/api/categories - null null
2026-06-07 15:23:18.711 +03:00 [INF] CORS policy execution successful.
2026-06-07 15:23:18.711 +03:00 [INF] HTTP OPTIONS /api/categories responded 204 in 0.3498 ms
2026-06-07 15:23:18.711 +03:00 [INF] Request finished HTTP/1.1 OPTIONS http://localhost:5112/api/categories - 204 null null 2.1704ms
2026-06-07 15:23:18.712 +03:00 [INF] Request starting HTTP/1.1 OPTIONS http://localhost:5112/api/books?page=1&pageSize=20 - null null
2026-06-07 15:23:18.713 +03:00 [INF] CORS policy execution successful.
2026-06-07 15:23:18.713 +03:00 [INF] HTTP OPTIONS /api/books responded 204 in 0.1228 ms
2026-06-07 15:23:18.713 +03:00 [INF] Request finished HTTP/1.1 OPTIONS http://localhost:5112/api/books?page=1&pageSize=20 - 204 null null 0.5944ms
2026-06-07 15:23:18.719 +03:00 [INF] Request starting HTTP/1.1 GET http://localhost:5112/api/authors - application/json null
2026-06-07 15:23:18.719 +03:00 [INF] CORS policy execution successful.
2026-06-07 15:23:18.719 +03:00 [INF] Route matched with {action = "GetAll", controller = "Authors"}. Executing controller action with signature System.Threading.Tasks.Task`1[Microsoft.AspNetCore.Mvc.IActionResult] GetAll(System.Threading.CancellationToken) on controller LibraryApp.Api.Controllers.AuthorsController (LibraryApp.Api).
2026-06-07 15:23:18.723 +03:00 [INF] Request starting HTTP/1.1 GET http://localhost:5112/api/categories - application/json null
2026-06-07 15:23:18.723 +03:00 [INF] CORS policy execution successful.
2026-06-07 15:23:18.724 +03:00 [INF] Route matched with {action = "GetAll", controller = "Categories"}. Executing controller action with signature System.Threading.Tasks.Task`1[Microsoft.AspNetCore.Mvc.IActionResult] GetAll(System.Threading.CancellationToken) on controller LibraryApp.Api.Controllers.CategoriesController (LibraryApp.Api).
2026-06-07 15:23:18.724 +03:00 [INF] Request starting HTTP/1.1 GET http://localhost:5112/api/books?page=1&pageSize=20 - application/json null
2026-06-07 15:23:18.724 +03:00 [INF] CORS policy execution successful.
2026-06-07 15:23:18.724 +03:00 [INF] Route matched with {action = "Search", controller = "Books"}. Executing controller action with signature System.Threading.Tasks.Task`1[Microsoft.AspNetCore.Mvc.IActionResult] Search(BookSearchQuery, System.Threading.CancellationToken) on controller BooksController (LibraryApp.Api).
2026-06-07 15:23:18.730 +03:00 [INF] Executing OkObjectResult, writing value of type 'System.Collections.Generic.List`1[[LibraryApp.Core.DTOs.AuthorDto, LibraryApp.Core, Version=1.0.0.0, Culture=neutral, PublicKeyToken=null]]'.
2026-06-07 15:23:18.730 +03:00 [INF] Executed action LibraryApp.Api.Controllers.AuthorsController.GetAll (LibraryApp.Api) in 10.5156ms
2026-06-07 15:23:18.730 +03:00 [INF] HTTP GET /api/authors responded 200 in 11.2056 ms
2026-06-07 15:23:18.730 +03:00 [INF] Request finished HTTP/1.1 GET http://localhost:5112/api/authors - 200 null application/json; charset=utf-8 11.6052ms
2026-06-07 15:23:18.736 +03:00 [INF] Executing OkObjectResult, writing value of type 'System.Collections.Generic.List`1[[<>f__AnonymousType1`2[[System.Int32, System.Private.CoreLib, Version=8.0.0.0, Culture=neutral, PublicKeyToken=7cec85d7bea7798e],[System.String, System.Private.CoreLib, Version=8.0.0.0, Culture=neutral, PublicKeyToken=7cec85d7bea7798e]], LibraryApp.Api, Version=1.0.0.0, Culture=neutral, PublicKeyToken=null]]'.
2026-06-07 15:23:18.736 +03:00 [INF] Executed action LibraryApp.Api.Controllers.CategoriesController.GetAll (LibraryApp.Api) in 12.3026ms
2026-06-07 15:23:18.736 +03:00 [INF] HTTP GET /api/categories responded 200 in 12.7730 ms
2026-06-07 15:23:18.736 +03:00 [INF] Request finished HTTP/1.1 GET http://localhost:5112/api/categories - 200 null application/json; charset=utf-8 13.1468ms
2026-06-07 15:23:18.737 +03:00 [INF] Executing OkObjectResult, writing value of type 'PagedResult`1[[BookDto, LibraryApp.Core, Version=1.0.0.0, Culture=neutral, PublicKeyToken=null]]'.
2026-06-07 15:23:18.737 +03:00 [INF] Executed action BooksController.Search (LibraryApp.Api) in 12.2432ms
2026-06-07 15:23:18.737 +03:00 [INF] HTTP GET /api/books responded 200 in 12.9948 ms
2026-06-07 15:23:18.737 +03:00 [INF] Request finished HTTP/1.1 GET http://localhost:5112/api/books?page=1&pageSize=20 - 200 null application/json; charset=utf-8 13.459ms
