2026-06-01 09:38:08.549 +03:00 [INF] Now listening on: http://localhost:5112
2026-06-01 09:38:08.592 +03:00 [INF] Application started. Press Ctrl+C to shut down.
2026-06-01 09:38:08.593 +03:00 [INF] Hosting environment: Development
2026-06-01 09:38:08.594 +03:00 [INF] Content root path: C:\Users\Thales\Desktop\netcore\LibraryApp\LibraryApp.Api
2026-06-01 09:38:19.372 +03:00 [INF] Request starting HTTP/1.1 GET http://localhost:5112/ - null null
2026-06-01 09:38:19.471 +03:00 [INF] HTTP GET / responded 301 in 55.1219 ms
2026-06-01 09:38:19.482 +03:00 [INF] Request finished HTTP/1.1 GET http://localhost:5112/ - 301 0 null 112.4301ms
2026-06-01 09:38:19.491 +03:00 [INF] Request starting HTTP/1.1 GET http://localhost:5112/index.html - null null
2026-06-01 09:38:19.586 +03:00 [INF] HTTP GET /index.html responded 200 in 93.9097 ms
2026-06-01 09:38:19.587 +03:00 [INF] Request finished HTTP/1.1 GET http://localhost:5112/index.html - 200 null text/html;charset=utf-8 95.66ms
2026-06-01 09:38:19.659 +03:00 [INF] Request starting HTTP/1.1 GET http://localhost:5112/swagger-ui.css - null null
2026-06-01 09:38:19.659 +03:00 [INF] Request starting HTTP/1.1 GET http://localhost:5112/swagger-ui-bundle.js - null null
2026-06-01 09:38:19.662 +03:00 [INF] Request starting HTTP/1.1 GET http://localhost:5112/swagger-ui-standalone-preset.js - null null
2026-06-01 09:38:19.714 +03:00 [INF] Sending file. Request path: '/swagger-ui-standalone-preset.js'. Physical path: 'N/A'
2026-06-01 09:38:19.714 +03:00 [INF] Sending file. Request path: '/swagger-ui.css'. Physical path: 'N/A'
2026-06-01 09:38:19.715 +03:00 [INF] HTTP GET /swagger-ui-standalone-preset.js responded 200 in 52.9365 ms
2026-06-01 09:38:19.715 +03:00 [INF] HTTP GET /swagger-ui.css responded 200 in 54.9364 ms
2026-06-01 09:38:19.717 +03:00 [INF] Request finished HTTP/1.1 GET http://localhost:5112/swagger-ui.css - 200 152034 text/css 58.5103ms
2026-06-01 09:38:19.717 +03:00 [INF] Request finished HTTP/1.1 GET http://localhost:5112/swagger-ui-standalone-preset.js - 200 230280 text/javascript 55.1788ms
2026-06-01 09:38:19.742 +03:00 [INF] Sending file. Request path: '/swagger-ui-bundle.js'. Physical path: 'N/A'
2026-06-01 09:38:19.742 +03:00 [INF] HTTP GET /swagger-ui-bundle.js responded 200 in 82.0673 ms
2026-06-01 09:38:19.743 +03:00 [INF] Request finished HTTP/1.1 GET http://localhost:5112/swagger-ui-bundle.js - 200 1456926 text/javascript 83.2492ms
2026-06-01 09:38:19.753 +03:00 [INF] Request starting HTTP/1.1 GET http://localhost:5112/swagger-ui-standalone-preset.js - null null
2026-06-01 09:38:19.756 +03:00 [INF] Sending file. Request path: '/swagger-ui-standalone-preset.js'. Physical path: 'N/A'
2026-06-01 09:38:19.757 +03:00 [INF] HTTP GET /swagger-ui-standalone-preset.js responded 200 in 2.8517 ms
2026-06-01 09:38:19.757 +03:00 [INF] Request finished HTTP/1.1 GET http://localhost:5112/swagger-ui-standalone-preset.js - 200 230280 text/javascript 4.1151ms
2026-06-01 09:38:20.172 +03:00 [INF] Request starting HTTP/1.1 GET http://localhost:5112/swagger/v1/swagger.json - null null
2026-06-01 09:38:20.209 +03:00 [INF] Request starting HTTP/1.1 GET http://localhost:5112/favicon-32x32.png - null null
2026-06-01 09:38:20.210 +03:00 [INF] Sending file. Request path: '/favicon-32x32.png'. Physical path: 'N/A'
2026-06-01 09:38:20.210 +03:00 [INF] HTTP GET /favicon-32x32.png responded 200 in 0.8424 ms
2026-06-01 09:38:20.210 +03:00 [INF] Request finished HTTP/1.1 GET http://localhost:5112/favicon-32x32.png - 200 628 image/png 1.736ms
2026-06-01 09:38:20.394 +03:00 [INF] HTTP GET /swagger/v1/swagger.json responded 200 in 221.0307 ms
2026-06-01 09:38:20.394 +03:00 [INF] Request finished HTTP/1.1 GET http://localhost:5112/swagger/v1/swagger.json - 200 null application/json;charset=utf-8 221.8605ms
2026-06-01 09:38:21.405 +03:00 [INF] Request starting HTTP/1.1 GET http://localhost:5112/swagger-ui-bundle.js - null null
2026-06-01 09:38:21.413 +03:00 [INF] Sending file. Request path: '/swagger-ui-bundle.js'. Physical path: 'N/A'
2026-06-01 09:38:21.413 +03:00 [INF] HTTP GET /swagger-ui-bundle.js responded 200 in 7.3055 ms
2026-06-01 09:38:21.414 +03:00 [INF] Request finished HTTP/1.1 GET http://localhost:5112/swagger-ui-bundle.js - 200 1456926 text/javascript 8.1593ms
2026-06-01 09:38:33.670 +03:00 [INF] Request starting HTTP/1.1 POST http://localhost:5112/api/Books - application/json 203
2026-06-01 09:38:33.677 +03:00 [INF] CORS policy execution failed.
2026-06-01 09:38:33.678 +03:00 [INF] Request origin http://localhost:5112 does not have permission to access the resource.
2026-06-01 09:38:33.719 +03:00 [INF] Route matched with {action = "Create", controller = "Books"}. Executing controller action with signature System.Threading.Tasks.Task`1[Microsoft.AspNetCore.Mvc.IActionResult] Create(CreateBookCommand, System.Threading.CancellationToken) on controller BooksController (LibraryApp.Api).
2026-06-01 09:38:34.061 +03:00 [INF] Executing BadRequestObjectResult, writing value of type 'Microsoft.AspNetCore.Mvc.ValidationProblemDetails'.
2026-06-01 09:38:34.096 +03:00 [INF] Executed action BooksController.Create (LibraryApp.Api) in 372.8358ms
2026-06-01 09:38:34.096 +03:00 [INF] HTTP POST /api/Books responded 400 in 422.7220 ms
2026-06-01 09:38:34.099 +03:00 [INF] Request finished HTTP/1.1 POST http://localhost:5112/api/Books - 400 null application/problem+json; charset=utf-8 429.5592ms
2026-06-01 09:39:43.688 +03:00 [INF] Request starting HTTP/1.1 POST http://localhost:5112/api/Books - application/json 309
2026-06-01 09:39:43.690 +03:00 [INF] CORS policy execution failed.
2026-06-01 09:39:43.690 +03:00 [INF] Request origin http://localhost:5112 does not have permission to access the resource.
2026-06-01 09:39:43.690 +03:00 [INF] Route matched with {action = "Create", controller = "Books"}. Executing controller action with signature System.Threading.Tasks.Task`1[Microsoft.AspNetCore.Mvc.IActionResult] Create(CreateBookCommand, System.Threading.CancellationToken) on controller BooksController (LibraryApp.Api).
2026-06-01 09:39:43.709 +03:00 [INF] Executing BadRequestObjectResult, writing value of type 'Microsoft.AspNetCore.Mvc.ValidationProblemDetails'.
2026-06-01 09:39:43.710 +03:00 [INF] Executed action BooksController.Create (LibraryApp.Api) in 18.8843ms
2026-06-01 09:39:43.710 +03:00 [INF] HTTP POST /api/Books responded 400 in 20.5600 ms
2026-06-01 09:39:43.710 +03:00 [INF] Request finished HTTP/1.1 POST http://localhost:5112/api/Books - 400 null application/problem+json; charset=utf-8 22.279ms
2026-06-01 09:40:00.890 +03:00 [INF] Request starting HTTP/1.1 POST http://localhost:5112/api/Books - application/json 310
2026-06-01 09:40:00.891 +03:00 [INF] CORS policy execution failed.
2026-06-01 09:40:00.891 +03:00 [INF] Request origin http://localhost:5112 does not have permission to access the resource.
2026-06-01 09:40:00.891 +03:00 [INF] Route matched with {action = "Create", controller = "Books"}. Executing controller action with signature System.Threading.Tasks.Task`1[Microsoft.AspNetCore.Mvc.IActionResult] Create(CreateBookCommand, System.Threading.CancellationToken) on controller BooksController (LibraryApp.Api).
2026-06-01 09:40:04.369 +03:00 [WRN] Savepoints are disabled because Multiple Active Result Sets (MARS) is enabled. If 'SaveChanges' fails, then the transaction cannot be automatically rolled back to a known clean state. Instead, the transaction should be rolled back by the application before retrying 'SaveChanges'. See https://go.microsoft.com/fwlink/?linkid=2149338 for more information and examples. To identify the code which triggers this warning, call 'ConfigureWarnings(w => w.Throw(SqlServerEventId.SavepointsDisabledBecauseOfMARS))'.
2026-06-01 09:40:04.418 +03:00 [ERR] An exception occurred in the database while saving changes for context type 'LibraryApp.Data.LibraryContext'.
Microsoft.EntityFrameworkCore.DbUpdateException: An error occurred while saving the entity changes. See the inner exception for details.
 ---> Microsoft.Data.SqlClient.SqlException (0x80131904): Cannot insert explicit value for identity column in table 'Authors' when IDENTITY_INSERT is set to OFF.
   at Microsoft.Data.SqlClient.SqlConnection.OnError(SqlException exception, Boolean breakConnection, Action`1 wrapCloseInAction)
   at Microsoft.Data.SqlClient.SqlInternalConnection.OnError(SqlException exception, Boolean breakConnection, Action`1 wrapCloseInAction)
   at Microsoft.Data.SqlClient.TdsParser.ThrowExceptionAndWarning(TdsParserStateObject stateObj, Boolean callerHasConnectionLock, Boolean asyncClose)
   at Microsoft.Data.SqlClient.TdsParser.TryRun(RunBehavior runBehavior, SqlCommand cmdHandler, SqlDataReader dataStream, BulkCopySimpleResultSet bulkCopyHandler, TdsParserStateObject stateObj, Boolean& dataReady)
   at Microsoft.Data.SqlClient.SqlDataReader.TryHasMoreRows(Boolean& moreRows)
   at Microsoft.Data.SqlClient.SqlDataReader.TryReadInternal(Boolean setTimeout, Boolean& more)
   at Microsoft.Data.SqlClient.SqlDataReader.ReadAsyncExecute(Task task, Object state)
   at Microsoft.Data.SqlClient.SqlDataReader.InvokeAsyncCall[T](SqlDataReaderBaseAsyncCallContext`1 context)
--- End of stack trace from previous location ---
   at Microsoft.EntityFrameworkCore.Update.AffectedCountModificationCommandBatch.ConsumeResultSetAsync(Int32 startCommandIndex, RelationalDataReader reader, CancellationToken cancellationToken)
ClientConnectionId:00ef986b-738f-44cb-b455-3d808543a52e
Error Number:544,State:1,Class:16
   --- End of inner exception stack trace ---
   at Microsoft.EntityFrameworkCore.Update.AffectedCountModificationCommandBatch.ConsumeResultSetAsync(Int32 startCommandIndex, RelationalDataReader reader, CancellationToken cancellationToken)
   at Microsoft.EntityFrameworkCore.Update.AffectedCountModificationCommandBatch.ConsumeAsync(RelationalDataReader reader, CancellationToken cancellationToken)
   at Microsoft.EntityFrameworkCore.Update.ReaderModificationCommandBatch.ExecuteAsync(IRelationalConnection connection, CancellationToken cancellationToken)
   at Microsoft.EntityFrameworkCore.Update.ReaderModificationCommandBatch.ExecuteAsync(IRelationalConnection connection, CancellationToken cancellationToken)
   at Microsoft.EntityFrameworkCore.SqlServer.Update.Internal.SqlServerModificationCommandBatch.ExecuteAsync(IRelationalConnection connection, CancellationToken cancellationToken)
   at Microsoft.EntityFrameworkCore.Update.Internal.BatchExecutor.ExecuteAsync(IEnumerable`1 commandBatches, IRelationalConnection connection, CancellationToken cancellationToken)
   at Microsoft.EntityFrameworkCore.Update.Internal.BatchExecutor.ExecuteAsync(IEnumerable`1 commandBatches, IRelationalConnection connection, CancellationToken cancellationToken)
   at Microsoft.EntityFrameworkCore.Update.Internal.BatchExecutor.ExecuteAsync(IEnumerable`1 commandBatches, IRelationalConnection connection, CancellationToken cancellationToken)
   at Microsoft.EntityFrameworkCore.ChangeTracking.Internal.StateManager.SaveChangesAsync(IList`1 entriesToSave, CancellationToken cancellationToken)
   at Microsoft.EntityFrameworkCore.ChangeTracking.Internal.StateManager.SaveChangesAsync(StateManager stateManager, Boolean acceptAllChangesOnSuccess, CancellationToken cancellationToken)
   at Microsoft.EntityFrameworkCore.SqlServer.Storage.Internal.SqlServerExecutionStrategy.ExecuteAsync[TState,TResult](TState state, Func`4 operation, Func`4 verifySucceeded, CancellationToken cancellationToken)
   at Microsoft.EntityFrameworkCore.DbContext.SaveChangesAsync(Boolean acceptAllChangesOnSuccess, CancellationToken cancellationToken)
Microsoft.EntityFrameworkCore.DbUpdateException: An error occurred while saving the entity changes. See the inner exception for details.
 ---> Microsoft.Data.SqlClient.SqlException (0x80131904): Cannot insert explicit value for identity column in table 'Authors' when IDENTITY_INSERT is set to OFF.
   at Microsoft.Data.SqlClient.SqlConnection.OnError(SqlException exception, Boolean breakConnection, Action`1 wrapCloseInAction)
   at Microsoft.Data.SqlClient.SqlInternalConnection.OnError(SqlException exception, Boolean breakConnection, Action`1 wrapCloseInAction)
   at Microsoft.Data.SqlClient.TdsParser.ThrowExceptionAndWarning(TdsParserStateObject stateObj, Boolean callerHasConnectionLock, Boolean asyncClose)
   at Microsoft.Data.SqlClient.TdsParser.TryRun(RunBehavior runBehavior, SqlCommand cmdHandler, SqlDataReader dataStream, BulkCopySimpleResultSet bulkCopyHandler, TdsParserStateObject stateObj, Boolean& dataReady)
   at Microsoft.Data.SqlClient.SqlDataReader.TryHasMoreRows(Boolean& moreRows)
   at Microsoft.Data.SqlClient.SqlDataReader.TryReadInternal(Boolean setTimeout, Boolean& more)
   at Microsoft.Data.SqlClient.SqlDataReader.ReadAsyncExecute(Task task, Object state)
   at Microsoft.Data.SqlClient.SqlDataReader.InvokeAsyncCall[T](SqlDataReaderBaseAsyncCallContext`1 context)
--- End of stack trace from previous location ---
   at Microsoft.EntityFrameworkCore.Update.AffectedCountModificationCommandBatch.ConsumeResultSetAsync(Int32 startCommandIndex, RelationalDataReader reader, CancellationToken cancellationToken)
ClientConnectionId:00ef986b-738f-44cb-b455-3d808543a52e
Error Number:544,State:1,Class:16
   --- End of inner exception stack trace ---
   at Microsoft.EntityFrameworkCore.Update.AffectedCountModificationCommandBatch.ConsumeResultSetAsync(Int32 startCommandIndex, RelationalDataReader reader, CancellationToken cancellationToken)
   at Microsoft.EntityFrameworkCore.Update.AffectedCountModificationCommandBatch.ConsumeAsync(RelationalDataReader reader, CancellationToken cancellationToken)
   at Microsoft.EntityFrameworkCore.Update.ReaderModificationCommandBatch.ExecuteAsync(IRelationalConnection connection, CancellationToken cancellationToken)
   at Microsoft.EntityFrameworkCore.Update.ReaderModificationCommandBatch.ExecuteAsync(IRelationalConnection connection, CancellationToken cancellationToken)
   at Microsoft.EntityFrameworkCore.SqlServer.Update.Internal.SqlServerModificationCommandBatch.ExecuteAsync(IRelationalConnection connection, CancellationToken cancellationToken)
   at Microsoft.EntityFrameworkCore.Update.Internal.BatchExecutor.ExecuteAsync(IEnumerable`1 commandBatches, IRelationalConnection connection, CancellationToken cancellationToken)
   at Microsoft.EntityFrameworkCore.Update.Internal.BatchExecutor.ExecuteAsync(IEnumerable`1 commandBatches, IRelationalConnection connection, CancellationToken cancellationToken)
   at Microsoft.EntityFrameworkCore.Update.Internal.BatchExecutor.ExecuteAsync(IEnumerable`1 commandBatches, IRelationalConnection connection, CancellationToken cancellationToken)
   at Microsoft.EntityFrameworkCore.ChangeTracking.Internal.StateManager.SaveChangesAsync(IList`1 entriesToSave, CancellationToken cancellationToken)
   at Microsoft.EntityFrameworkCore.ChangeTracking.Internal.StateManager.SaveChangesAsync(StateManager stateManager, Boolean acceptAllChangesOnSuccess, CancellationToken cancellationToken)
   at Microsoft.EntityFrameworkCore.SqlServer.Storage.Internal.SqlServerExecutionStrategy.ExecuteAsync[TState,TResult](TState state, Func`4 operation, Func`4 verifySucceeded, CancellationToken cancellationToken)
   at Microsoft.EntityFrameworkCore.DbContext.SaveChangesAsync(Boolean acceptAllChangesOnSuccess, CancellationToken cancellationToken)
2026-06-01 09:40:04.429 +03:00 [ERR] Failed to create book with ISBN '978-0451524935'.
Microsoft.EntityFrameworkCore.DbUpdateException: An error occurred while saving the entity changes. See the inner exception for details.
 ---> Microsoft.Data.SqlClient.SqlException (0x80131904): Cannot insert explicit value for identity column in table 'Authors' when IDENTITY_INSERT is set to OFF.
   at Microsoft.Data.SqlClient.SqlConnection.OnError(SqlException exception, Boolean breakConnection, Action`1 wrapCloseInAction)
   at Microsoft.Data.SqlClient.SqlInternalConnection.OnError(SqlException exception, Boolean breakConnection, Action`1 wrapCloseInAction)
   at Microsoft.Data.SqlClient.TdsParser.ThrowExceptionAndWarning(TdsParserStateObject stateObj, Boolean callerHasConnectionLock, Boolean asyncClose)
   at Microsoft.Data.SqlClient.TdsParser.TryRun(RunBehavior runBehavior, SqlCommand cmdHandler, SqlDataReader dataStream, BulkCopySimpleResultSet bulkCopyHandler, TdsParserStateObject stateObj, Boolean& dataReady)
   at Microsoft.Data.SqlClient.SqlDataReader.TryHasMoreRows(Boolean& moreRows)
   at Microsoft.Data.SqlClient.SqlDataReader.TryReadInternal(Boolean setTimeout, Boolean& more)
   at Microsoft.Data.SqlClient.SqlDataReader.ReadAsyncExecute(Task task, Object state)
   at Microsoft.Data.SqlClient.SqlDataReader.InvokeAsyncCall[T](SqlDataReaderBaseAsyncCallContext`1 context)
--- End of stack trace from previous location ---
   at Microsoft.EntityFrameworkCore.Update.AffectedCountModificationCommandBatch.ConsumeResultSetAsync(Int32 startCommandIndex, RelationalDataReader reader, CancellationToken cancellationToken)
ClientConnectionId:00ef986b-738f-44cb-b455-3d808543a52e
Error Number:544,State:1,Class:16
   --- End of inner exception stack trace ---
   at Microsoft.EntityFrameworkCore.Update.AffectedCountModificationCommandBatch.ConsumeResultSetAsync(Int32 startCommandIndex, RelationalDataReader reader, CancellationToken cancellationToken)
   at Microsoft.EntityFrameworkCore.Update.AffectedCountModificationCommandBatch.ConsumeAsync(RelationalDataReader reader, CancellationToken cancellationToken)
   at Microsoft.EntityFrameworkCore.Update.ReaderModificationCommandBatch.ExecuteAsync(IRelationalConnection connection, CancellationToken cancellationToken)
   at Microsoft.EntityFrameworkCore.Update.ReaderModificationCommandBatch.ExecuteAsync(IRelationalConnection connection, CancellationToken cancellationToken)
   at Microsoft.EntityFrameworkCore.SqlServer.Update.Internal.SqlServerModificationCommandBatch.ExecuteAsync(IRelationalConnection connection, CancellationToken cancellationToken)
   at Microsoft.EntityFrameworkCore.Update.Internal.BatchExecutor.ExecuteAsync(IEnumerable`1 commandBatches, IRelationalConnection connection, CancellationToken cancellationToken)
   at Microsoft.EntityFrameworkCore.Update.Internal.BatchExecutor.ExecuteAsync(IEnumerable`1 commandBatches, IRelationalConnection connection, CancellationToken cancellationToken)
   at Microsoft.EntityFrameworkCore.Update.Internal.BatchExecutor.ExecuteAsync(IEnumerable`1 commandBatches, IRelationalConnection connection, CancellationToken cancellationToken)
   at Microsoft.EntityFrameworkCore.ChangeTracking.Internal.StateManager.SaveChangesAsync(IList`1 entriesToSave, CancellationToken cancellationToken)
   at Microsoft.EntityFrameworkCore.ChangeTracking.Internal.StateManager.SaveChangesAsync(StateManager stateManager, Boolean acceptAllChangesOnSuccess, CancellationToken cancellationToken)
   at Microsoft.EntityFrameworkCore.SqlServer.Storage.Internal.SqlServerExecutionStrategy.ExecuteAsync[TState,TResult](TState state, Func`4 operation, Func`4 verifySucceeded, CancellationToken cancellationToken)
   at Microsoft.EntityFrameworkCore.DbContext.SaveChangesAsync(Boolean acceptAllChangesOnSuccess, CancellationToken cancellationToken)
   at Microsoft.EntityFrameworkCore.DbContext.SaveChangesAsync(Boolean acceptAllChangesOnSuccess, CancellationToken cancellationToken)
   at LibraryApp.Data.Repositories.BookRepository.AddAsync(CreateBookCommand cmd, CancellationToken ct) in C:\Users\Thales\Desktop\netcore\LibraryApp\LibraryApp.Data\Repositories\BookRepository.cs:line 127
   at LibraryApp.Data.Services.BookService.CreateAsync(CreateBookCommand cmd, CancellationToken ct) in C:\Users\Thales\Desktop\netcore\LibraryApp\LibraryApp.Data\Services\BookService.cs:line 57
2026-06-01 09:40:04.454 +03:00 [INF] Executed action BooksController.Create (LibraryApp.Api) in 3562.5615ms
2026-06-01 09:40:04.454 +03:00 [ERR] HTTP POST /api/Books responded 500 in 3563.4030 ms
Microsoft.EntityFrameworkCore.DbUpdateException: An error occurred while saving the entity changes. See the inner exception for details.
 ---> Microsoft.Data.SqlClient.SqlException (0x80131904): Cannot insert explicit value for identity column in table 'Authors' when IDENTITY_INSERT is set to OFF.
   at Microsoft.Data.SqlClient.SqlConnection.OnError(SqlException exception, Boolean breakConnection, Action`1 wrapCloseInAction)
   at Microsoft.Data.SqlClient.SqlInternalConnection.OnError(SqlException exception, Boolean breakConnection, Action`1 wrapCloseInAction)
   at Microsoft.Data.SqlClient.TdsParser.ThrowExceptionAndWarning(TdsParserStateObject stateObj, Boolean callerHasConnectionLock, Boolean asyncClose)
   at Microsoft.Data.SqlClient.TdsParser.TryRun(RunBehavior runBehavior, SqlCommand cmdHandler, SqlDataReader dataStream, BulkCopySimpleResultSet bulkCopyHandler, TdsParserStateObject stateObj, Boolean& dataReady)
   at Microsoft.Data.SqlClient.SqlDataReader.TryHasMoreRows(Boolean& moreRows)
   at Microsoft.Data.SqlClient.SqlDataReader.TryReadInternal(Boolean setTimeout, Boolean& more)
   at Microsoft.Data.SqlClient.SqlDataReader.ReadAsyncExecute(Task task, Object state)
   at Microsoft.Data.SqlClient.SqlDataReader.InvokeAsyncCall[T](SqlDataReaderBaseAsyncCallContext`1 context)
--- End of stack trace from previous location ---
   at Microsoft.EntityFrameworkCore.Update.AffectedCountModificationCommandBatch.ConsumeResultSetAsync(Int32 startCommandIndex, RelationalDataReader reader, CancellationToken cancellationToken)
ClientConnectionId:00ef986b-738f-44cb-b455-3d808543a52e
Error Number:544,State:1,Class:16
   --- End of inner exception stack trace ---
   at Microsoft.EntityFrameworkCore.Update.AffectedCountModificationCommandBatch.ConsumeResultSetAsync(Int32 startCommandIndex, RelationalDataReader reader, CancellationToken cancellationToken)
   at Microsoft.EntityFrameworkCore.Update.AffectedCountModificationCommandBatch.ConsumeAsync(RelationalDataReader reader, CancellationToken cancellationToken)
   at Microsoft.EntityFrameworkCore.Update.ReaderModificationCommandBatch.ExecuteAsync(IRelationalConnection connection, CancellationToken cancellationToken)
   at Microsoft.EntityFrameworkCore.Update.ReaderModificationCommandBatch.ExecuteAsync(IRelationalConnection connection, CancellationToken cancellationToken)
   at Microsoft.EntityFrameworkCore.SqlServer.Update.Internal.SqlServerModificationCommandBatch.ExecuteAsync(IRelationalConnection connection, CancellationToken cancellationToken)
   at Microsoft.EntityFrameworkCore.Update.Internal.BatchExecutor.ExecuteAsync(IEnumerable`1 commandBatches, IRelationalConnection connection, CancellationToken cancellationToken)
   at Microsoft.EntityFrameworkCore.Update.Internal.BatchExecutor.ExecuteAsync(IEnumerable`1 commandBatches, IRelationalConnection connection, CancellationToken cancellationToken)
   at Microsoft.EntityFrameworkCore.Update.Internal.BatchExecutor.ExecuteAsync(IEnumerable`1 commandBatches, IRelationalConnection connection, CancellationToken cancellationToken)
   at Microsoft.EntityFrameworkCore.ChangeTracking.Internal.StateManager.SaveChangesAsync(IList`1 entriesToSave, CancellationToken cancellationToken)
   at Microsoft.EntityFrameworkCore.ChangeTracking.Internal.StateManager.SaveChangesAsync(StateManager stateManager, Boolean acceptAllChangesOnSuccess, CancellationToken cancellationToken)
   at Microsoft.EntityFrameworkCore.SqlServer.Storage.Internal.SqlServerExecutionStrategy.ExecuteAsync[TState,TResult](TState state, Func`4 operation, Func`4 verifySucceeded, CancellationToken cancellationToken)
   at Microsoft.EntityFrameworkCore.DbContext.SaveChangesAsync(Boolean acceptAllChangesOnSuccess, CancellationToken cancellationToken)
   at Microsoft.EntityFrameworkCore.DbContext.SaveChangesAsync(Boolean acceptAllChangesOnSuccess, CancellationToken cancellationToken)
   at LibraryApp.Data.Repositories.BookRepository.AddAsync(CreateBookCommand cmd, CancellationToken ct) in C:\Users\Thales\Desktop\netcore\LibraryApp\LibraryApp.Data\Repositories\BookRepository.cs:line 127
   at LibraryApp.Data.Services.BookService.CreateAsync(CreateBookCommand cmd, CancellationToken ct) in C:\Users\Thales\Desktop\netcore\LibraryApp\LibraryApp.Data\Services\BookService.cs:line 57
   at LibraryApp.Data.Services.BookService.CreateAsync(CreateBookCommand cmd, CancellationToken ct) in C:\Users\Thales\Desktop\netcore\LibraryApp\LibraryApp.Data\Services\BookService.cs:line 72
   at BooksController.Create(CreateBookCommand command, CancellationToken ct) in C:\Users\Thales\Desktop\netcore\LibraryApp\LibraryApp.Api\Controllers\BooksController.cs:line 43
   at Microsoft.AspNetCore.Mvc.Infrastructure.ActionMethodExecutor.TaskOfIActionResultExecutor.Execute(ActionContext actionContext, IActionResultTypeMapper mapper, ObjectMethodExecutor executor, Object controller, Object[] arguments)
   at Microsoft.AspNetCore.Mvc.Infrastructure.ControllerActionInvoker.<InvokeActionMethodAsync>g__Awaited|12_0(ControllerActionInvoker invoker, ValueTask`1 actionResultValueTask)
   at Microsoft.AspNetCore.Mvc.Infrastructure.ControllerActionInvoker.<InvokeNextActionFilterAsync>g__Awaited|10_0(ControllerActionInvoker invoker, Task lastTask, State next, Scope scope, Object state, Boolean isCompleted)
   at Microsoft.AspNetCore.Mvc.Infrastructure.ControllerActionInvoker.Rethrow(ActionExecutedContextSealed context)
   at Microsoft.AspNetCore.Mvc.Infrastructure.ControllerActionInvoker.Next(State& next, Scope& scope, Object& state, Boolean& isCompleted)
   at Microsoft.AspNetCore.Mvc.Infrastructure.ControllerActionInvoker.<InvokeInnerFilterAsync>g__Awaited|13_0(ControllerActionInvoker invoker, Task lastTask, State next, Scope scope, Object state, Boolean isCompleted)
   at Microsoft.AspNetCore.Mvc.Infrastructure.ResourceInvoker.<InvokeFilterPipelineAsync>g__Awaited|20_0(ResourceInvoker invoker, Task lastTask, State next, Scope scope, Object state, Boolean isCompleted)
   at Microsoft.AspNetCore.Mvc.Infrastructure.ResourceInvoker.<InvokeAsync>g__Logged|17_1(ResourceInvoker invoker)
   at Microsoft.AspNetCore.Mvc.Infrastructure.ResourceInvoker.<InvokeAsync>g__Logged|17_1(ResourceInvoker invoker)
   at Swashbuckle.AspNetCore.SwaggerUI.SwaggerUIMiddleware.Invoke(HttpContext httpContext)
   at Swashbuckle.AspNetCore.Swagger.SwaggerMiddleware.Invoke(HttpContext httpContext, ISwaggerProvider swaggerProvider)
   at Serilog.AspNetCore.RequestLoggingMiddleware.Invoke(HttpContext httpContext)
2026-06-01 09:40:04.476 +03:00 [ERR] Unhandled exception on POST /api/Books
Microsoft.EntityFrameworkCore.DbUpdateException: An error occurred while saving the entity changes. See the inner exception for details.
 ---> Microsoft.Data.SqlClient.SqlException (0x80131904): Cannot insert explicit value for identity column in table 'Authors' when IDENTITY_INSERT is set to OFF.
   at Microsoft.Data.SqlClient.SqlConnection.OnError(SqlException exception, Boolean breakConnection, Action`1 wrapCloseInAction)
   at Microsoft.Data.SqlClient.SqlInternalConnection.OnError(SqlException exception, Boolean breakConnection, Action`1 wrapCloseInAction)
   at Microsoft.Data.SqlClient.TdsParser.ThrowExceptionAndWarning(TdsParserStateObject stateObj, Boolean callerHasConnectionLock, Boolean asyncClose)
   at Microsoft.Data.SqlClient.TdsParser.TryRun(RunBehavior runBehavior, SqlCommand cmdHandler, SqlDataReader dataStream, BulkCopySimpleResultSet bulkCopyHandler, TdsParserStateObject stateObj, Boolean& dataReady)
   at Microsoft.Data.SqlClient.SqlDataReader.TryHasMoreRows(Boolean& moreRows)
   at Microsoft.Data.SqlClient.SqlDataReader.TryReadInternal(Boolean setTimeout, Boolean& more)
   at Microsoft.Data.SqlClient.SqlDataReader.ReadAsyncExecute(Task task, Object state)
   at Microsoft.Data.SqlClient.SqlDataReader.InvokeAsyncCall[T](SqlDataReaderBaseAsyncCallContext`1 context)
--- End of stack trace from previous location ---
   at Microsoft.EntityFrameworkCore.Update.AffectedCountModificationCommandBatch.ConsumeResultSetAsync(Int32 startCommandIndex, RelationalDataReader reader, CancellationToken cancellationToken)
ClientConnectionId:00ef986b-738f-44cb-b455-3d808543a52e
Error Number:544,State:1,Class:16
   --- End of inner exception stack trace ---
   at Microsoft.EntityFrameworkCore.Update.AffectedCountModificationCommandBatch.ConsumeResultSetAsync(Int32 startCommandIndex, RelationalDataReader reader, CancellationToken cancellationToken)
   at Microsoft.EntityFrameworkCore.Update.AffectedCountModificationCommandBatch.ConsumeAsync(RelationalDataReader reader, CancellationToken cancellationToken)
   at Microsoft.EntityFrameworkCore.Update.ReaderModificationCommandBatch.ExecuteAsync(IRelationalConnection connection, CancellationToken cancellationToken)
   at Microsoft.EntityFrameworkCore.Update.ReaderModificationCommandBatch.ExecuteAsync(IRelationalConnection connection, CancellationToken cancellationToken)
   at Microsoft.EntityFrameworkCore.SqlServer.Update.Internal.SqlServerModificationCommandBatch.ExecuteAsync(IRelationalConnection connection, CancellationToken cancellationToken)
   at Microsoft.EntityFrameworkCore.Update.Internal.BatchExecutor.ExecuteAsync(IEnumerable`1 commandBatches, IRelationalConnection connection, CancellationToken cancellationToken)
   at Microsoft.EntityFrameworkCore.Update.Internal.BatchExecutor.ExecuteAsync(IEnumerable`1 commandBatches, IRelationalConnection connection, CancellationToken cancellationToken)
   at Microsoft.EntityFrameworkCore.Update.Internal.BatchExecutor.ExecuteAsync(IEnumerable`1 commandBatches, IRelationalConnection connection, CancellationToken cancellationToken)
   at Microsoft.EntityFrameworkCore.ChangeTracking.Internal.StateManager.SaveChangesAsync(IList`1 entriesToSave, CancellationToken cancellationToken)
   at Microsoft.EntityFrameworkCore.ChangeTracking.Internal.StateManager.SaveChangesAsync(StateManager stateManager, Boolean acceptAllChangesOnSuccess, CancellationToken cancellationToken)
   at Microsoft.EntityFrameworkCore.SqlServer.Storage.Internal.SqlServerExecutionStrategy.ExecuteAsync[TState,TResult](TState state, Func`4 operation, Func`4 verifySucceeded, CancellationToken cancellationToken)
   at Microsoft.EntityFrameworkCore.DbContext.SaveChangesAsync(Boolean acceptAllChangesOnSuccess, CancellationToken cancellationToken)
   at Microsoft.EntityFrameworkCore.DbContext.SaveChangesAsync(Boolean acceptAllChangesOnSuccess, CancellationToken cancellationToken)
   at LibraryApp.Data.Repositories.BookRepository.AddAsync(CreateBookCommand cmd, CancellationToken ct) in C:\Users\Thales\Desktop\netcore\LibraryApp\LibraryApp.Data\Repositories\BookRepository.cs:line 127
   at LibraryApp.Data.Services.BookService.CreateAsync(CreateBookCommand cmd, CancellationToken ct) in C:\Users\Thales\Desktop\netcore\LibraryApp\LibraryApp.Data\Services\BookService.cs:line 57
   at LibraryApp.Data.Services.BookService.CreateAsync(CreateBookCommand cmd, CancellationToken ct) in C:\Users\Thales\Desktop\netcore\LibraryApp\LibraryApp.Data\Services\BookService.cs:line 72
   at BooksController.Create(CreateBookCommand command, CancellationToken ct) in C:\Users\Thales\Desktop\netcore\LibraryApp\LibraryApp.Api\Controllers\BooksController.cs:line 43
   at Microsoft.AspNetCore.Mvc.Infrastructure.ActionMethodExecutor.TaskOfIActionResultExecutor.Execute(ActionContext actionContext, IActionResultTypeMapper mapper, ObjectMethodExecutor executor, Object controller, Object[] arguments)
   at Microsoft.AspNetCore.Mvc.Infrastructure.ControllerActionInvoker.<InvokeActionMethodAsync>g__Awaited|12_0(ControllerActionInvoker invoker, ValueTask`1 actionResultValueTask)
   at Microsoft.AspNetCore.Mvc.Infrastructure.ControllerActionInvoker.<InvokeNextActionFilterAsync>g__Awaited|10_0(ControllerActionInvoker invoker, Task lastTask, State next, Scope scope, Object state, Boolean isCompleted)
   at Microsoft.AspNetCore.Mvc.Infrastructure.ControllerActionInvoker.Rethrow(ActionExecutedContextSealed context)
   at Microsoft.AspNetCore.Mvc.Infrastructure.ControllerActionInvoker.Next(State& next, Scope& scope, Object& state, Boolean& isCompleted)
   at Microsoft.AspNetCore.Mvc.Infrastructure.ControllerActionInvoker.<InvokeInnerFilterAsync>g__Awaited|13_0(ControllerActionInvoker invoker, Task lastTask, State next, Scope scope, Object state, Boolean isCompleted)
   at Microsoft.AspNetCore.Mvc.Infrastructure.ResourceInvoker.<InvokeFilterPipelineAsync>g__Awaited|20_0(ResourceInvoker invoker, Task lastTask, State next, Scope scope, Object state, Boolean isCompleted)
   at Microsoft.AspNetCore.Mvc.Infrastructure.ResourceInvoker.<InvokeAsync>g__Logged|17_1(ResourceInvoker invoker)
   at Microsoft.AspNetCore.Mvc.Infrastructure.ResourceInvoker.<InvokeAsync>g__Logged|17_1(ResourceInvoker invoker)
   at Swashbuckle.AspNetCore.SwaggerUI.SwaggerUIMiddleware.Invoke(HttpContext httpContext)
   at Swashbuckle.AspNetCore.Swagger.SwaggerMiddleware.Invoke(HttpContext httpContext, ISwaggerProvider swaggerProvider)
   at Serilog.AspNetCore.RequestLoggingMiddleware.Invoke(HttpContext httpContext)
   at LibraryApp.Api.Middleware.ExceptionMiddleware.InvokeAsync(HttpContext context) in C:\Users\Thales\Desktop\netcore\LibraryApp\LibraryApp.Api\Middleware\ExceptionMiddleware.cs:line 22
2026-06-01 09:40:04.505 +03:00 [INF] Request finished HTTP/1.1 POST http://localhost:5112/api/Books - 500 null application/problem+json 3614.5986ms
2026-06-01 09:40:48.936 +03:00 [INF] Request starting HTTP/1.1 POST http://localhost:5112/api/Books - application/json 310
2026-06-01 09:40:48.937 +03:00 [INF] CORS policy execution failed.
2026-06-01 09:40:48.937 +03:00 [INF] Request origin http://localhost:5112 does not have permission to access the resource.
2026-06-01 09:40:48.937 +03:00 [INF] Route matched with {action = "Create", controller = "Books"}. Executing controller action with signature System.Threading.Tasks.Task`1[Microsoft.AspNetCore.Mvc.IActionResult] Create(CreateBookCommand, System.Threading.CancellationToken) on controller BooksController (LibraryApp.Api).
2026-06-01 09:40:48.974 +03:00 [WRN] Savepoints are disabled because Multiple Active Result Sets (MARS) is enabled. If 'SaveChanges' fails, then the transaction cannot be automatically rolled back to a known clean state. Instead, the transaction should be rolled back by the application before retrying 'SaveChanges'. See https://go.microsoft.com/fwlink/?linkid=2149338 for more information and examples. To identify the code which triggers this warning, call 'ConfigureWarnings(w => w.Throw(SqlServerEventId.SavepointsDisabledBecauseOfMARS))'.
2026-06-01 09:40:48.981 +03:00 [ERR] An exception occurred in the database while saving changes for context type 'LibraryApp.Data.LibraryContext'.
Microsoft.EntityFrameworkCore.DbUpdateException: An error occurred while saving the entity changes. See the inner exception for details.
 ---> Microsoft.Data.SqlClient.SqlException (0x80131904): Cannot insert explicit value for identity column in table 'Authors' when IDENTITY_INSERT is set to OFF.
   at Microsoft.Data.SqlClient.SqlConnection.OnError(SqlException exception, Boolean breakConnection, Action`1 wrapCloseInAction)
   at Microsoft.Data.SqlClient.SqlInternalConnection.OnError(SqlException exception, Boolean breakConnection, Action`1 wrapCloseInAction)
   at Microsoft.Data.SqlClient.TdsParser.ThrowExceptionAndWarning(TdsParserStateObject stateObj, Boolean callerHasConnectionLock, Boolean asyncClose)
   at Microsoft.Data.SqlClient.TdsParser.TryRun(RunBehavior runBehavior, SqlCommand cmdHandler, SqlDataReader dataStream, BulkCopySimpleResultSet bulkCopyHandler, TdsParserStateObject stateObj, Boolean& dataReady)
   at Microsoft.Data.SqlClient.SqlDataReader.TryHasMoreRows(Boolean& moreRows)
   at Microsoft.Data.SqlClient.SqlDataReader.TryReadInternal(Boolean setTimeout, Boolean& more)
   at Microsoft.Data.SqlClient.SqlDataReader.ReadAsyncExecute(Task task, Object state)
   at Microsoft.Data.SqlClient.SqlDataReader.InvokeAsyncCall[T](SqlDataReaderBaseAsyncCallContext`1 context)
--- End of stack trace from previous location ---
   at Microsoft.EntityFrameworkCore.Update.AffectedCountModificationCommandBatch.ConsumeResultSetAsync(Int32 startCommandIndex, RelationalDataReader reader, CancellationToken cancellationToken)
ClientConnectionId:00ef986b-738f-44cb-b455-3d808543a52e
Error Number:544,State:1,Class:16
   --- End of inner exception stack trace ---
   at Microsoft.EntityFrameworkCore.Update.AffectedCountModificationCommandBatch.ConsumeResultSetAsync(Int32 startCommandIndex, RelationalDataReader reader, CancellationToken cancellationToken)
   at Microsoft.EntityFrameworkCore.Update.AffectedCountModificationCommandBatch.ConsumeAsync(RelationalDataReader reader, CancellationToken cancellationToken)
   at Microsoft.EntityFrameworkCore.Update.ReaderModificationCommandBatch.ExecuteAsync(IRelationalConnection connection, CancellationToken cancellationToken)
   at Microsoft.EntityFrameworkCore.Update.ReaderModificationCommandBatch.ExecuteAsync(IRelationalConnection connection, CancellationToken cancellationToken)
   at Microsoft.EntityFrameworkCore.SqlServer.Update.Internal.SqlServerModificationCommandBatch.ExecuteAsync(IRelationalConnection connection, CancellationToken cancellationToken)
   at Microsoft.EntityFrameworkCore.Update.Internal.BatchExecutor.ExecuteAsync(IEnumerable`1 commandBatches, IRelationalConnection connection, CancellationToken cancellationToken)
   at Microsoft.EntityFrameworkCore.Update.Internal.BatchExecutor.ExecuteAsync(IEnumerable`1 commandBatches, IRelationalConnection connection, CancellationToken cancellationToken)
   at Microsoft.EntityFrameworkCore.Update.Internal.BatchExecutor.ExecuteAsync(IEnumerable`1 commandBatches, IRelationalConnection connection, CancellationToken cancellationToken)
   at Microsoft.EntityFrameworkCore.ChangeTracking.Internal.StateManager.SaveChangesAsync(IList`1 entriesToSave, CancellationToken cancellationToken)
   at Microsoft.EntityFrameworkCore.ChangeTracking.Internal.StateManager.SaveChangesAsync(StateManager stateManager, Boolean acceptAllChangesOnSuccess, CancellationToken cancellationToken)
   at Microsoft.EntityFrameworkCore.SqlServer.Storage.Internal.SqlServerExecutionStrategy.ExecuteAsync[TState,TResult](TState state, Func`4 operation, Func`4 verifySucceeded, CancellationToken cancellationToken)
   at Microsoft.EntityFrameworkCore.DbContext.SaveChangesAsync(Boolean acceptAllChangesOnSuccess, CancellationToken cancellationToken)
Microsoft.EntityFrameworkCore.DbUpdateException: An error occurred while saving the entity changes. See the inner exception for details.
 ---> Microsoft.Data.SqlClient.SqlException (0x80131904): Cannot insert explicit value for identity column in table 'Authors' when IDENTITY_INSERT is set to OFF.
   at Microsoft.Data.SqlClient.SqlConnection.OnError(SqlException exception, Boolean breakConnection, Action`1 wrapCloseInAction)
   at Microsoft.Data.SqlClient.SqlInternalConnection.OnError(SqlException exception, Boolean breakConnection, Action`1 wrapCloseInAction)
   at Microsoft.Data.SqlClient.TdsParser.ThrowExceptionAndWarning(TdsParserStateObject stateObj, Boolean callerHasConnectionLock, Boolean asyncClose)
   at Microsoft.Data.SqlClient.TdsParser.TryRun(RunBehavior runBehavior, SqlCommand cmdHandler, SqlDataReader dataStream, BulkCopySimpleResultSet bulkCopyHandler, TdsParserStateObject stateObj, Boolean& dataReady)
   at Microsoft.Data.SqlClient.SqlDataReader.TryHasMoreRows(Boolean& moreRows)
   at Microsoft.Data.SqlClient.SqlDataReader.TryReadInternal(Boolean setTimeout, Boolean& more)
   at Microsoft.Data.SqlClient.SqlDataReader.ReadAsyncExecute(Task task, Object state)
   at Microsoft.Data.SqlClient.SqlDataReader.InvokeAsyncCall[T](SqlDataReaderBaseAsyncCallContext`1 context)
--- End of stack trace from previous location ---
   at Microsoft.EntityFrameworkCore.Update.AffectedCountModificationCommandBatch.ConsumeResultSetAsync(Int32 startCommandIndex, RelationalDataReader reader, CancellationToken cancellationToken)
ClientConnectionId:00ef986b-738f-44cb-b455-3d808543a52e
Error Number:544,State:1,Class:16
   --- End of inner exception stack trace ---
   at Microsoft.EntityFrameworkCore.Update.AffectedCountModificationCommandBatch.ConsumeResultSetAsync(Int32 startCommandIndex, RelationalDataReader reader, CancellationToken cancellationToken)
   at Microsoft.EntityFrameworkCore.Update.AffectedCountModificationCommandBatch.ConsumeAsync(RelationalDataReader reader, CancellationToken cancellationToken)
   at Microsoft.EntityFrameworkCore.Update.ReaderModificationCommandBatch.ExecuteAsync(IRelationalConnection connection, CancellationToken cancellationToken)
   at Microsoft.EntityFrameworkCore.Update.ReaderModificationCommandBatch.ExecuteAsync(IRelationalConnection connection, CancellationToken cancellationToken)
   at Microsoft.EntityFrameworkCore.SqlServer.Update.Internal.SqlServerModificationCommandBatch.ExecuteAsync(IRelationalConnection connection, CancellationToken cancellationToken)
   at Microsoft.EntityFrameworkCore.Update.Internal.BatchExecutor.ExecuteAsync(IEnumerable`1 commandBatches, IRelationalConnection connection, CancellationToken cancellationToken)
   at Microsoft.EntityFrameworkCore.Update.Internal.BatchExecutor.ExecuteAsync(IEnumerable`1 commandBatches, IRelationalConnection connection, CancellationToken cancellationToken)
   at Microsoft.EntityFrameworkCore.Update.Internal.BatchExecutor.ExecuteAsync(IEnumerable`1 commandBatches, IRelationalConnection connection, CancellationToken cancellationToken)
   at Microsoft.EntityFrameworkCore.ChangeTracking.Internal.StateManager.SaveChangesAsync(IList`1 entriesToSave, CancellationToken cancellationToken)
   at Microsoft.EntityFrameworkCore.ChangeTracking.Internal.StateManager.SaveChangesAsync(StateManager stateManager, Boolean acceptAllChangesOnSuccess, CancellationToken cancellationToken)
   at Microsoft.EntityFrameworkCore.SqlServer.Storage.Internal.SqlServerExecutionStrategy.ExecuteAsync[TState,TResult](TState state, Func`4 operation, Func`4 verifySucceeded, CancellationToken cancellationToken)
   at Microsoft.EntityFrameworkCore.DbContext.SaveChangesAsync(Boolean acceptAllChangesOnSuccess, CancellationToken cancellationToken)
2026-06-01 09:40:48.984 +03:00 [ERR] Failed to create book with ISBN '978-0451524935'.
Microsoft.EntityFrameworkCore.DbUpdateException: An error occurred while saving the entity changes. See the inner exception for details.
 ---> Microsoft.Data.SqlClient.SqlException (0x80131904): Cannot insert explicit value for identity column in table 'Authors' when IDENTITY_INSERT is set to OFF.
   at Microsoft.Data.SqlClient.SqlConnection.OnError(SqlException exception, Boolean breakConnection, Action`1 wrapCloseInAction)
   at Microsoft.Data.SqlClient.SqlInternalConnection.OnError(SqlException exception, Boolean breakConnection, Action`1 wrapCloseInAction)
   at Microsoft.Data.SqlClient.TdsParser.ThrowExceptionAndWarning(TdsParserStateObject stateObj, Boolean callerHasConnectionLock, Boolean asyncClose)
   at Microsoft.Data.SqlClient.TdsParser.TryRun(RunBehavior runBehavior, SqlCommand cmdHandler, SqlDataReader dataStream, BulkCopySimpleResultSet bulkCopyHandler, TdsParserStateObject stateObj, Boolean& dataReady)
   at Microsoft.Data.SqlClient.SqlDataReader.TryHasMoreRows(Boolean& moreRows)
   at Microsoft.Data.SqlClient.SqlDataReader.TryReadInternal(Boolean setTimeout, Boolean& more)
   at Microsoft.Data.SqlClient.SqlDataReader.ReadAsyncExecute(Task task, Object state)
   at Microsoft.Data.SqlClient.SqlDataReader.InvokeAsyncCall[T](SqlDataReaderBaseAsyncCallContext`1 context)
--- End of stack trace from previous location ---
   at Microsoft.EntityFrameworkCore.Update.AffectedCountModificationCommandBatch.ConsumeResultSetAsync(Int32 startCommandIndex, RelationalDataReader reader, CancellationToken cancellationToken)
ClientConnectionId:00ef986b-738f-44cb-b455-3d808543a52e
Error Number:544,State:1,Class:16
   --- End of inner exception stack trace ---
   at Microsoft.EntityFrameworkCore.Update.AffectedCountModificationCommandBatch.ConsumeResultSetAsync(Int32 startCommandIndex, RelationalDataReader reader, CancellationToken cancellationToken)
   at Microsoft.EntityFrameworkCore.Update.AffectedCountModificationCommandBatch.ConsumeAsync(RelationalDataReader reader, CancellationToken cancellationToken)
   at Microsoft.EntityFrameworkCore.Update.ReaderModificationCommandBatch.ExecuteAsync(IRelationalConnection connection, CancellationToken cancellationToken)
   at Microsoft.EntityFrameworkCore.Update.ReaderModificationCommandBatch.ExecuteAsync(IRelationalConnection connection, CancellationToken cancellationToken)
   at Microsoft.EntityFrameworkCore.SqlServer.Update.Internal.SqlServerModificationCommandBatch.ExecuteAsync(IRelationalConnection connection, CancellationToken cancellationToken)
   at Microsoft.EntityFrameworkCore.Update.Internal.BatchExecutor.ExecuteAsync(IEnumerable`1 commandBatches, IRelationalConnection connection, CancellationToken cancellationToken)
   at Microsoft.EntityFrameworkCore.Update.Internal.BatchExecutor.ExecuteAsync(IEnumerable`1 commandBatches, IRelationalConnection connection, CancellationToken cancellationToken)
   at Microsoft.EntityFrameworkCore.Update.Internal.BatchExecutor.ExecuteAsync(IEnumerable`1 commandBatches, IRelationalConnection connection, CancellationToken cancellationToken)
   at Microsoft.EntityFrameworkCore.ChangeTracking.Internal.StateManager.SaveChangesAsync(IList`1 entriesToSave, CancellationToken cancellationToken)
   at Microsoft.EntityFrameworkCore.ChangeTracking.Internal.StateManager.SaveChangesAsync(StateManager stateManager, Boolean acceptAllChangesOnSuccess, CancellationToken cancellationToken)
   at Microsoft.EntityFrameworkCore.SqlServer.Storage.Internal.SqlServerExecutionStrategy.ExecuteAsync[TState,TResult](TState state, Func`4 operation, Func`4 verifySucceeded, CancellationToken cancellationToken)
   at Microsoft.EntityFrameworkCore.DbContext.SaveChangesAsync(Boolean acceptAllChangesOnSuccess, CancellationToken cancellationToken)
   at Microsoft.EntityFrameworkCore.DbContext.SaveChangesAsync(Boolean acceptAllChangesOnSuccess, CancellationToken cancellationToken)
   at LibraryApp.Data.Repositories.BookRepository.AddAsync(CreateBookCommand cmd, CancellationToken ct) in C:\Users\Thales\Desktop\netcore\LibraryApp\LibraryApp.Data\Repositories\BookRepository.cs:line 127
   at LibraryApp.Data.Services.BookService.CreateAsync(CreateBookCommand cmd, CancellationToken ct) in C:\Users\Thales\Desktop\netcore\LibraryApp\LibraryApp.Data\Services\BookService.cs:line 57
2026-06-01 09:40:48.988 +03:00 [INF] Executed action BooksController.Create (LibraryApp.Api) in 50.6153ms
2026-06-01 09:40:48.989 +03:00 [ERR] HTTP POST /api/Books responded 500 in 51.6664 ms
Microsoft.EntityFrameworkCore.DbUpdateException: An error occurred while saving the entity changes. See the inner exception for details.
 ---> Microsoft.Data.SqlClient.SqlException (0x80131904): Cannot insert explicit value for identity column in table 'Authors' when IDENTITY_INSERT is set to OFF.
   at Microsoft.Data.SqlClient.SqlConnection.OnError(SqlException exception, Boolean breakConnection, Action`1 wrapCloseInAction)
   at Microsoft.Data.SqlClient.SqlInternalConnection.OnError(SqlException exception, Boolean breakConnection, Action`1 wrapCloseInAction)
   at Microsoft.Data.SqlClient.TdsParser.ThrowExceptionAndWarning(TdsParserStateObject stateObj, Boolean callerHasConnectionLock, Boolean asyncClose)
   at Microsoft.Data.SqlClient.TdsParser.TryRun(RunBehavior runBehavior, SqlCommand cmdHandler, SqlDataReader dataStream, BulkCopySimpleResultSet bulkCopyHandler, TdsParserStateObject stateObj, Boolean& dataReady)
   at Microsoft.Data.SqlClient.SqlDataReader.TryHasMoreRows(Boolean& moreRows)
   at Microsoft.Data.SqlClient.SqlDataReader.TryReadInternal(Boolean setTimeout, Boolean& more)
   at Microsoft.Data.SqlClient.SqlDataReader.ReadAsyncExecute(Task task, Object state)
   at Microsoft.Data.SqlClient.SqlDataReader.InvokeAsyncCall[T](SqlDataReaderBaseAsyncCallContext`1 context)
--- End of stack trace from previous location ---
   at Microsoft.EntityFrameworkCore.Update.AffectedCountModificationCommandBatch.ConsumeResultSetAsync(Int32 startCommandIndex, RelationalDataReader reader, CancellationToken cancellationToken)
ClientConnectionId:00ef986b-738f-44cb-b455-3d808543a52e
Error Number:544,State:1,Class:16
   --- End of inner exception stack trace ---
   at Microsoft.EntityFrameworkCore.Update.AffectedCountModificationCommandBatch.ConsumeResultSetAsync(Int32 startCommandIndex, RelationalDataReader reader, CancellationToken cancellationToken)
   at Microsoft.EntityFrameworkCore.Update.AffectedCountModificationCommandBatch.ConsumeAsync(RelationalDataReader reader, CancellationToken cancellationToken)
   at Microsoft.EntityFrameworkCore.Update.ReaderModificationCommandBatch.ExecuteAsync(IRelationalConnection connection, CancellationToken cancellationToken)
   at Microsoft.EntityFrameworkCore.Update.ReaderModificationCommandBatch.ExecuteAsync(IRelationalConnection connection, CancellationToken cancellationToken)
   at Microsoft.EntityFrameworkCore.SqlServer.Update.Internal.SqlServerModificationCommandBatch.ExecuteAsync(IRelationalConnection connection, CancellationToken cancellationToken)
   at Microsoft.EntityFrameworkCore.Update.Internal.BatchExecutor.ExecuteAsync(IEnumerable`1 commandBatches, IRelationalConnection connection, CancellationToken cancellationToken)
   at Microsoft.EntityFrameworkCore.Update.Internal.BatchExecutor.ExecuteAsync(IEnumerable`1 commandBatches, IRelationalConnection connection, CancellationToken cancellationToken)
   at Microsoft.EntityFrameworkCore.Update.Internal.BatchExecutor.ExecuteAsync(IEnumerable`1 commandBatches, IRelationalConnection connection, CancellationToken cancellationToken)
   at Microsoft.EntityFrameworkCore.ChangeTracking.Internal.StateManager.SaveChangesAsync(IList`1 entriesToSave, CancellationToken cancellationToken)
   at Microsoft.EntityFrameworkCore.ChangeTracking.Internal.StateManager.SaveChangesAsync(StateManager stateManager, Boolean acceptAllChangesOnSuccess, CancellationToken cancellationToken)
   at Microsoft.EntityFrameworkCore.SqlServer.Storage.Internal.SqlServerExecutionStrategy.ExecuteAsync[TState,TResult](TState state, Func`4 operation, Func`4 verifySucceeded, CancellationToken cancellationToken)
   at Microsoft.EntityFrameworkCore.DbContext.SaveChangesAsync(Boolean acceptAllChangesOnSuccess, CancellationToken cancellationToken)
   at Microsoft.EntityFrameworkCore.DbContext.SaveChangesAsync(Boolean acceptAllChangesOnSuccess, CancellationToken cancellationToken)
   at LibraryApp.Data.Repositories.BookRepository.AddAsync(CreateBookCommand cmd, CancellationToken ct) in C:\Users\Thales\Desktop\netcore\LibraryApp\LibraryApp.Data\Repositories\BookRepository.cs:line 127
   at LibraryApp.Data.Services.BookService.CreateAsync(CreateBookCommand cmd, CancellationToken ct) in C:\Users\Thales\Desktop\netcore\LibraryApp\LibraryApp.Data\Services\BookService.cs:line 57
   at LibraryApp.Data.Services.BookService.CreateAsync(CreateBookCommand cmd, CancellationToken ct) in C:\Users\Thales\Desktop\netcore\LibraryApp\LibraryApp.Data\Services\BookService.cs:line 72
   at BooksController.Create(CreateBookCommand command, CancellationToken ct) in C:\Users\Thales\Desktop\netcore\LibraryApp\LibraryApp.Api\Controllers\BooksController.cs:line 43
   at Microsoft.AspNetCore.Mvc.Infrastructure.ActionMethodExecutor.TaskOfIActionResultExecutor.Execute(ActionContext actionContext, IActionResultTypeMapper mapper, ObjectMethodExecutor executor, Object controller, Object[] arguments)
   at Microsoft.AspNetCore.Mvc.Infrastructure.ControllerActionInvoker.<InvokeActionMethodAsync>g__Awaited|12_0(ControllerActionInvoker invoker, ValueTask`1 actionResultValueTask)
   at Microsoft.AspNetCore.Mvc.Infrastructure.ControllerActionInvoker.<InvokeNextActionFilterAsync>g__Awaited|10_0(ControllerActionInvoker invoker, Task lastTask, State next, Scope scope, Object state, Boolean isCompleted)
   at Microsoft.AspNetCore.Mvc.Infrastructure.ControllerActionInvoker.Rethrow(ActionExecutedContextSealed context)
   at Microsoft.AspNetCore.Mvc.Infrastructure.ControllerActionInvoker.Next(State& next, Scope& scope, Object& state, Boolean& isCompleted)
   at Microsoft.AspNetCore.Mvc.Infrastructure.ControllerActionInvoker.<InvokeInnerFilterAsync>g__Awaited|13_0(ControllerActionInvoker invoker, Task lastTask, State next, Scope scope, Object state, Boolean isCompleted)
   at Microsoft.AspNetCore.Mvc.Infrastructure.ResourceInvoker.<InvokeFilterPipelineAsync>g__Awaited|20_0(ResourceInvoker invoker, Task lastTask, State next, Scope scope, Object state, Boolean isCompleted)
   at Microsoft.AspNetCore.Mvc.Infrastructure.ResourceInvoker.<InvokeAsync>g__Logged|17_1(ResourceInvoker invoker)
   at Microsoft.AspNetCore.Mvc.Infrastructure.ResourceInvoker.<InvokeAsync>g__Logged|17_1(ResourceInvoker invoker)
   at Swashbuckle.AspNetCore.SwaggerUI.SwaggerUIMiddleware.Invoke(HttpContext httpContext)
   at Swashbuckle.AspNetCore.Swagger.SwaggerMiddleware.Invoke(HttpContext httpContext, ISwaggerProvider swaggerProvider)
   at Serilog.AspNetCore.RequestLoggingMiddleware.Invoke(HttpContext httpContext)
2026-06-01 09:40:48.993 +03:00 [ERR] Unhandled exception on POST /api/Books
Microsoft.EntityFrameworkCore.DbUpdateException: An error occurred while saving the entity changes. See the inner exception for details.
 ---> Microsoft.Data.SqlClient.SqlException (0x80131904): Cannot insert explicit value for identity column in table 'Authors' when IDENTITY_INSERT is set to OFF.
   at Microsoft.Data.SqlClient.SqlConnection.OnError(SqlException exception, Boolean breakConnection, Action`1 wrapCloseInAction)
   at Microsoft.Data.SqlClient.SqlInternalConnection.OnError(SqlException exception, Boolean breakConnection, Action`1 wrapCloseInAction)
   at Microsoft.Data.SqlClient.TdsParser.ThrowExceptionAndWarning(TdsParserStateObject stateObj, Boolean callerHasConnectionLock, Boolean asyncClose)
   at Microsoft.Data.SqlClient.TdsParser.TryRun(RunBehavior runBehavior, SqlCommand cmdHandler, SqlDataReader dataStream, BulkCopySimpleResultSet bulkCopyHandler, TdsParserStateObject stateObj, Boolean& dataReady)
   at Microsoft.Data.SqlClient.SqlDataReader.TryHasMoreRows(Boolean& moreRows)
   at Microsoft.Data.SqlClient.SqlDataReader.TryReadInternal(Boolean setTimeout, Boolean& more)
   at Microsoft.Data.SqlClient.SqlDataReader.ReadAsyncExecute(Task task, Object state)
   at Microsoft.Data.SqlClient.SqlDataReader.InvokeAsyncCall[T](SqlDataReaderBaseAsyncCallContext`1 context)
--- End of stack trace from previous location ---
   at Microsoft.EntityFrameworkCore.Update.AffectedCountModificationCommandBatch.ConsumeResultSetAsync(Int32 startCommandIndex, RelationalDataReader reader, CancellationToken cancellationToken)
ClientConnectionId:00ef986b-738f-44cb-b455-3d808543a52e
Error Number:544,State:1,Class:16
   --- End of inner exception stack trace ---
   at Microsoft.EntityFrameworkCore.Update.AffectedCountModificationCommandBatch.ConsumeResultSetAsync(Int32 startCommandIndex, RelationalDataReader reader, CancellationToken cancellationToken)
   at Microsoft.EntityFrameworkCore.Update.AffectedCountModificationCommandBatch.ConsumeAsync(RelationalDataReader reader, CancellationToken cancellationToken)
   at Microsoft.EntityFrameworkCore.Update.ReaderModificationCommandBatch.ExecuteAsync(IRelationalConnection connection, CancellationToken cancellationToken)
   at Microsoft.EntityFrameworkCore.Update.ReaderModificationCommandBatch.ExecuteAsync(IRelationalConnection connection, CancellationToken cancellationToken)
   at Microsoft.EntityFrameworkCore.SqlServer.Update.Internal.SqlServerModificationCommandBatch.ExecuteAsync(IRelationalConnection connection, CancellationToken cancellationToken)
   at Microsoft.EntityFrameworkCore.Update.Internal.BatchExecutor.ExecuteAsync(IEnumerable`1 commandBatches, IRelationalConnection connection, CancellationToken cancellationToken)
   at Microsoft.EntityFrameworkCore.Update.Internal.BatchExecutor.ExecuteAsync(IEnumerable`1 commandBatches, IRelationalConnection connection, CancellationToken cancellationToken)
   at Microsoft.EntityFrameworkCore.Update.Internal.BatchExecutor.ExecuteAsync(IEnumerable`1 commandBatches, IRelationalConnection connection, CancellationToken cancellationToken)
   at Microsoft.EntityFrameworkCore.ChangeTracking.Internal.StateManager.SaveChangesAsync(IList`1 entriesToSave, CancellationToken cancellationToken)
   at Microsoft.EntityFrameworkCore.ChangeTracking.Internal.StateManager.SaveChangesAsync(StateManager stateManager, Boolean acceptAllChangesOnSuccess, CancellationToken cancellationToken)
   at Microsoft.EntityFrameworkCore.SqlServer.Storage.Internal.SqlServerExecutionStrategy.ExecuteAsync[TState,TResult](TState state, Func`4 operation, Func`4 verifySucceeded, CancellationToken cancellationToken)
   at Microsoft.EntityFrameworkCore.DbContext.SaveChangesAsync(Boolean acceptAllChangesOnSuccess, CancellationToken cancellationToken)
   at Microsoft.EntityFrameworkCore.DbContext.SaveChangesAsync(Boolean acceptAllChangesOnSuccess, CancellationToken cancellationToken)
   at LibraryApp.Data.Repositories.BookRepository.AddAsync(CreateBookCommand cmd, CancellationToken ct) in C:\Users\Thales\Desktop\netcore\LibraryApp\LibraryApp.Data\Repositories\BookRepository.cs:line 127
   at LibraryApp.Data.Services.BookService.CreateAsync(CreateBookCommand cmd, CancellationToken ct) in C:\Users\Thales\Desktop\netcore\LibraryApp\LibraryApp.Data\Services\BookService.cs:line 57
   at LibraryApp.Data.Services.BookService.CreateAsync(CreateBookCommand cmd, CancellationToken ct) in C:\Users\Thales\Desktop\netcore\LibraryApp\LibraryApp.Data\Services\BookService.cs:line 72
   at BooksController.Create(CreateBookCommand command, CancellationToken ct) in C:\Users\Thales\Desktop\netcore\LibraryApp\LibraryApp.Api\Controllers\BooksController.cs:line 43
   at Microsoft.AspNetCore.Mvc.Infrastructure.ActionMethodExecutor.TaskOfIActionResultExecutor.Execute(ActionContext actionContext, IActionResultTypeMapper mapper, ObjectMethodExecutor executor, Object controller, Object[] arguments)
   at Microsoft.AspNetCore.Mvc.Infrastructure.ControllerActionInvoker.<InvokeActionMethodAsync>g__Awaited|12_0(ControllerActionInvoker invoker, ValueTask`1 actionResultValueTask)
   at Microsoft.AspNetCore.Mvc.Infrastructure.ControllerActionInvoker.<InvokeNextActionFilterAsync>g__Awaited|10_0(ControllerActionInvoker invoker, Task lastTask, State next, Scope scope, Object state, Boolean isCompleted)
   at Microsoft.AspNetCore.Mvc.Infrastructure.ControllerActionInvoker.Rethrow(ActionExecutedContextSealed context)
   at Microsoft.AspNetCore.Mvc.Infrastructure.ControllerActionInvoker.Next(State& next, Scope& scope, Object& state, Boolean& isCompleted)
   at Microsoft.AspNetCore.Mvc.Infrastructure.ControllerActionInvoker.<InvokeInnerFilterAsync>g__Awaited|13_0(ControllerActionInvoker invoker, Task lastTask, State next, Scope scope, Object state, Boolean isCompleted)
   at Microsoft.AspNetCore.Mvc.Infrastructure.ResourceInvoker.<InvokeFilterPipelineAsync>g__Awaited|20_0(ResourceInvoker invoker, Task lastTask, State next, Scope scope, Object state, Boolean isCompleted)
   at Microsoft.AspNetCore.Mvc.Infrastructure.ResourceInvoker.<InvokeAsync>g__Logged|17_1(ResourceInvoker invoker)
   at Microsoft.AspNetCore.Mvc.Infrastructure.ResourceInvoker.<InvokeAsync>g__Logged|17_1(ResourceInvoker invoker)
   at Swashbuckle.AspNetCore.SwaggerUI.SwaggerUIMiddleware.Invoke(HttpContext httpContext)
   at Swashbuckle.AspNetCore.Swagger.SwaggerMiddleware.Invoke(HttpContext httpContext, ISwaggerProvider swaggerProvider)
   at Serilog.AspNetCore.RequestLoggingMiddleware.Invoke(HttpContext httpContext)
   at LibraryApp.Api.Middleware.ExceptionMiddleware.InvokeAsync(HttpContext context) in C:\Users\Thales\Desktop\netcore\LibraryApp\LibraryApp.Api\Middleware\ExceptionMiddleware.cs:line 22
2026-06-01 09:40:49.001 +03:00 [INF] Request finished HTTP/1.1 POST http://localhost:5112/api/Books - 500 null application/problem+json 64.0383ms
2026-06-01 09:40:51.948 +03:00 [INF] Request starting HTTP/1.1 POST http://localhost:5112/api/Books - application/json 310
2026-06-01 09:40:51.948 +03:00 [INF] CORS policy execution failed.
2026-06-01 09:40:51.948 +03:00 [INF] Request origin http://localhost:5112 does not have permission to access the resource.
2026-06-01 09:40:51.948 +03:00 [INF] Route matched with {action = "Create", controller = "Books"}. Executing controller action with signature System.Threading.Tasks.Task`1[Microsoft.AspNetCore.Mvc.IActionResult] Create(CreateBookCommand, System.Threading.CancellationToken) on controller BooksController (LibraryApp.Api).
2026-06-01 09:40:52.054 +03:00 [WRN] Savepoints are disabled because Multiple Active Result Sets (MARS) is enabled. If 'SaveChanges' fails, then the transaction cannot be automatically rolled back to a known clean state. Instead, the transaction should be rolled back by the application before retrying 'SaveChanges'. See https://go.microsoft.com/fwlink/?linkid=2149338 for more information and examples. To identify the code which triggers this warning, call 'ConfigureWarnings(w => w.Throw(SqlServerEventId.SavepointsDisabledBecauseOfMARS))'.
2026-06-01 09:40:52.057 +03:00 [ERR] An exception occurred in the database while saving changes for context type 'LibraryApp.Data.LibraryContext'.
Microsoft.EntityFrameworkCore.DbUpdateException: An error occurred while saving the entity changes. See the inner exception for details.
 ---> Microsoft.Data.SqlClient.SqlException (0x80131904): Cannot insert explicit value for identity column in table 'Authors' when IDENTITY_INSERT is set to OFF.
   at Microsoft.Data.SqlClient.SqlConnection.OnError(SqlException exception, Boolean breakConnection, Action`1 wrapCloseInAction)
   at Microsoft.Data.SqlClient.SqlInternalConnection.OnError(SqlException exception, Boolean breakConnection, Action`1 wrapCloseInAction)
   at Microsoft.Data.SqlClient.TdsParser.ThrowExceptionAndWarning(TdsParserStateObject stateObj, Boolean callerHasConnectionLock, Boolean asyncClose)
   at Microsoft.Data.SqlClient.TdsParser.TryRun(RunBehavior runBehavior, SqlCommand cmdHandler, SqlDataReader dataStream, BulkCopySimpleResultSet bulkCopyHandler, TdsParserStateObject stateObj, Boolean& dataReady)
   at Microsoft.Data.SqlClient.SqlDataReader.TryHasMoreRows(Boolean& moreRows)
   at Microsoft.Data.SqlClient.SqlDataReader.TryReadInternal(Boolean setTimeout, Boolean& more)
   at Microsoft.Data.SqlClient.SqlDataReader.ReadAsyncExecute(Task task, Object state)
   at Microsoft.Data.SqlClient.SqlDataReader.InvokeAsyncCall[T](SqlDataReaderBaseAsyncCallContext`1 context)
--- End of stack trace from previous location ---
   at Microsoft.EntityFrameworkCore.Update.AffectedCountModificationCommandBatch.ConsumeResultSetAsync(Int32 startCommandIndex, RelationalDataReader reader, CancellationToken cancellationToken)
ClientConnectionId:00ef986b-738f-44cb-b455-3d808543a52e
Error Number:544,State:1,Class:16
   --- End of inner exception stack trace ---
   at Microsoft.EntityFrameworkCore.Update.AffectedCountModificationCommandBatch.ConsumeResultSetAsync(Int32 startCommandIndex, RelationalDataReader reader, CancellationToken cancellationToken)
   at Microsoft.EntityFrameworkCore.Update.AffectedCountModificationCommandBatch.ConsumeAsync(RelationalDataReader reader, CancellationToken cancellationToken)
   at Microsoft.EntityFrameworkCore.Update.ReaderModificationCommandBatch.ExecuteAsync(IRelationalConnection connection, CancellationToken cancellationToken)
   at Microsoft.EntityFrameworkCore.Update.ReaderModificationCommandBatch.ExecuteAsync(IRelationalConnection connection, CancellationToken cancellationToken)
   at Microsoft.EntityFrameworkCore.SqlServer.Update.Internal.SqlServerModificationCommandBatch.ExecuteAsync(IRelationalConnection connection, CancellationToken cancellationToken)
   at Microsoft.EntityFrameworkCore.Update.Internal.BatchExecutor.ExecuteAsync(IEnumerable`1 commandBatches, IRelationalConnection connection, CancellationToken cancellationToken)
   at Microsoft.EntityFrameworkCore.Update.Internal.BatchExecutor.ExecuteAsync(IEnumerable`1 commandBatches, IRelationalConnection connection, CancellationToken cancellationToken)
   at Microsoft.EntityFrameworkCore.Update.Internal.BatchExecutor.ExecuteAsync(IEnumerable`1 commandBatches, IRelationalConnection connection, CancellationToken cancellationToken)
   at Microsoft.EntityFrameworkCore.ChangeTracking.Internal.StateManager.SaveChangesAsync(IList`1 entriesToSave, CancellationToken cancellationToken)
   at Microsoft.EntityFrameworkCore.ChangeTracking.Internal.StateManager.SaveChangesAsync(StateManager stateManager, Boolean acceptAllChangesOnSuccess, CancellationToken cancellationToken)
   at Microsoft.EntityFrameworkCore.SqlServer.Storage.Internal.SqlServerExecutionStrategy.ExecuteAsync[TState,TResult](TState state, Func`4 operation, Func`4 verifySucceeded, CancellationToken cancellationToken)
   at Microsoft.EntityFrameworkCore.DbContext.SaveChangesAsync(Boolean acceptAllChangesOnSuccess, CancellationToken cancellationToken)
Microsoft.EntityFrameworkCore.DbUpdateException: An error occurred while saving the entity changes. See the inner exception for details.
 ---> Microsoft.Data.SqlClient.SqlException (0x80131904): Cannot insert explicit value for identity column in table 'Authors' when IDENTITY_INSERT is set to OFF.
   at Microsoft.Data.SqlClient.SqlConnection.OnError(SqlException exception, Boolean breakConnection, Action`1 wrapCloseInAction)
   at Microsoft.Data.SqlClient.SqlInternalConnection.OnError(SqlException exception, Boolean breakConnection, Action`1 wrapCloseInAction)
   at Microsoft.Data.SqlClient.TdsParser.ThrowExceptionAndWarning(TdsParserStateObject stateObj, Boolean callerHasConnectionLock, Boolean asyncClose)
   at Microsoft.Data.SqlClient.TdsParser.TryRun(RunBehavior runBehavior, SqlCommand cmdHandler, SqlDataReader dataStream, BulkCopySimpleResultSet bulkCopyHandler, TdsParserStateObject stateObj, Boolean& dataReady)
   at Microsoft.Data.SqlClient.SqlDataReader.TryHasMoreRows(Boolean& moreRows)
   at Microsoft.Data.SqlClient.SqlDataReader.TryReadInternal(Boolean setTimeout, Boolean& more)
   at Microsoft.Data.SqlClient.SqlDataReader.ReadAsyncExecute(Task task, Object state)
   at Microsoft.Data.SqlClient.SqlDataReader.InvokeAsyncCall[T](SqlDataReaderBaseAsyncCallContext`1 context)
--- End of stack trace from previous location ---
   at Microsoft.EntityFrameworkCore.Update.AffectedCountModificationCommandBatch.ConsumeResultSetAsync(Int32 startCommandIndex, RelationalDataReader reader, CancellationToken cancellationToken)
ClientConnectionId:00ef986b-738f-44cb-b455-3d808543a52e
Error Number:544,State:1,Class:16
   --- End of inner exception stack trace ---
   at Microsoft.EntityFrameworkCore.Update.AffectedCountModificationCommandBatch.ConsumeResultSetAsync(Int32 startCommandIndex, RelationalDataReader reader, CancellationToken cancellationToken)
   at Microsoft.EntityFrameworkCore.Update.AffectedCountModificationCommandBatch.ConsumeAsync(RelationalDataReader reader, CancellationToken cancellationToken)
   at Microsoft.EntityFrameworkCore.Update.ReaderModificationCommandBatch.ExecuteAsync(IRelationalConnection connection, CancellationToken cancellationToken)
   at Microsoft.EntityFrameworkCore.Update.ReaderModificationCommandBatch.ExecuteAsync(IRelationalConnection connection, CancellationToken cancellationToken)
   at Microsoft.EntityFrameworkCore.SqlServer.Update.Internal.SqlServerModificationCommandBatch.ExecuteAsync(IRelationalConnection connection, CancellationToken cancellationToken)
   at Microsoft.EntityFrameworkCore.Update.Internal.BatchExecutor.ExecuteAsync(IEnumerable`1 commandBatches, IRelationalConnection connection, CancellationToken cancellationToken)
   at Microsoft.EntityFrameworkCore.Update.Internal.BatchExecutor.ExecuteAsync(IEnumerable`1 commandBatches, IRelationalConnection connection, CancellationToken cancellationToken)
   at Microsoft.EntityFrameworkCore.Update.Internal.BatchExecutor.ExecuteAsync(IEnumerable`1 commandBatches, IRelationalConnection connection, CancellationToken cancellationToken)
   at Microsoft.EntityFrameworkCore.ChangeTracking.Internal.StateManager.SaveChangesAsync(IList`1 entriesToSave, CancellationToken cancellationToken)
   at Microsoft.EntityFrameworkCore.ChangeTracking.Internal.StateManager.SaveChangesAsync(StateManager stateManager, Boolean acceptAllChangesOnSuccess, CancellationToken cancellationToken)
   at Microsoft.EntityFrameworkCore.SqlServer.Storage.Internal.SqlServerExecutionStrategy.ExecuteAsync[TState,TResult](TState state, Func`4 operation, Func`4 verifySucceeded, CancellationToken cancellationToken)
   at Microsoft.EntityFrameworkCore.DbContext.SaveChangesAsync(Boolean acceptAllChangesOnSuccess, CancellationToken cancellationToken)
2026-06-01 09:40:52.062 +03:00 [ERR] Failed to create book with ISBN '978-0451524935'.
Microsoft.EntityFrameworkCore.DbUpdateException: An error occurred while saving the entity changes. See the inner exception for details.
 ---> Microsoft.Data.SqlClient.SqlException (0x80131904): Cannot insert explicit value for identity column in table 'Authors' when IDENTITY_INSERT is set to OFF.
   at Microsoft.Data.SqlClient.SqlConnection.OnError(SqlException exception, Boolean breakConnection, Action`1 wrapCloseInAction)
   at Microsoft.Data.SqlClient.SqlInternalConnection.OnError(SqlException exception, Boolean breakConnection, Action`1 wrapCloseInAction)
   at Microsoft.Data.SqlClient.TdsParser.ThrowExceptionAndWarning(TdsParserStateObject stateObj, Boolean callerHasConnectionLock, Boolean asyncClose)
   at Microsoft.Data.SqlClient.TdsParser.TryRun(RunBehavior runBehavior, SqlCommand cmdHandler, SqlDataReader dataStream, BulkCopySimpleResultSet bulkCopyHandler, TdsParserStateObject stateObj, Boolean& dataReady)
   at Microsoft.Data.SqlClient.SqlDataReader.TryHasMoreRows(Boolean& moreRows)
   at Microsoft.Data.SqlClient.SqlDataReader.TryReadInternal(Boolean setTimeout, Boolean& more)
   at Microsoft.Data.SqlClient.SqlDataReader.ReadAsyncExecute(Task task, Object state)
   at Microsoft.Data.SqlClient.SqlDataReader.InvokeAsyncCall[T](SqlDataReaderBaseAsyncCallContext`1 context)
--- End of stack trace from previous location ---
   at Microsoft.EntityFrameworkCore.Update.AffectedCountModificationCommandBatch.ConsumeResultSetAsync(Int32 startCommandIndex, RelationalDataReader reader, CancellationToken cancellationToken)
ClientConnectionId:00ef986b-738f-44cb-b455-3d808543a52e
Error Number:544,State:1,Class:16
   --- End of inner exception stack trace ---
   at Microsoft.EntityFrameworkCore.Update.AffectedCountModificationCommandBatch.ConsumeResultSetAsync(Int32 startCommandIndex, RelationalDataReader reader, CancellationToken cancellationToken)
   at Microsoft.EntityFrameworkCore.Update.AffectedCountModificationCommandBatch.ConsumeAsync(RelationalDataReader reader, CancellationToken cancellationToken)
   at Microsoft.EntityFrameworkCore.Update.ReaderModificationCommandBatch.ExecuteAsync(IRelationalConnection connection, CancellationToken cancellationToken)
   at Microsoft.EntityFrameworkCore.Update.ReaderModificationCommandBatch.ExecuteAsync(IRelationalConnection connection, CancellationToken cancellationToken)
   at Microsoft.EntityFrameworkCore.SqlServer.Update.Internal.SqlServerModificationCommandBatch.ExecuteAsync(IRelationalConnection connection, CancellationToken cancellationToken)
   at Microsoft.EntityFrameworkCore.Update.Internal.BatchExecutor.ExecuteAsync(IEnumerable`1 commandBatches, IRelationalConnection connection, CancellationToken cancellationToken)
   at Microsoft.EntityFrameworkCore.Update.Internal.BatchExecutor.ExecuteAsync(IEnumerable`1 commandBatches, IRelationalConnection connection, CancellationToken cancellationToken)
   at Microsoft.EntityFrameworkCore.Update.Internal.BatchExecutor.ExecuteAsync(IEnumerable`1 commandBatches, IRelationalConnection connection, CancellationToken cancellationToken)
   at Microsoft.EntityFrameworkCore.ChangeTracking.Internal.StateManager.SaveChangesAsync(IList`1 entriesToSave, CancellationToken cancellationToken)
   at Microsoft.EntityFrameworkCore.ChangeTracking.Internal.StateManager.SaveChangesAsync(StateManager stateManager, Boolean acceptAllChangesOnSuccess, CancellationToken cancellationToken)
   at Microsoft.EntityFrameworkCore.SqlServer.Storage.Internal.SqlServerExecutionStrategy.ExecuteAsync[TState,TResult](TState state, Func`4 operation, Func`4 verifySucceeded, CancellationToken cancellationToken)
   at Microsoft.EntityFrameworkCore.DbContext.SaveChangesAsync(Boolean acceptAllChangesOnSuccess, CancellationToken cancellationToken)
   at Microsoft.EntityFrameworkCore.DbContext.SaveChangesAsync(Boolean acceptAllChangesOnSuccess, CancellationToken cancellationToken)
   at LibraryApp.Data.Repositories.BookRepository.AddAsync(CreateBookCommand cmd, CancellationToken ct) in C:\Users\Thales\Desktop\netcore\LibraryApp\LibraryApp.Data\Repositories\BookRepository.cs:line 127
   at LibraryApp.Data.Services.BookService.CreateAsync(CreateBookCommand cmd, CancellationToken ct) in C:\Users\Thales\Desktop\netcore\LibraryApp\LibraryApp.Data\Services\BookService.cs:line 57
2026-06-01 09:40:52.066 +03:00 [INF] Executed action BooksController.Create (LibraryApp.Api) in 117.8148ms
2026-06-01 09:40:52.067 +03:00 [ERR] HTTP POST /api/Books responded 500 in 118.5608 ms
Microsoft.EntityFrameworkCore.DbUpdateException: An error occurred while saving the entity changes. See the inner exception for details.
 ---> Microsoft.Data.SqlClient.SqlException (0x80131904): Cannot insert explicit value for identity column in table 'Authors' when IDENTITY_INSERT is set to OFF.
   at Microsoft.Data.SqlClient.SqlConnection.OnError(SqlException exception, Boolean breakConnection, Action`1 wrapCloseInAction)
   at Microsoft.Data.SqlClient.SqlInternalConnection.OnError(SqlException exception, Boolean breakConnection, Action`1 wrapCloseInAction)
   at Microsoft.Data.SqlClient.TdsParser.ThrowExceptionAndWarning(TdsParserStateObject stateObj, Boolean callerHasConnectionLock, Boolean asyncClose)
   at Microsoft.Data.SqlClient.TdsParser.TryRun(RunBehavior runBehavior, SqlCommand cmdHandler, SqlDataReader dataStream, BulkCopySimpleResultSet bulkCopyHandler, TdsParserStateObject stateObj, Boolean& dataReady)
   at Microsoft.Data.SqlClient.SqlDataReader.TryHasMoreRows(Boolean& moreRows)
   at Microsoft.Data.SqlClient.SqlDataReader.TryReadInternal(Boolean setTimeout, Boolean& more)
   at Microsoft.Data.SqlClient.SqlDataReader.ReadAsyncExecute(Task task, Object state)
   at Microsoft.Data.SqlClient.SqlDataReader.InvokeAsyncCall[T](SqlDataReaderBaseAsyncCallContext`1 context)
--- End of stack trace from previous location ---
   at Microsoft.EntityFrameworkCore.Update.AffectedCountModificationCommandBatch.ConsumeResultSetAsync(Int32 startCommandIndex, RelationalDataReader reader, CancellationToken cancellationToken)
ClientConnectionId:00ef986b-738f-44cb-b455-3d808543a52e
Error Number:544,State:1,Class:16
   --- End of inner exception stack trace ---
   at Microsoft.EntityFrameworkCore.Update.AffectedCountModificationCommandBatch.ConsumeResultSetAsync(Int32 startCommandIndex, RelationalDataReader reader, CancellationToken cancellationToken)
   at Microsoft.EntityFrameworkCore.Update.AffectedCountModificationCommandBatch.ConsumeAsync(RelationalDataReader reader, CancellationToken cancellationToken)
   at Microsoft.EntityFrameworkCore.Update.ReaderModificationCommandBatch.ExecuteAsync(IRelationalConnection connection, CancellationToken cancellationToken)
   at Microsoft.EntityFrameworkCore.Update.ReaderModificationCommandBatch.ExecuteAsync(IRelationalConnection connection, CancellationToken cancellationToken)
   at Microsoft.EntityFrameworkCore.SqlServer.Update.Internal.SqlServerModificationCommandBatch.ExecuteAsync(IRelationalConnection connection, CancellationToken cancellationToken)
   at Microsoft.EntityFrameworkCore.Update.Internal.BatchExecutor.ExecuteAsync(IEnumerable`1 commandBatches, IRelationalConnection connection, CancellationToken cancellationToken)
   at Microsoft.EntityFrameworkCore.Update.Internal.BatchExecutor.ExecuteAsync(IEnumerable`1 commandBatches, IRelationalConnection connection, CancellationToken cancellationToken)
   at Microsoft.EntityFrameworkCore.Update.Internal.BatchExecutor.ExecuteAsync(IEnumerable`1 commandBatches, IRelationalConnection connection, CancellationToken cancellationToken)
   at Microsoft.EntityFrameworkCore.ChangeTracking.Internal.StateManager.SaveChangesAsync(IList`1 entriesToSave, CancellationToken cancellationToken)
   at Microsoft.EntityFrameworkCore.ChangeTracking.Internal.StateManager.SaveChangesAsync(StateManager stateManager, Boolean acceptAllChangesOnSuccess, CancellationToken cancellationToken)
   at Microsoft.EntityFrameworkCore.SqlServer.Storage.Internal.SqlServerExecutionStrategy.ExecuteAsync[TState,TResult](TState state, Func`4 operation, Func`4 verifySucceeded, CancellationToken cancellationToken)
   at Microsoft.EntityFrameworkCore.DbContext.SaveChangesAsync(Boolean acceptAllChangesOnSuccess, CancellationToken cancellationToken)
   at Microsoft.EntityFrameworkCore.DbContext.SaveChangesAsync(Boolean acceptAllChangesOnSuccess, CancellationToken cancellationToken)
   at LibraryApp.Data.Repositories.BookRepository.AddAsync(CreateBookCommand cmd, CancellationToken ct) in C:\Users\Thales\Desktop\netcore\LibraryApp\LibraryApp.Data\Repositories\BookRepository.cs:line 127
   at LibraryApp.Data.Services.BookService.CreateAsync(CreateBookCommand cmd, CancellationToken ct) in C:\Users\Thales\Desktop\netcore\LibraryApp\LibraryApp.Data\Services\BookService.cs:line 57
   at LibraryApp.Data.Services.BookService.CreateAsync(CreateBookCommand cmd, CancellationToken ct) in C:\Users\Thales\Desktop\netcore\LibraryApp\LibraryApp.Data\Services\BookService.cs:line 72
   at BooksController.Create(CreateBookCommand command, CancellationToken ct) in C:\Users\Thales\Desktop\netcore\LibraryApp\LibraryApp.Api\Controllers\BooksController.cs:line 43
   at Microsoft.AspNetCore.Mvc.Infrastructure.ActionMethodExecutor.TaskOfIActionResultExecutor.Execute(ActionContext actionContext, IActionResultTypeMapper mapper, ObjectMethodExecutor executor, Object controller, Object[] arguments)
   at Microsoft.AspNetCore.Mvc.Infrastructure.ControllerActionInvoker.<InvokeActionMethodAsync>g__Awaited|12_0(ControllerActionInvoker invoker, ValueTask`1 actionResultValueTask)
   at Microsoft.AspNetCore.Mvc.Infrastructure.ControllerActionInvoker.<InvokeNextActionFilterAsync>g__Awaited|10_0(ControllerActionInvoker invoker, Task lastTask, State next, Scope scope, Object state, Boolean isCompleted)
   at Microsoft.AspNetCore.Mvc.Infrastructure.ControllerActionInvoker.Rethrow(ActionExecutedContextSealed context)
   at Microsoft.AspNetCore.Mvc.Infrastructure.ControllerActionInvoker.Next(State& next, Scope& scope, Object& state, Boolean& isCompleted)
   at Microsoft.AspNetCore.Mvc.Infrastructure.ControllerActionInvoker.<InvokeInnerFilterAsync>g__Awaited|13_0(ControllerActionInvoker invoker, Task lastTask, State next, Scope scope, Object state, Boolean isCompleted)
   at Microsoft.AspNetCore.Mvc.Infrastructure.ResourceInvoker.<InvokeFilterPipelineAsync>g__Awaited|20_0(ResourceInvoker invoker, Task lastTask, State next, Scope scope, Object state, Boolean isCompleted)
   at Microsoft.AspNetCore.Mvc.Infrastructure.ResourceInvoker.<InvokeAsync>g__Logged|17_1(ResourceInvoker invoker)
   at Microsoft.AspNetCore.Mvc.Infrastructure.ResourceInvoker.<InvokeAsync>g__Logged|17_1(ResourceInvoker invoker)
   at Swashbuckle.AspNetCore.SwaggerUI.SwaggerUIMiddleware.Invoke(HttpContext httpContext)
   at Swashbuckle.AspNetCore.Swagger.SwaggerMiddleware.Invoke(HttpContext httpContext, ISwaggerProvider swaggerProvider)
   at Serilog.AspNetCore.RequestLoggingMiddleware.Invoke(HttpContext httpContext)
2026-06-01 09:40:52.070 +03:00 [ERR] Unhandled exception on POST /api/Books
Microsoft.EntityFrameworkCore.DbUpdateException: An error occurred while saving the entity changes. See the inner exception for details.
 ---> Microsoft.Data.SqlClient.SqlException (0x80131904): Cannot insert explicit value for identity column in table 'Authors' when IDENTITY_INSERT is set to OFF.
   at Microsoft.Data.SqlClient.SqlConnection.OnError(SqlException exception, Boolean breakConnection, Action`1 wrapCloseInAction)
   at Microsoft.Data.SqlClient.SqlInternalConnection.OnError(SqlException exception, Boolean breakConnection, Action`1 wrapCloseInAction)
   at Microsoft.Data.SqlClient.TdsParser.ThrowExceptionAndWarning(TdsParserStateObject stateObj, Boolean callerHasConnectionLock, Boolean asyncClose)
   at Microsoft.Data.SqlClient.TdsParser.TryRun(RunBehavior runBehavior, SqlCommand cmdHandler, SqlDataReader dataStream, BulkCopySimpleResultSet bulkCopyHandler, TdsParserStateObject stateObj, Boolean& dataReady)
   at Microsoft.Data.SqlClient.SqlDataReader.TryHasMoreRows(Boolean& moreRows)
   at Microsoft.Data.SqlClient.SqlDataReader.TryReadInternal(Boolean setTimeout, Boolean& more)
   at Microsoft.Data.SqlClient.SqlDataReader.ReadAsyncExecute(Task task, Object state)
   at Microsoft.Data.SqlClient.SqlDataReader.InvokeAsyncCall[T](SqlDataReaderBaseAsyncCallContext`1 context)
--- End of stack trace from previous location ---
   at Microsoft.EntityFrameworkCore.Update.AffectedCountModificationCommandBatch.ConsumeResultSetAsync(Int32 startCommandIndex, RelationalDataReader reader, CancellationToken cancellationToken)
ClientConnectionId:00ef986b-738f-44cb-b455-3d808543a52e
Error Number:544,State:1,Class:16
   --- End of inner exception stack trace ---
   at Microsoft.EntityFrameworkCore.Update.AffectedCountModificationCommandBatch.ConsumeResultSetAsync(Int32 startCommandIndex, RelationalDataReader reader, CancellationToken cancellationToken)
   at Microsoft.EntityFrameworkCore.Update.AffectedCountModificationCommandBatch.ConsumeAsync(RelationalDataReader reader, CancellationToken cancellationToken)
   at Microsoft.EntityFrameworkCore.Update.ReaderModificationCommandBatch.ExecuteAsync(IRelationalConnection connection, CancellationToken cancellationToken)
   at Microsoft.EntityFrameworkCore.Update.ReaderModificationCommandBatch.ExecuteAsync(IRelationalConnection connection, CancellationToken cancellationToken)
   at Microsoft.EntityFrameworkCore.SqlServer.Update.Internal.SqlServerModificationCommandBatch.ExecuteAsync(IRelationalConnection connection, CancellationToken cancellationToken)
   at Microsoft.EntityFrameworkCore.Update.Internal.BatchExecutor.ExecuteAsync(IEnumerable`1 commandBatches, IRelationalConnection connection, CancellationToken cancellationToken)
   at Microsoft.EntityFrameworkCore.Update.Internal.BatchExecutor.ExecuteAsync(IEnumerable`1 commandBatches, IRelationalConnection connection, CancellationToken cancellationToken)
   at Microsoft.EntityFrameworkCore.Update.Internal.BatchExecutor.ExecuteAsync(IEnumerable`1 commandBatches, IRelationalConnection connection, CancellationToken cancellationToken)
   at Microsoft.EntityFrameworkCore.ChangeTracking.Internal.StateManager.SaveChangesAsync(IList`1 entriesToSave, CancellationToken cancellationToken)
   at Microsoft.EntityFrameworkCore.ChangeTracking.Internal.StateManager.SaveChangesAsync(StateManager stateManager, Boolean acceptAllChangesOnSuccess, CancellationToken cancellationToken)
   at Microsoft.EntityFrameworkCore.SqlServer.Storage.Internal.SqlServerExecutionStrategy.ExecuteAsync[TState,TResult](TState state, Func`4 operation, Func`4 verifySucceeded, CancellationToken cancellationToken)
   at Microsoft.EntityFrameworkCore.DbContext.SaveChangesAsync(Boolean acceptAllChangesOnSuccess, CancellationToken cancellationToken)
   at Microsoft.EntityFrameworkCore.DbContext.SaveChangesAsync(Boolean acceptAllChangesOnSuccess, CancellationToken cancellationToken)
   at LibraryApp.Data.Repositories.BookRepository.AddAsync(CreateBookCommand cmd, CancellationToken ct) in C:\Users\Thales\Desktop\netcore\LibraryApp\LibraryApp.Data\Repositories\BookRepository.cs:line 127
   at LibraryApp.Data.Services.BookService.CreateAsync(CreateBookCommand cmd, CancellationToken ct) in C:\Users\Thales\Desktop\netcore\LibraryApp\LibraryApp.Data\Services\BookService.cs:line 57
   at LibraryApp.Data.Services.BookService.CreateAsync(CreateBookCommand cmd, CancellationToken ct) in C:\Users\Thales\Desktop\netcore\LibraryApp\LibraryApp.Data\Services\BookService.cs:line 72
   at BooksController.Create(CreateBookCommand command, CancellationToken ct) in C:\Users\Thales\Desktop\netcore\LibraryApp\LibraryApp.Api\Controllers\BooksController.cs:line 43
   at Microsoft.AspNetCore.Mvc.Infrastructure.ActionMethodExecutor.TaskOfIActionResultExecutor.Execute(ActionContext actionContext, IActionResultTypeMapper mapper, ObjectMethodExecutor executor, Object controller, Object[] arguments)
   at Microsoft.AspNetCore.Mvc.Infrastructure.ControllerActionInvoker.<InvokeActionMethodAsync>g__Awaited|12_0(ControllerActionInvoker invoker, ValueTask`1 actionResultValueTask)
   at Microsoft.AspNetCore.Mvc.Infrastructure.ControllerActionInvoker.<InvokeNextActionFilterAsync>g__Awaited|10_0(ControllerActionInvoker invoker, Task lastTask, State next, Scope scope, Object state, Boolean isCompleted)
   at Microsoft.AspNetCore.Mvc.Infrastructure.ControllerActionInvoker.Rethrow(ActionExecutedContextSealed context)
   at Microsoft.AspNetCore.Mvc.Infrastructure.ControllerActionInvoker.Next(State& next, Scope& scope, Object& state, Boolean& isCompleted)
   at Microsoft.AspNetCore.Mvc.Infrastructure.ControllerActionInvoker.<InvokeInnerFilterAsync>g__Awaited|13_0(ControllerActionInvoker invoker, Task lastTask, State next, Scope scope, Object state, Boolean isCompleted)
   at Microsoft.AspNetCore.Mvc.Infrastructure.ResourceInvoker.<InvokeFilterPipelineAsync>g__Awaited|20_0(ResourceInvoker invoker, Task lastTask, State next, Scope scope, Object state, Boolean isCompleted)
   at Microsoft.AspNetCore.Mvc.Infrastructure.ResourceInvoker.<InvokeAsync>g__Logged|17_1(ResourceInvoker invoker)
   at Microsoft.AspNetCore.Mvc.Infrastructure.ResourceInvoker.<InvokeAsync>g__Logged|17_1(ResourceInvoker invoker)
   at Swashbuckle.AspNetCore.SwaggerUI.SwaggerUIMiddleware.Invoke(HttpContext httpContext)
   at Swashbuckle.AspNetCore.Swagger.SwaggerMiddleware.Invoke(HttpContext httpContext, ISwaggerProvider swaggerProvider)
   at Serilog.AspNetCore.RequestLoggingMiddleware.Invoke(HttpContext httpContext)
   at LibraryApp.Api.Middleware.ExceptionMiddleware.InvokeAsync(HttpContext context) in C:\Users\Thales\Desktop\netcore\LibraryApp\LibraryApp.Api\Middleware\ExceptionMiddleware.cs:line 22
2026-06-01 09:40:52.081 +03:00 [INF] Request finished HTTP/1.1 POST http://localhost:5112/api/Books - 500 null application/problem+json 132.8864ms
2026-06-01 09:41:06.177 +03:00 [INF] Request starting HTTP/1.1 POST http://localhost:5112/api/Books - application/json 310
2026-06-01 09:41:06.177 +03:00 [INF] CORS policy execution failed.
2026-06-01 09:41:06.177 +03:00 [INF] Request origin http://localhost:5112 does not have permission to access the resource.
2026-06-01 09:41:06.177 +03:00 [INF] Route matched with {action = "Create", controller = "Books"}. Executing controller action with signature System.Threading.Tasks.Task`1[Microsoft.AspNetCore.Mvc.IActionResult] Create(CreateBookCommand, System.Threading.CancellationToken) on controller BooksController (LibraryApp.Api).
2026-06-01 09:41:06.190 +03:00 [WRN] Savepoints are disabled because Multiple Active Result Sets (MARS) is enabled. If 'SaveChanges' fails, then the transaction cannot be automatically rolled back to a known clean state. Instead, the transaction should be rolled back by the application before retrying 'SaveChanges'. See https://go.microsoft.com/fwlink/?linkid=2149338 for more information and examples. To identify the code which triggers this warning, call 'ConfigureWarnings(w => w.Throw(SqlServerEventId.SavepointsDisabledBecauseOfMARS))'.
2026-06-01 09:41:06.194 +03:00 [ERR] An exception occurred in the database while saving changes for context type 'LibraryApp.Data.LibraryContext'.
Microsoft.EntityFrameworkCore.DbUpdateException: An error occurred while saving the entity changes. See the inner exception for details.
 ---> Microsoft.Data.SqlClient.SqlException (0x80131904): Cannot insert explicit value for identity column in table 'Authors' when IDENTITY_INSERT is set to OFF.
   at Microsoft.Data.SqlClient.SqlConnection.OnError(SqlException exception, Boolean breakConnection, Action`1 wrapCloseInAction)
   at Microsoft.Data.SqlClient.SqlInternalConnection.OnError(SqlException exception, Boolean breakConnection, Action`1 wrapCloseInAction)
   at Microsoft.Data.SqlClient.TdsParser.ThrowExceptionAndWarning(TdsParserStateObject stateObj, Boolean callerHasConnectionLock, Boolean asyncClose)
   at Microsoft.Data.SqlClient.TdsParser.TryRun(RunBehavior runBehavior, SqlCommand cmdHandler, SqlDataReader dataStream, BulkCopySimpleResultSet bulkCopyHandler, TdsParserStateObject stateObj, Boolean& dataReady)
   at Microsoft.Data.SqlClient.SqlDataReader.TryHasMoreRows(Boolean& moreRows)
   at Microsoft.Data.SqlClient.SqlDataReader.TryReadInternal(Boolean setTimeout, Boolean& more)
   at Microsoft.Data.SqlClient.SqlDataReader.ReadAsyncExecute(Task task, Object state)
   at Microsoft.Data.SqlClient.SqlDataReader.InvokeAsyncCall[T](SqlDataReaderBaseAsyncCallContext`1 context)
--- End of stack trace from previous location ---
   at Microsoft.EntityFrameworkCore.Update.AffectedCountModificationCommandBatch.ConsumeResultSetAsync(Int32 startCommandIndex, RelationalDataReader reader, CancellationToken cancellationToken)
ClientConnectionId:00ef986b-738f-44cb-b455-3d808543a52e
Error Number:544,State:1,Class:16
   --- End of inner exception stack trace ---
   at Microsoft.EntityFrameworkCore.Update.AffectedCountModificationCommandBatch.ConsumeResultSetAsync(Int32 startCommandIndex, RelationalDataReader reader, CancellationToken cancellationToken)
   at Microsoft.EntityFrameworkCore.Update.AffectedCountModificationCommandBatch.ConsumeAsync(RelationalDataReader reader, CancellationToken cancellationToken)
   at Microsoft.EntityFrameworkCore.Update.ReaderModificationCommandBatch.ExecuteAsync(IRelationalConnection connection, CancellationToken cancellationToken)
   at Microsoft.EntityFrameworkCore.Update.ReaderModificationCommandBatch.ExecuteAsync(IRelationalConnection connection, CancellationToken cancellationToken)
   at Microsoft.EntityFrameworkCore.SqlServer.Update.Internal.SqlServerModificationCommandBatch.ExecuteAsync(IRelationalConnection connection, CancellationToken cancellationToken)
   at Microsoft.EntityFrameworkCore.Update.Internal.BatchExecutor.ExecuteAsync(IEnumerable`1 commandBatches, IRelationalConnection connection, CancellationToken cancellationToken)
   at Microsoft.EntityFrameworkCore.Update.Internal.BatchExecutor.ExecuteAsync(IEnumerable`1 commandBatches, IRelationalConnection connection, CancellationToken cancellationToken)
   at Microsoft.EntityFrameworkCore.Update.Internal.BatchExecutor.ExecuteAsync(IEnumerable`1 commandBatches, IRelationalConnection connection, CancellationToken cancellationToken)
   at Microsoft.EntityFrameworkCore.ChangeTracking.Internal.StateManager.SaveChangesAsync(IList`1 entriesToSave, CancellationToken cancellationToken)
   at Microsoft.EntityFrameworkCore.ChangeTracking.Internal.StateManager.SaveChangesAsync(StateManager stateManager, Boolean acceptAllChangesOnSuccess, CancellationToken cancellationToken)
   at Microsoft.EntityFrameworkCore.SqlServer.Storage.Internal.SqlServerExecutionStrategy.ExecuteAsync[TState,TResult](TState state, Func`4 operation, Func`4 verifySucceeded, CancellationToken cancellationToken)
   at Microsoft.EntityFrameworkCore.DbContext.SaveChangesAsync(Boolean acceptAllChangesOnSuccess, CancellationToken cancellationToken)
Microsoft.EntityFrameworkCore.DbUpdateException: An error occurred while saving the entity changes. See the inner exception for details.
 ---> Microsoft.Data.SqlClient.SqlException (0x80131904): Cannot insert explicit value for identity column in table 'Authors' when IDENTITY_INSERT is set to OFF.
   at Microsoft.Data.SqlClient.SqlConnection.OnError(SqlException exception, Boolean breakConnection, Action`1 wrapCloseInAction)
   at Microsoft.Data.SqlClient.SqlInternalConnection.OnError(SqlException exception, Boolean breakConnection, Action`1 wrapCloseInAction)
   at Microsoft.Data.SqlClient.TdsParser.ThrowExceptionAndWarning(TdsParserStateObject stateObj, Boolean callerHasConnectionLock, Boolean asyncClose)
   at Microsoft.Data.SqlClient.TdsParser.TryRun(RunBehavior runBehavior, SqlCommand cmdHandler, SqlDataReader dataStream, BulkCopySimpleResultSet bulkCopyHandler, TdsParserStateObject stateObj, Boolean& dataReady)
   at Microsoft.Data.SqlClient.SqlDataReader.TryHasMoreRows(Boolean& moreRows)
   at Microsoft.Data.SqlClient.SqlDataReader.TryReadInternal(Boolean setTimeout, Boolean& more)
   at Microsoft.Data.SqlClient.SqlDataReader.ReadAsyncExecute(Task task, Object state)
   at Microsoft.Data.SqlClient.SqlDataReader.InvokeAsyncCall[T](SqlDataReaderBaseAsyncCallContext`1 context)
--- End of stack trace from previous location ---
   at Microsoft.EntityFrameworkCore.Update.AffectedCountModificationCommandBatch.ConsumeResultSetAsync(Int32 startCommandIndex, RelationalDataReader reader, CancellationToken cancellationToken)
ClientConnectionId:00ef986b-738f-44cb-b455-3d808543a52e
Error Number:544,State:1,Class:16
   --- End of inner exception stack trace ---
   at Microsoft.EntityFrameworkCore.Update.AffectedCountModificationCommandBatch.ConsumeResultSetAsync(Int32 startCommandIndex, RelationalDataReader reader, CancellationToken cancellationToken)
   at Microsoft.EntityFrameworkCore.Update.AffectedCountModificationCommandBatch.ConsumeAsync(RelationalDataReader reader, CancellationToken cancellationToken)
   at Microsoft.EntityFrameworkCore.Update.ReaderModificationCommandBatch.ExecuteAsync(IRelationalConnection connection, CancellationToken cancellationToken)
   at Microsoft.EntityFrameworkCore.Update.ReaderModificationCommandBatch.ExecuteAsync(IRelationalConnection connection, CancellationToken cancellationToken)
   at Microsoft.EntityFrameworkCore.SqlServer.Update.Internal.SqlServerModificationCommandBatch.ExecuteAsync(IRelationalConnection connection, CancellationToken cancellationToken)
   at Microsoft.EntityFrameworkCore.Update.Internal.BatchExecutor.ExecuteAsync(IEnumerable`1 commandBatches, IRelationalConnection connection, CancellationToken cancellationToken)
   at Microsoft.EntityFrameworkCore.Update.Internal.BatchExecutor.ExecuteAsync(IEnumerable`1 commandBatches, IRelationalConnection connection, CancellationToken cancellationToken)
   at Microsoft.EntityFrameworkCore.Update.Internal.BatchExecutor.ExecuteAsync(IEnumerable`1 commandBatches, IRelationalConnection connection, CancellationToken cancellationToken)
   at Microsoft.EntityFrameworkCore.ChangeTracking.Internal.StateManager.SaveChangesAsync(IList`1 entriesToSave, CancellationToken cancellationToken)
   at Microsoft.EntityFrameworkCore.ChangeTracking.Internal.StateManager.SaveChangesAsync(StateManager stateManager, Boolean acceptAllChangesOnSuccess, CancellationToken cancellationToken)
   at Microsoft.EntityFrameworkCore.SqlServer.Storage.Internal.SqlServerExecutionStrategy.ExecuteAsync[TState,TResult](TState state, Func`4 operation, Func`4 verifySucceeded, CancellationToken cancellationToken)
   at Microsoft.EntityFrameworkCore.DbContext.SaveChangesAsync(Boolean acceptAllChangesOnSuccess, CancellationToken cancellationToken)
2026-06-01 09:41:06.199 +03:00 [ERR] Failed to create book with ISBN '978-0451524935'.
Microsoft.EntityFrameworkCore.DbUpdateException: An error occurred while saving the entity changes. See the inner exception for details.
 ---> Microsoft.Data.SqlClient.SqlException (0x80131904): Cannot insert explicit value for identity column in table 'Authors' when IDENTITY_INSERT is set to OFF.
   at Microsoft.Data.SqlClient.SqlConnection.OnError(SqlException exception, Boolean breakConnection, Action`1 wrapCloseInAction)
   at Microsoft.Data.SqlClient.SqlInternalConnection.OnError(SqlException exception, Boolean breakConnection, Action`1 wrapCloseInAction)
   at Microsoft.Data.SqlClient.TdsParser.ThrowExceptionAndWarning(TdsParserStateObject stateObj, Boolean callerHasConnectionLock, Boolean asyncClose)
   at Microsoft.Data.SqlClient.TdsParser.TryRun(RunBehavior runBehavior, SqlCommand cmdHandler, SqlDataReader dataStream, BulkCopySimpleResultSet bulkCopyHandler, TdsParserStateObject stateObj, Boolean& dataReady)
   at Microsoft.Data.SqlClient.SqlDataReader.TryHasMoreRows(Boolean& moreRows)
   at Microsoft.Data.SqlClient.SqlDataReader.TryReadInternal(Boolean setTimeout, Boolean& more)
   at Microsoft.Data.SqlClient.SqlDataReader.ReadAsyncExecute(Task task, Object state)
   at Microsoft.Data.SqlClient.SqlDataReader.InvokeAsyncCall[T](SqlDataReaderBaseAsyncCallContext`1 context)
--- End of stack trace from previous location ---
   at Microsoft.EntityFrameworkCore.Update.AffectedCountModificationCommandBatch.ConsumeResultSetAsync(Int32 startCommandIndex, RelationalDataReader reader, CancellationToken cancellationToken)
ClientConnectionId:00ef986b-738f-44cb-b455-3d808543a52e
Error Number:544,State:1,Class:16
   --- End of inner exception stack trace ---
   at Microsoft.EntityFrameworkCore.Update.AffectedCountModificationCommandBatch.ConsumeResultSetAsync(Int32 startCommandIndex, RelationalDataReader reader, CancellationToken cancellationToken)
   at Microsoft.EntityFrameworkCore.Update.AffectedCountModificationCommandBatch.ConsumeAsync(RelationalDataReader reader, CancellationToken cancellationToken)
   at Microsoft.EntityFrameworkCore.Update.ReaderModificationCommandBatch.ExecuteAsync(IRelationalConnection connection, CancellationToken cancellationToken)
   at Microsoft.EntityFrameworkCore.Update.ReaderModificationCommandBatch.ExecuteAsync(IRelationalConnection connection, CancellationToken cancellationToken)
   at Microsoft.EntityFrameworkCore.SqlServer.Update.Internal.SqlServerModificationCommandBatch.ExecuteAsync(IRelationalConnection connection, CancellationToken cancellationToken)
   at Microsoft.EntityFrameworkCore.Update.Internal.BatchExecutor.ExecuteAsync(IEnumerable`1 commandBatches, IRelationalConnection connection, CancellationToken cancellationToken)
   at Microsoft.EntityFrameworkCore.Update.Internal.BatchExecutor.ExecuteAsync(IEnumerable`1 commandBatches, IRelationalConnection connection, CancellationToken cancellationToken)
   at Microsoft.EntityFrameworkCore.Update.Internal.BatchExecutor.ExecuteAsync(IEnumerable`1 commandBatches, IRelationalConnection connection, CancellationToken cancellationToken)
   at Microsoft.EntityFrameworkCore.ChangeTracking.Internal.StateManager.SaveChangesAsync(IList`1 entriesToSave, CancellationToken cancellationToken)
   at Microsoft.EntityFrameworkCore.ChangeTracking.Internal.StateManager.SaveChangesAsync(StateManager stateManager, Boolean acceptAllChangesOnSuccess, CancellationToken cancellationToken)
   at Microsoft.EntityFrameworkCore.SqlServer.Storage.Internal.SqlServerExecutionStrategy.ExecuteAsync[TState,TResult](TState state, Func`4 operation, Func`4 verifySucceeded, CancellationToken cancellationToken)
   at Microsoft.EntityFrameworkCore.DbContext.SaveChangesAsync(Boolean acceptAllChangesOnSuccess, CancellationToken cancellationToken)
   at Microsoft.EntityFrameworkCore.DbContext.SaveChangesAsync(Boolean acceptAllChangesOnSuccess, CancellationToken cancellationToken)
   at LibraryApp.Data.Repositories.BookRepository.AddAsync(CreateBookCommand cmd, CancellationToken ct) in C:\Users\Thales\Desktop\netcore\LibraryApp\LibraryApp.Data\Repositories\BookRepository.cs:line 127
   at LibraryApp.Data.Services.BookService.CreateAsync(CreateBookCommand cmd, CancellationToken ct) in C:\Users\Thales\Desktop\netcore\LibraryApp\LibraryApp.Data\Services\BookService.cs:line 57
2026-06-01 09:41:06.201 +03:00 [INF] Executed action BooksController.Create (LibraryApp.Api) in 23.8703ms
2026-06-01 09:41:06.202 +03:00 [ERR] HTTP POST /api/Books responded 500 in 24.4421 ms
Microsoft.EntityFrameworkCore.DbUpdateException: An error occurred while saving the entity changes. See the inner exception for details.
 ---> Microsoft.Data.SqlClient.SqlException (0x80131904): Cannot insert explicit value for identity column in table 'Authors' when IDENTITY_INSERT is set to OFF.
   at Microsoft.Data.SqlClient.SqlConnection.OnError(SqlException exception, Boolean breakConnection, Action`1 wrapCloseInAction)
   at Microsoft.Data.SqlClient.SqlInternalConnection.OnError(SqlException exception, Boolean breakConnection, Action`1 wrapCloseInAction)
   at Microsoft.Data.SqlClient.TdsParser.ThrowExceptionAndWarning(TdsParserStateObject stateObj, Boolean callerHasConnectionLock, Boolean asyncClose)
   at Microsoft.Data.SqlClient.TdsParser.TryRun(RunBehavior runBehavior, SqlCommand cmdHandler, SqlDataReader dataStream, BulkCopySimpleResultSet bulkCopyHandler, TdsParserStateObject stateObj, Boolean& dataReady)
   at Microsoft.Data.SqlClient.SqlDataReader.TryHasMoreRows(Boolean& moreRows)
   at Microsoft.Data.SqlClient.SqlDataReader.TryReadInternal(Boolean setTimeout, Boolean& more)
   at Microsoft.Data.SqlClient.SqlDataReader.ReadAsyncExecute(Task task, Object state)
   at Microsoft.Data.SqlClient.SqlDataReader.InvokeAsyncCall[T](SqlDataReaderBaseAsyncCallContext`1 context)
--- End of stack trace from previous location ---
   at Microsoft.EntityFrameworkCore.Update.AffectedCountModificationCommandBatch.ConsumeResultSetAsync(Int32 startCommandIndex, RelationalDataReader reader, CancellationToken cancellationToken)
ClientConnectionId:00ef986b-738f-44cb-b455-3d808543a52e
Error Number:544,State:1,Class:16
   --- End of inner exception stack trace ---
   at Microsoft.EntityFrameworkCore.Update.AffectedCountModificationCommandBatch.ConsumeResultSetAsync(Int32 startCommandIndex, RelationalDataReader reader, CancellationToken cancellationToken)
   at Microsoft.EntityFrameworkCore.Update.AffectedCountModificationCommandBatch.ConsumeAsync(RelationalDataReader reader, CancellationToken cancellationToken)
   at Microsoft.EntityFrameworkCore.Update.ReaderModificationCommandBatch.ExecuteAsync(IRelationalConnection connection, CancellationToken cancellationToken)
   at Microsoft.EntityFrameworkCore.Update.ReaderModificationCommandBatch.ExecuteAsync(IRelationalConnection connection, CancellationToken cancellationToken)
   at Microsoft.EntityFrameworkCore.SqlServer.Update.Internal.SqlServerModificationCommandBatch.ExecuteAsync(IRelationalConnection connection, CancellationToken cancellationToken)
   at Microsoft.EntityFrameworkCore.Update.Internal.BatchExecutor.ExecuteAsync(IEnumerable`1 commandBatches, IRelationalConnection connection, CancellationToken cancellationToken)
   at Microsoft.EntityFrameworkCore.Update.Internal.BatchExecutor.ExecuteAsync(IEnumerable`1 commandBatches, IRelationalConnection connection, CancellationToken cancellationToken)
   at Microsoft.EntityFrameworkCore.Update.Internal.BatchExecutor.ExecuteAsync(IEnumerable`1 commandBatches, IRelationalConnection connection, CancellationToken cancellationToken)
   at Microsoft.EntityFrameworkCore.ChangeTracking.Internal.StateManager.SaveChangesAsync(IList`1 entriesToSave, CancellationToken cancellationToken)
   at Microsoft.EntityFrameworkCore.ChangeTracking.Internal.StateManager.SaveChangesAsync(StateManager stateManager, Boolean acceptAllChangesOnSuccess, CancellationToken cancellationToken)
   at Microsoft.EntityFrameworkCore.SqlServer.Storage.Internal.SqlServerExecutionStrategy.ExecuteAsync[TState,TResult](TState state, Func`4 operation, Func`4 verifySucceeded, CancellationToken cancellationToken)
   at Microsoft.EntityFrameworkCore.DbContext.SaveChangesAsync(Boolean acceptAllChangesOnSuccess, CancellationToken cancellationToken)
   at Microsoft.EntityFrameworkCore.DbContext.SaveChangesAsync(Boolean acceptAllChangesOnSuccess, CancellationToken cancellationToken)
   at LibraryApp.Data.Repositories.BookRepository.AddAsync(CreateBookCommand cmd, CancellationToken ct) in C:\Users\Thales\Desktop\netcore\LibraryApp\LibraryApp.Data\Repositories\BookRepository.cs:line 127
   at LibraryApp.Data.Services.BookService.CreateAsync(CreateBookCommand cmd, CancellationToken ct) in C:\Users\Thales\Desktop\netcore\LibraryApp\LibraryApp.Data\Services\BookService.cs:line 57
   at LibraryApp.Data.Services.BookService.CreateAsync(CreateBookCommand cmd, CancellationToken ct) in C:\Users\Thales\Desktop\netcore\LibraryApp\LibraryApp.Data\Services\BookService.cs:line 72
   at BooksController.Create(CreateBookCommand command, CancellationToken ct) in C:\Users\Thales\Desktop\netcore\LibraryApp\LibraryApp.Api\Controllers\BooksController.cs:line 43
   at Microsoft.AspNetCore.Mvc.Infrastructure.ActionMethodExecutor.TaskOfIActionResultExecutor.Execute(ActionContext actionContext, IActionResultTypeMapper mapper, ObjectMethodExecutor executor, Object controller, Object[] arguments)
   at Microsoft.AspNetCore.Mvc.Infrastructure.ControllerActionInvoker.<InvokeActionMethodAsync>g__Awaited|12_0(ControllerActionInvoker invoker, ValueTask`1 actionResultValueTask)
   at Microsoft.AspNetCore.Mvc.Infrastructure.ControllerActionInvoker.<InvokeNextActionFilterAsync>g__Awaited|10_0(ControllerActionInvoker invoker, Task lastTask, State next, Scope scope, Object state, Boolean isCompleted)
   at Microsoft.AspNetCore.Mvc.Infrastructure.ControllerActionInvoker.Rethrow(ActionExecutedContextSealed context)
   at Microsoft.AspNetCore.Mvc.Infrastructure.ControllerActionInvoker.Next(State& next, Scope& scope, Object& state, Boolean& isCompleted)
   at Microsoft.AspNetCore.Mvc.Infrastructure.ControllerActionInvoker.<InvokeInnerFilterAsync>g__Awaited|13_0(ControllerActionInvoker invoker, Task lastTask, State next, Scope scope, Object state, Boolean isCompleted)
   at Microsoft.AspNetCore.Mvc.Infrastructure.ResourceInvoker.<InvokeFilterPipelineAsync>g__Awaited|20_0(ResourceInvoker invoker, Task lastTask, State next, Scope scope, Object state, Boolean isCompleted)
   at Microsoft.AspNetCore.Mvc.Infrastructure.ResourceInvoker.<InvokeAsync>g__Logged|17_1(ResourceInvoker invoker)
   at Microsoft.AspNetCore.Mvc.Infrastructure.ResourceInvoker.<InvokeAsync>g__Logged|17_1(ResourceInvoker invoker)
   at Swashbuckle.AspNetCore.SwaggerUI.SwaggerUIMiddleware.Invoke(HttpContext httpContext)
   at Swashbuckle.AspNetCore.Swagger.SwaggerMiddleware.Invoke(HttpContext httpContext, ISwaggerProvider swaggerProvider)
   at Serilog.AspNetCore.RequestLoggingMiddleware.Invoke(HttpContext httpContext)
2026-06-01 09:41:06.205 +03:00 [ERR] Unhandled exception on POST /api/Books
Microsoft.EntityFrameworkCore.DbUpdateException: An error occurred while saving the entity changes. See the inner exception for details.
 ---> Microsoft.Data.SqlClient.SqlException (0x80131904): Cannot insert explicit value for identity column in table 'Authors' when IDENTITY_INSERT is set to OFF.
   at Microsoft.Data.SqlClient.SqlConnection.OnError(SqlException exception, Boolean breakConnection, Action`1 wrapCloseInAction)
   at Microsoft.Data.SqlClient.SqlInternalConnection.OnError(SqlException exception, Boolean breakConnection, Action`1 wrapCloseInAction)
   at Microsoft.Data.SqlClient.TdsParser.ThrowExceptionAndWarning(TdsParserStateObject stateObj, Boolean callerHasConnectionLock, Boolean asyncClose)
   at Microsoft.Data.SqlClient.TdsParser.TryRun(RunBehavior runBehavior, SqlCommand cmdHandler, SqlDataReader dataStream, BulkCopySimpleResultSet bulkCopyHandler, TdsParserStateObject stateObj, Boolean& dataReady)
   at Microsoft.Data.SqlClient.SqlDataReader.TryHasMoreRows(Boolean& moreRows)
   at Microsoft.Data.SqlClient.SqlDataReader.TryReadInternal(Boolean setTimeout, Boolean& more)
   at Microsoft.Data.SqlClient.SqlDataReader.ReadAsyncExecute(Task task, Object state)
   at Microsoft.Data.SqlClient.SqlDataReader.InvokeAsyncCall[T](SqlDataReaderBaseAsyncCallContext`1 context)
--- End of stack trace from previous location ---
   at Microsoft.EntityFrameworkCore.Update.AffectedCountModificationCommandBatch.ConsumeResultSetAsync(Int32 startCommandIndex, RelationalDataReader reader, CancellationToken cancellationToken)
ClientConnectionId:00ef986b-738f-44cb-b455-3d808543a52e
Error Number:544,State:1,Class:16
   --- End of inner exception stack trace ---
   at Microsoft.EntityFrameworkCore.Update.AffectedCountModificationCommandBatch.ConsumeResultSetAsync(Int32 startCommandIndex, RelationalDataReader reader, CancellationToken cancellationToken)
   at Microsoft.EntityFrameworkCore.Update.AffectedCountModificationCommandBatch.ConsumeAsync(RelationalDataReader reader, CancellationToken cancellationToken)
   at Microsoft.EntityFrameworkCore.Update.ReaderModificationCommandBatch.ExecuteAsync(IRelationalConnection connection, CancellationToken cancellationToken)
   at Microsoft.EntityFrameworkCore.Update.ReaderModificationCommandBatch.ExecuteAsync(IRelationalConnection connection, CancellationToken cancellationToken)
   at Microsoft.EntityFrameworkCore.SqlServer.Update.Internal.SqlServerModificationCommandBatch.ExecuteAsync(IRelationalConnection connection, CancellationToken cancellationToken)
   at Microsoft.EntityFrameworkCore.Update.Internal.BatchExecutor.ExecuteAsync(IEnumerable`1 commandBatches, IRelationalConnection connection, CancellationToken cancellationToken)
   at Microsoft.EntityFrameworkCore.Update.Internal.BatchExecutor.ExecuteAsync(IEnumerable`1 commandBatches, IRelationalConnection connection, CancellationToken cancellationToken)
   at Microsoft.EntityFrameworkCore.Update.Internal.BatchExecutor.ExecuteAsync(IEnumerable`1 commandBatches, IRelationalConnection connection, CancellationToken cancellationToken)
   at Microsoft.EntityFrameworkCore.ChangeTracking.Internal.StateManager.SaveChangesAsync(IList`1 entriesToSave, CancellationToken cancellationToken)
   at Microsoft.EntityFrameworkCore.ChangeTracking.Internal.StateManager.SaveChangesAsync(StateManager stateManager, Boolean acceptAllChangesOnSuccess, CancellationToken cancellationToken)
   at Microsoft.EntityFrameworkCore.SqlServer.Storage.Internal.SqlServerExecutionStrategy.ExecuteAsync[TState,TResult](TState state, Func`4 operation, Func`4 verifySucceeded, CancellationToken cancellationToken)
   at Microsoft.EntityFrameworkCore.DbContext.SaveChangesAsync(Boolean acceptAllChangesOnSuccess, CancellationToken cancellationToken)
   at Microsoft.EntityFrameworkCore.DbContext.SaveChangesAsync(Boolean acceptAllChangesOnSuccess, CancellationToken cancellationToken)
   at LibraryApp.Data.Repositories.BookRepository.AddAsync(CreateBookCommand cmd, CancellationToken ct) in C:\Users\Thales\Desktop\netcore\LibraryApp\LibraryApp.Data\Repositories\BookRepository.cs:line 127
   at LibraryApp.Data.Services.BookService.CreateAsync(CreateBookCommand cmd, CancellationToken ct) in C:\Users\Thales\Desktop\netcore\LibraryApp\LibraryApp.Data\Services\BookService.cs:line 57
   at LibraryApp.Data.Services.BookService.CreateAsync(CreateBookCommand cmd, CancellationToken ct) in C:\Users\Thales\Desktop\netcore\LibraryApp\LibraryApp.Data\Services\BookService.cs:line 72
   at BooksController.Create(CreateBookCommand command, CancellationToken ct) in C:\Users\Thales\Desktop\netcore\LibraryApp\LibraryApp.Api\Controllers\BooksController.cs:line 43
   at Microsoft.AspNetCore.Mvc.Infrastructure.ActionMethodExecutor.TaskOfIActionResultExecutor.Execute(ActionContext actionContext, IActionResultTypeMapper mapper, ObjectMethodExecutor executor, Object controller, Object[] arguments)
   at Microsoft.AspNetCore.Mvc.Infrastructure.ControllerActionInvoker.<InvokeActionMethodAsync>g__Awaited|12_0(ControllerActionInvoker invoker, ValueTask`1 actionResultValueTask)
   at Microsoft.AspNetCore.Mvc.Infrastructure.ControllerActionInvoker.<InvokeNextActionFilterAsync>g__Awaited|10_0(ControllerActionInvoker invoker, Task lastTask, State next, Scope scope, Object state, Boolean isCompleted)
   at Microsoft.AspNetCore.Mvc.Infrastructure.ControllerActionInvoker.Rethrow(ActionExecutedContextSealed context)
   at Microsoft.AspNetCore.Mvc.Infrastructure.ControllerActionInvoker.Next(State& next, Scope& scope, Object& state, Boolean& isCompleted)
   at Microsoft.AspNetCore.Mvc.Infrastructure.ControllerActionInvoker.<InvokeInnerFilterAsync>g__Awaited|13_0(ControllerActionInvoker invoker, Task lastTask, State next, Scope scope, Object state, Boolean isCompleted)
   at Microsoft.AspNetCore.Mvc.Infrastructure.ResourceInvoker.<InvokeFilterPipelineAsync>g__Awaited|20_0(ResourceInvoker invoker, Task lastTask, State next, Scope scope, Object state, Boolean isCompleted)
   at Microsoft.AspNetCore.Mvc.Infrastructure.ResourceInvoker.<InvokeAsync>g__Logged|17_1(ResourceInvoker invoker)
   at Microsoft.AspNetCore.Mvc.Infrastructure.ResourceInvoker.<InvokeAsync>g__Logged|17_1(ResourceInvoker invoker)
   at Swashbuckle.AspNetCore.SwaggerUI.SwaggerUIMiddleware.Invoke(HttpContext httpContext)
   at Swashbuckle.AspNetCore.Swagger.SwaggerMiddleware.Invoke(HttpContext httpContext, ISwaggerProvider swaggerProvider)
   at Serilog.AspNetCore.RequestLoggingMiddleware.Invoke(HttpContext httpContext)
   at LibraryApp.Api.Middleware.ExceptionMiddleware.InvokeAsync(HttpContext context) in C:\Users\Thales\Desktop\netcore\LibraryApp\LibraryApp.Api\Middleware\ExceptionMiddleware.cs:line 22
2026-06-01 09:41:06.227 +03:00 [INF] Request finished HTTP/1.1 POST http://localhost:5112/api/Books - 500 null application/problem+json 49.7841ms
2026-06-01 09:41:20.037 +03:00 [INF] Request starting HTTP/1.1 POST http://localhost:5112/api/Books - application/json 310
2026-06-01 09:41:20.037 +03:00 [INF] CORS policy execution failed.
2026-06-01 09:41:20.037 +03:00 [INF] Request origin http://localhost:5112 does not have permission to access the resource.
2026-06-01 09:41:20.037 +03:00 [INF] Route matched with {action = "Create", controller = "Books"}. Executing controller action with signature System.Threading.Tasks.Task`1[Microsoft.AspNetCore.Mvc.IActionResult] Create(CreateBookCommand, System.Threading.CancellationToken) on controller BooksController (LibraryApp.Api).
2026-06-01 09:41:20.050 +03:00 [WRN] Savepoints are disabled because Multiple Active Result Sets (MARS) is enabled. If 'SaveChanges' fails, then the transaction cannot be automatically rolled back to a known clean state. Instead, the transaction should be rolled back by the application before retrying 'SaveChanges'. See https://go.microsoft.com/fwlink/?linkid=2149338 for more information and examples. To identify the code which triggers this warning, call 'ConfigureWarnings(w => w.Throw(SqlServerEventId.SavepointsDisabledBecauseOfMARS))'.
2026-06-01 09:41:20.055 +03:00 [ERR] An exception occurred in the database while saving changes for context type 'LibraryApp.Data.LibraryContext'.
Microsoft.EntityFrameworkCore.DbUpdateException: An error occurred while saving the entity changes. See the inner exception for details.
 ---> Microsoft.Data.SqlClient.SqlException (0x80131904): Cannot insert explicit value for identity column in table 'Authors' when IDENTITY_INSERT is set to OFF.
   at Microsoft.Data.SqlClient.SqlConnection.OnError(SqlException exception, Boolean breakConnection, Action`1 wrapCloseInAction)
   at Microsoft.Data.SqlClient.SqlInternalConnection.OnError(SqlException exception, Boolean breakConnection, Action`1 wrapCloseInAction)
   at Microsoft.Data.SqlClient.TdsParser.ThrowExceptionAndWarning(TdsParserStateObject stateObj, Boolean callerHasConnectionLock, Boolean asyncClose)
   at Microsoft.Data.SqlClient.TdsParser.TryRun(RunBehavior runBehavior, SqlCommand cmdHandler, SqlDataReader dataStream, BulkCopySimpleResultSet bulkCopyHandler, TdsParserStateObject stateObj, Boolean& dataReady)
   at Microsoft.Data.SqlClient.SqlDataReader.TryHasMoreRows(Boolean& moreRows)
   at Microsoft.Data.SqlClient.SqlDataReader.TryReadInternal(Boolean setTimeout, Boolean& more)
   at Microsoft.Data.SqlClient.SqlDataReader.ReadAsyncExecute(Task task, Object state)
   at Microsoft.Data.SqlClient.SqlDataReader.InvokeAsyncCall[T](SqlDataReaderBaseAsyncCallContext`1 context)
--- End of stack trace from previous location ---
   at Microsoft.EntityFrameworkCore.Update.AffectedCountModificationCommandBatch.ConsumeResultSetAsync(Int32 startCommandIndex, RelationalDataReader reader, CancellationToken cancellationToken)
ClientConnectionId:00ef986b-738f-44cb-b455-3d808543a52e
Error Number:544,State:1,Class:16
   --- End of inner exception stack trace ---
   at Microsoft.EntityFrameworkCore.Update.AffectedCountModificationCommandBatch.ConsumeResultSetAsync(Int32 startCommandIndex, RelationalDataReader reader, CancellationToken cancellationToken)
   at Microsoft.EntityFrameworkCore.Update.AffectedCountModificationCommandBatch.ConsumeAsync(RelationalDataReader reader, CancellationToken cancellationToken)
   at Microsoft.EntityFrameworkCore.Update.ReaderModificationCommandBatch.ExecuteAsync(IRelationalConnection connection, CancellationToken cancellationToken)
   at Microsoft.EntityFrameworkCore.Update.ReaderModificationCommandBatch.ExecuteAsync(IRelationalConnection connection, CancellationToken cancellationToken)
   at Microsoft.EntityFrameworkCore.SqlServer.Update.Internal.SqlServerModificationCommandBatch.ExecuteAsync(IRelationalConnection connection, CancellationToken cancellationToken)
   at Microsoft.EntityFrameworkCore.Update.Internal.BatchExecutor.ExecuteAsync(IEnumerable`1 commandBatches, IRelationalConnection connection, CancellationToken cancellationToken)
   at Microsoft.EntityFrameworkCore.Update.Internal.BatchExecutor.ExecuteAsync(IEnumerable`1 commandBatches, IRelationalConnection connection, CancellationToken cancellationToken)
   at Microsoft.EntityFrameworkCore.Update.Internal.BatchExecutor.ExecuteAsync(IEnumerable`1 commandBatches, IRelationalConnection connection, CancellationToken cancellationToken)
   at Microsoft.EntityFrameworkCore.ChangeTracking.Internal.StateManager.SaveChangesAsync(IList`1 entriesToSave, CancellationToken cancellationToken)
   at Microsoft.EntityFrameworkCore.ChangeTracking.Internal.StateManager.SaveChangesAsync(StateManager stateManager, Boolean acceptAllChangesOnSuccess, CancellationToken cancellationToken)
   at Microsoft.EntityFrameworkCore.SqlServer.Storage.Internal.SqlServerExecutionStrategy.ExecuteAsync[TState,TResult](TState state, Func`4 operation, Func`4 verifySucceeded, CancellationToken cancellationToken)
   at Microsoft.EntityFrameworkCore.DbContext.SaveChangesAsync(Boolean acceptAllChangesOnSuccess, CancellationToken cancellationToken)
Microsoft.EntityFrameworkCore.DbUpdateException: An error occurred while saving the entity changes. See the inner exception for details.
 ---> Microsoft.Data.SqlClient.SqlException (0x80131904): Cannot insert explicit value for identity column in table 'Authors' when IDENTITY_INSERT is set to OFF.
   at Microsoft.Data.SqlClient.SqlConnection.OnError(SqlException exception, Boolean breakConnection, Action`1 wrapCloseInAction)
   at Microsoft.Data.SqlClient.SqlInternalConnection.OnError(SqlException exception, Boolean breakConnection, Action`1 wrapCloseInAction)
   at Microsoft.Data.SqlClient.TdsParser.ThrowExceptionAndWarning(TdsParserStateObject stateObj, Boolean callerHasConnectionLock, Boolean asyncClose)
   at Microsoft.Data.SqlClient.TdsParser.TryRun(RunBehavior runBehavior, SqlCommand cmdHandler, SqlDataReader dataStream, BulkCopySimpleResultSet bulkCopyHandler, TdsParserStateObject stateObj, Boolean& dataReady)
   at Microsoft.Data.SqlClient.SqlDataReader.TryHasMoreRows(Boolean& moreRows)
   at Microsoft.Data.SqlClient.SqlDataReader.TryReadInternal(Boolean setTimeout, Boolean& more)
   at Microsoft.Data.SqlClient.SqlDataReader.ReadAsyncExecute(Task task, Object state)
   at Microsoft.Data.SqlClient.SqlDataReader.InvokeAsyncCall[T](SqlDataReaderBaseAsyncCallContext`1 context)
--- End of stack trace from previous location ---
   at Microsoft.EntityFrameworkCore.Update.AffectedCountModificationCommandBatch.ConsumeResultSetAsync(Int32 startCommandIndex, RelationalDataReader reader, CancellationToken cancellationToken)
ClientConnectionId:00ef986b-738f-44cb-b455-3d808543a52e
Error Number:544,State:1,Class:16
   --- End of inner exception stack trace ---
   at Microsoft.EntityFrameworkCore.Update.AffectedCountModificationCommandBatch.ConsumeResultSetAsync(Int32 startCommandIndex, RelationalDataReader reader, CancellationToken cancellationToken)
   at Microsoft.EntityFrameworkCore.Update.AffectedCountModificationCommandBatch.ConsumeAsync(RelationalDataReader reader, CancellationToken cancellationToken)
   at Microsoft.EntityFrameworkCore.Update.ReaderModificationCommandBatch.ExecuteAsync(IRelationalConnection connection, CancellationToken cancellationToken)
   at Microsoft.EntityFrameworkCore.Update.ReaderModificationCommandBatch.ExecuteAsync(IRelationalConnection connection, CancellationToken cancellationToken)
   at Microsoft.EntityFrameworkCore.SqlServer.Update.Internal.SqlServerModificationCommandBatch.ExecuteAsync(IRelationalConnection connection, CancellationToken cancellationToken)
   at Microsoft.EntityFrameworkCore.Update.Internal.BatchExecutor.ExecuteAsync(IEnumerable`1 commandBatches, IRelationalConnection connection, CancellationToken cancellationToken)
   at Microsoft.EntityFrameworkCore.Update.Internal.BatchExecutor.ExecuteAsync(IEnumerable`1 commandBatches, IRelationalConnection connection, CancellationToken cancellationToken)
   at Microsoft.EntityFrameworkCore.Update.Internal.BatchExecutor.ExecuteAsync(IEnumerable`1 commandBatches, IRelationalConnection connection, CancellationToken cancellationToken)
   at Microsoft.EntityFrameworkCore.ChangeTracking.Internal.StateManager.SaveChangesAsync(IList`1 entriesToSave, CancellationToken cancellationToken)
   at Microsoft.EntityFrameworkCore.ChangeTracking.Internal.StateManager.SaveChangesAsync(StateManager stateManager, Boolean acceptAllChangesOnSuccess, CancellationToken cancellationToken)
   at Microsoft.EntityFrameworkCore.SqlServer.Storage.Internal.SqlServerExecutionStrategy.ExecuteAsync[TState,TResult](TState state, Func`4 operation, Func`4 verifySucceeded, CancellationToken cancellationToken)
   at Microsoft.EntityFrameworkCore.DbContext.SaveChangesAsync(Boolean acceptAllChangesOnSuccess, CancellationToken cancellationToken)
2026-06-01 09:41:20.060 +03:00 [ERR] Failed to create book with ISBN '978-0451524935'.
Microsoft.EntityFrameworkCore.DbUpdateException: An error occurred while saving the entity changes. See the inner exception for details.
 ---> Microsoft.Data.SqlClient.SqlException (0x80131904): Cannot insert explicit value for identity column in table 'Authors' when IDENTITY_INSERT is set to OFF.
   at Microsoft.Data.SqlClient.SqlConnection.OnError(SqlException exception, Boolean breakConnection, Action`1 wrapCloseInAction)
   at Microsoft.Data.SqlClient.SqlInternalConnection.OnError(SqlException exception, Boolean breakConnection, Action`1 wrapCloseInAction)
   at Microsoft.Data.SqlClient.TdsParser.ThrowExceptionAndWarning(TdsParserStateObject stateObj, Boolean callerHasConnectionLock, Boolean asyncClose)
   at Microsoft.Data.SqlClient.TdsParser.TryRun(RunBehavior runBehavior, SqlCommand cmdHandler, SqlDataReader dataStream, BulkCopySimpleResultSet bulkCopyHandler, TdsParserStateObject stateObj, Boolean& dataReady)
   at Microsoft.Data.SqlClient.SqlDataReader.TryHasMoreRows(Boolean& moreRows)
   at Microsoft.Data.SqlClient.SqlDataReader.TryReadInternal(Boolean setTimeout, Boolean& more)
   at Microsoft.Data.SqlClient.SqlDataReader.ReadAsyncExecute(Task task, Object state)
   at Microsoft.Data.SqlClient.SqlDataReader.InvokeAsyncCall[T](SqlDataReaderBaseAsyncCallContext`1 context)
--- End of stack trace from previous location ---
   at Microsoft.EntityFrameworkCore.Update.AffectedCountModificationCommandBatch.ConsumeResultSetAsync(Int32 startCommandIndex, RelationalDataReader reader, CancellationToken cancellationToken)
ClientConnectionId:00ef986b-738f-44cb-b455-3d808543a52e
Error Number:544,State:1,Class:16
   --- End of inner exception stack trace ---
   at Microsoft.EntityFrameworkCore.Update.AffectedCountModificationCommandBatch.ConsumeResultSetAsync(Int32 startCommandIndex, RelationalDataReader reader, CancellationToken cancellationToken)
   at Microsoft.EntityFrameworkCore.Update.AffectedCountModificationCommandBatch.ConsumeAsync(RelationalDataReader reader, CancellationToken cancellationToken)
   at Microsoft.EntityFrameworkCore.Update.ReaderModificationCommandBatch.ExecuteAsync(IRelationalConnection connection, CancellationToken cancellationToken)
   at Microsoft.EntityFrameworkCore.Update.ReaderModificationCommandBatch.ExecuteAsync(IRelationalConnection connection, CancellationToken cancellationToken)
   at Microsoft.EntityFrameworkCore.SqlServer.Update.Internal.SqlServerModificationCommandBatch.ExecuteAsync(IRelationalConnection connection, CancellationToken cancellationToken)
   at Microsoft.EntityFrameworkCore.Update.Internal.BatchExecutor.ExecuteAsync(IEnumerable`1 commandBatches, IRelationalConnection connection, CancellationToken cancellationToken)
   at Microsoft.EntityFrameworkCore.Update.Internal.BatchExecutor.ExecuteAsync(IEnumerable`1 commandBatches, IRelationalConnection connection, CancellationToken cancellationToken)
   at Microsoft.EntityFrameworkCore.Update.Internal.BatchExecutor.ExecuteAsync(IEnumerable`1 commandBatches, IRelationalConnection connection, CancellationToken cancellationToken)
   at Microsoft.EntityFrameworkCore.ChangeTracking.Internal.StateManager.SaveChangesAsync(IList`1 entriesToSave, CancellationToken cancellationToken)
   at Microsoft.EntityFrameworkCore.ChangeTracking.Internal.StateManager.SaveChangesAsync(StateManager stateManager, Boolean acceptAllChangesOnSuccess, CancellationToken cancellationToken)
   at Microsoft.EntityFrameworkCore.SqlServer.Storage.Internal.SqlServerExecutionStrategy.ExecuteAsync[TState,TResult](TState state, Func`4 operation, Func`4 verifySucceeded, CancellationToken cancellationToken)
   at Microsoft.EntityFrameworkCore.DbContext.SaveChangesAsync(Boolean acceptAllChangesOnSuccess, CancellationToken cancellationToken)
   at Microsoft.EntityFrameworkCore.DbContext.SaveChangesAsync(Boolean acceptAllChangesOnSuccess, CancellationToken cancellationToken)
   at LibraryApp.Data.Repositories.BookRepository.AddAsync(CreateBookCommand cmd, CancellationToken ct) in C:\Users\Thales\Desktop\netcore\LibraryApp\LibraryApp.Data\Repositories\BookRepository.cs:line 127
   at LibraryApp.Data.Services.BookService.CreateAsync(CreateBookCommand cmd, CancellationToken ct) in C:\Users\Thales\Desktop\netcore\LibraryApp\LibraryApp.Data\Services\BookService.cs:line 57
2026-06-01 09:41:20.063 +03:00 [INF] Executed action BooksController.Create (LibraryApp.Api) in 25.7966ms
2026-06-01 09:41:20.064 +03:00 [ERR] HTTP POST /api/Books responded 500 in 26.5765 ms
Microsoft.EntityFrameworkCore.DbUpdateException: An error occurred while saving the entity changes. See the inner exception for details.
 ---> Microsoft.Data.SqlClient.SqlException (0x80131904): Cannot insert explicit value for identity column in table 'Authors' when IDENTITY_INSERT is set to OFF.
   at Microsoft.Data.SqlClient.SqlConnection.OnError(SqlException exception, Boolean breakConnection, Action`1 wrapCloseInAction)
   at Microsoft.Data.SqlClient.SqlInternalConnection.OnError(SqlException exception, Boolean breakConnection, Action`1 wrapCloseInAction)
   at Microsoft.Data.SqlClient.TdsParser.ThrowExceptionAndWarning(TdsParserStateObject stateObj, Boolean callerHasConnectionLock, Boolean asyncClose)
   at Microsoft.Data.SqlClient.TdsParser.TryRun(RunBehavior runBehavior, SqlCommand cmdHandler, SqlDataReader dataStream, BulkCopySimpleResultSet bulkCopyHandler, TdsParserStateObject stateObj, Boolean& dataReady)
   at Microsoft.Data.SqlClient.SqlDataReader.TryHasMoreRows(Boolean& moreRows)
   at Microsoft.Data.SqlClient.SqlDataReader.TryReadInternal(Boolean setTimeout, Boolean& more)
   at Microsoft.Data.SqlClient.SqlDataReader.ReadAsyncExecute(Task task, Object state)
   at Microsoft.Data.SqlClient.SqlDataReader.InvokeAsyncCall[T](SqlDataReaderBaseAsyncCallContext`1 context)
--- End of stack trace from previous location ---
   at Microsoft.EntityFrameworkCore.Update.AffectedCountModificationCommandBatch.ConsumeResultSetAsync(Int32 startCommandIndex, RelationalDataReader reader, CancellationToken cancellationToken)
ClientConnectionId:00ef986b-738f-44cb-b455-3d808543a52e
Error Number:544,State:1,Class:16
   --- End of inner exception stack trace ---
   at Microsoft.EntityFrameworkCore.Update.AffectedCountModificationCommandBatch.ConsumeResultSetAsync(Int32 startCommandIndex, RelationalDataReader reader, CancellationToken cancellationToken)
   at Microsoft.EntityFrameworkCore.Update.AffectedCountModificationCommandBatch.ConsumeAsync(RelationalDataReader reader, CancellationToken cancellationToken)
   at Microsoft.EntityFrameworkCore.Update.ReaderModificationCommandBatch.ExecuteAsync(IRelationalConnection connection, CancellationToken cancellationToken)
   at Microsoft.EntityFrameworkCore.Update.ReaderModificationCommandBatch.ExecuteAsync(IRelationalConnection connection, CancellationToken cancellationToken)
   at Microsoft.EntityFrameworkCore.SqlServer.Update.Internal.SqlServerModificationCommandBatch.ExecuteAsync(IRelationalConnection connection, CancellationToken cancellationToken)
   at Microsoft.EntityFrameworkCore.Update.Internal.BatchExecutor.ExecuteAsync(IEnumerable`1 commandBatches, IRelationalConnection connection, CancellationToken cancellationToken)
   at Microsoft.EntityFrameworkCore.Update.Internal.BatchExecutor.ExecuteAsync(IEnumerable`1 commandBatches, IRelationalConnection connection, CancellationToken cancellationToken)
   at Microsoft.EntityFrameworkCore.Update.Internal.BatchExecutor.ExecuteAsync(IEnumerable`1 commandBatches, IRelationalConnection connection, CancellationToken cancellationToken)
   at Microsoft.EntityFrameworkCore.ChangeTracking.Internal.StateManager.SaveChangesAsync(IList`1 entriesToSave, CancellationToken cancellationToken)
   at Microsoft.EntityFrameworkCore.ChangeTracking.Internal.StateManager.SaveChangesAsync(StateManager stateManager, Boolean acceptAllChangesOnSuccess, CancellationToken cancellationToken)
   at Microsoft.EntityFrameworkCore.SqlServer.Storage.Internal.SqlServerExecutionStrategy.ExecuteAsync[TState,TResult](TState state, Func`4 operation, Func`4 verifySucceeded, CancellationToken cancellationToken)
   at Microsoft.EntityFrameworkCore.DbContext.SaveChangesAsync(Boolean acceptAllChangesOnSuccess, CancellationToken cancellationToken)
   at Microsoft.EntityFrameworkCore.DbContext.SaveChangesAsync(Boolean acceptAllChangesOnSuccess, CancellationToken cancellationToken)
   at LibraryApp.Data.Repositories.BookRepository.AddAsync(CreateBookCommand cmd, CancellationToken ct) in C:\Users\Thales\Desktop\netcore\LibraryApp\LibraryApp.Data\Repositories\BookRepository.cs:line 127
   at LibraryApp.Data.Services.BookService.CreateAsync(CreateBookCommand cmd, CancellationToken ct) in C:\Users\Thales\Desktop\netcore\LibraryApp\LibraryApp.Data\Services\BookService.cs:line 57
   at LibraryApp.Data.Services.BookService.CreateAsync(CreateBookCommand cmd, CancellationToken ct) in C:\Users\Thales\Desktop\netcore\LibraryApp\LibraryApp.Data\Services\BookService.cs:line 72
   at BooksController.Create(CreateBookCommand command, CancellationToken ct) in C:\Users\Thales\Desktop\netcore\LibraryApp\LibraryApp.Api\Controllers\BooksController.cs:line 43
   at Microsoft.AspNetCore.Mvc.Infrastructure.ActionMethodExecutor.TaskOfIActionResultExecutor.Execute(ActionContext actionContext, IActionResultTypeMapper mapper, ObjectMethodExecutor executor, Object controller, Object[] arguments)
   at Microsoft.AspNetCore.Mvc.Infrastructure.ControllerActionInvoker.<InvokeActionMethodAsync>g__Awaited|12_0(ControllerActionInvoker invoker, ValueTask`1 actionResultValueTask)
   at Microsoft.AspNetCore.Mvc.Infrastructure.ControllerActionInvoker.<InvokeNextActionFilterAsync>g__Awaited|10_0(ControllerActionInvoker invoker, Task lastTask, State next, Scope scope, Object state, Boolean isCompleted)
   at Microsoft.AspNetCore.Mvc.Infrastructure.ControllerActionInvoker.Rethrow(ActionExecutedContextSealed context)
   at Microsoft.AspNetCore.Mvc.Infrastructure.ControllerActionInvoker.Next(State& next, Scope& scope, Object& state, Boolean& isCompleted)
   at Microsoft.AspNetCore.Mvc.Infrastructure.ControllerActionInvoker.<InvokeInnerFilterAsync>g__Awaited|13_0(ControllerActionInvoker invoker, Task lastTask, State next, Scope scope, Object state, Boolean isCompleted)
   at Microsoft.AspNetCore.Mvc.Infrastructure.ResourceInvoker.<InvokeFilterPipelineAsync>g__Awaited|20_0(ResourceInvoker invoker, Task lastTask, State next, Scope scope, Object state, Boolean isCompleted)
   at Microsoft.AspNetCore.Mvc.Infrastructure.ResourceInvoker.<InvokeAsync>g__Logged|17_1(ResourceInvoker invoker)
   at Microsoft.AspNetCore.Mvc.Infrastructure.ResourceInvoker.<InvokeAsync>g__Logged|17_1(ResourceInvoker invoker)
   at Swashbuckle.AspNetCore.SwaggerUI.SwaggerUIMiddleware.Invoke(HttpContext httpContext)
   at Swashbuckle.AspNetCore.Swagger.SwaggerMiddleware.Invoke(HttpContext httpContext, ISwaggerProvider swaggerProvider)
   at Serilog.AspNetCore.RequestLoggingMiddleware.Invoke(HttpContext httpContext)
2026-06-01 09:41:20.069 +03:00 [ERR] Unhandled exception on POST /api/Books
Microsoft.EntityFrameworkCore.DbUpdateException: An error occurred while saving the entity changes. See the inner exception for details.
 ---> Microsoft.Data.SqlClient.SqlException (0x80131904): Cannot insert explicit value for identity column in table 'Authors' when IDENTITY_INSERT is set to OFF.
   at Microsoft.Data.SqlClient.SqlConnection.OnError(SqlException exception, Boolean breakConnection, Action`1 wrapCloseInAction)
   at Microsoft.Data.SqlClient.SqlInternalConnection.OnError(SqlException exception, Boolean breakConnection, Action`1 wrapCloseInAction)
   at Microsoft.Data.SqlClient.TdsParser.ThrowExceptionAndWarning(TdsParserStateObject stateObj, Boolean callerHasConnectionLock, Boolean asyncClose)
   at Microsoft.Data.SqlClient.TdsParser.TryRun(RunBehavior runBehavior, SqlCommand cmdHandler, SqlDataReader dataStream, BulkCopySimpleResultSet bulkCopyHandler, TdsParserStateObject stateObj, Boolean& dataReady)
   at Microsoft.Data.SqlClient.SqlDataReader.TryHasMoreRows(Boolean& moreRows)
   at Microsoft.Data.SqlClient.SqlDataReader.TryReadInternal(Boolean setTimeout, Boolean& more)
   at Microsoft.Data.SqlClient.SqlDataReader.ReadAsyncExecute(Task task, Object state)
   at Microsoft.Data.SqlClient.SqlDataReader.InvokeAsyncCall[T](SqlDataReaderBaseAsyncCallContext`1 context)
--- End of stack trace from previous location ---
   at Microsoft.EntityFrameworkCore.Update.AffectedCountModificationCommandBatch.ConsumeResultSetAsync(Int32 startCommandIndex, RelationalDataReader reader, CancellationToken cancellationToken)
ClientConnectionId:00ef986b-738f-44cb-b455-3d808543a52e
Error Number:544,State:1,Class:16
   --- End of inner exception stack trace ---
   at Microsoft.EntityFrameworkCore.Update.AffectedCountModificationCommandBatch.ConsumeResultSetAsync(Int32 startCommandIndex, RelationalDataReader reader, CancellationToken cancellationToken)
   at Microsoft.EntityFrameworkCore.Update.AffectedCountModificationCommandBatch.ConsumeAsync(RelationalDataReader reader, CancellationToken cancellationToken)
   at Microsoft.EntityFrameworkCore.Update.ReaderModificationCommandBatch.ExecuteAsync(IRelationalConnection connection, CancellationToken cancellationToken)
   at Microsoft.EntityFrameworkCore.Update.ReaderModificationCommandBatch.ExecuteAsync(IRelationalConnection connection, CancellationToken cancellationToken)
   at Microsoft.EntityFrameworkCore.SqlServer.Update.Internal.SqlServerModificationCommandBatch.ExecuteAsync(IRelationalConnection connection, CancellationToken cancellationToken)
   at Microsoft.EntityFrameworkCore.Update.Internal.BatchExecutor.ExecuteAsync(IEnumerable`1 commandBatches, IRelationalConnection connection, CancellationToken cancellationToken)
   at Microsoft.EntityFrameworkCore.Update.Internal.BatchExecutor.ExecuteAsync(IEnumerable`1 commandBatches, IRelationalConnection connection, CancellationToken cancellationToken)
   at Microsoft.EntityFrameworkCore.Update.Internal.BatchExecutor.ExecuteAsync(IEnumerable`1 commandBatches, IRelationalConnection connection, CancellationToken cancellationToken)
   at Microsoft.EntityFrameworkCore.ChangeTracking.Internal.StateManager.SaveChangesAsync(IList`1 entriesToSave, CancellationToken cancellationToken)
   at Microsoft.EntityFrameworkCore.ChangeTracking.Internal.StateManager.SaveChangesAsync(StateManager stateManager, Boolean acceptAllChangesOnSuccess, CancellationToken cancellationToken)
   at Microsoft.EntityFrameworkCore.SqlServer.Storage.Internal.SqlServerExecutionStrategy.ExecuteAsync[TState,TResult](TState state, Func`4 operation, Func`4 verifySucceeded, CancellationToken cancellationToken)
   at Microsoft.EntityFrameworkCore.DbContext.SaveChangesAsync(Boolean acceptAllChangesOnSuccess, CancellationToken cancellationToken)
   at Microsoft.EntityFrameworkCore.DbContext.SaveChangesAsync(Boolean acceptAllChangesOnSuccess, CancellationToken cancellationToken)
   at LibraryApp.Data.Repositories.BookRepository.AddAsync(CreateBookCommand cmd, CancellationToken ct) in C:\Users\Thales\Desktop\netcore\LibraryApp\LibraryApp.Data\Repositories\BookRepository.cs:line 127
   at LibraryApp.Data.Services.BookService.CreateAsync(CreateBookCommand cmd, CancellationToken ct) in C:\Users\Thales\Desktop\netcore\LibraryApp\LibraryApp.Data\Services\BookService.cs:line 57
   at LibraryApp.Data.Services.BookService.CreateAsync(CreateBookCommand cmd, CancellationToken ct) in C:\Users\Thales\Desktop\netcore\LibraryApp\LibraryApp.Data\Services\BookService.cs:line 72
   at BooksController.Create(CreateBookCommand command, CancellationToken ct) in C:\Users\Thales\Desktop\netcore\LibraryApp\LibraryApp.Api\Controllers\BooksController.cs:line 43
   at Microsoft.AspNetCore.Mvc.Infrastructure.ActionMethodExecutor.TaskOfIActionResultExecutor.Execute(ActionContext actionContext, IActionResultTypeMapper mapper, ObjectMethodExecutor executor, Object controller, Object[] arguments)
   at Microsoft.AspNetCore.Mvc.Infrastructure.ControllerActionInvoker.<InvokeActionMethodAsync>g__Awaited|12_0(ControllerActionInvoker invoker, ValueTask`1 actionResultValueTask)
   at Microsoft.AspNetCore.Mvc.Infrastructure.ControllerActionInvoker.<InvokeNextActionFilterAsync>g__Awaited|10_0(ControllerActionInvoker invoker, Task lastTask, State next, Scope scope, Object state, Boolean isCompleted)
   at Microsoft.AspNetCore.Mvc.Infrastructure.ControllerActionInvoker.Rethrow(ActionExecutedContextSealed context)
   at Microsoft.AspNetCore.Mvc.Infrastructure.ControllerActionInvoker.Next(State& next, Scope& scope, Object& state, Boolean& isCompleted)
   at Microsoft.AspNetCore.Mvc.Infrastructure.ControllerActionInvoker.<InvokeInnerFilterAsync>g__Awaited|13_0(ControllerActionInvoker invoker, Task lastTask, State next, Scope scope, Object state, Boolean isCompleted)
   at Microsoft.AspNetCore.Mvc.Infrastructure.ResourceInvoker.<InvokeFilterPipelineAsync>g__Awaited|20_0(ResourceInvoker invoker, Task lastTask, State next, Scope scope, Object state, Boolean isCompleted)
   at Microsoft.AspNetCore.Mvc.Infrastructure.ResourceInvoker.<InvokeAsync>g__Logged|17_1(ResourceInvoker invoker)
   at Microsoft.AspNetCore.Mvc.Infrastructure.ResourceInvoker.<InvokeAsync>g__Logged|17_1(ResourceInvoker invoker)
   at Swashbuckle.AspNetCore.SwaggerUI.SwaggerUIMiddleware.Invoke(HttpContext httpContext)
   at Swashbuckle.AspNetCore.Swagger.SwaggerMiddleware.Invoke(HttpContext httpContext, ISwaggerProvider swaggerProvider)
   at Serilog.AspNetCore.RequestLoggingMiddleware.Invoke(HttpContext httpContext)
   at LibraryApp.Api.Middleware.ExceptionMiddleware.InvokeAsync(HttpContext context) in C:\Users\Thales\Desktop\netcore\LibraryApp\LibraryApp.Api\Middleware\ExceptionMiddleware.cs:line 22
2026-06-01 09:41:20.088 +03:00 [INF] Request finished HTTP/1.1 POST http://localhost:5112/api/Books - 500 null application/problem+json 51.5992ms
2026-06-01 09:41:40.085 +03:00 [INF] Request starting HTTP/1.1 POST http://localhost:5112/api/Books - application/json 310
2026-06-01 09:41:40.085 +03:00 [INF] CORS policy execution failed.
2026-06-01 09:41:40.085 +03:00 [INF] Request origin http://localhost:5112 does not have permission to access the resource.
2026-06-01 09:41:40.085 +03:00 [INF] Route matched with {action = "Create", controller = "Books"}. Executing controller action with signature System.Threading.Tasks.Task`1[Microsoft.AspNetCore.Mvc.IActionResult] Create(CreateBookCommand, System.Threading.CancellationToken) on controller BooksController (LibraryApp.Api).
2026-06-01 09:41:40.096 +03:00 [WRN] Savepoints are disabled because Multiple Active Result Sets (MARS) is enabled. If 'SaveChanges' fails, then the transaction cannot be automatically rolled back to a known clean state. Instead, the transaction should be rolled back by the application before retrying 'SaveChanges'. See https://go.microsoft.com/fwlink/?linkid=2149338 for more information and examples. To identify the code which triggers this warning, call 'ConfigureWarnings(w => w.Throw(SqlServerEventId.SavepointsDisabledBecauseOfMARS))'.
2026-06-01 09:41:40.100 +03:00 [ERR] An exception occurred in the database while saving changes for context type 'LibraryApp.Data.LibraryContext'.
Microsoft.EntityFrameworkCore.DbUpdateException: An error occurred while saving the entity changes. See the inner exception for details.
 ---> Microsoft.Data.SqlClient.SqlException (0x80131904): Cannot insert explicit value for identity column in table 'Authors' when IDENTITY_INSERT is set to OFF.
   at Microsoft.Data.SqlClient.SqlConnection.OnError(SqlException exception, Boolean breakConnection, Action`1 wrapCloseInAction)
   at Microsoft.Data.SqlClient.SqlInternalConnection.OnError(SqlException exception, Boolean breakConnection, Action`1 wrapCloseInAction)
   at Microsoft.Data.SqlClient.TdsParser.ThrowExceptionAndWarning(TdsParserStateObject stateObj, Boolean callerHasConnectionLock, Boolean asyncClose)
   at Microsoft.Data.SqlClient.TdsParser.TryRun(RunBehavior runBehavior, SqlCommand cmdHandler, SqlDataReader dataStream, BulkCopySimpleResultSet bulkCopyHandler, TdsParserStateObject stateObj, Boolean& dataReady)
   at Microsoft.Data.SqlClient.SqlDataReader.TryHasMoreRows(Boolean& moreRows)
   at Microsoft.Data.SqlClient.SqlDataReader.TryReadInternal(Boolean setTimeout, Boolean& more)
   at Microsoft.Data.SqlClient.SqlDataReader.ReadAsyncExecute(Task task, Object state)
   at Microsoft.Data.SqlClient.SqlDataReader.InvokeAsyncCall[T](SqlDataReaderBaseAsyncCallContext`1 context)
--- End of stack trace from previous location ---
   at Microsoft.EntityFrameworkCore.Update.AffectedCountModificationCommandBatch.ConsumeResultSetAsync(Int32 startCommandIndex, RelationalDataReader reader, CancellationToken cancellationToken)
ClientConnectionId:00ef986b-738f-44cb-b455-3d808543a52e
Error Number:544,State:1,Class:16
   --- End of inner exception stack trace ---
   at Microsoft.EntityFrameworkCore.Update.AffectedCountModificationCommandBatch.ConsumeResultSetAsync(Int32 startCommandIndex, RelationalDataReader reader, CancellationToken cancellationToken)
   at Microsoft.EntityFrameworkCore.Update.AffectedCountModificationCommandBatch.ConsumeAsync(RelationalDataReader reader, CancellationToken cancellationToken)
   at Microsoft.EntityFrameworkCore.Update.ReaderModificationCommandBatch.ExecuteAsync(IRelationalConnection connection, CancellationToken cancellationToken)
   at Microsoft.EntityFrameworkCore.Update.ReaderModificationCommandBatch.ExecuteAsync(IRelationalConnection connection, CancellationToken cancellationToken)
   at Microsoft.EntityFrameworkCore.SqlServer.Update.Internal.SqlServerModificationCommandBatch.ExecuteAsync(IRelationalConnection connection, CancellationToken cancellationToken)
   at Microsoft.EntityFrameworkCore.Update.Internal.BatchExecutor.ExecuteAsync(IEnumerable`1 commandBatches, IRelationalConnection connection, CancellationToken cancellationToken)
   at Microsoft.EntityFrameworkCore.Update.Internal.BatchExecutor.ExecuteAsync(IEnumerable`1 commandBatches, IRelationalConnection connection, CancellationToken cancellationToken)
   at Microsoft.EntityFrameworkCore.Update.Internal.BatchExecutor.ExecuteAsync(IEnumerable`1 commandBatches, IRelationalConnection connection, CancellationToken cancellationToken)
   at Microsoft.EntityFrameworkCore.ChangeTracking.Internal.StateManager.SaveChangesAsync(IList`1 entriesToSave, CancellationToken cancellationToken)
   at Microsoft.EntityFrameworkCore.ChangeTracking.Internal.StateManager.SaveChangesAsync(StateManager stateManager, Boolean acceptAllChangesOnSuccess, CancellationToken cancellationToken)
   at Microsoft.EntityFrameworkCore.SqlServer.Storage.Internal.SqlServerExecutionStrategy.ExecuteAsync[TState,TResult](TState state, Func`4 operation, Func`4 verifySucceeded, CancellationToken cancellationToken)
   at Microsoft.EntityFrameworkCore.DbContext.SaveChangesAsync(Boolean acceptAllChangesOnSuccess, CancellationToken cancellationToken)
Microsoft.EntityFrameworkCore.DbUpdateException: An error occurred while saving the entity changes. See the inner exception for details.
 ---> Microsoft.Data.SqlClient.SqlException (0x80131904): Cannot insert explicit value for identity column in table 'Authors' when IDENTITY_INSERT is set to OFF.
   at Microsoft.Data.SqlClient.SqlConnection.OnError(SqlException exception, Boolean breakConnection, Action`1 wrapCloseInAction)
   at Microsoft.Data.SqlClient.SqlInternalConnection.OnError(SqlException exception, Boolean breakConnection, Action`1 wrapCloseInAction)
   at Microsoft.Data.SqlClient.TdsParser.ThrowExceptionAndWarning(TdsParserStateObject stateObj, Boolean callerHasConnectionLock, Boolean asyncClose)
   at Microsoft.Data.SqlClient.TdsParser.TryRun(RunBehavior runBehavior, SqlCommand cmdHandler, SqlDataReader dataStream, BulkCopySimpleResultSet bulkCopyHandler, TdsParserStateObject stateObj, Boolean& dataReady)
   at Microsoft.Data.SqlClient.SqlDataReader.TryHasMoreRows(Boolean& moreRows)
   at Microsoft.Data.SqlClient.SqlDataReader.TryReadInternal(Boolean setTimeout, Boolean& more)
   at Microsoft.Data.SqlClient.SqlDataReader.ReadAsyncExecute(Task task, Object state)
   at Microsoft.Data.SqlClient.SqlDataReader.InvokeAsyncCall[T](SqlDataReaderBaseAsyncCallContext`1 context)
--- End of stack trace from previous location ---
   at Microsoft.EntityFrameworkCore.Update.AffectedCountModificationCommandBatch.ConsumeResultSetAsync(Int32 startCommandIndex, RelationalDataReader reader, CancellationToken cancellationToken)
ClientConnectionId:00ef986b-738f-44cb-b455-3d808543a52e
Error Number:544,State:1,Class:16
   --- End of inner exception stack trace ---
   at Microsoft.EntityFrameworkCore.Update.AffectedCountModificationCommandBatch.ConsumeResultSetAsync(Int32 startCommandIndex, RelationalDataReader reader, CancellationToken cancellationToken)
   at Microsoft.EntityFrameworkCore.Update.AffectedCountModificationCommandBatch.ConsumeAsync(RelationalDataReader reader, CancellationToken cancellationToken)
   at Microsoft.EntityFrameworkCore.Update.ReaderModificationCommandBatch.ExecuteAsync(IRelationalConnection connection, CancellationToken cancellationToken)
   at Microsoft.EntityFrameworkCore.Update.ReaderModificationCommandBatch.ExecuteAsync(IRelationalConnection connection, CancellationToken cancellationToken)
   at Microsoft.EntityFrameworkCore.SqlServer.Update.Internal.SqlServerModificationCommandBatch.ExecuteAsync(IRelationalConnection connection, CancellationToken cancellationToken)
   at Microsoft.EntityFrameworkCore.Update.Internal.BatchExecutor.ExecuteAsync(IEnumerable`1 commandBatches, IRelationalConnection connection, CancellationToken cancellationToken)
   at Microsoft.EntityFrameworkCore.Update.Internal.BatchExecutor.ExecuteAsync(IEnumerable`1 commandBatches, IRelationalConnection connection, CancellationToken cancellationToken)
   at Microsoft.EntityFrameworkCore.Update.Internal.BatchExecutor.ExecuteAsync(IEnumerable`1 commandBatches, IRelationalConnection connection, CancellationToken cancellationToken)
   at Microsoft.EntityFrameworkCore.ChangeTracking.Internal.StateManager.SaveChangesAsync(IList`1 entriesToSave, CancellationToken cancellationToken)
   at Microsoft.EntityFrameworkCore.ChangeTracking.Internal.StateManager.SaveChangesAsync(StateManager stateManager, Boolean acceptAllChangesOnSuccess, CancellationToken cancellationToken)
   at Microsoft.EntityFrameworkCore.SqlServer.Storage.Internal.SqlServerExecutionStrategy.ExecuteAsync[TState,TResult](TState state, Func`4 operation, Func`4 verifySucceeded, CancellationToken cancellationToken)
   at Microsoft.EntityFrameworkCore.DbContext.SaveChangesAsync(Boolean acceptAllChangesOnSuccess, CancellationToken cancellationToken)
2026-06-01 09:41:40.104 +03:00 [ERR] Failed to create book with ISBN '978-0451524935'.
Microsoft.EntityFrameworkCore.DbUpdateException: An error occurred while saving the entity changes. See the inner exception for details.
 ---> Microsoft.Data.SqlClient.SqlException (0x80131904): Cannot insert explicit value for identity column in table 'Authors' when IDENTITY_INSERT is set to OFF.
   at Microsoft.Data.SqlClient.SqlConnection.OnError(SqlException exception, Boolean breakConnection, Action`1 wrapCloseInAction)
   at Microsoft.Data.SqlClient.SqlInternalConnection.OnError(SqlException exception, Boolean breakConnection, Action`1 wrapCloseInAction)
   at Microsoft.Data.SqlClient.TdsParser.ThrowExceptionAndWarning(TdsParserStateObject stateObj, Boolean callerHasConnectionLock, Boolean asyncClose)
   at Microsoft.Data.SqlClient.TdsParser.TryRun(RunBehavior runBehavior, SqlCommand cmdHandler, SqlDataReader dataStream, BulkCopySimpleResultSet bulkCopyHandler, TdsParserStateObject stateObj, Boolean& dataReady)
   at Microsoft.Data.SqlClient.SqlDataReader.TryHasMoreRows(Boolean& moreRows)
   at Microsoft.Data.SqlClient.SqlDataReader.TryReadInternal(Boolean setTimeout, Boolean& more)
   at Microsoft.Data.SqlClient.SqlDataReader.ReadAsyncExecute(Task task, Object state)
   at Microsoft.Data.SqlClient.SqlDataReader.InvokeAsyncCall[T](SqlDataReaderBaseAsyncCallContext`1 context)
--- End of stack trace from previous location ---
   at Microsoft.EntityFrameworkCore.Update.AffectedCountModificationCommandBatch.ConsumeResultSetAsync(Int32 startCommandIndex, RelationalDataReader reader, CancellationToken cancellationToken)
ClientConnectionId:00ef986b-738f-44cb-b455-3d808543a52e
Error Number:544,State:1,Class:16
   --- End of inner exception stack trace ---
   at Microsoft.EntityFrameworkCore.Update.AffectedCountModificationCommandBatch.ConsumeResultSetAsync(Int32 startCommandIndex, RelationalDataReader reader, CancellationToken cancellationToken)
   at Microsoft.EntityFrameworkCore.Update.AffectedCountModificationCommandBatch.ConsumeAsync(RelationalDataReader reader, CancellationToken cancellationToken)
   at Microsoft.EntityFrameworkCore.Update.ReaderModificationCommandBatch.ExecuteAsync(IRelationalConnection connection, CancellationToken cancellationToken)
   at Microsoft.EntityFrameworkCore.Update.ReaderModificationCommandBatch.ExecuteAsync(IRelationalConnection connection, CancellationToken cancellationToken)
   at Microsoft.EntityFrameworkCore.SqlServer.Update.Internal.SqlServerModificationCommandBatch.ExecuteAsync(IRelationalConnection connection, CancellationToken cancellationToken)
   at Microsoft.EntityFrameworkCore.Update.Internal.BatchExecutor.ExecuteAsync(IEnumerable`1 commandBatches, IRelationalConnection connection, CancellationToken cancellationToken)
   at Microsoft.EntityFrameworkCore.Update.Internal.BatchExecutor.ExecuteAsync(IEnumerable`1 commandBatches, IRelationalConnection connection, CancellationToken cancellationToken)
   at Microsoft.EntityFrameworkCore.Update.Internal.BatchExecutor.ExecuteAsync(IEnumerable`1 commandBatches, IRelationalConnection connection, CancellationToken cancellationToken)
   at Microsoft.EntityFrameworkCore.ChangeTracking.Internal.StateManager.SaveChangesAsync(IList`1 entriesToSave, CancellationToken cancellationToken)
   at Microsoft.EntityFrameworkCore.ChangeTracking.Internal.StateManager.SaveChangesAsync(StateManager stateManager, Boolean acceptAllChangesOnSuccess, CancellationToken cancellationToken)
   at Microsoft.EntityFrameworkCore.SqlServer.Storage.Internal.SqlServerExecutionStrategy.ExecuteAsync[TState,TResult](TState state, Func`4 operation, Func`4 verifySucceeded, CancellationToken cancellationToken)
   at Microsoft.EntityFrameworkCore.DbContext.SaveChangesAsync(Boolean acceptAllChangesOnSuccess, CancellationToken cancellationToken)
   at Microsoft.EntityFrameworkCore.DbContext.SaveChangesAsync(Boolean acceptAllChangesOnSuccess, CancellationToken cancellationToken)
   at LibraryApp.Data.Repositories.BookRepository.AddAsync(CreateBookCommand cmd, CancellationToken ct) in C:\Users\Thales\Desktop\netcore\LibraryApp\LibraryApp.Data\Repositories\BookRepository.cs:line 127
   at LibraryApp.Data.Services.BookService.CreateAsync(CreateBookCommand cmd, CancellationToken ct) in C:\Users\Thales\Desktop\netcore\LibraryApp\LibraryApp.Data\Services\BookService.cs:line 57
2026-06-01 09:41:40.107 +03:00 [INF] Executed action BooksController.Create (LibraryApp.Api) in 21.9009ms
2026-06-01 09:41:40.107 +03:00 [ERR] HTTP POST /api/Books responded 500 in 22.5902 ms
Microsoft.EntityFrameworkCore.DbUpdateException: An error occurred while saving the entity changes. See the inner exception for details.
 ---> Microsoft.Data.SqlClient.SqlException (0x80131904): Cannot insert explicit value for identity column in table 'Authors' when IDENTITY_INSERT is set to OFF.
   at Microsoft.Data.SqlClient.SqlConnection.OnError(SqlException exception, Boolean breakConnection, Action`1 wrapCloseInAction)
   at Microsoft.Data.SqlClient.SqlInternalConnection.OnError(SqlException exception, Boolean breakConnection, Action`1 wrapCloseInAction)
   at Microsoft.Data.SqlClient.TdsParser.ThrowExceptionAndWarning(TdsParserStateObject stateObj, Boolean callerHasConnectionLock, Boolean asyncClose)
   at Microsoft.Data.SqlClient.TdsParser.TryRun(RunBehavior runBehavior, SqlCommand cmdHandler, SqlDataReader dataStream, BulkCopySimpleResultSet bulkCopyHandler, TdsParserStateObject stateObj, Boolean& dataReady)
   at Microsoft.Data.SqlClient.SqlDataReader.TryHasMoreRows(Boolean& moreRows)
   at Microsoft.Data.SqlClient.SqlDataReader.TryReadInternal(Boolean setTimeout, Boolean& more)
   at Microsoft.Data.SqlClient.SqlDataReader.ReadAsyncExecute(Task task, Object state)
   at Microsoft.Data.SqlClient.SqlDataReader.InvokeAsyncCall[T](SqlDataReaderBaseAsyncCallContext`1 context)
--- End of stack trace from previous location ---
   at Microsoft.EntityFrameworkCore.Update.AffectedCountModificationCommandBatch.ConsumeResultSetAsync(Int32 startCommandIndex, RelationalDataReader reader, CancellationToken cancellationToken)
ClientConnectionId:00ef986b-738f-44cb-b455-3d808543a52e
Error Number:544,State:1,Class:16
   --- End of inner exception stack trace ---
   at Microsoft.EntityFrameworkCore.Update.AffectedCountModificationCommandBatch.ConsumeResultSetAsync(Int32 startCommandIndex, RelationalDataReader reader, CancellationToken cancellationToken)
   at Microsoft.EntityFrameworkCore.Update.AffectedCountModificationCommandBatch.ConsumeAsync(RelationalDataReader reader, CancellationToken cancellationToken)
   at Microsoft.EntityFrameworkCore.Update.ReaderModificationCommandBatch.ExecuteAsync(IRelationalConnection connection, CancellationToken cancellationToken)
   at Microsoft.EntityFrameworkCore.Update.ReaderModificationCommandBatch.ExecuteAsync(IRelationalConnection connection, CancellationToken cancellationToken)
   at Microsoft.EntityFrameworkCore.SqlServer.Update.Internal.SqlServerModificationCommandBatch.ExecuteAsync(IRelationalConnection connection, CancellationToken cancellationToken)
   at Microsoft.EntityFrameworkCore.Update.Internal.BatchExecutor.ExecuteAsync(IEnumerable`1 commandBatches, IRelationalConnection connection, CancellationToken cancellationToken)
   at Microsoft.EntityFrameworkCore.Update.Internal.BatchExecutor.ExecuteAsync(IEnumerable`1 commandBatches, IRelationalConnection connection, CancellationToken cancellationToken)
   at Microsoft.EntityFrameworkCore.Update.Internal.BatchExecutor.ExecuteAsync(IEnumerable`1 commandBatches, IRelationalConnection connection, CancellationToken cancellationToken)
   at Microsoft.EntityFrameworkCore.ChangeTracking.Internal.StateManager.SaveChangesAsync(IList`1 entriesToSave, CancellationToken cancellationToken)
   at Microsoft.EntityFrameworkCore.ChangeTracking.Internal.StateManager.SaveChangesAsync(StateManager stateManager, Boolean acceptAllChangesOnSuccess, CancellationToken cancellationToken)
   at Microsoft.EntityFrameworkCore.SqlServer.Storage.Internal.SqlServerExecutionStrategy.ExecuteAsync[TState,TResult](TState state, Func`4 operation, Func`4 verifySucceeded, CancellationToken cancellationToken)
   at Microsoft.EntityFrameworkCore.DbContext.SaveChangesAsync(Boolean acceptAllChangesOnSuccess, CancellationToken cancellationToken)
   at Microsoft.EntityFrameworkCore.DbContext.SaveChangesAsync(Boolean acceptAllChangesOnSuccess, CancellationToken cancellationToken)
   at LibraryApp.Data.Repositories.BookRepository.AddAsync(CreateBookCommand cmd, CancellationToken ct) in C:\Users\Thales\Desktop\netcore\LibraryApp\LibraryApp.Data\Repositories\BookRepository.cs:line 127
   at LibraryApp.Data.Services.BookService.CreateAsync(CreateBookCommand cmd, CancellationToken ct) in C:\Users\Thales\Desktop\netcore\LibraryApp\LibraryApp.Data\Services\BookService.cs:line 57
   at LibraryApp.Data.Services.BookService.CreateAsync(CreateBookCommand cmd, CancellationToken ct) in C:\Users\Thales\Desktop\netcore\LibraryApp\LibraryApp.Data\Services\BookService.cs:line 72
   at BooksController.Create(CreateBookCommand command, CancellationToken ct) in C:\Users\Thales\Desktop\netcore\LibraryApp\LibraryApp.Api\Controllers\BooksController.cs:line 43
   at Microsoft.AspNetCore.Mvc.Infrastructure.ActionMethodExecutor.TaskOfIActionResultExecutor.Execute(ActionContext actionContext, IActionResultTypeMapper mapper, ObjectMethodExecutor executor, Object controller, Object[] arguments)
   at Microsoft.AspNetCore.Mvc.Infrastructure.ControllerActionInvoker.<InvokeActionMethodAsync>g__Awaited|12_0(ControllerActionInvoker invoker, ValueTask`1 actionResultValueTask)
   at Microsoft.AspNetCore.Mvc.Infrastructure.ControllerActionInvoker.<InvokeNextActionFilterAsync>g__Awaited|10_0(ControllerActionInvoker invoker, Task lastTask, State next, Scope scope, Object state, Boolean isCompleted)
   at Microsoft.AspNetCore.Mvc.Infrastructure.ControllerActionInvoker.Rethrow(ActionExecutedContextSealed context)
   at Microsoft.AspNetCore.Mvc.Infrastructure.ControllerActionInvoker.Next(State& next, Scope& scope, Object& state, Boolean& isCompleted)
   at Microsoft.AspNetCore.Mvc.Infrastructure.ControllerActionInvoker.<InvokeInnerFilterAsync>g__Awaited|13_0(ControllerActionInvoker invoker, Task lastTask, State next, Scope scope, Object state, Boolean isCompleted)
   at Microsoft.AspNetCore.Mvc.Infrastructure.ResourceInvoker.<InvokeFilterPipelineAsync>g__Awaited|20_0(ResourceInvoker invoker, Task lastTask, State next, Scope scope, Object state, Boolean isCompleted)
   at Microsoft.AspNetCore.Mvc.Infrastructure.ResourceInvoker.<InvokeAsync>g__Logged|17_1(ResourceInvoker invoker)
   at Microsoft.AspNetCore.Mvc.Infrastructure.ResourceInvoker.<InvokeAsync>g__Logged|17_1(ResourceInvoker invoker)
   at Swashbuckle.AspNetCore.SwaggerUI.SwaggerUIMiddleware.Invoke(HttpContext httpContext)
   at Swashbuckle.AspNetCore.Swagger.SwaggerMiddleware.Invoke(HttpContext httpContext, ISwaggerProvider swaggerProvider)
   at Serilog.AspNetCore.RequestLoggingMiddleware.Invoke(HttpContext httpContext)
2026-06-01 09:41:40.112 +03:00 [ERR] Unhandled exception on POST /api/Books
Microsoft.EntityFrameworkCore.DbUpdateException: An error occurred while saving the entity changes. See the inner exception for details.
 ---> Microsoft.Data.SqlClient.SqlException (0x80131904): Cannot insert explicit value for identity column in table 'Authors' when IDENTITY_INSERT is set to OFF.
   at Microsoft.Data.SqlClient.SqlConnection.OnError(SqlException exception, Boolean breakConnection, Action`1 wrapCloseInAction)
   at Microsoft.Data.SqlClient.SqlInternalConnection.OnError(SqlException exception, Boolean breakConnection, Action`1 wrapCloseInAction)
   at Microsoft.Data.SqlClient.TdsParser.ThrowExceptionAndWarning(TdsParserStateObject stateObj, Boolean callerHasConnectionLock, Boolean asyncClose)
   at Microsoft.Data.SqlClient.TdsParser.TryRun(RunBehavior runBehavior, SqlCommand cmdHandler, SqlDataReader dataStream, BulkCopySimpleResultSet bulkCopyHandler, TdsParserStateObject stateObj, Boolean& dataReady)
   at Microsoft.Data.SqlClient.SqlDataReader.TryHasMoreRows(Boolean& moreRows)
   at Microsoft.Data.SqlClient.SqlDataReader.TryReadInternal(Boolean setTimeout, Boolean& more)
   at Microsoft.Data.SqlClient.SqlDataReader.ReadAsyncExecute(Task task, Object state)
   at Microsoft.Data.SqlClient.SqlDataReader.InvokeAsyncCall[T](SqlDataReaderBaseAsyncCallContext`1 context)
--- End of stack trace from previous location ---
   at Microsoft.EntityFrameworkCore.Update.AffectedCountModificationCommandBatch.ConsumeResultSetAsync(Int32 startCommandIndex, RelationalDataReader reader, CancellationToken cancellationToken)
ClientConnectionId:00ef986b-738f-44cb-b455-3d808543a52e
Error Number:544,State:1,Class:16
   --- End of inner exception stack trace ---
   at Microsoft.EntityFrameworkCore.Update.AffectedCountModificationCommandBatch.ConsumeResultSetAsync(Int32 startCommandIndex, RelationalDataReader reader, CancellationToken cancellationToken)
   at Microsoft.EntityFrameworkCore.Update.AffectedCountModificationCommandBatch.ConsumeAsync(RelationalDataReader reader, CancellationToken cancellationToken)
   at Microsoft.EntityFrameworkCore.Update.ReaderModificationCommandBatch.ExecuteAsync(IRelationalConnection connection, CancellationToken cancellationToken)
   at Microsoft.EntityFrameworkCore.Update.ReaderModificationCommandBatch.ExecuteAsync(IRelationalConnection connection, CancellationToken cancellationToken)
   at Microsoft.EntityFrameworkCore.SqlServer.Update.Internal.SqlServerModificationCommandBatch.ExecuteAsync(IRelationalConnection connection, CancellationToken cancellationToken)
   at Microsoft.EntityFrameworkCore.Update.Internal.BatchExecutor.ExecuteAsync(IEnumerable`1 commandBatches, IRelationalConnection connection, CancellationToken cancellationToken)
   at Microsoft.EntityFrameworkCore.Update.Internal.BatchExecutor.ExecuteAsync(IEnumerable`1 commandBatches, IRelationalConnection connection, CancellationToken cancellationToken)
   at Microsoft.EntityFrameworkCore.Update.Internal.BatchExecutor.ExecuteAsync(IEnumerable`1 commandBatches, IRelationalConnection connection, CancellationToken cancellationToken)
   at Microsoft.EntityFrameworkCore.ChangeTracking.Internal.StateManager.SaveChangesAsync(IList`1 entriesToSave, CancellationToken cancellationToken)
   at Microsoft.EntityFrameworkCore.ChangeTracking.Internal.StateManager.SaveChangesAsync(StateManager stateManager, Boolean acceptAllChangesOnSuccess, CancellationToken cancellationToken)
   at Microsoft.EntityFrameworkCore.SqlServer.Storage.Internal.SqlServerExecutionStrategy.ExecuteAsync[TState,TResult](TState state, Func`4 operation, Func`4 verifySucceeded, CancellationToken cancellationToken)
   at Microsoft.EntityFrameworkCore.DbContext.SaveChangesAsync(Boolean acceptAllChangesOnSuccess, CancellationToken cancellationToken)
   at Microsoft.EntityFrameworkCore.DbContext.SaveChangesAsync(Boolean acceptAllChangesOnSuccess, CancellationToken cancellationToken)
   at LibraryApp.Data.Repositories.BookRepository.AddAsync(CreateBookCommand cmd, CancellationToken ct) in C:\Users\Thales\Desktop\netcore\LibraryApp\LibraryApp.Data\Repositories\BookRepository.cs:line 127
   at LibraryApp.Data.Services.BookService.CreateAsync(CreateBookCommand cmd, CancellationToken ct) in C:\Users\Thales\Desktop\netcore\LibraryApp\LibraryApp.Data\Services\BookService.cs:line 57
   at LibraryApp.Data.Services.BookService.CreateAsync(CreateBookCommand cmd, CancellationToken ct) in C:\Users\Thales\Desktop\netcore\LibraryApp\LibraryApp.Data\Services\BookService.cs:line 72
   at BooksController.Create(CreateBookCommand command, CancellationToken ct) in C:\Users\Thales\Desktop\netcore\LibraryApp\LibraryApp.Api\Controllers\BooksController.cs:line 43
   at Microsoft.AspNetCore.Mvc.Infrastructure.ActionMethodExecutor.TaskOfIActionResultExecutor.Execute(ActionContext actionContext, IActionResultTypeMapper mapper, ObjectMethodExecutor executor, Object controller, Object[] arguments)
   at Microsoft.AspNetCore.Mvc.Infrastructure.ControllerActionInvoker.<InvokeActionMethodAsync>g__Awaited|12_0(ControllerActionInvoker invoker, ValueTask`1 actionResultValueTask)
   at Microsoft.AspNetCore.Mvc.Infrastructure.ControllerActionInvoker.<InvokeNextActionFilterAsync>g__Awaited|10_0(ControllerActionInvoker invoker, Task lastTask, State next, Scope scope, Object state, Boolean isCompleted)
   at Microsoft.AspNetCore.Mvc.Infrastructure.ControllerActionInvoker.Rethrow(ActionExecutedContextSealed context)
   at Microsoft.AspNetCore.Mvc.Infrastructure.ControllerActionInvoker.Next(State& next, Scope& scope, Object& state, Boolean& isCompleted)
   at Microsoft.AspNetCore.Mvc.Infrastructure.ControllerActionInvoker.<InvokeInnerFilterAsync>g__Awaited|13_0(ControllerActionInvoker invoker, Task lastTask, State next, Scope scope, Object state, Boolean isCompleted)
   at Microsoft.AspNetCore.Mvc.Infrastructure.ResourceInvoker.<InvokeFilterPipelineAsync>g__Awaited|20_0(ResourceInvoker invoker, Task lastTask, State next, Scope scope, Object state, Boolean isCompleted)
   at Microsoft.AspNetCore.Mvc.Infrastructure.ResourceInvoker.<InvokeAsync>g__Logged|17_1(ResourceInvoker invoker)
   at Microsoft.AspNetCore.Mvc.Infrastructure.ResourceInvoker.<InvokeAsync>g__Logged|17_1(ResourceInvoker invoker)
   at Swashbuckle.AspNetCore.SwaggerUI.SwaggerUIMiddleware.Invoke(HttpContext httpContext)
   at Swashbuckle.AspNetCore.Swagger.SwaggerMiddleware.Invoke(HttpContext httpContext, ISwaggerProvider swaggerProvider)
   at Serilog.AspNetCore.RequestLoggingMiddleware.Invoke(HttpContext httpContext)
   at LibraryApp.Api.Middleware.ExceptionMiddleware.InvokeAsync(HttpContext context) in C:\Users\Thales\Desktop\netcore\LibraryApp\LibraryApp.Api\Middleware\ExceptionMiddleware.cs:line 22
2026-06-01 09:41:40.134 +03:00 [INF] Request finished HTTP/1.1 POST http://localhost:5112/api/Books - 500 null application/problem+json 49.567ms
2026-06-01 09:46:36.721 +03:00 [INF] Now listening on: http://localhost:5112
2026-06-01 09:46:36.762 +03:00 [INF] Application started. Press Ctrl+C to shut down.
2026-06-01 09:46:36.763 +03:00 [INF] Hosting environment: Development
2026-06-01 09:46:36.763 +03:00 [INF] Content root path: C:\Users\Thales\Desktop\netcore\LibraryApp\LibraryApp.Api
2026-06-01 09:46:36.907 +03:00 [INF] Request starting HTTP/1.1 POST http://localhost:5112/api/Books - application/json 310
2026-06-01 09:46:36.941 +03:00 [INF] CORS policy execution failed.
2026-06-01 09:46:36.941 +03:00 [INF] Request origin http://localhost:5112 does not have permission to access the resource.
2026-06-01 09:46:36.991 +03:00 [INF] Route matched with {action = "Create", controller = "Books"}. Executing controller action with signature System.Threading.Tasks.Task`1[Microsoft.AspNetCore.Mvc.IActionResult] Create(CreateBookCommand, System.Threading.CancellationToken) on controller BooksController (LibraryApp.Api).
2026-06-01 09:46:40.379 +03:00 [WRN] Savepoints are disabled because Multiple Active Result Sets (MARS) is enabled. If 'SaveChanges' fails, then the transaction cannot be automatically rolled back to a known clean state. Instead, the transaction should be rolled back by the application before retrying 'SaveChanges'. See https://go.microsoft.com/fwlink/?linkid=2149338 for more information and examples. To identify the code which triggers this warning, call 'ConfigureWarnings(w => w.Throw(SqlServerEventId.SavepointsDisabledBecauseOfMARS))'.
2026-06-01 09:46:40.428 +03:00 [ERR] An exception occurred in the database while saving changes for context type 'LibraryApp.Data.LibraryContext'.
Microsoft.EntityFrameworkCore.DbUpdateException: An error occurred while saving the entity changes. See the inner exception for details.
 ---> Microsoft.Data.SqlClient.SqlException (0x80131904): Cannot insert explicit value for identity column in table 'Authors' when IDENTITY_INSERT is set to OFF.
   at Microsoft.Data.SqlClient.SqlConnection.OnError(SqlException exception, Boolean breakConnection, Action`1 wrapCloseInAction)
   at Microsoft.Data.SqlClient.SqlInternalConnection.OnError(SqlException exception, Boolean breakConnection, Action`1 wrapCloseInAction)
   at Microsoft.Data.SqlClient.TdsParser.ThrowExceptionAndWarning(TdsParserStateObject stateObj, Boolean callerHasConnectionLock, Boolean asyncClose)
   at Microsoft.Data.SqlClient.TdsParser.TryRun(RunBehavior runBehavior, SqlCommand cmdHandler, SqlDataReader dataStream, BulkCopySimpleResultSet bulkCopyHandler, TdsParserStateObject stateObj, Boolean& dataReady)
   at Microsoft.Data.SqlClient.SqlDataReader.TryHasMoreRows(Boolean& moreRows)
   at Microsoft.Data.SqlClient.SqlDataReader.TryReadInternal(Boolean setTimeout, Boolean& more)
   at Microsoft.Data.SqlClient.SqlDataReader.ReadAsyncExecute(Task task, Object state)
   at Microsoft.Data.SqlClient.SqlDataReader.InvokeAsyncCall[T](SqlDataReaderBaseAsyncCallContext`1 context)
--- End of stack trace from previous location ---
   at Microsoft.EntityFrameworkCore.Update.AffectedCountModificationCommandBatch.ConsumeResultSetAsync(Int32 startCommandIndex, RelationalDataReader reader, CancellationToken cancellationToken)
ClientConnectionId:ecf10b3c-cd81-4825-9e17-9841d1189e6d
Error Number:544,State:1,Class:16
   --- End of inner exception stack trace ---
   at Microsoft.EntityFrameworkCore.Update.AffectedCountModificationCommandBatch.ConsumeResultSetAsync(Int32 startCommandIndex, RelationalDataReader reader, CancellationToken cancellationToken)
   at Microsoft.EntityFrameworkCore.Update.AffectedCountModificationCommandBatch.ConsumeAsync(RelationalDataReader reader, CancellationToken cancellationToken)
   at Microsoft.EntityFrameworkCore.Update.ReaderModificationCommandBatch.ExecuteAsync(IRelationalConnection connection, CancellationToken cancellationToken)
   at Microsoft.EntityFrameworkCore.Update.ReaderModificationCommandBatch.ExecuteAsync(IRelationalConnection connection, CancellationToken cancellationToken)
   at Microsoft.EntityFrameworkCore.SqlServer.Update.Internal.SqlServerModificationCommandBatch.ExecuteAsync(IRelationalConnection connection, CancellationToken cancellationToken)
   at Microsoft.EntityFrameworkCore.Update.Internal.BatchExecutor.ExecuteAsync(IEnumerable`1 commandBatches, IRelationalConnection connection, CancellationToken cancellationToken)
   at Microsoft.EntityFrameworkCore.Update.Internal.BatchExecutor.ExecuteAsync(IEnumerable`1 commandBatches, IRelationalConnection connection, CancellationToken cancellationToken)
   at Microsoft.EntityFrameworkCore.Update.Internal.BatchExecutor.ExecuteAsync(IEnumerable`1 commandBatches, IRelationalConnection connection, CancellationToken cancellationToken)
   at Microsoft.EntityFrameworkCore.ChangeTracking.Internal.StateManager.SaveChangesAsync(IList`1 entriesToSave, CancellationToken cancellationToken)
   at Microsoft.EntityFrameworkCore.ChangeTracking.Internal.StateManager.SaveChangesAsync(StateManager stateManager, Boolean acceptAllChangesOnSuccess, CancellationToken cancellationToken)
   at Microsoft.EntityFrameworkCore.SqlServer.Storage.Internal.SqlServerExecutionStrategy.ExecuteAsync[TState,TResult](TState state, Func`4 operation, Func`4 verifySucceeded, CancellationToken cancellationToken)
   at Microsoft.EntityFrameworkCore.DbContext.SaveChangesAsync(Boolean acceptAllChangesOnSuccess, CancellationToken cancellationToken)
Microsoft.EntityFrameworkCore.DbUpdateException: An error occurred while saving the entity changes. See the inner exception for details.
 ---> Microsoft.Data.SqlClient.SqlException (0x80131904): Cannot insert explicit value for identity column in table 'Authors' when IDENTITY_INSERT is set to OFF.
   at Microsoft.Data.SqlClient.SqlConnection.OnError(SqlException exception, Boolean breakConnection, Action`1 wrapCloseInAction)
   at Microsoft.Data.SqlClient.SqlInternalConnection.OnError(SqlException exception, Boolean breakConnection, Action`1 wrapCloseInAction)
   at Microsoft.Data.SqlClient.TdsParser.ThrowExceptionAndWarning(TdsParserStateObject stateObj, Boolean callerHasConnectionLock, Boolean asyncClose)
   at Microsoft.Data.SqlClient.TdsParser.TryRun(RunBehavior runBehavior, SqlCommand cmdHandler, SqlDataReader dataStream, BulkCopySimpleResultSet bulkCopyHandler, TdsParserStateObject stateObj, Boolean& dataReady)
   at Microsoft.Data.SqlClient.SqlDataReader.TryHasMoreRows(Boolean& moreRows)
   at Microsoft.Data.SqlClient.SqlDataReader.TryReadInternal(Boolean setTimeout, Boolean& more)
   at Microsoft.Data.SqlClient.SqlDataReader.ReadAsyncExecute(Task task, Object state)
   at Microsoft.Data.SqlClient.SqlDataReader.InvokeAsyncCall[T](SqlDataReaderBaseAsyncCallContext`1 context)
--- End of stack trace from previous location ---
   at Microsoft.EntityFrameworkCore.Update.AffectedCountModificationCommandBatch.ConsumeResultSetAsync(Int32 startCommandIndex, RelationalDataReader reader, CancellationToken cancellationToken)
ClientConnectionId:ecf10b3c-cd81-4825-9e17-9841d1189e6d
Error Number:544,State:1,Class:16
   --- End of inner exception stack trace ---
   at Microsoft.EntityFrameworkCore.Update.AffectedCountModificationCommandBatch.ConsumeResultSetAsync(Int32 startCommandIndex, RelationalDataReader reader, CancellationToken cancellationToken)
   at Microsoft.EntityFrameworkCore.Update.AffectedCountModificationCommandBatch.ConsumeAsync(RelationalDataReader reader, CancellationToken cancellationToken)
   at Microsoft.EntityFrameworkCore.Update.ReaderModificationCommandBatch.ExecuteAsync(IRelationalConnection connection, CancellationToken cancellationToken)
   at Microsoft.EntityFrameworkCore.Update.ReaderModificationCommandBatch.ExecuteAsync(IRelationalConnection connection, CancellationToken cancellationToken)
   at Microsoft.EntityFrameworkCore.SqlServer.Update.Internal.SqlServerModificationCommandBatch.ExecuteAsync(IRelationalConnection connection, CancellationToken cancellationToken)
   at Microsoft.EntityFrameworkCore.Update.Internal.BatchExecutor.ExecuteAsync(IEnumerable`1 commandBatches, IRelationalConnection connection, CancellationToken cancellationToken)
   at Microsoft.EntityFrameworkCore.Update.Internal.BatchExecutor.ExecuteAsync(IEnumerable`1 commandBatches, IRelationalConnection connection, CancellationToken cancellationToken)
   at Microsoft.EntityFrameworkCore.Update.Internal.BatchExecutor.ExecuteAsync(IEnumerable`1 commandBatches, IRelationalConnection connection, CancellationToken cancellationToken)
   at Microsoft.EntityFrameworkCore.ChangeTracking.Internal.StateManager.SaveChangesAsync(IList`1 entriesToSave, CancellationToken cancellationToken)
   at Microsoft.EntityFrameworkCore.ChangeTracking.Internal.StateManager.SaveChangesAsync(StateManager stateManager, Boolean acceptAllChangesOnSuccess, CancellationToken cancellationToken)
   at Microsoft.EntityFrameworkCore.SqlServer.Storage.Internal.SqlServerExecutionStrategy.ExecuteAsync[TState,TResult](TState state, Func`4 operation, Func`4 verifySucceeded, CancellationToken cancellationToken)
   at Microsoft.EntityFrameworkCore.DbContext.SaveChangesAsync(Boolean acceptAllChangesOnSuccess, CancellationToken cancellationToken)
2026-06-01 09:46:40.441 +03:00 [ERR] Failed to create book with ISBN '978-0451524935'.
Microsoft.EntityFrameworkCore.DbUpdateException: An error occurred while saving the entity changes. See the inner exception for details.
 ---> Microsoft.Data.SqlClient.SqlException (0x80131904): Cannot insert explicit value for identity column in table 'Authors' when IDENTITY_INSERT is set to OFF.
   at Microsoft.Data.SqlClient.SqlConnection.OnError(SqlException exception, Boolean breakConnection, Action`1 wrapCloseInAction)
   at Microsoft.Data.SqlClient.SqlInternalConnection.OnError(SqlException exception, Boolean breakConnection, Action`1 wrapCloseInAction)
   at Microsoft.Data.SqlClient.TdsParser.ThrowExceptionAndWarning(TdsParserStateObject stateObj, Boolean callerHasConnectionLock, Boolean asyncClose)
   at Microsoft.Data.SqlClient.TdsParser.TryRun(RunBehavior runBehavior, SqlCommand cmdHandler, SqlDataReader dataStream, BulkCopySimpleResultSet bulkCopyHandler, TdsParserStateObject stateObj, Boolean& dataReady)
   at Microsoft.Data.SqlClient.SqlDataReader.TryHasMoreRows(Boolean& moreRows)
   at Microsoft.Data.SqlClient.SqlDataReader.TryReadInternal(Boolean setTimeout, Boolean& more)
   at Microsoft.Data.SqlClient.SqlDataReader.ReadAsyncExecute(Task task, Object state)
   at Microsoft.Data.SqlClient.SqlDataReader.InvokeAsyncCall[T](SqlDataReaderBaseAsyncCallContext`1 context)
--- End of stack trace from previous location ---
   at Microsoft.EntityFrameworkCore.Update.AffectedCountModificationCommandBatch.ConsumeResultSetAsync(Int32 startCommandIndex, RelationalDataReader reader, CancellationToken cancellationToken)
ClientConnectionId:ecf10b3c-cd81-4825-9e17-9841d1189e6d
Error Number:544,State:1,Class:16
   --- End of inner exception stack trace ---
   at Microsoft.EntityFrameworkCore.Update.AffectedCountModificationCommandBatch.ConsumeResultSetAsync(Int32 startCommandIndex, RelationalDataReader reader, CancellationToken cancellationToken)
   at Microsoft.EntityFrameworkCore.Update.AffectedCountModificationCommandBatch.ConsumeAsync(RelationalDataReader reader, CancellationToken cancellationToken)
   at Microsoft.EntityFrameworkCore.Update.ReaderModificationCommandBatch.ExecuteAsync(IRelationalConnection connection, CancellationToken cancellationToken)
   at Microsoft.EntityFrameworkCore.Update.ReaderModificationCommandBatch.ExecuteAsync(IRelationalConnection connection, CancellationToken cancellationToken)
   at Microsoft.EntityFrameworkCore.SqlServer.Update.Internal.SqlServerModificationCommandBatch.ExecuteAsync(IRelationalConnection connection, CancellationToken cancellationToken)
   at Microsoft.EntityFrameworkCore.Update.Internal.BatchExecutor.ExecuteAsync(IEnumerable`1 commandBatches, IRelationalConnection connection, CancellationToken cancellationToken)
   at Microsoft.EntityFrameworkCore.Update.Internal.BatchExecutor.ExecuteAsync(IEnumerable`1 commandBatches, IRelationalConnection connection, CancellationToken cancellationToken)
   at Microsoft.EntityFrameworkCore.Update.Internal.BatchExecutor.ExecuteAsync(IEnumerable`1 commandBatches, IRelationalConnection connection, CancellationToken cancellationToken)
   at Microsoft.EntityFrameworkCore.ChangeTracking.Internal.StateManager.SaveChangesAsync(IList`1 entriesToSave, CancellationToken cancellationToken)
   at Microsoft.EntityFrameworkCore.ChangeTracking.Internal.StateManager.SaveChangesAsync(StateManager stateManager, Boolean acceptAllChangesOnSuccess, CancellationToken cancellationToken)
   at Microsoft.EntityFrameworkCore.SqlServer.Storage.Internal.SqlServerExecutionStrategy.ExecuteAsync[TState,TResult](TState state, Func`4 operation, Func`4 verifySucceeded, CancellationToken cancellationToken)
   at Microsoft.EntityFrameworkCore.DbContext.SaveChangesAsync(Boolean acceptAllChangesOnSuccess, CancellationToken cancellationToken)
   at Microsoft.EntityFrameworkCore.DbContext.SaveChangesAsync(Boolean acceptAllChangesOnSuccess, CancellationToken cancellationToken)
   at LibraryApp.Data.Repositories.BookRepository.AddAsync(CreateBookCommand cmd, CancellationToken ct) in C:\Users\Thales\Desktop\netcore\LibraryApp\LibraryApp.Data\Repositories\BookRepository.cs:line 127
   at LibraryApp.Data.Services.BookService.CreateAsync(CreateBookCommand cmd, CancellationToken ct) in C:\Users\Thales\Desktop\netcore\LibraryApp\LibraryApp.Data\Services\BookService.cs:line 57
2026-06-01 09:46:40.454 +03:00 [INF] Executed action BooksController.Create (LibraryApp.Api) in 3458.5719ms
2026-06-01 09:46:40.460 +03:00 [ERR] HTTP POST /api/Books responded 500 in 3519.8655 ms
Microsoft.EntityFrameworkCore.DbUpdateException: An error occurred while saving the entity changes. See the inner exception for details.
 ---> Microsoft.Data.SqlClient.SqlException (0x80131904): Cannot insert explicit value for identity column in table 'Authors' when IDENTITY_INSERT is set to OFF.
   at Microsoft.Data.SqlClient.SqlConnection.OnError(SqlException exception, Boolean breakConnection, Action`1 wrapCloseInAction)
   at Microsoft.Data.SqlClient.SqlInternalConnection.OnError(SqlException exception, Boolean breakConnection, Action`1 wrapCloseInAction)
   at Microsoft.Data.SqlClient.TdsParser.ThrowExceptionAndWarning(TdsParserStateObject stateObj, Boolean callerHasConnectionLock, Boolean asyncClose)
   at Microsoft.Data.SqlClient.TdsParser.TryRun(RunBehavior runBehavior, SqlCommand cmdHandler, SqlDataReader dataStream, BulkCopySimpleResultSet bulkCopyHandler, TdsParserStateObject stateObj, Boolean& dataReady)
   at Microsoft.Data.SqlClient.SqlDataReader.TryHasMoreRows(Boolean& moreRows)
   at Microsoft.Data.SqlClient.SqlDataReader.TryReadInternal(Boolean setTimeout, Boolean& more)
   at Microsoft.Data.SqlClient.SqlDataReader.ReadAsyncExecute(Task task, Object state)
   at Microsoft.Data.SqlClient.SqlDataReader.InvokeAsyncCall[T](SqlDataReaderBaseAsyncCallContext`1 context)
--- End of stack trace from previous location ---
   at Microsoft.EntityFrameworkCore.Update.AffectedCountModificationCommandBatch.ConsumeResultSetAsync(Int32 startCommandIndex, RelationalDataReader reader, CancellationToken cancellationToken)
ClientConnectionId:ecf10b3c-cd81-4825-9e17-9841d1189e6d
Error Number:544,State:1,Class:16
   --- End of inner exception stack trace ---
   at Microsoft.EntityFrameworkCore.Update.AffectedCountModificationCommandBatch.ConsumeResultSetAsync(Int32 startCommandIndex, RelationalDataReader reader, CancellationToken cancellationToken)
   at Microsoft.EntityFrameworkCore.Update.AffectedCountModificationCommandBatch.ConsumeAsync(RelationalDataReader reader, CancellationToken cancellationToken)
   at Microsoft.EntityFrameworkCore.Update.ReaderModificationCommandBatch.ExecuteAsync(IRelationalConnection connection, CancellationToken cancellationToken)
   at Microsoft.EntityFrameworkCore.Update.ReaderModificationCommandBatch.ExecuteAsync(IRelationalConnection connection, CancellationToken cancellationToken)
   at Microsoft.EntityFrameworkCore.SqlServer.Update.Internal.SqlServerModificationCommandBatch.ExecuteAsync(IRelationalConnection connection, CancellationToken cancellationToken)
   at Microsoft.EntityFrameworkCore.Update.Internal.BatchExecutor.ExecuteAsync(IEnumerable`1 commandBatches, IRelationalConnection connection, CancellationToken cancellationToken)
   at Microsoft.EntityFrameworkCore.Update.Internal.BatchExecutor.ExecuteAsync(IEnumerable`1 commandBatches, IRelationalConnection connection, CancellationToken cancellationToken)
   at Microsoft.EntityFrameworkCore.Update.Internal.BatchExecutor.ExecuteAsync(IEnumerable`1 commandBatches, IRelationalConnection connection, CancellationToken cancellationToken)
   at Microsoft.EntityFrameworkCore.ChangeTracking.Internal.StateManager.SaveChangesAsync(IList`1 entriesToSave, CancellationToken cancellationToken)
   at Microsoft.EntityFrameworkCore.ChangeTracking.Internal.StateManager.SaveChangesAsync(StateManager stateManager, Boolean acceptAllChangesOnSuccess, CancellationToken cancellationToken)
   at Microsoft.EntityFrameworkCore.SqlServer.Storage.Internal.SqlServerExecutionStrategy.ExecuteAsync[TState,TResult](TState state, Func`4 operation, Func`4 verifySucceeded, CancellationToken cancellationToken)
   at Microsoft.EntityFrameworkCore.DbContext.SaveChangesAsync(Boolean acceptAllChangesOnSuccess, CancellationToken cancellationToken)
   at Microsoft.EntityFrameworkCore.DbContext.SaveChangesAsync(Boolean acceptAllChangesOnSuccess, CancellationToken cancellationToken)
   at LibraryApp.Data.Repositories.BookRepository.AddAsync(CreateBookCommand cmd, CancellationToken ct) in C:\Users\Thales\Desktop\netcore\LibraryApp\LibraryApp.Data\Repositories\BookRepository.cs:line 127
   at LibraryApp.Data.Services.BookService.CreateAsync(CreateBookCommand cmd, CancellationToken ct) in C:\Users\Thales\Desktop\netcore\LibraryApp\LibraryApp.Data\Services\BookService.cs:line 57
   at LibraryApp.Data.Services.BookService.CreateAsync(CreateBookCommand cmd, CancellationToken ct) in C:\Users\Thales\Desktop\netcore\LibraryApp\LibraryApp.Data\Services\BookService.cs:line 72
   at BooksController.Create(CreateBookCommand command, CancellationToken ct) in C:\Users\Thales\Desktop\netcore\LibraryApp\LibraryApp.Api\Controllers\BooksController.cs:line 43
   at Microsoft.AspNetCore.Mvc.Infrastructure.ActionMethodExecutor.TaskOfIActionResultExecutor.Execute(ActionContext actionContext, IActionResultTypeMapper mapper, ObjectMethodExecutor executor, Object controller, Object[] arguments)
   at Microsoft.AspNetCore.Mvc.Infrastructure.ControllerActionInvoker.<InvokeActionMethodAsync>g__Awaited|12_0(ControllerActionInvoker invoker, ValueTask`1 actionResultValueTask)
   at Microsoft.AspNetCore.Mvc.Infrastructure.ControllerActionInvoker.<InvokeNextActionFilterAsync>g__Awaited|10_0(ControllerActionInvoker invoker, Task lastTask, State next, Scope scope, Object state, Boolean isCompleted)
   at Microsoft.AspNetCore.Mvc.Infrastructure.ControllerActionInvoker.Rethrow(ActionExecutedContextSealed context)
   at Microsoft.AspNetCore.Mvc.Infrastructure.ControllerActionInvoker.Next(State& next, Scope& scope, Object& state, Boolean& isCompleted)
   at Microsoft.AspNetCore.Mvc.Infrastructure.ControllerActionInvoker.<InvokeInnerFilterAsync>g__Awaited|13_0(ControllerActionInvoker invoker, Task lastTask, State next, Scope scope, Object state, Boolean isCompleted)
   at Microsoft.AspNetCore.Mvc.Infrastructure.ResourceInvoker.<InvokeFilterPipelineAsync>g__Awaited|20_0(ResourceInvoker invoker, Task lastTask, State next, Scope scope, Object state, Boolean isCompleted)
   at Microsoft.AspNetCore.Mvc.Infrastructure.ResourceInvoker.<InvokeAsync>g__Logged|17_1(ResourceInvoker invoker)
   at Microsoft.AspNetCore.Mvc.Infrastructure.ResourceInvoker.<InvokeAsync>g__Logged|17_1(ResourceInvoker invoker)
   at Swashbuckle.AspNetCore.SwaggerUI.SwaggerUIMiddleware.Invoke(HttpContext httpContext)
   at Swashbuckle.AspNetCore.Swagger.SwaggerMiddleware.Invoke(HttpContext httpContext, ISwaggerProvider swaggerProvider)
   at Serilog.AspNetCore.RequestLoggingMiddleware.Invoke(HttpContext httpContext)
2026-06-01 09:46:40.469 +03:00 [ERR] Unhandled exception on POST /api/Books
Microsoft.EntityFrameworkCore.DbUpdateException: An error occurred while saving the entity changes. See the inner exception for details.
 ---> Microsoft.Data.SqlClient.SqlException (0x80131904): Cannot insert explicit value for identity column in table 'Authors' when IDENTITY_INSERT is set to OFF.
   at Microsoft.Data.SqlClient.SqlConnection.OnError(SqlException exception, Boolean breakConnection, Action`1 wrapCloseInAction)
   at Microsoft.Data.SqlClient.SqlInternalConnection.OnError(SqlException exception, Boolean breakConnection, Action`1 wrapCloseInAction)
   at Microsoft.Data.SqlClient.TdsParser.ThrowExceptionAndWarning(TdsParserStateObject stateObj, Boolean callerHasConnectionLock, Boolean asyncClose)
   at Microsoft.Data.SqlClient.TdsParser.TryRun(RunBehavior runBehavior, SqlCommand cmdHandler, SqlDataReader dataStream, BulkCopySimpleResultSet bulkCopyHandler, TdsParserStateObject stateObj, Boolean& dataReady)
   at Microsoft.Data.SqlClient.SqlDataReader.TryHasMoreRows(Boolean& moreRows)
   at Microsoft.Data.SqlClient.SqlDataReader.TryReadInternal(Boolean setTimeout, Boolean& more)
   at Microsoft.Data.SqlClient.SqlDataReader.ReadAsyncExecute(Task task, Object state)
   at Microsoft.Data.SqlClient.SqlDataReader.InvokeAsyncCall[T](SqlDataReaderBaseAsyncCallContext`1 context)
--- End of stack trace from previous location ---
   at Microsoft.EntityFrameworkCore.Update.AffectedCountModificationCommandBatch.ConsumeResultSetAsync(Int32 startCommandIndex, RelationalDataReader reader, CancellationToken cancellationToken)
ClientConnectionId:ecf10b3c-cd81-4825-9e17-9841d1189e6d
Error Number:544,State:1,Class:16
   --- End of inner exception stack trace ---
   at Microsoft.EntityFrameworkCore.Update.AffectedCountModificationCommandBatch.ConsumeResultSetAsync(Int32 startCommandIndex, RelationalDataReader reader, CancellationToken cancellationToken)
   at Microsoft.EntityFrameworkCore.Update.AffectedCountModificationCommandBatch.ConsumeAsync(RelationalDataReader reader, CancellationToken cancellationToken)
   at Microsoft.EntityFrameworkCore.Update.ReaderModificationCommandBatch.ExecuteAsync(IRelationalConnection connection, CancellationToken cancellationToken)
   at Microsoft.EntityFrameworkCore.Update.ReaderModificationCommandBatch.ExecuteAsync(IRelationalConnection connection, CancellationToken cancellationToken)
   at Microsoft.EntityFrameworkCore.SqlServer.Update.Internal.SqlServerModificationCommandBatch.ExecuteAsync(IRelationalConnection connection, CancellationToken cancellationToken)
   at Microsoft.EntityFrameworkCore.Update.Internal.BatchExecutor.ExecuteAsync(IEnumerable`1 commandBatches, IRelationalConnection connection, CancellationToken cancellationToken)
   at Microsoft.EntityFrameworkCore.Update.Internal.BatchExecutor.ExecuteAsync(IEnumerable`1 commandBatches, IRelationalConnection connection, CancellationToken cancellationToken)
   at Microsoft.EntityFrameworkCore.Update.Internal.BatchExecutor.ExecuteAsync(IEnumerable`1 commandBatches, IRelationalConnection connection, CancellationToken cancellationToken)
   at Microsoft.EntityFrameworkCore.ChangeTracking.Internal.StateManager.SaveChangesAsync(IList`1 entriesToSave, CancellationToken cancellationToken)
   at Microsoft.EntityFrameworkCore.ChangeTracking.Internal.StateManager.SaveChangesAsync(StateManager stateManager, Boolean acceptAllChangesOnSuccess, CancellationToken cancellationToken)
   at Microsoft.EntityFrameworkCore.SqlServer.Storage.Internal.SqlServerExecutionStrategy.ExecuteAsync[TState,TResult](TState state, Func`4 operation, Func`4 verifySucceeded, CancellationToken cancellationToken)
   at Microsoft.EntityFrameworkCore.DbContext.SaveChangesAsync(Boolean acceptAllChangesOnSuccess, CancellationToken cancellationToken)
   at Microsoft.EntityFrameworkCore.DbContext.SaveChangesAsync(Boolean acceptAllChangesOnSuccess, CancellationToken cancellationToken)
   at LibraryApp.Data.Repositories.BookRepository.AddAsync(CreateBookCommand cmd, CancellationToken ct) in C:\Users\Thales\Desktop\netcore\LibraryApp\LibraryApp.Data\Repositories\BookRepository.cs:line 127
   at LibraryApp.Data.Services.BookService.CreateAsync(CreateBookCommand cmd, CancellationToken ct) in C:\Users\Thales\Desktop\netcore\LibraryApp\LibraryApp.Data\Services\BookService.cs:line 57
   at LibraryApp.Data.Services.BookService.CreateAsync(CreateBookCommand cmd, CancellationToken ct) in C:\Users\Thales\Desktop\netcore\LibraryApp\LibraryApp.Data\Services\BookService.cs:line 72
   at BooksController.Create(CreateBookCommand command, CancellationToken ct) in C:\Users\Thales\Desktop\netcore\LibraryApp\LibraryApp.Api\Controllers\BooksController.cs:line 43
   at Microsoft.AspNetCore.Mvc.Infrastructure.ActionMethodExecutor.TaskOfIActionResultExecutor.Execute(ActionContext actionContext, IActionResultTypeMapper mapper, ObjectMethodExecutor executor, Object controller, Object[] arguments)
   at Microsoft.AspNetCore.Mvc.Infrastructure.ControllerActionInvoker.<InvokeActionMethodAsync>g__Awaited|12_0(ControllerActionInvoker invoker, ValueTask`1 actionResultValueTask)
   at Microsoft.AspNetCore.Mvc.Infrastructure.ControllerActionInvoker.<InvokeNextActionFilterAsync>g__Awaited|10_0(ControllerActionInvoker invoker, Task lastTask, State next, Scope scope, Object state, Boolean isCompleted)
   at Microsoft.AspNetCore.Mvc.Infrastructure.ControllerActionInvoker.Rethrow(ActionExecutedContextSealed context)
   at Microsoft.AspNetCore.Mvc.Infrastructure.ControllerActionInvoker.Next(State& next, Scope& scope, Object& state, Boolean& isCompleted)
   at Microsoft.AspNetCore.Mvc.Infrastructure.ControllerActionInvoker.<InvokeInnerFilterAsync>g__Awaited|13_0(ControllerActionInvoker invoker, Task lastTask, State next, Scope scope, Object state, Boolean isCompleted)
   at Microsoft.AspNetCore.Mvc.Infrastructure.ResourceInvoker.<InvokeFilterPipelineAsync>g__Awaited|20_0(ResourceInvoker invoker, Task lastTask, State next, Scope scope, Object state, Boolean isCompleted)
   at Microsoft.AspNetCore.Mvc.Infrastructure.ResourceInvoker.<InvokeAsync>g__Logged|17_1(ResourceInvoker invoker)
   at Microsoft.AspNetCore.Mvc.Infrastructure.ResourceInvoker.<InvokeAsync>g__Logged|17_1(ResourceInvoker invoker)
   at Swashbuckle.AspNetCore.SwaggerUI.SwaggerUIMiddleware.Invoke(HttpContext httpContext)
   at Swashbuckle.AspNetCore.Swagger.SwaggerMiddleware.Invoke(HttpContext httpContext, ISwaggerProvider swaggerProvider)
   at Serilog.AspNetCore.RequestLoggingMiddleware.Invoke(HttpContext httpContext)
   at LibraryApp.Api.Middleware.ExceptionMiddleware.InvokeAsync(HttpContext context) in C:\Users\Thales\Desktop\netcore\LibraryApp\LibraryApp.Api\Middleware\ExceptionMiddleware.cs:line 22
2026-06-01 09:46:40.539 +03:00 [INF] Request finished HTTP/1.1 POST http://localhost:5112/api/Books - 500 null application/problem+json 3633.677ms
2026-06-01 09:48:49.379 +03:00 [INF] Now listening on: http://localhost:5112
2026-06-01 09:48:49.433 +03:00 [INF] Application started. Press Ctrl+C to shut down.
2026-06-01 09:48:49.435 +03:00 [INF] Hosting environment: Development
2026-06-01 09:48:49.435 +03:00 [INF] Content root path: C:\Users\Thales\Desktop\netcore\LibraryApp\LibraryApp.Api
2026-06-01 09:48:50.851 +03:00 [INF] Request starting HTTP/1.1 POST http://localhost:5112/api/Books - application/json 310
2026-06-01 09:48:50.895 +03:00 [INF] CORS policy execution failed.
2026-06-01 09:48:50.896 +03:00 [INF] Request origin http://localhost:5112 does not have permission to access the resource.
2026-06-01 09:48:50.975 +03:00 [INF] Route matched with {action = "Create", controller = "Books"}. Executing controller action with signature System.Threading.Tasks.Task`1[Microsoft.AspNetCore.Mvc.IActionResult] Create(CreateBookCommand, System.Threading.CancellationToken) on controller BooksController (LibraryApp.Api).
2026-06-01 09:48:54.576 +03:00 [WRN] Savepoints are disabled because Multiple Active Result Sets (MARS) is enabled. If 'SaveChanges' fails, then the transaction cannot be automatically rolled back to a known clean state. Instead, the transaction should be rolled back by the application before retrying 'SaveChanges'. See https://go.microsoft.com/fwlink/?linkid=2149338 for more information and examples. To identify the code which triggers this warning, call 'ConfigureWarnings(w => w.Throw(SqlServerEventId.SavepointsDisabledBecauseOfMARS))'.
2026-06-01 09:48:54.651 +03:00 [INF] Book created: 5 'Nineteen Eighty-Four' ISBN=978-0451524935.
2026-06-01 09:48:54.659 +03:00 [INF] Executing CreatedAtActionResult, writing value of type 'CreateBookResult'.
2026-06-01 09:48:54.695 +03:00 [INF] Executed action BooksController.Create (LibraryApp.Api) in 3715.9592ms
2026-06-01 09:48:54.702 +03:00 [INF] HTTP POST /api/Books responded 201 in 3809.2636 ms
2026-06-01 09:48:54.715 +03:00 [INF] Request finished HTTP/1.1 POST http://localhost:5112/api/Books - 201 null application/json; charset=utf-8 3867.0051ms
2026-06-01 11:02:47.158 +03:00 [INF] Request starting HTTP/1.1 GET http://localhost:5112/api/loans/active - application/json null
2026-06-01 11:02:47.172 +03:00 [INF] Route matched with {action = "GetActive", controller = "Loans"}. Executing controller action with signature System.Threading.Tasks.Task`1[Microsoft.AspNetCore.Mvc.IActionResult] GetActive(System.Threading.CancellationToken) on controller LibraryApp.Api.Controllers.LoansController (LibraryApp.Api).
2026-06-01 11:02:47.300 +03:00 [INF] Executing OkObjectResult, writing value of type 'System.Collections.Generic.List`1[[LibraryApp.Core.DTOs.ActiveLoanDto, LibraryApp.Core, Version=1.0.0.0, Culture=neutral, PublicKeyToken=null]]'.
2026-06-01 11:02:47.315 +03:00 [INF] Executed action LibraryApp.Api.Controllers.LoansController.GetActive (LibraryApp.Api) in 142.1598ms
2026-06-01 11:02:47.315 +03:00 [INF] HTTP GET /api/loans/active responded 200 in 154.9918 ms
2026-06-01 11:02:47.316 +03:00 [INF] Request finished HTTP/1.1 GET http://localhost:5112/api/loans/active - 200 null application/json; charset=utf-8 158.5848ms
2026-06-01 11:02:47.724 +03:00 [INF] Request starting HTTP/1.1 OPTIONS http://localhost:5112/api/loans/active - null null
2026-06-01 11:02:47.727 +03:00 [INF] CORS policy execution successful.
2026-06-01 11:02:47.728 +03:00 [INF] HTTP OPTIONS /api/loans/active responded 204 in 2.1243 ms
2026-06-01 11:02:47.728 +03:00 [INF] Request finished HTTP/1.1 OPTIONS http://localhost:5112/api/loans/active - 204 null null 4.3618ms
2026-06-01 11:02:47.730 +03:00 [INF] Request starting HTTP/1.1 GET http://localhost:5112/api/loans/active - application/json null
2026-06-01 11:02:47.731 +03:00 [INF] CORS policy execution successful.
2026-06-01 11:02:47.733 +03:00 [INF] Route matched with {action = "GetActive", controller = "Loans"}. Executing controller action with signature System.Threading.Tasks.Task`1[Microsoft.AspNetCore.Mvc.IActionResult] GetActive(System.Threading.CancellationToken) on controller LibraryApp.Api.Controllers.LoansController (LibraryApp.Api).
2026-06-01 11:02:47.804 +03:00 [INF] Executing OkObjectResult, writing value of type 'System.Collections.Generic.List`1[[LibraryApp.Core.DTOs.ActiveLoanDto, LibraryApp.Core, Version=1.0.0.0, Culture=neutral, PublicKeyToken=null]]'.
2026-06-01 11:02:47.805 +03:00 [INF] Executed action LibraryApp.Api.Controllers.LoansController.GetActive (LibraryApp.Api) in 72.1251ms
2026-06-01 11:02:47.805 +03:00 [INF] HTTP GET /api/loans/active responded 200 in 74.1461 ms
2026-06-01 11:02:47.805 +03:00 [INF] Request finished HTTP/1.1 GET http://localhost:5112/api/loans/active - 200 null application/json; charset=utf-8 74.9345ms
2026-06-01 11:02:51.027 +03:00 [INF] Request starting HTTP/1.1 OPTIONS http://localhost:5112/api/books?page=1&pageSize=20 - null null
2026-06-01 11:02:51.027 +03:00 [INF] CORS policy execution successful.
2026-06-01 11:02:51.027 +03:00 [INF] HTTP OPTIONS /api/books responded 204 in 0.2062 ms
2026-06-01 11:02:51.028 +03:00 [INF] Request finished HTTP/1.1 OPTIONS http://localhost:5112/api/books?page=1&pageSize=20 - 204 null null 1.0308ms
2026-06-01 11:02:51.030 +03:00 [INF] Request starting HTTP/1.1 GET http://localhost:5112/api/books?page=1&pageSize=20 - application/json null
2026-06-01 11:02:51.030 +03:00 [INF] CORS policy execution successful.
2026-06-01 11:02:51.043 +03:00 [INF] Route matched with {action = "Search", controller = "Books"}. Executing controller action with signature System.Threading.Tasks.Task`1[Microsoft.AspNetCore.Mvc.IActionResult] Search(BookSearchQuery, System.Threading.CancellationToken) on controller BooksController (LibraryApp.Api).
2026-06-01 11:02:51.098 +03:00 [WRN] Compiling a query which loads related collections for more than one collection navigation, either via 'Include' or through projection, but no 'QuerySplittingBehavior' has been configured. By default, Entity Framework will use 'QuerySplittingBehavior.SingleQuery', which can potentially result in slow query performance. See https://go.microsoft.com/fwlink/?linkid=2134277 for more information. To identify the query that's triggering this warning call 'ConfigureWarnings(w => w.Throw(RelationalEventId.MultipleCollectionIncludeWarning))'.
2026-06-01 11:02:51.126 +03:00 [INF] Executing OkObjectResult, writing value of type 'PagedResult`1[[BookDto, LibraryApp.Core, Version=1.0.0.0, Culture=neutral, PublicKeyToken=null]]'.
2026-06-01 11:02:51.134 +03:00 [INF] Executed action BooksController.Search (LibraryApp.Api) in 91.3689ms
2026-06-01 11:02:51.135 +03:00 [INF] HTTP GET /api/books responded 200 in 104.3090 ms
2026-06-01 11:02:51.137 +03:00 [INF] Request finished HTTP/1.1 GET http://localhost:5112/api/books?page=1&pageSize=20 - 200 null application/json; charset=utf-8 107.6104ms
2026-06-01 11:36:13.163 +03:00 [INF] Request starting HTTP/1.1 GET http://localhost:5112/api/Books - null null
2026-06-01 11:36:13.164 +03:00 [INF] Route matched with {action = "Search", controller = "Books"}. Executing controller action with signature System.Threading.Tasks.Task`1[Microsoft.AspNetCore.Mvc.IActionResult] Search(BookSearchQuery, System.Threading.CancellationToken) on controller BooksController (LibraryApp.Api).
2026-06-01 11:36:13.220 +03:00 [INF] Executing OkObjectResult, writing value of type 'PagedResult`1[[BookDto, LibraryApp.Core, Version=1.0.0.0, Culture=neutral, PublicKeyToken=null]]'.
2026-06-01 11:36:13.220 +03:00 [INF] Executed action BooksController.Search (LibraryApp.Api) in 56.1835ms
2026-06-01 11:36:13.221 +03:00 [INF] HTTP GET /api/Books responded 200 in 56.9223 ms
2026-06-01 11:36:13.221 +03:00 [INF] Request finished HTTP/1.1 GET http://localhost:5112/api/Books - 200 null application/json; charset=utf-8 58.13ms
2026-06-01 12:16:30.737 +03:00 [INF] Request starting HTTP/1.1 GET http://localhost:5112/api/loans/active - application/json null
2026-06-01 12:16:30.740 +03:00 [INF] Route matched with {action = "GetActive", controller = "Loans"}. Executing controller action with signature System.Threading.Tasks.Task`1[Microsoft.AspNetCore.Mvc.IActionResult] GetActive(System.Threading.CancellationToken) on controller LibraryApp.Api.Controllers.LoansController (LibraryApp.Api).
2026-06-01 12:16:30.795 +03:00 [INF] Executing OkObjectResult, writing value of type 'System.Collections.Generic.List`1[[LibraryApp.Core.DTOs.ActiveLoanDto, LibraryApp.Core, Version=1.0.0.0, Culture=neutral, PublicKeyToken=null]]'.
2026-06-01 12:16:30.795 +03:00 [INF] Executed action LibraryApp.Api.Controllers.LoansController.GetActive (LibraryApp.Api) in 55.201ms
2026-06-01 12:16:30.797 +03:00 [INF] HTTP GET /api/loans/active responded 200 in 58.2939 ms
2026-06-01 12:16:30.797 +03:00 [INF] Request finished HTTP/1.1 GET http://localhost:5112/api/loans/active - 200 null application/json; charset=utf-8 60.4347ms
2026-06-01 12:16:31.737 +03:00 [INF] Request starting HTTP/1.1 OPTIONS http://localhost:5112/api/loans/active - null null
2026-06-01 12:16:31.737 +03:00 [INF] CORS policy execution successful.
2026-06-01 12:16:31.737 +03:00 [INF] HTTP OPTIONS /api/loans/active responded 204 in 0.3506 ms
2026-06-01 12:16:31.738 +03:00 [INF] Request finished HTTP/1.1 OPTIONS http://localhost:5112/api/loans/active - 204 null null 1.8151ms
2026-06-01 12:16:31.800 +03:00 [INF] Request starting HTTP/1.1 GET http://localhost:5112/api/loans/active - application/json null
2026-06-01 12:16:31.800 +03:00 [INF] CORS policy execution successful.
2026-06-01 12:16:31.800 +03:00 [INF] Route matched with {action = "GetActive", controller = "Loans"}. Executing controller action with signature System.Threading.Tasks.Task`1[Microsoft.AspNetCore.Mvc.IActionResult] GetActive(System.Threading.CancellationToken) on controller LibraryApp.Api.Controllers.LoansController (LibraryApp.Api).
2026-06-01 12:16:31.806 +03:00 [INF] Executing OkObjectResult, writing value of type 'System.Collections.Generic.List`1[[LibraryApp.Core.DTOs.ActiveLoanDto, LibraryApp.Core, Version=1.0.0.0, Culture=neutral, PublicKeyToken=null]]'.
2026-06-01 12:16:31.806 +03:00 [INF] Executed action LibraryApp.Api.Controllers.LoansController.GetActive (LibraryApp.Api) in 5.5816ms
2026-06-01 12:16:31.806 +03:00 [INF] HTTP GET /api/loans/active responded 200 in 6.1926 ms
2026-06-01 12:16:31.806 +03:00 [INF] Request finished HTTP/1.1 GET http://localhost:5112/api/loans/active - 200 null application/json; charset=utf-8 6.8697ms
2026-06-01 12:16:46.633 +03:00 [INF] Request starting HTTP/1.1 GET http://localhost:5112/api/books?page=1&pageSize=20 - application/json null
2026-06-01 12:16:46.633 +03:00 [INF] Route matched with {action = "Search", controller = "Books"}. Executing controller action with signature System.Threading.Tasks.Task`1[Microsoft.AspNetCore.Mvc.IActionResult] Search(BookSearchQuery, System.Threading.CancellationToken) on controller BooksController (LibraryApp.Api).
2026-06-01 12:16:46.662 +03:00 [INF] Executing OkObjectResult, writing value of type 'PagedResult`1[[BookDto, LibraryApp.Core, Version=1.0.0.0, Culture=neutral, PublicKeyToken=null]]'.
2026-06-01 12:16:46.663 +03:00 [INF] Executed action BooksController.Search (LibraryApp.Api) in 29.4427ms
2026-06-01 12:16:46.663 +03:00 [INF] HTTP GET /api/books responded 200 in 29.8734 ms
2026-06-01 12:16:46.663 +03:00 [INF] Request finished HTTP/1.1 GET http://localhost:5112/api/books?page=1&pageSize=20 - 200 null application/json; charset=utf-8 30.5281ms
2026-06-01 12:16:53.004 +03:00 [INF] Request starting HTTP/1.1 GET http://localhost:5112/api/loans/active - application/json null
2026-06-01 12:16:53.004 +03:00 [INF] Route matched with {action = "GetActive", controller = "Loans"}. Executing controller action with signature System.Threading.Tasks.Task`1[Microsoft.AspNetCore.Mvc.IActionResult] GetActive(System.Threading.CancellationToken) on controller LibraryApp.Api.Controllers.LoansController (LibraryApp.Api).
2026-06-01 12:16:53.008 +03:00 [INF] Executing OkObjectResult, writing value of type 'System.Collections.Generic.List`1[[LibraryApp.Core.DTOs.ActiveLoanDto, LibraryApp.Core, Version=1.0.0.0, Culture=neutral, PublicKeyToken=null]]'.
2026-06-01 12:16:53.008 +03:00 [INF] Executed action LibraryApp.Api.Controllers.LoansController.GetActive (LibraryApp.Api) in 3.5026ms
2026-06-01 12:16:53.008 +03:00 [INF] HTTP GET /api/loans/active responded 200 in 3.9360 ms
2026-06-01 12:16:53.008 +03:00 [INF] Request finished HTTP/1.1 GET http://localhost:5112/api/loans/active - 200 null application/json; charset=utf-8 4.6237ms
2026-06-01 12:16:53.234 +03:00 [INF] Request starting HTTP/1.1 OPTIONS http://localhost:5112/api/loans/active - null null
2026-06-01 12:16:53.235 +03:00 [INF] CORS policy execution successful.
2026-06-01 12:16:53.235 +03:00 [INF] HTTP OPTIONS /api/loans/active responded 204 in 0.1938 ms
2026-06-01 12:16:53.235 +03:00 [INF] Request finished HTTP/1.1 OPTIONS http://localhost:5112/api/loans/active - 204 null null 0.8104ms
2026-06-01 12:16:53.247 +03:00 [INF] Request starting HTTP/1.1 GET http://localhost:5112/api/loans/active - application/json null
2026-06-01 12:16:53.247 +03:00 [INF] CORS policy execution successful.
2026-06-01 12:16:53.248 +03:00 [INF] Route matched with {action = "GetActive", controller = "Loans"}. Executing controller action with signature System.Threading.Tasks.Task`1[Microsoft.AspNetCore.Mvc.IActionResult] GetActive(System.Threading.CancellationToken) on controller LibraryApp.Api.Controllers.LoansController (LibraryApp.Api).
2026-06-01 12:16:53.251 +03:00 [INF] Executing OkObjectResult, writing value of type 'System.Collections.Generic.List`1[[LibraryApp.Core.DTOs.ActiveLoanDto, LibraryApp.Core, Version=1.0.0.0, Culture=neutral, PublicKeyToken=null]]'.
2026-06-01 12:16:53.251 +03:00 [INF] Executed action LibraryApp.Api.Controllers.LoansController.GetActive (LibraryApp.Api) in 3.5956ms
2026-06-01 12:16:53.252 +03:00 [INF] HTTP GET /api/loans/active responded 200 in 4.5307 ms
2026-06-01 12:16:53.252 +03:00 [INF] Request finished HTTP/1.1 GET http://localhost:5112/api/loans/active - 200 null application/json; charset=utf-8 4.869ms
2026-06-01 12:24:31.655 +03:00 [INF] Request starting HTTP/1.1 GET http://localhost:5112/api/loans/active - application/json null
2026-06-01 12:24:31.656 +03:00 [INF] Route matched with {action = "GetActive", controller = "Loans"}. Executing controller action with signature System.Threading.Tasks.Task`1[Microsoft.AspNetCore.Mvc.IActionResult] GetActive(System.Threading.CancellationToken) on controller LibraryApp.Api.Controllers.LoansController (LibraryApp.Api).
2026-06-01 12:24:31.703 +03:00 [INF] Executing OkObjectResult, writing value of type 'System.Collections.Generic.List`1[[LibraryApp.Core.DTOs.ActiveLoanDto, LibraryApp.Core, Version=1.0.0.0, Culture=neutral, PublicKeyToken=null]]'.
2026-06-01 12:24:31.703 +03:00 [INF] Executed action LibraryApp.Api.Controllers.LoansController.GetActive (LibraryApp.Api) in 47.2255ms
2026-06-01 12:24:31.703 +03:00 [INF] HTTP GET /api/loans/active responded 200 in 48.0679 ms
2026-06-01 12:24:31.704 +03:00 [INF] Request finished HTTP/1.1 GET http://localhost:5112/api/loans/active - 200 null application/json; charset=utf-8 48.7614ms
2026-06-01 12:24:32.875 +03:00 [INF] Request starting HTTP/1.1 OPTIONS http://localhost:5112/api/loans/active - null null
2026-06-01 12:24:32.875 +03:00 [INF] CORS policy execution successful.
2026-06-01 12:24:32.876 +03:00 [INF] HTTP OPTIONS /api/loans/active responded 204 in 0.2421 ms
2026-06-01 12:24:32.876 +03:00 [INF] Request finished HTTP/1.1 OPTIONS http://localhost:5112/api/loans/active - 204 null null 1.0746ms
2026-06-01 12:24:32.901 +03:00 [INF] Request starting HTTP/1.1 GET http://localhost:5112/api/loans/active - application/json null
2026-06-01 12:24:32.902 +03:00 [INF] CORS policy execution successful.
2026-06-01 12:24:32.903 +03:00 [INF] Route matched with {action = "GetActive", controller = "Loans"}. Executing controller action with signature System.Threading.Tasks.Task`1[Microsoft.AspNetCore.Mvc.IActionResult] GetActive(System.Threading.CancellationToken) on controller LibraryApp.Api.Controllers.LoansController (LibraryApp.Api).
2026-06-01 12:24:32.926 +03:00 [INF] Executing OkObjectResult, writing value of type 'System.Collections.Generic.List`1[[LibraryApp.Core.DTOs.ActiveLoanDto, LibraryApp.Core, Version=1.0.0.0, Culture=neutral, PublicKeyToken=null]]'.
2026-06-01 12:24:32.927 +03:00 [INF] Executed action LibraryApp.Api.Controllers.LoansController.GetActive (LibraryApp.Api) in 23.547ms
2026-06-01 12:24:32.927 +03:00 [INF] HTTP GET /api/loans/active responded 200 in 25.3647 ms
2026-06-01 12:24:32.927 +03:00 [INF] Request finished HTTP/1.1 GET http://localhost:5112/api/loans/active - 200 null application/json; charset=utf-8 26.1444ms
2026-06-01 12:24:34.310 +03:00 [INF] Request starting HTTP/1.1 OPTIONS http://localhost:5112/api/books?page=1&pageSize=20 - null null
2026-06-01 12:24:34.310 +03:00 [INF] CORS policy execution successful.
2026-06-01 12:24:34.311 +03:00 [INF] HTTP OPTIONS /api/books responded 204 in 0.2183 ms
2026-06-01 12:24:34.311 +03:00 [INF] Request finished HTTP/1.1 OPTIONS http://localhost:5112/api/books?page=1&pageSize=20 - 204 null null 0.9052ms
2026-06-01 12:24:34.322 +03:00 [INF] Request starting HTTP/1.1 GET http://localhost:5112/api/books?page=1&pageSize=20 - application/json null
2026-06-01 12:24:34.324 +03:00 [INF] CORS policy execution successful.
2026-06-01 12:24:34.324 +03:00 [INF] Route matched with {action = "Search", controller = "Books"}. Executing controller action with signature System.Threading.Tasks.Task`1[Microsoft.AspNetCore.Mvc.IActionResult] Search(BookSearchQuery, System.Threading.CancellationToken) on controller BooksController (LibraryApp.Api).
2026-06-01 12:24:34.360 +03:00 [INF] Executing OkObjectResult, writing value of type 'PagedResult`1[[BookDto, LibraryApp.Core, Version=1.0.0.0, Culture=neutral, PublicKeyToken=null]]'.
2026-06-01 12:24:34.360 +03:00 [INF] Executed action BooksController.Search (LibraryApp.Api) in 36.1266ms
2026-06-01 12:24:34.360 +03:00 [INF] HTTP GET /api/books responded 200 in 36.6375 ms
2026-06-01 12:24:34.360 +03:00 [INF] Request finished HTTP/1.1 GET http://localhost:5112/api/books?page=1&pageSize=20 - 200 null application/json; charset=utf-8 38.5127ms
2026-06-01 12:24:37.250 +03:00 [INF] Request starting HTTP/1.1 OPTIONS http://localhost:5112/api/authors - null null
2026-06-01 12:24:37.253 +03:00 [INF] CORS policy execution successful.
2026-06-01 12:24:37.253 +03:00 [INF] HTTP OPTIONS /api/authors responded 204 in 0.2038 ms
2026-06-01 12:24:37.254 +03:00 [INF] Request finished HTTP/1.1 OPTIONS http://localhost:5112/api/authors - 204 null null 3.7016ms
2026-06-01 12:24:37.264 +03:00 [INF] Request starting HTTP/1.1 OPTIONS http://localhost:5112/api/categories - null null
2026-06-01 12:24:37.264 +03:00 [INF] Request starting HTTP/1.1 GET http://localhost:5112/api/authors - application/json null
2026-06-01 12:24:37.264 +03:00 [INF] CORS policy execution successful.
2026-06-01 12:24:37.264 +03:00 [INF] CORS policy execution successful.
2026-06-01 12:24:37.265 +03:00 [INF] HTTP OPTIONS /api/categories responded 204 in 0.2714 ms
2026-06-01 12:24:37.265 +03:00 [INF] Request finished HTTP/1.1 OPTIONS http://localhost:5112/api/categories - 204 null null 0.7775ms
2026-06-01 12:24:37.265 +03:00 [INF] HTTP GET /api/authors responded 404 in 1.0050 ms
2026-06-01 12:24:37.266 +03:00 [INF] Request finished HTTP/1.1 GET http://localhost:5112/api/authors - 404 0 null 1.8125ms
2026-06-01 12:24:37.267 +03:00 [INF] Request reached the end of the middleware pipeline without being handled by application code. Request path: GET http://localhost:5112/api/authors, Response status code: 404
2026-06-01 12:24:37.274 +03:00 [INF] Request starting HTTP/1.1 GET http://localhost:5112/api/categories - application/json null
2026-06-01 12:24:37.274 +03:00 [INF] CORS policy execution successful.
2026-06-01 12:24:37.275 +03:00 [INF] HTTP GET /api/categories responded 404 in 1.1989 ms
2026-06-01 12:24:37.275 +03:00 [INF] Request finished HTTP/1.1 GET http://localhost:5112/api/categories - 404 0 null 1.7582ms
2026-06-01 12:24:37.276 +03:00 [INF] Request reached the end of the middleware pipeline without being handled by application code. Request path: GET http://localhost:5112/api/categories, Response status code: 404
2026-06-01 12:25:01.078 +03:00 [INF] Request starting HTTP/1.1 GET http://localhost:5112/api/authors - application/json null
2026-06-01 12:25:01.079 +03:00 [INF] HTTP GET /api/authors responded 404 in 0.1052 ms
2026-06-01 12:25:01.079 +03:00 [INF] Request finished HTTP/1.1 GET http://localhost:5112/api/authors - 404 0 null 0.4908ms
2026-06-01 12:25:01.079 +03:00 [INF] Request reached the end of the middleware pipeline without being handled by application code. Request path: GET http://localhost:5112/api/authors, Response status code: 404
2026-06-01 12:25:01.080 +03:00 [INF] Request starting HTTP/1.1 GET http://localhost:5112/api/categories - application/json null
2026-06-01 12:25:01.080 +03:00 [INF] HTTP GET /api/categories responded 404 in 0.0527 ms
2026-06-01 12:25:01.080 +03:00 [INF] Request finished HTTP/1.1 GET http://localhost:5112/api/categories - 404 0 null 0.3965ms
2026-06-01 12:25:01.080 +03:00 [INF] Request reached the end of the middleware pipeline without being handled by application code. Request path: GET http://localhost:5112/api/categories, Response status code: 404
2026-06-01 12:25:02.001 +03:00 [INF] Request starting HTTP/1.1 OPTIONS http://localhost:5112/api/authors - null null
2026-06-01 12:25:02.002 +03:00 [INF] CORS policy execution successful.
2026-06-01 12:25:02.003 +03:00 [INF] HTTP OPTIONS /api/authors responded 204 in 0.8295 ms
2026-06-01 12:25:02.004 +03:00 [INF] Request finished HTTP/1.1 OPTIONS http://localhost:5112/api/authors - 204 null null 2.1156ms
2026-06-01 12:25:02.009 +03:00 [INF] Request starting HTTP/1.1 OPTIONS http://localhost:5112/api/categories - null null
2026-06-01 12:25:02.009 +03:00 [INF] CORS policy execution successful.
2026-06-01 12:25:02.009 +03:00 [INF] HTTP OPTIONS /api/categories responded 204 in 0.1342 ms
2026-06-01 12:25:02.009 +03:00 [INF] Request finished HTTP/1.1 OPTIONS http://localhost:5112/api/categories - 204 null null 0.5433ms
2026-06-01 12:25:02.016 +03:00 [INF] Request starting HTTP/1.1 GET http://localhost:5112/api/authors - application/json null
2026-06-01 12:25:02.016 +03:00 [INF] CORS policy execution successful.
2026-06-01 12:25:02.019 +03:00 [INF] HTTP GET /api/authors responded 404 in 2.1824 ms
2026-06-01 12:25:02.020 +03:00 [INF] Request finished HTTP/1.1 GET http://localhost:5112/api/authors - 404 0 null 4.0333ms
2026-06-01 12:25:02.021 +03:00 [INF] Request reached the end of the middleware pipeline without being handled by application code. Request path: GET http://localhost:5112/api/authors, Response status code: 404
2026-06-01 12:25:02.028 +03:00 [INF] Request starting HTTP/1.1 GET http://localhost:5112/api/categories - application/json null
2026-06-01 12:25:02.028 +03:00 [INF] CORS policy execution successful.
2026-06-01 12:25:02.028 +03:00 [INF] HTTP GET /api/categories responded 404 in 0.2058 ms
2026-06-01 12:25:02.029 +03:00 [INF] Request finished HTTP/1.1 GET http://localhost:5112/api/categories - 404 0 null 0.6551ms
2026-06-01 12:25:02.029 +03:00 [INF] Request reached the end of the middleware pipeline without being handled by application code. Request path: GET http://localhost:5112/api/categories, Response status code: 404
2026-06-01 12:27:44.992 +03:00 [INF] Request starting HTTP/1.1 GET http://localhost:5112/api/authors - application/json null
2026-06-01 12:27:44.992 +03:00 [INF] Request starting HTTP/1.1 GET http://localhost:5112/api/categories - application/json null
2026-06-01 12:27:44.993 +03:00 [INF] HTTP GET /api/authors responded 404 in 0.2180 ms
2026-06-01 12:27:44.993 +03:00 [INF] HTTP GET /api/categories responded 404 in 0.0370 ms
2026-06-01 12:27:44.993 +03:00 [INF] Request finished HTTP/1.1 GET http://localhost:5112/api/authors - 404 0 null 0.8283ms
2026-06-01 12:27:44.993 +03:00 [INF] Request finished HTTP/1.1 GET http://localhost:5112/api/categories - 404 0 null 0.3843ms
2026-06-01 12:27:44.993 +03:00 [INF] Request reached the end of the middleware pipeline without being handled by application code. Request path: GET http://localhost:5112/api/authors, Response status code: 404
2026-06-01 12:27:44.993 +03:00 [INF] Request reached the end of the middleware pipeline without being handled by application code. Request path: GET http://localhost:5112/api/categories, Response status code: 404
2026-06-01 12:27:45.988 +03:00 [INF] Request starting HTTP/1.1 OPTIONS http://localhost:5112/api/authors - null null
2026-06-01 12:27:45.988 +03:00 [INF] CORS policy execution successful.
2026-06-01 12:27:45.988 +03:00 [INF] HTTP OPTIONS /api/authors responded 204 in 0.2444 ms
2026-06-01 12:27:45.989 +03:00 [INF] Request finished HTTP/1.1 OPTIONS http://localhost:5112/api/authors - 204 null null 0.7234ms
2026-06-01 12:27:45.998 +03:00 [INF] Request starting HTTP/1.1 GET http://localhost:5112/api/authors - application/json null
2026-06-01 12:27:45.998 +03:00 [INF] CORS policy execution successful.
2026-06-01 12:27:45.999 +03:00 [INF] HTTP GET /api/authors responded 404 in 0.1511 ms
2026-06-01 12:27:45.999 +03:00 [INF] Request finished HTTP/1.1 GET http://localhost:5112/api/authors - 404 0 null 0.9697ms
2026-06-01 12:27:45.999 +03:00 [INF] Request reached the end of the middleware pipeline without being handled by application code. Request path: GET http://localhost:5112/api/authors, Response status code: 404
2026-06-01 12:27:46.000 +03:00 [INF] Request starting HTTP/1.1 OPTIONS http://localhost:5112/api/categories - null null
2026-06-01 12:27:46.000 +03:00 [INF] CORS policy execution successful.
2026-06-01 12:27:46.001 +03:00 [INF] HTTP OPTIONS /api/categories responded 204 in 0.6586 ms
2026-06-01 12:27:46.001 +03:00 [INF] Request finished HTTP/1.1 OPTIONS http://localhost:5112/api/categories - 204 null null 0.9558ms
2026-06-01 12:27:46.021 +03:00 [INF] Request starting HTTP/1.1 GET http://localhost:5112/api/categories - application/json null
2026-06-01 12:27:46.022 +03:00 [INF] CORS policy execution successful.
2026-06-01 12:27:46.025 +03:00 [INF] HTTP GET /api/categories responded 404 in 1.2381 ms
2026-06-01 12:27:46.025 +03:00 [INF] Request finished HTTP/1.1 GET http://localhost:5112/api/categories - 404 0 null 3.9968ms
2026-06-01 12:27:46.026 +03:00 [INF] Request reached the end of the middleware pipeline without being handled by application code. Request path: GET http://localhost:5112/api/categories, Response status code: 404
2026-06-01 12:27:52.116 +03:00 [INF] Request starting HTTP/1.1 GET http://localhost:5112/api/authors - application/json null
2026-06-01 12:27:52.117 +03:00 [INF] HTTP GET /api/authors responded 404 in 0.0688 ms
2026-06-01 12:27:52.117 +03:00 [INF] Request finished HTTP/1.1 GET http://localhost:5112/api/authors - 404 0 null 0.6649ms
2026-06-01 12:27:52.117 +03:00 [INF] Request reached the end of the middleware pipeline without being handled by application code. Request path: GET http://localhost:5112/api/authors, Response status code: 404
2026-06-01 12:27:52.117 +03:00 [INF] Request starting HTTP/1.1 GET http://localhost:5112/api/categories - application/json null
2026-06-01 12:27:52.117 +03:00 [INF] HTTP GET /api/categories responded 404 in 0.0513 ms
2026-06-01 12:27:52.118 +03:00 [INF] Request finished HTTP/1.1 GET http://localhost:5112/api/categories - 404 0 null 0.503ms
2026-06-01 12:27:52.118 +03:00 [INF] Request reached the end of the middleware pipeline without being handled by application code. Request path: GET http://localhost:5112/api/categories, Response status code: 404
2026-06-01 12:27:52.928 +03:00 [INF] Request starting HTTP/1.1 OPTIONS http://localhost:5112/api/authors - null null
2026-06-01 12:27:52.930 +03:00 [INF] CORS policy execution successful.
2026-06-01 12:27:52.930 +03:00 [INF] HTTP OPTIONS /api/authors responded 204 in 0.2276 ms
2026-06-01 12:27:52.930 +03:00 [INF] Request finished HTTP/1.1 OPTIONS http://localhost:5112/api/authors - 204 null null 2.3228ms
2026-06-01 12:27:52.936 +03:00 [INF] Request starting HTTP/1.1 OPTIONS http://localhost:5112/api/categories - null null
2026-06-01 12:27:52.937 +03:00 [INF] CORS policy execution successful.
2026-06-01 12:27:52.937 +03:00 [INF] HTTP OPTIONS /api/categories responded 204 in 0.1834 ms
2026-06-01 12:27:52.937 +03:00 [INF] Request finished HTTP/1.1 OPTIONS http://localhost:5112/api/categories - 204 null null 0.4808ms
2026-06-01 12:27:52.940 +03:00 [INF] Request starting HTTP/1.1 GET http://localhost:5112/api/authors - application/json null
2026-06-01 12:27:52.940 +03:00 [INF] CORS policy execution successful.
2026-06-01 12:27:52.940 +03:00 [INF] HTTP GET /api/authors responded 404 in 0.2430 ms
2026-06-01 12:27:52.941 +03:00 [INF] Request finished HTTP/1.1 GET http://localhost:5112/api/authors - 404 0 null 0.7867ms
2026-06-01 12:27:52.941 +03:00 [INF] Request reached the end of the middleware pipeline without being handled by application code. Request path: GET http://localhost:5112/api/authors, Response status code: 404
2026-06-01 12:27:52.943 +03:00 [INF] Request starting HTTP/1.1 GET http://localhost:5112/api/categories - application/json null
2026-06-01 12:27:52.943 +03:00 [INF] CORS policy execution successful.
2026-06-01 12:27:52.943 +03:00 [INF] HTTP GET /api/categories responded 404 in 0.3040 ms
2026-06-01 12:27:52.944 +03:00 [INF] Request finished HTTP/1.1 GET http://localhost:5112/api/categories - 404 0 null 1.0846ms
2026-06-01 12:27:52.944 +03:00 [INF] Request reached the end of the middleware pipeline without being handled by application code. Request path: GET http://localhost:5112/api/categories, Response status code: 404
2026-06-01 12:27:59.016 +03:00 [INF] Request starting HTTP/1.1 GET http://localhost:5112/index.html - null null
2026-06-01 12:27:59.104 +03:00 [INF] HTTP GET /index.html responded 200 in 87.8589 ms
2026-06-01 12:27:59.104 +03:00 [INF] Request finished HTTP/1.1 GET http://localhost:5112/index.html - 200 null text/html;charset=utf-8 88.2256ms
2026-06-01 12:27:59.634 +03:00 [INF] Request starting HTTP/1.1 GET http://localhost:5112/swagger/v1/swagger.json - null null
2026-06-01 12:27:59.850 +03:00 [INF] HTTP GET /swagger/v1/swagger.json responded 200 in 216.1246 ms
2026-06-01 12:27:59.850 +03:00 [INF] Request finished HTTP/1.1 GET http://localhost:5112/swagger/v1/swagger.json - 200 null application/json;charset=utf-8 216.5828ms
2026-06-01 12:29:40.539 +03:00 [INF] Request starting HTTP/1.1 GET http://localhost:5112/index.html - null null
2026-06-01 12:29:40.540 +03:00 [INF] HTTP GET /index.html responded 200 in 1.1802 ms
2026-06-01 12:29:40.540 +03:00 [INF] Request finished HTTP/1.1 GET http://localhost:5112/index.html - 200 null text/html;charset=utf-8 1.5822ms
2026-06-01 12:29:40.740 +03:00 [INF] Request starting HTTP/1.1 GET http://localhost:5112/swagger/v1/swagger.json - null null
2026-06-01 12:29:40.791 +03:00 [INF] HTTP GET /swagger/v1/swagger.json responded 200 in 50.9258 ms
2026-06-01 12:29:40.791 +03:00 [INF] Request finished HTTP/1.1 GET http://localhost:5112/swagger/v1/swagger.json - 200 null application/json;charset=utf-8 51.7181ms
2026-06-01 12:32:50.558 +03:00 [INF] Request starting HTTP/1.1 GET http://localhost:5112/index.html - null null
2026-06-01 12:32:50.559 +03:00 [INF] HTTP GET /index.html responded 200 in 0.9153 ms
2026-06-01 12:32:50.560 +03:00 [INF] Request finished HTTP/1.1 GET http://localhost:5112/index.html - 200 null text/html;charset=utf-8 1.3337ms
2026-06-01 12:32:50.988 +03:00 [INF] Request starting HTTP/1.1 GET http://localhost:5112/swagger/v1/swagger.json - null null
2026-06-01 12:32:51.026 +03:00 [INF] HTTP GET /swagger/v1/swagger.json responded 200 in 38.5850 ms
2026-06-01 12:32:51.027 +03:00 [INF] Request finished HTTP/1.1 GET http://localhost:5112/swagger/v1/swagger.json - 200 null application/json;charset=utf-8 39.6277ms
2026-06-01 12:33:46.202 +03:00 [INF] Now listening on: http://localhost:5112
2026-06-01 12:33:46.257 +03:00 [INF] Application started. Press Ctrl+C to shut down.
2026-06-01 12:33:46.258 +03:00 [INF] Hosting environment: Development
2026-06-01 12:33:46.258 +03:00 [INF] Content root path: C:\Users\Thales\Desktop\netcore\LibraryApp\LibraryApp.Api
2026-06-01 12:34:06.075 +03:00 [INF] Request starting HTTP/1.1 GET http://localhost:5112/index.html - null null
2026-06-01 12:34:06.262 +03:00 [INF] HTTP GET /index.html responded 200 in 154.7040 ms
2026-06-01 12:34:06.268 +03:00 [INF] Request finished HTTP/1.1 GET http://localhost:5112/index.html - 200 null text/html;charset=utf-8 195.0813ms
2026-06-01 12:34:06.502 +03:00 [INF] Request starting HTTP/1.1 GET http://localhost:5112/swagger/v1/swagger.json - null null
2026-06-01 12:34:06.735 +03:00 [INF] HTTP GET /swagger/v1/swagger.json responded 200 in 231.9617 ms
2026-06-01 12:34:06.736 +03:00 [INF] Request finished HTTP/1.1 GET http://localhost:5112/swagger/v1/swagger.json - 200 null application/json;charset=utf-8 234.6781ms
2026-06-01 12:34:09.856 +03:00 [INF] Request starting HTTP/1.1 GET http://localhost:5112/api/Authors - null null
2026-06-01 12:34:09.900 +03:00 [INF] Route matched with {action = "GetAll", controller = "Authors"}. Executing controller action with signature System.Threading.Tasks.Task`1[Microsoft.AspNetCore.Mvc.IActionResult] GetAll(System.Threading.CancellationToken) on controller LibraryApp.Api.Controllers.AuthorsController (LibraryApp.Api).
2026-06-01 12:34:11.565 +03:00 [INF] Executing OkObjectResult, writing value of type 'System.Collections.Generic.List`1[[<>f__AnonymousType0`2[[System.Int32, System.Private.CoreLib, Version=8.0.0.0, Culture=neutral, PublicKeyToken=7cec85d7bea7798e],[System.String, System.Private.CoreLib, Version=8.0.0.0, Culture=neutral, PublicKeyToken=7cec85d7bea7798e]], LibraryApp.Api, Version=1.0.0.0, Culture=neutral, PublicKeyToken=null]]'.
2026-06-01 12:34:11.616 +03:00 [INF] Executed action LibraryApp.Api.Controllers.AuthorsController.GetAll (LibraryApp.Api) in 1712.0108ms
2026-06-01 12:34:11.618 +03:00 [INF] HTTP GET /api/Authors responded 200 in 1755.6136 ms
2026-06-01 12:34:11.628 +03:00 [INF] Request finished HTTP/1.1 GET http://localhost:5112/api/Authors - 200 null application/json; charset=utf-8 1771.9143ms
2026-06-01 12:34:18.842 +03:00 [INF] Request starting HTTP/1.1 GET http://localhost:5112/api/Categories - null null
2026-06-01 12:34:18.854 +03:00 [INF] Route matched with {action = "GetAll", controller = "Categories"}. Executing controller action with signature System.Threading.Tasks.Task`1[Microsoft.AspNetCore.Mvc.IActionResult] GetAll(System.Threading.CancellationToken) on controller LibraryApp.Api.Controllers.CategoriesController (LibraryApp.Api).
2026-06-01 12:34:18.895 +03:00 [INF] Executing OkObjectResult, writing value of type 'System.Collections.Generic.List`1[[<>f__AnonymousType2`2[[System.Int32, System.Private.CoreLib, Version=8.0.0.0, Culture=neutral, PublicKeyToken=7cec85d7bea7798e],[System.String, System.Private.CoreLib, Version=8.0.0.0, Culture=neutral, PublicKeyToken=7cec85d7bea7798e]], LibraryApp.Api, Version=1.0.0.0, Culture=neutral, PublicKeyToken=null]]'.
2026-06-01 12:34:18.902 +03:00 [INF] Executed action LibraryApp.Api.Controllers.CategoriesController.GetAll (LibraryApp.Api) in 47.5119ms
2026-06-01 12:34:18.903 +03:00 [INF] HTTP GET /api/Categories responded 200 in 58.9482 ms
2026-06-01 12:34:18.904 +03:00 [INF] Request finished HTTP/1.1 GET http://localhost:5112/api/Categories - 200 null application/json; charset=utf-8 62.273ms
2026-06-01 12:34:25.457 +03:00 [INF] Request starting HTTP/1.1 GET http://localhost:5112/api/authors - application/json null
2026-06-01 12:34:25.458 +03:00 [INF] Request starting HTTP/1.1 GET http://localhost:5112/api/categories - application/json null
2026-06-01 12:34:25.458 +03:00 [INF] Route matched with {action = "GetAll", controller = "Authors"}. Executing controller action with signature System.Threading.Tasks.Task`1[Microsoft.AspNetCore.Mvc.IActionResult] GetAll(System.Threading.CancellationToken) on controller LibraryApp.Api.Controllers.AuthorsController (LibraryApp.Api).
2026-06-01 12:34:25.458 +03:00 [INF] Route matched with {action = "GetAll", controller = "Categories"}. Executing controller action with signature System.Threading.Tasks.Task`1[Microsoft.AspNetCore.Mvc.IActionResult] GetAll(System.Threading.CancellationToken) on controller LibraryApp.Api.Controllers.CategoriesController (LibraryApp.Api).
2026-06-01 12:34:25.545 +03:00 [INF] Executing OkObjectResult, writing value of type 'System.Collections.Generic.List`1[[<>f__AnonymousType2`2[[System.Int32, System.Private.CoreLib, Version=8.0.0.0, Culture=neutral, PublicKeyToken=7cec85d7bea7798e],[System.String, System.Private.CoreLib, Version=8.0.0.0, Culture=neutral, PublicKeyToken=7cec85d7bea7798e]], LibraryApp.Api, Version=1.0.0.0, Culture=neutral, PublicKeyToken=null]]'.
2026-06-01 12:34:25.545 +03:00 [INF] Executed action LibraryApp.Api.Controllers.CategoriesController.GetAll (LibraryApp.Api) in 86.9828ms
2026-06-01 12:34:25.546 +03:00 [INF] HTTP GET /api/categories responded 200 in 87.6437 ms
2026-06-01 12:34:25.546 +03:00 [INF] Request finished HTTP/1.1 GET http://localhost:5112/api/categories - 200 null application/json; charset=utf-8 88.1324ms
2026-06-01 12:34:25.555 +03:00 [INF] Executing OkObjectResult, writing value of type 'System.Collections.Generic.List`1[[<>f__AnonymousType0`2[[System.Int32, System.Private.CoreLib, Version=8.0.0.0, Culture=neutral, PublicKeyToken=7cec85d7bea7798e],[System.String, System.Private.CoreLib, Version=8.0.0.0, Culture=neutral, PublicKeyToken=7cec85d7bea7798e]], LibraryApp.Api, Version=1.0.0.0, Culture=neutral, PublicKeyToken=null]]'.
2026-06-01 12:34:25.556 +03:00 [INF] Executed action LibraryApp.Api.Controllers.AuthorsController.GetAll (LibraryApp.Api) in 97.5877ms
2026-06-01 12:34:25.556 +03:00 [INF] HTTP GET /api/authors responded 200 in 98.2205 ms
2026-06-01 12:34:25.556 +03:00 [INF] Request finished HTTP/1.1 GET http://localhost:5112/api/authors - 200 null application/json; charset=utf-8 98.9552ms
2026-06-01 12:34:26.422 +03:00 [INF] Request starting HTTP/1.1 OPTIONS http://localhost:5112/api/authors - null null
2026-06-01 12:34:26.426 +03:00 [INF] Request starting HTTP/1.1 OPTIONS http://localhost:5112/api/categories - null null
2026-06-01 12:34:26.428 +03:00 [INF] CORS policy execution successful.
2026-06-01 12:34:26.428 +03:00 [INF] CORS policy execution successful.
2026-06-01 12:34:26.431 +03:00 [INF] HTTP OPTIONS /api/categories responded 204 in 4.7079 ms
2026-06-01 12:34:26.431 +03:00 [INF] HTTP OPTIONS /api/authors responded 204 in 7.9414 ms
2026-06-01 12:34:26.431 +03:00 [INF] Request finished HTTP/1.1 OPTIONS http://localhost:5112/api/authors - 204 null null 8.92ms
2026-06-01 12:34:26.432 +03:00 [INF] Request finished HTTP/1.1 OPTIONS http://localhost:5112/api/categories - 204 null null 6.6375ms
2026-06-01 12:34:26.441 +03:00 [INF] Request starting HTTP/1.1 GET http://localhost:5112/api/categories - application/json null
2026-06-01 12:34:26.441 +03:00 [INF] Request starting HTTP/1.1 GET http://localhost:5112/api/authors - application/json null
2026-06-01 12:34:26.442 +03:00 [INF] CORS policy execution successful.
2026-06-01 12:34:26.442 +03:00 [INF] CORS policy execution successful.
2026-06-01 12:34:26.442 +03:00 [INF] Route matched with {action = "GetAll", controller = "Categories"}. Executing controller action with signature System.Threading.Tasks.Task`1[Microsoft.AspNetCore.Mvc.IActionResult] GetAll(System.Threading.CancellationToken) on controller LibraryApp.Api.Controllers.CategoriesController (LibraryApp.Api).
2026-06-01 12:34:26.442 +03:00 [INF] Route matched with {action = "GetAll", controller = "Authors"}. Executing controller action with signature System.Threading.Tasks.Task`1[Microsoft.AspNetCore.Mvc.IActionResult] GetAll(System.Threading.CancellationToken) on controller LibraryApp.Api.Controllers.AuthorsController (LibraryApp.Api).
2026-06-01 12:34:26.446 +03:00 [INF] Executing OkObjectResult, writing value of type 'System.Collections.Generic.List`1[[<>f__AnonymousType2`2[[System.Int32, System.Private.CoreLib, Version=8.0.0.0, Culture=neutral, PublicKeyToken=7cec85d7bea7798e],[System.String, System.Private.CoreLib, Version=8.0.0.0, Culture=neutral, PublicKeyToken=7cec85d7bea7798e]], LibraryApp.Api, Version=1.0.0.0, Culture=neutral, PublicKeyToken=null]]'.
2026-06-01 12:34:26.446 +03:00 [INF] Executing OkObjectResult, writing value of type 'System.Collections.Generic.List`1[[<>f__AnonymousType0`2[[System.Int32, System.Private.CoreLib, Version=8.0.0.0, Culture=neutral, PublicKeyToken=7cec85d7bea7798e],[System.String, System.Private.CoreLib, Version=8.0.0.0, Culture=neutral, PublicKeyToken=7cec85d7bea7798e]], LibraryApp.Api, Version=1.0.0.0, Culture=neutral, PublicKeyToken=null]]'.
2026-06-01 12:34:26.448 +03:00 [INF] Executed action LibraryApp.Api.Controllers.AuthorsController.GetAll (LibraryApp.Api) in 5.7351ms
2026-06-01 12:34:26.448 +03:00 [INF] Executed action LibraryApp.Api.Controllers.CategoriesController.GetAll (LibraryApp.Api) in 5.7803ms
2026-06-01 12:34:26.449 +03:00 [INF] HTTP GET /api/categories responded 200 in 7.2968 ms
2026-06-01 12:34:26.448 +03:00 [INF] HTTP GET /api/authors responded 200 in 6.2871 ms
2026-06-01 12:34:26.450 +03:00 [INF] Request finished HTTP/1.1 GET http://localhost:5112/api/categories - 200 null application/json; charset=utf-8 8.1765ms
2026-06-01 12:34:26.450 +03:00 [INF] Request finished HTTP/1.1 GET http://localhost:5112/api/authors - 200 null application/json; charset=utf-8 8.8634ms
2026-06-01 12:35:17.983 +03:00 [INF] Request starting HTTP/1.1 OPTIONS http://localhost:5112/api/books - null null
2026-06-01 12:35:17.984 +03:00 [INF] CORS policy execution successful.
2026-06-01 12:35:17.984 +03:00 [INF] HTTP OPTIONS /api/books responded 204 in 0.3953 ms
2026-06-01 12:35:17.984 +03:00 [INF] Request finished HTTP/1.1 OPTIONS http://localhost:5112/api/books - 204 null null 1.3242ms
2026-06-01 12:35:17.991 +03:00 [INF] Request starting HTTP/1.1 POST http://localhost:5112/api/books - application/json 187
2026-06-01 12:35:17.992 +03:00 [INF] CORS policy execution successful.
2026-06-01 12:35:18.000 +03:00 [INF] Route matched with {action = "Create", controller = "Books"}. Executing controller action with signature System.Threading.Tasks.Task`1[Microsoft.AspNetCore.Mvc.IActionResult] Create(CreateBookCommand, System.Threading.CancellationToken) on controller BooksController (LibraryApp.Api).
2026-06-01 12:35:18.591 +03:00 [WRN] Savepoints are disabled because Multiple Active Result Sets (MARS) is enabled. If 'SaveChanges' fails, then the transaction cannot be automatically rolled back to a known clean state. Instead, the transaction should be rolled back by the application before retrying 'SaveChanges'. See https://go.microsoft.com/fwlink/?linkid=2149338 for more information and examples. To identify the code which triggers this warning, call 'ConfigureWarnings(w => w.Throw(SqlServerEventId.SavepointsDisabledBecauseOfMARS))'.
2026-06-01 12:35:18.670 +03:00 [INF] Book created: 6 'Aute sed sapiente au' ISBN=0451524935.
2026-06-01 12:35:18.671 +03:00 [INF] Executing CreatedAtActionResult, writing value of type 'CreateBookResult'.
2026-06-01 12:35:18.693 +03:00 [INF] Executed action BooksController.Create (LibraryApp.Api) in 692.0389ms
2026-06-01 12:35:18.693 +03:00 [INF] HTTP POST /api/books responded 201 in 701.2143 ms
2026-06-01 12:35:18.696 +03:00 [INF] Request finished HTTP/1.1 POST http://localhost:5112/api/books - 201 null application/json; charset=utf-8 705.1047ms
2026-06-01 12:35:25.015 +03:00 [INF] Request starting HTTP/1.1 OPTIONS http://localhost:5112/api/books?page=1&pageSize=20 - null null
2026-06-01 12:35:25.016 +03:00 [INF] CORS policy execution successful.
2026-06-01 12:35:25.017 +03:00 [INF] HTTP OPTIONS /api/books responded 204 in 1.0131 ms
2026-06-01 12:35:25.017 +03:00 [INF] Request finished HTTP/1.1 OPTIONS http://localhost:5112/api/books?page=1&pageSize=20 - 204 null null 1.805ms
2026-06-01 12:35:25.024 +03:00 [INF] Request starting HTTP/1.1 GET http://localhost:5112/api/books?page=1&pageSize=20 - application/json null
2026-06-01 12:35:25.025 +03:00 [INF] CORS policy execution successful.
2026-06-01 12:35:25.038 +03:00 [INF] Route matched with {action = "Search", controller = "Books"}. Executing controller action with signature System.Threading.Tasks.Task`1[Microsoft.AspNetCore.Mvc.IActionResult] Search(BookSearchQuery, System.Threading.CancellationToken) on controller BooksController (LibraryApp.Api).
2026-06-01 12:35:25.189 +03:00 [WRN] Compiling a query which loads related collections for more than one collection navigation, either via 'Include' or through projection, but no 'QuerySplittingBehavior' has been configured. By default, Entity Framework will use 'QuerySplittingBehavior.SingleQuery', which can potentially result in slow query performance. See https://go.microsoft.com/fwlink/?linkid=2134277 for more information. To identify the query that's triggering this warning call 'ConfigureWarnings(w => w.Throw(RelationalEventId.MultipleCollectionIncludeWarning))'.
2026-06-01 12:35:25.225 +03:00 [INF] Executing OkObjectResult, writing value of type 'PagedResult`1[[BookDto, LibraryApp.Core, Version=1.0.0.0, Culture=neutral, PublicKeyToken=null]]'.
2026-06-01 12:35:25.233 +03:00 [INF] Executed action BooksController.Search (LibraryApp.Api) in 194.6471ms
2026-06-01 12:35:25.234 +03:00 [INF] HTTP GET /api/books responded 200 in 208.6798 ms
2026-06-01 12:35:25.234 +03:00 [INF] Request finished HTTP/1.1 GET http://localhost:5112/api/books?page=1&pageSize=20 - 200 null application/json; charset=utf-8 209.3856ms
2026-06-01 12:36:42.474 +03:00 [INF] Request starting HTTP/1.1 GET http://localhost:5112/api/books?page=1&pageSize=20 - application/json null
2026-06-01 12:36:42.475 +03:00 [INF] Route matched with {action = "Search", controller = "Books"}. Executing controller action with signature System.Threading.Tasks.Task`1[Microsoft.AspNetCore.Mvc.IActionResult] Search(BookSearchQuery, System.Threading.CancellationToken) on controller BooksController (LibraryApp.Api).
2026-06-01 12:36:42.513 +03:00 [INF] Executing OkObjectResult, writing value of type 'PagedResult`1[[BookDto, LibraryApp.Core, Version=1.0.0.0, Culture=neutral, PublicKeyToken=null]]'.
2026-06-01 12:36:42.513 +03:00 [INF] Executed action BooksController.Search (LibraryApp.Api) in 38.1016ms
2026-06-01 12:36:42.513 +03:00 [INF] HTTP GET /api/books responded 200 in 38.5345 ms
2026-06-01 12:36:42.513 +03:00 [INF] Request finished HTTP/1.1 GET http://localhost:5112/api/books?page=1&pageSize=20 - 200 null application/json; charset=utf-8 39.0371ms
2026-06-01 12:36:43.232 +03:00 [INF] Request starting HTTP/1.1 GET http://localhost:5112/api/books?page=1&pageSize=20 - application/json null
2026-06-01 12:36:43.232 +03:00 [INF] Route matched with {action = "Search", controller = "Books"}. Executing controller action with signature System.Threading.Tasks.Task`1[Microsoft.AspNetCore.Mvc.IActionResult] Search(BookSearchQuery, System.Threading.CancellationToken) on controller BooksController (LibraryApp.Api).
2026-06-01 12:36:43.242 +03:00 [INF] Executing OkObjectResult, writing value of type 'PagedResult`1[[BookDto, LibraryApp.Core, Version=1.0.0.0, Culture=neutral, PublicKeyToken=null]]'.
2026-06-01 12:36:43.243 +03:00 [INF] Executed action BooksController.Search (LibraryApp.Api) in 10.8396ms
2026-06-01 12:36:43.243 +03:00 [INF] HTTP GET /api/books responded 200 in 11.3176 ms
2026-06-01 12:36:43.243 +03:00 [INF] Request finished HTTP/1.1 GET http://localhost:5112/api/books?page=1&pageSize=20 - 200 null application/json; charset=utf-8 11.7919ms
2026-06-01 12:36:44.206 +03:00 [INF] Request starting HTTP/1.1 OPTIONS http://localhost:5112/api/books?page=1&pageSize=20 - null null
2026-06-01 12:36:44.206 +03:00 [INF] CORS policy execution successful.
2026-06-01 12:36:44.206 +03:00 [INF] HTTP OPTIONS /api/books responded 204 in 0.2088 ms
2026-06-01 12:36:44.206 +03:00 [INF] Request finished HTTP/1.1 OPTIONS http://localhost:5112/api/books?page=1&pageSize=20 - 204 null null 0.7202ms
2026-06-01 12:36:44.220 +03:00 [INF] Request starting HTTP/1.1 GET http://localhost:5112/api/books?page=1&pageSize=20 - application/json null
2026-06-01 12:36:44.221 +03:00 [INF] CORS policy execution successful.
2026-06-01 12:36:44.221 +03:00 [INF] Route matched with {action = "Search", controller = "Books"}. Executing controller action with signature System.Threading.Tasks.Task`1[Microsoft.AspNetCore.Mvc.IActionResult] Search(BookSearchQuery, System.Threading.CancellationToken) on controller BooksController (LibraryApp.Api).
2026-06-01 12:36:44.263 +03:00 [INF] Executing OkObjectResult, writing value of type 'PagedResult`1[[BookDto, LibraryApp.Core, Version=1.0.0.0, Culture=neutral, PublicKeyToken=null]]'.
2026-06-01 12:36:44.264 +03:00 [INF] Executed action BooksController.Search (LibraryApp.Api) in 42.5921ms
2026-06-01 12:36:44.264 +03:00 [INF] HTTP GET /api/books responded 200 in 43.2611 ms
2026-06-01 12:36:44.264 +03:00 [INF] Request finished HTTP/1.1 GET http://localhost:5112/api/books?page=1&pageSize=20 - 200 null application/json; charset=utf-8 44.3253ms
2026-06-01 12:36:47.341 +03:00 [INF] Request starting HTTP/1.1 OPTIONS http://localhost:5112/api/authors - null null
2026-06-01 12:36:47.341 +03:00 [INF] CORS policy execution successful.
2026-06-01 12:36:47.341 +03:00 [INF] HTTP OPTIONS /api/authors responded 204 in 0.1264 ms
2026-06-01 12:36:47.341 +03:00 [INF] Request finished HTTP/1.1 OPTIONS http://localhost:5112/api/authors - 204 null null 0.5683ms
2026-06-01 12:36:47.349 +03:00 [INF] Request starting HTTP/1.1 OPTIONS http://localhost:5112/api/categories - null null
2026-06-01 12:36:47.349 +03:00 [INF] CORS policy execution successful.
2026-06-01 12:36:47.349 +03:00 [INF] HTTP OPTIONS /api/categories responded 204 in 0.1279 ms
2026-06-01 12:36:47.350 +03:00 [INF] Request finished HTTP/1.1 OPTIONS http://localhost:5112/api/categories - 204 null null 0.7993ms
2026-06-01 12:36:47.350 +03:00 [INF] Request starting HTTP/1.1 GET http://localhost:5112/api/authors - application/json null
2026-06-01 12:36:47.350 +03:00 [INF] CORS policy execution successful.
2026-06-01 12:36:47.351 +03:00 [INF] Route matched with {action = "GetAll", controller = "Authors"}. Executing controller action with signature System.Threading.Tasks.Task`1[Microsoft.AspNetCore.Mvc.IActionResult] GetAll(System.Threading.CancellationToken) on controller LibraryApp.Api.Controllers.AuthorsController (LibraryApp.Api).
2026-06-01 12:36:47.359 +03:00 [INF] Request starting HTTP/1.1 GET http://localhost:5112/api/categories - application/json null
2026-06-01 12:36:47.359 +03:00 [INF] CORS policy execution successful.
2026-06-01 12:36:47.360 +03:00 [INF] Route matched with {action = "GetAll", controller = "Categories"}. Executing controller action with signature System.Threading.Tasks.Task`1[Microsoft.AspNetCore.Mvc.IActionResult] GetAll(System.Threading.CancellationToken) on controller LibraryApp.Api.Controllers.CategoriesController (LibraryApp.Api).
2026-06-01 12:36:47.361 +03:00 [INF] Executing OkObjectResult, writing value of type 'System.Collections.Generic.List`1[[<>f__AnonymousType0`2[[System.Int32, System.Private.CoreLib, Version=8.0.0.0, Culture=neutral, PublicKeyToken=7cec85d7bea7798e],[System.String, System.Private.CoreLib, Version=8.0.0.0, Culture=neutral, PublicKeyToken=7cec85d7bea7798e]], LibraryApp.Api, Version=1.0.0.0, Culture=neutral, PublicKeyToken=null]]'.
2026-06-01 12:36:47.361 +03:00 [INF] Executed action LibraryApp.Api.Controllers.AuthorsController.GetAll (LibraryApp.Api) in 9.8237ms
2026-06-01 12:36:47.361 +03:00 [INF] HTTP GET /api/authors responded 200 in 10.8465 ms
2026-06-01 12:36:47.361 +03:00 [INF] Request finished HTTP/1.1 GET http://localhost:5112/api/authors - 200 null application/json; charset=utf-8 11.3097ms
2026-06-01 12:36:47.365 +03:00 [INF] Executing OkObjectResult, writing value of type 'System.Collections.Generic.List`1[[<>f__AnonymousType2`2[[System.Int32, System.Private.CoreLib, Version=8.0.0.0, Culture=neutral, PublicKeyToken=7cec85d7bea7798e],[System.String, System.Private.CoreLib, Version=8.0.0.0, Culture=neutral, PublicKeyToken=7cec85d7bea7798e]], LibraryApp.Api, Version=1.0.0.0, Culture=neutral, PublicKeyToken=null]]'.
2026-06-01 12:36:47.365 +03:00 [INF] Executed action LibraryApp.Api.Controllers.CategoriesController.GetAll (LibraryApp.Api) in 5.6258ms
2026-06-01 12:36:47.365 +03:00 [INF] HTTP GET /api/categories responded 200 in 6.1115 ms
2026-06-01 12:36:47.366 +03:00 [INF] Request finished HTTP/1.1 GET http://localhost:5112/api/categories - 200 null application/json; charset=utf-8 6.7214ms
2026-06-01 12:50:03.271 +03:00 [INF] Request starting HTTP/1.1 GET http://localhost:5112/api/categories - application/json null
2026-06-01 12:50:03.271 +03:00 [INF] Request starting HTTP/1.1 GET http://localhost:5112/api/authors - application/json null
2026-06-01 12:50:03.272 +03:00 [INF] Route matched with {action = "GetAll", controller = "Authors"}. Executing controller action with signature System.Threading.Tasks.Task`1[Microsoft.AspNetCore.Mvc.IActionResult] GetAll(System.Threading.CancellationToken) on controller LibraryApp.Api.Controllers.AuthorsController (LibraryApp.Api).
2026-06-01 12:50:03.272 +03:00 [INF] Route matched with {action = "GetAll", controller = "Categories"}. Executing controller action with signature System.Threading.Tasks.Task`1[Microsoft.AspNetCore.Mvc.IActionResult] GetAll(System.Threading.CancellationToken) on controller LibraryApp.Api.Controllers.CategoriesController (LibraryApp.Api).
2026-06-01 12:50:03.293 +03:00 [INF] Executing OkObjectResult, writing value of type 'System.Collections.Generic.List`1[[<>f__AnonymousType0`2[[System.Int32, System.Private.CoreLib, Version=8.0.0.0, Culture=neutral, PublicKeyToken=7cec85d7bea7798e],[System.String, System.Private.CoreLib, Version=8.0.0.0, Culture=neutral, PublicKeyToken=7cec85d7bea7798e]], LibraryApp.Api, Version=1.0.0.0, Culture=neutral, PublicKeyToken=null]]'.
2026-06-01 12:50:03.293 +03:00 [INF] Executed action LibraryApp.Api.Controllers.AuthorsController.GetAll (LibraryApp.Api) in 21.3294ms
2026-06-01 12:50:03.293 +03:00 [INF] HTTP GET /api/authors responded 200 in 21.9864 ms
2026-06-01 12:50:03.294 +03:00 [INF] Request finished HTTP/1.1 GET http://localhost:5112/api/authors - 200 null application/json; charset=utf-8 22.7588ms
2026-06-01 12:50:03.302 +03:00 [INF] Executing OkObjectResult, writing value of type 'System.Collections.Generic.List`1[[<>f__AnonymousType2`2[[System.Int32, System.Private.CoreLib, Version=8.0.0.0, Culture=neutral, PublicKeyToken=7cec85d7bea7798e],[System.String, System.Private.CoreLib, Version=8.0.0.0, Culture=neutral, PublicKeyToken=7cec85d7bea7798e]], LibraryApp.Api, Version=1.0.0.0, Culture=neutral, PublicKeyToken=null]]'.
2026-06-01 12:50:03.302 +03:00 [INF] Executed action LibraryApp.Api.Controllers.CategoriesController.GetAll (LibraryApp.Api) in 30.5521ms
2026-06-01 12:50:03.303 +03:00 [INF] HTTP GET /api/categories responded 200 in 31.3034 ms
2026-06-01 12:50:03.303 +03:00 [INF] Request finished HTTP/1.1 GET http://localhost:5112/api/categories - 200 null application/json; charset=utf-8 32.0142ms
2026-06-01 12:50:04.312 +03:00 [INF] Request starting HTTP/1.1 OPTIONS http://localhost:5112/api/authors - null null
2026-06-01 12:50:04.316 +03:00 [INF] CORS policy execution successful.
2026-06-01 12:50:04.318 +03:00 [INF] HTTP OPTIONS /api/authors responded 204 in 5.3762 ms
2026-06-01 12:50:04.318 +03:00 [INF] Request finished HTTP/1.1 OPTIONS http://localhost:5112/api/authors - 204 null null 6.3627ms
2026-06-01 12:50:04.319 +03:00 [INF] Request starting HTTP/1.1 OPTIONS http://localhost:5112/api/categories - null null
2026-06-01 12:50:04.320 +03:00 [INF] CORS policy execution successful.
2026-06-01 12:50:04.320 +03:00 [INF] HTTP OPTIONS /api/categories responded 204 in 0.1158 ms
2026-06-01 12:50:04.320 +03:00 [INF] Request finished HTTP/1.1 OPTIONS http://localhost:5112/api/categories - 204 null null 0.441ms
2026-06-01 12:50:04.337 +03:00 [INF] Request starting HTTP/1.1 GET http://localhost:5112/api/authors - application/json null
2026-06-01 12:50:04.339 +03:00 [INF] CORS policy execution successful.
2026-06-01 12:50:04.339 +03:00 [INF] Route matched with {action = "GetAll", controller = "Authors"}. Executing controller action with signature System.Threading.Tasks.Task`1[Microsoft.AspNetCore.Mvc.IActionResult] GetAll(System.Threading.CancellationToken) on controller LibraryApp.Api.Controllers.AuthorsController (LibraryApp.Api).
2026-06-01 12:50:04.367 +03:00 [INF] Request starting HTTP/1.1 GET http://localhost:5112/api/categories - application/json null
2026-06-01 12:50:04.368 +03:00 [INF] CORS policy execution successful.
2026-06-01 12:50:04.371 +03:00 [INF] Route matched with {action = "GetAll", controller = "Categories"}. Executing controller action with signature System.Threading.Tasks.Task`1[Microsoft.AspNetCore.Mvc.IActionResult] GetAll(System.Threading.CancellationToken) on controller LibraryApp.Api.Controllers.CategoriesController (LibraryApp.Api).
2026-06-01 12:50:04.402 +03:00 [INF] Executing OkObjectResult, writing value of type 'System.Collections.Generic.List`1[[<>f__AnonymousType0`2[[System.Int32, System.Private.CoreLib, Version=8.0.0.0, Culture=neutral, PublicKeyToken=7cec85d7bea7798e],[System.String, System.Private.CoreLib, Version=8.0.0.0, Culture=neutral, PublicKeyToken=7cec85d7bea7798e]], LibraryApp.Api, Version=1.0.0.0, Culture=neutral, PublicKeyToken=null]]'.
2026-06-01 12:50:04.403 +03:00 [INF] Executed action LibraryApp.Api.Controllers.AuthorsController.GetAll (LibraryApp.Api) in 63.6167ms
2026-06-01 12:50:04.404 +03:00 [INF] HTTP GET /api/authors responded 200 in 65.4192 ms
2026-06-01 12:50:04.404 +03:00 [INF] Request finished HTTP/1.1 GET http://localhost:5112/api/authors - 200 null application/json; charset=utf-8 67.2212ms
2026-06-01 12:50:04.413 +03:00 [INF] Executing OkObjectResult, writing value of type 'System.Collections.Generic.List`1[[<>f__AnonymousType2`2[[System.Int32, System.Private.CoreLib, Version=8.0.0.0, Culture=neutral, PublicKeyToken=7cec85d7bea7798e],[System.String, System.Private.CoreLib, Version=8.0.0.0, Culture=neutral, PublicKeyToken=7cec85d7bea7798e]], LibraryApp.Api, Version=1.0.0.0, Culture=neutral, PublicKeyToken=null]]'.
2026-06-01 12:50:04.414 +03:00 [INF] Executed action LibraryApp.Api.Controllers.CategoriesController.GetAll (LibraryApp.Api) in 42.715ms
2026-06-01 12:50:04.414 +03:00 [INF] HTTP GET /api/categories responded 200 in 46.4056 ms
2026-06-01 12:50:04.414 +03:00 [INF] Request finished HTTP/1.1 GET http://localhost:5112/api/categories - 200 null application/json; charset=utf-8 47.0231ms
2026-06-01 13:35:39.681 +03:00 [INF] Request starting HTTP/1.1 GET http://localhost:5112/index.html - null null
2026-06-01 13:35:39.684 +03:00 [INF] HTTP GET /index.html responded 200 in 1.4505 ms
2026-06-01 13:35:39.684 +03:00 [INF] Request finished HTTP/1.1 GET http://localhost:5112/index.html - 200 null text/html;charset=utf-8 3.2684ms
2026-06-01 13:35:40.084 +03:00 [INF] Request starting HTTP/1.1 GET http://localhost:5112/swagger/v1/swagger.json - null null
2026-06-01 13:35:40.118 +03:00 [INF] HTTP GET /swagger/v1/swagger.json responded 200 in 34.5100 ms
2026-06-01 13:35:40.118 +03:00 [INF] Request finished HTTP/1.1 GET http://localhost:5112/swagger/v1/swagger.json - 200 null application/json;charset=utf-8 34.8955ms
2026-06-01 13:42:57.570 +03:00 [INF] Now listening on: http://localhost:5112
2026-06-01 13:42:57.613 +03:00 [INF] Application started. Press Ctrl+C to shut down.
2026-06-01 13:42:57.613 +03:00 [INF] Hosting environment: Development
2026-06-01 13:42:57.614 +03:00 [INF] Content root path: C:\Users\Thales\Desktop\netcore\LibraryApp\LibraryApp.Api
2026-06-01 13:43:22.117 +03:00 [INF] Request starting HTTP/1.1 GET http://localhost:5112/index.html - null null
2026-06-01 13:43:22.268 +03:00 [INF] HTTP GET /index.html responded 200 in 120.5081 ms
2026-06-01 13:43:22.274 +03:00 [INF] Request finished HTTP/1.1 GET http://localhost:5112/index.html - 200 null text/html;charset=utf-8 158.0136ms
2026-06-01 13:43:22.633 +03:00 [INF] Request starting HTTP/1.1 GET http://localhost:5112/swagger/v1/swagger.json - null null
2026-06-01 13:43:22.871 +03:00 [INF] HTTP GET /swagger/v1/swagger.json responded 200 in 236.5254 ms
2026-06-01 13:43:22.872 +03:00 [INF] Request finished HTTP/1.1 GET http://localhost:5112/swagger/v1/swagger.json - 200 null application/json;charset=utf-8 239.6875ms
2026-06-01 13:49:41.335 +03:00 [INF] Request starting HTTP/1.1 PUT http://localhost:5112/api/Books/2 - application/json 160
2026-06-01 13:49:41.353 +03:00 [INF] CORS policy execution failed.
2026-06-01 13:49:41.354 +03:00 [INF] Request origin http://localhost:5112 does not have permission to access the resource.
2026-06-01 13:49:41.393 +03:00 [INF] Route matched with {action = "Update", controller = "Books"}. Executing controller action with signature System.Threading.Tasks.Task`1[Microsoft.AspNetCore.Mvc.IActionResult] Update(Int32, UpdateBookCommand, System.Threading.CancellationToken) on controller BooksController (LibraryApp.Api).
2026-06-01 13:49:43.413 +03:00 [WRN] Compiling a query which loads related collections for more than one collection navigation, either via 'Include' or through projection, but no 'QuerySplittingBehavior' has been configured. By default, Entity Framework will use 'QuerySplittingBehavior.SingleQuery', which can potentially result in slow query performance. See https://go.microsoft.com/fwlink/?linkid=2134277 for more information. To identify the query that's triggering this warning call 'ConfigureWarnings(w => w.Throw(RelationalEventId.MultipleCollectionIncludeWarning))'.
2026-06-01 13:49:43.628 +03:00 [WRN] Savepoints are disabled because Multiple Active Result Sets (MARS) is enabled. If 'SaveChanges' fails, then the transaction cannot be automatically rolled back to a known clean state. Instead, the transaction should be rolled back by the application before retrying 'SaveChanges'. See https://go.microsoft.com/fwlink/?linkid=2149338 for more information and examples. To identify the code which triggers this warning, call 'ConfigureWarnings(w => w.Throw(SqlServerEventId.SavepointsDisabledBecauseOfMARS))'.
2026-06-01 13:49:43.657 +03:00 [INF] Book 2 'aaaa' updated. Authors: [2]. Categories: [3].
2026-06-01 13:49:43.686 +03:00 [WRN] Compiling a query which loads related collections for more than one collection navigation, either via 'Include' or through projection, but no 'QuerySplittingBehavior' has been configured. By default, Entity Framework will use 'QuerySplittingBehavior.SingleQuery', which can potentially result in slow query performance. See https://go.microsoft.com/fwlink/?linkid=2134277 for more information. To identify the query that's triggering this warning call 'ConfigureWarnings(w => w.Throw(RelationalEventId.MultipleCollectionIncludeWarning))'.
2026-06-01 13:49:43.719 +03:00 [INF] Executing OkObjectResult, writing value of type 'BookDto'.
2026-06-01 13:49:43.737 +03:00 [INF] Executed action BooksController.Update (LibraryApp.Api) in 2339.3466ms
2026-06-01 13:49:43.738 +03:00 [INF] HTTP PUT /api/Books/2 responded 200 in 2390.0160 ms
2026-06-01 13:49:43.749 +03:00 [INF] Request finished HTTP/1.1 PUT http://localhost:5112/api/Books/2 - 200 null application/json; charset=utf-8 2413.3649ms
2026-06-01 13:50:45.084 +03:00 [INF] Request starting HTTP/1.1 GET http://localhost:5112/api/authors - application/json null
2026-06-01 13:50:45.090 +03:00 [INF] Request starting HTTP/1.1 GET http://localhost:5112/api/categories - application/json null
2026-06-01 13:50:45.094 +03:00 [INF] Route matched with {action = "GetAll", controller = "Authors"}. Executing controller action with signature System.Threading.Tasks.Task`1[Microsoft.AspNetCore.Mvc.IActionResult] GetAll(System.Threading.CancellationToken) on controller LibraryApp.Api.Controllers.AuthorsController (LibraryApp.Api).
2026-06-01 13:50:45.102 +03:00 [INF] Route matched with {action = "GetAll", controller = "Categories"}. Executing controller action with signature System.Threading.Tasks.Task`1[Microsoft.AspNetCore.Mvc.IActionResult] GetAll(System.Threading.CancellationToken) on controller LibraryApp.Api.Controllers.CategoriesController (LibraryApp.Api).
2026-06-01 13:50:45.141 +03:00 [INF] Executing OkObjectResult, writing value of type 'System.Collections.Generic.List`1[[<>f__AnonymousType0`2[[System.Int32, System.Private.CoreLib, Version=8.0.0.0, Culture=neutral, PublicKeyToken=7cec85d7bea7798e],[System.String, System.Private.CoreLib, Version=8.0.0.0, Culture=neutral, PublicKeyToken=7cec85d7bea7798e]], LibraryApp.Api, Version=1.0.0.0, Culture=neutral, PublicKeyToken=null]]'.
2026-06-01 13:50:45.149 +03:00 [INF] Executed action LibraryApp.Api.Controllers.AuthorsController.GetAll (LibraryApp.Api) in 51.6511ms
2026-06-01 13:50:45.150 +03:00 [INF] HTTP GET /api/authors responded 200 in 64.0529 ms
2026-06-01 13:50:45.155 +03:00 [INF] Request finished HTTP/1.1 GET http://localhost:5112/api/authors - 200 null application/json; charset=utf-8 70.9994ms
2026-06-01 13:50:45.156 +03:00 [INF] Executing OkObjectResult, writing value of type 'System.Collections.Generic.List`1[[<>f__AnonymousType2`2[[System.Int32, System.Private.CoreLib, Version=8.0.0.0, Culture=neutral, PublicKeyToken=7cec85d7bea7798e],[System.String, System.Private.CoreLib, Version=8.0.0.0, Culture=neutral, PublicKeyToken=7cec85d7bea7798e]], LibraryApp.Api, Version=1.0.0.0, Culture=neutral, PublicKeyToken=null]]'.
2026-06-01 13:50:45.159 +03:00 [INF] Executed action LibraryApp.Api.Controllers.CategoriesController.GetAll (LibraryApp.Api) in 56.1542ms
2026-06-01 13:50:45.159 +03:00 [INF] HTTP GET /api/categories responded 200 in 68.9208 ms
2026-06-01 13:50:45.160 +03:00 [INF] Request finished HTTP/1.1 GET http://localhost:5112/api/categories - 200 null application/json; charset=utf-8 69.6106ms
2026-06-01 13:50:47.718 +03:00 [INF] Request starting HTTP/1.1 OPTIONS http://localhost:5112/api/authors - null null
2026-06-01 13:50:47.719 +03:00 [INF] CORS policy execution successful.
2026-06-01 13:50:47.721 +03:00 [INF] HTTP OPTIONS /api/authors responded 204 in 2.4881 ms
2026-06-01 13:50:47.722 +03:00 [INF] Request finished HTTP/1.1 OPTIONS http://localhost:5112/api/authors - 204 null null 3.4801ms
2026-06-01 13:50:47.725 +03:00 [INF] Request starting HTTP/1.1 OPTIONS http://localhost:5112/api/categories - null null
2026-06-01 13:50:47.726 +03:00 [INF] CORS policy execution successful.
2026-06-01 13:50:47.726 +03:00 [INF] HTTP OPTIONS /api/categories responded 204 in 0.2324 ms
2026-06-01 13:50:47.726 +03:00 [INF] Request finished HTTP/1.1 OPTIONS http://localhost:5112/api/categories - 204 null null 0.712ms
2026-06-01 13:50:47.731 +03:00 [INF] Request starting HTTP/1.1 GET http://localhost:5112/api/authors - application/json null
2026-06-01 13:50:47.732 +03:00 [INF] CORS policy execution successful.
2026-06-01 13:50:47.732 +03:00 [INF] Route matched with {action = "GetAll", controller = "Authors"}. Executing controller action with signature System.Threading.Tasks.Task`1[Microsoft.AspNetCore.Mvc.IActionResult] GetAll(System.Threading.CancellationToken) on controller LibraryApp.Api.Controllers.AuthorsController (LibraryApp.Api).
2026-06-01 13:50:47.733 +03:00 [INF] Request starting HTTP/1.1 GET http://localhost:5112/api/categories - application/json null
2026-06-01 13:50:47.734 +03:00 [INF] CORS policy execution successful.
2026-06-01 13:50:47.734 +03:00 [INF] Route matched with {action = "GetAll", controller = "Categories"}. Executing controller action with signature System.Threading.Tasks.Task`1[Microsoft.AspNetCore.Mvc.IActionResult] GetAll(System.Threading.CancellationToken) on controller LibraryApp.Api.Controllers.CategoriesController (LibraryApp.Api).
2026-06-01 13:50:47.844 +03:00 [INF] Executing OkObjectResult, writing value of type 'System.Collections.Generic.List`1[[<>f__AnonymousType2`2[[System.Int32, System.Private.CoreLib, Version=8.0.0.0, Culture=neutral, PublicKeyToken=7cec85d7bea7798e],[System.String, System.Private.CoreLib, Version=8.0.0.0, Culture=neutral, PublicKeyToken=7cec85d7bea7798e]], LibraryApp.Api, Version=1.0.0.0, Culture=neutral, PublicKeyToken=null]]'.
2026-06-01 13:50:47.844 +03:00 [INF] Executed action LibraryApp.Api.Controllers.CategoriesController.GetAll (LibraryApp.Api) in 109.7502ms
2026-06-01 13:50:47.844 +03:00 [INF] HTTP GET /api/categories responded 200 in 110.3553 ms
2026-06-01 13:50:47.845 +03:00 [INF] Request finished HTTP/1.1 GET http://localhost:5112/api/categories - 200 null application/json; charset=utf-8 111.0705ms
2026-06-01 13:50:47.846 +03:00 [INF] Executing OkObjectResult, writing value of type 'System.Collections.Generic.List`1[[<>f__AnonymousType0`2[[System.Int32, System.Private.CoreLib, Version=8.0.0.0, Culture=neutral, PublicKeyToken=7cec85d7bea7798e],[System.String, System.Private.CoreLib, Version=8.0.0.0, Culture=neutral, PublicKeyToken=7cec85d7bea7798e]], LibraryApp.Api, Version=1.0.0.0, Culture=neutral, PublicKeyToken=null]]'.
2026-06-01 13:50:47.846 +03:00 [INF] Executed action LibraryApp.Api.Controllers.AuthorsController.GetAll (LibraryApp.Api) in 113.3829ms
2026-06-01 13:50:47.846 +03:00 [INF] HTTP GET /api/authors responded 200 in 114.5440 ms
2026-06-01 13:50:47.847 +03:00 [INF] Request finished HTTP/1.1 GET http://localhost:5112/api/authors - 200 null application/json; charset=utf-8 115.3113ms
2026-06-01 14:29:02.625 +03:00 [INF] Request starting HTTP/1.1 GET http://localhost:5112/api/loans/active - application/json null
2026-06-01 14:29:02.632 +03:00 [INF] Route matched with {action = "GetActive", controller = "Loans"}. Executing controller action with signature System.Threading.Tasks.Task`1[Microsoft.AspNetCore.Mvc.IActionResult] GetActive(System.Threading.CancellationToken) on controller LibraryApp.Api.Controllers.LoansController (LibraryApp.Api).
2026-06-01 14:29:02.710 +03:00 [INF] Executing OkObjectResult, writing value of type 'System.Collections.Generic.List`1[[LibraryApp.Core.DTOs.ActiveLoanDto, LibraryApp.Core, Version=1.0.0.0, Culture=neutral, PublicKeyToken=null]]'.
2026-06-01 14:29:02.719 +03:00 [INF] Executed action LibraryApp.Api.Controllers.LoansController.GetActive (LibraryApp.Api) in 87.2347ms
2026-06-01 14:29:02.719 +03:00 [INF] HTTP GET /api/loans/active responded 200 in 93.5284 ms
2026-06-01 14:29:02.720 +03:00 [INF] Request finished HTTP/1.1 GET http://localhost:5112/api/loans/active - 200 null application/json; charset=utf-8 95.3007ms
2026-06-01 14:29:03.420 +03:00 [INF] Request starting HTTP/1.1 OPTIONS http://localhost:5112/api/loans/active - null null
2026-06-01 14:29:03.422 +03:00 [INF] CORS policy execution failed.
2026-06-01 14:29:03.423 +03:00 [INF] Request origin http://localhost:62068 does not have permission to access the resource.
2026-06-01 14:29:03.423 +03:00 [INF] HTTP OPTIONS /api/loans/active responded 204 in 1.5042 ms
2026-06-01 14:29:03.424 +03:00 [INF] Request finished HTTP/1.1 OPTIONS http://localhost:5112/api/loans/active - 204 null null 3.1462ms
2026-06-01 14:29:06.232 +03:00 [INF] Request starting HTTP/1.1 OPTIONS http://localhost:5112/api/books?page=1&pageSize=20 - null null
2026-06-01 14:29:06.232 +03:00 [INF] CORS policy execution failed.
2026-06-01 14:29:06.232 +03:00 [INF] Request origin http://localhost:62068 does not have permission to access the resource.
2026-06-01 14:29:06.232 +03:00 [INF] HTTP OPTIONS /api/books responded 204 in 0.1894 ms
2026-06-01 14:29:06.233 +03:00 [INF] Request finished HTTP/1.1 OPTIONS http://localhost:5112/api/books?page=1&pageSize=20 - 204 null null 0.6568ms
2026-06-01 14:29:29.378 +03:00 [INF] Request starting HTTP/1.1 GET http://localhost:5112/index.html - null null
2026-06-01 14:29:29.379 +03:00 [INF] HTTP GET /index.html responded 200 in 0.7429 ms
2026-06-01 14:29:29.380 +03:00 [INF] Request finished HTTP/1.1 GET http://localhost:5112/index.html - 200 null text/html;charset=utf-8 1.1611ms
2026-06-01 14:29:29.792 +03:00 [INF] Request starting HTTP/1.1 GET http://localhost:5112/swagger/v1/swagger.json - null null
2026-06-01 14:29:29.843 +03:00 [INF] HTTP GET /swagger/v1/swagger.json responded 200 in 50.2335 ms
2026-06-01 14:29:29.844 +03:00 [INF] Request finished HTTP/1.1 GET http://localhost:5112/swagger/v1/swagger.json - 200 null application/json;charset=utf-8 51.1068ms
2026-06-01 14:29:35.652 +03:00 [INF] Request starting HTTP/1.1 GET http://localhost:5112/api/Books - null null
2026-06-01 14:29:35.665 +03:00 [INF] Route matched with {action = "Search", controller = "Books"}. Executing controller action with signature System.Threading.Tasks.Task`1[Microsoft.AspNetCore.Mvc.IActionResult] Search(BookSearchQuery, System.Threading.CancellationToken) on controller BooksController (LibraryApp.Api).
2026-06-01 14:29:35.702 +03:00 [WRN] Compiling a query which loads related collections for more than one collection navigation, either via 'Include' or through projection, but no 'QuerySplittingBehavior' has been configured. By default, Entity Framework will use 'QuerySplittingBehavior.SingleQuery', which can potentially result in slow query performance. See https://go.microsoft.com/fwlink/?linkid=2134277 for more information. To identify the query that's triggering this warning call 'ConfigureWarnings(w => w.Throw(RelationalEventId.MultipleCollectionIncludeWarning))'.
2026-06-01 14:29:35.734 +03:00 [INF] Executing OkObjectResult, writing value of type 'PagedResult`1[[BookDto, LibraryApp.Core, Version=1.0.0.0, Culture=neutral, PublicKeyToken=null]]'.
2026-06-01 14:29:35.740 +03:00 [INF] Executed action BooksController.Search (LibraryApp.Api) in 75.0921ms
2026-06-01 14:29:35.740 +03:00 [INF] HTTP GET /api/Books responded 200 in 87.9210 ms
2026-06-01 14:29:35.741 +03:00 [INF] Request finished HTTP/1.1 GET http://localhost:5112/api/Books - 200 null application/json; charset=utf-8 88.4228ms
2026-06-01 14:30:00.634 +03:00 [INF] Request starting HTTP/1.1 OPTIONS http://localhost:5112/api/loans/active - null null
2026-06-01 14:30:00.634 +03:00 [INF] CORS policy execution failed.
2026-06-01 14:30:00.635 +03:00 [INF] Request origin http://localhost:62068 does not have permission to access the resource.
2026-06-01 14:30:00.635 +03:00 [INF] HTTP OPTIONS /api/loans/active responded 204 in 0.2315 ms
2026-06-01 14:30:00.635 +03:00 [INF] Request finished HTTP/1.1 OPTIONS http://localhost:5112/api/loans/active - 204 null null 0.9755ms
2026-06-01 14:30:03.455 +03:00 [INF] Request starting HTTP/1.1 GET http://localhost:5112/api/loans/active - application/json null
2026-06-01 14:30:03.456 +03:00 [INF] Route matched with {action = "GetActive", controller = "Loans"}. Executing controller action with signature System.Threading.Tasks.Task`1[Microsoft.AspNetCore.Mvc.IActionResult] GetActive(System.Threading.CancellationToken) on controller LibraryApp.Api.Controllers.LoansController (LibraryApp.Api).
2026-06-01 14:30:03.482 +03:00 [INF] Executing OkObjectResult, writing value of type 'System.Collections.Generic.List`1[[LibraryApp.Core.DTOs.ActiveLoanDto, LibraryApp.Core, Version=1.0.0.0, Culture=neutral, PublicKeyToken=null]]'.
2026-06-01 14:30:03.482 +03:00 [INF] Executed action LibraryApp.Api.Controllers.LoansController.GetActive (LibraryApp.Api) in 26.0269ms
2026-06-01 14:30:03.482 +03:00 [INF] HTTP GET /api/loans/active responded 200 in 26.5204 ms
2026-06-01 14:30:03.482 +03:00 [INF] Request finished HTTP/1.1 GET http://localhost:5112/api/loans/active - 200 null application/json; charset=utf-8 27.0348ms
2026-06-01 14:30:03.796 +03:00 [INF] Request starting HTTP/1.1 OPTIONS http://localhost:5112/api/loans/active - null null
2026-06-01 14:30:03.796 +03:00 [INF] CORS policy execution failed.
2026-06-01 14:30:03.796 +03:00 [INF] Request origin http://localhost:62068 does not have permission to access the resource.
2026-06-01 14:30:03.796 +03:00 [INF] HTTP OPTIONS /api/loans/active responded 204 in 0.1622 ms
2026-06-01 14:30:03.796 +03:00 [INF] Request finished HTTP/1.1 OPTIONS http://localhost:5112/api/loans/active - 204 null null 0.4782ms
2026-06-01 14:30:08.558 +03:00 [INF] Request starting HTTP/1.1 OPTIONS http://localhost:5112/api/books?page=1&pageSize=20 - null null
2026-06-01 14:30:08.558 +03:00 [INF] CORS policy execution failed.
2026-06-01 14:30:08.559 +03:00 [INF] Request origin http://localhost:62068 does not have permission to access the resource.
2026-06-01 14:30:08.559 +03:00 [INF] HTTP OPTIONS /api/books responded 204 in 0.2657 ms
2026-06-01 14:30:08.559 +03:00 [INF] Request finished HTTP/1.1 OPTIONS http://localhost:5112/api/books?page=1&pageSize=20 - 204 null null 0.7616ms
2026-06-01 14:30:12.888 +03:00 [INF] Request starting HTTP/1.1 OPTIONS http://localhost:5112/api/authors - null null
2026-06-01 14:30:12.888 +03:00 [INF] CORS policy execution failed.
2026-06-01 14:30:12.888 +03:00 [INF] Request origin http://localhost:62068 does not have permission to access the resource.
2026-06-01 14:30:12.888 +03:00 [INF] HTTP OPTIONS /api/authors responded 204 in 0.2685 ms
2026-06-01 14:30:12.889 +03:00 [INF] Request finished HTTP/1.1 OPTIONS http://localhost:5112/api/authors - 204 null null 0.679ms
2026-06-01 14:30:12.890 +03:00 [INF] Request starting HTTP/1.1 OPTIONS http://localhost:5112/api/categories - null null
2026-06-01 14:30:12.890 +03:00 [INF] CORS policy execution failed.
2026-06-01 14:30:12.890 +03:00 [INF] Request origin http://localhost:62068 does not have permission to access the resource.
2026-06-01 14:30:12.890 +03:00 [INF] HTTP OPTIONS /api/categories responded 204 in 0.5328 ms
2026-06-01 14:30:12.891 +03:00 [INF] Request finished HTTP/1.1 OPTIONS http://localhost:5112/api/categories - 204 null null 1.0178ms
2026-06-01 14:30:18.916 +03:00 [INF] Request starting HTTP/1.1 OPTIONS http://localhost:5112/api/books?page=1&pageSize=20 - null null
2026-06-01 14:30:18.916 +03:00 [INF] CORS policy execution failed.
2026-06-01 14:30:18.916 +03:00 [INF] Request origin http://localhost:62068 does not have permission to access the resource.
2026-06-01 14:30:18.916 +03:00 [INF] HTTP OPTIONS /api/books responded 204 in 0.1853 ms
2026-06-01 14:30:18.916 +03:00 [INF] Request finished HTTP/1.1 OPTIONS http://localhost:5112/api/books?page=1&pageSize=20 - 204 null null 0.6486ms
2026-06-01 14:30:20.255 +03:00 [INF] Request starting HTTP/1.1 OPTIONS http://localhost:5112/api/books?page=1&pageSize=20 - null null
2026-06-01 14:30:20.255 +03:00 [INF] CORS policy execution failed.
2026-06-01 14:30:20.255 +03:00 [INF] Request origin http://localhost:62068 does not have permission to access the resource.
2026-06-01 14:30:20.255 +03:00 [INF] HTTP OPTIONS /api/books responded 204 in 0.1661 ms
2026-06-01 14:30:20.256 +03:00 [INF] Request finished HTTP/1.1 OPTIONS http://localhost:5112/api/books?page=1&pageSize=20 - 204 null null 0.4518ms
2026-06-01 14:30:20.948 +03:00 [INF] Request starting HTTP/1.1 OPTIONS http://localhost:5112/api/books?page=1&pageSize=20 - null null
2026-06-01 14:30:20.948 +03:00 [INF] CORS policy execution failed.
2026-06-01 14:30:20.948 +03:00 [INF] Request origin http://localhost:62068 does not have permission to access the resource.
2026-06-01 14:30:20.948 +03:00 [INF] HTTP OPTIONS /api/books responded 204 in 0.2224 ms
2026-06-01 14:30:20.949 +03:00 [INF] Request finished HTTP/1.1 OPTIONS http://localhost:5112/api/books?page=1&pageSize=20 - 204 null null 0.5939ms
2026-06-01 14:30:21.469 +03:00 [INF] Request starting HTTP/1.1 OPTIONS http://localhost:5112/api/books?page=1&pageSize=20 - null null
2026-06-01 14:30:21.469 +03:00 [INF] CORS policy execution failed.
2026-06-01 14:30:21.469 +03:00 [INF] Request origin http://localhost:62068 does not have permission to access the resource.
2026-06-01 14:30:21.469 +03:00 [INF] HTTP OPTIONS /api/books responded 204 in 0.2640 ms
2026-06-01 14:30:21.469 +03:00 [INF] Request finished HTTP/1.1 OPTIONS http://localhost:5112/api/books?page=1&pageSize=20 - 204 null null 0.6816ms
2026-06-01 14:30:22.044 +03:00 [INF] Request starting HTTP/1.1 OPTIONS http://localhost:5112/api/books?page=1&pageSize=20 - null null
2026-06-01 14:30:22.044 +03:00 [INF] CORS policy execution failed.
2026-06-01 14:30:22.044 +03:00 [INF] Request origin http://localhost:62068 does not have permission to access the resource.
2026-06-01 14:30:22.044 +03:00 [INF] HTTP OPTIONS /api/books responded 204 in 0.1435 ms
2026-06-01 14:30:22.044 +03:00 [INF] Request finished HTTP/1.1 OPTIONS http://localhost:5112/api/books?page=1&pageSize=20 - 204 null null 0.5059ms
2026-06-01 14:30:31.410 +03:00 [INF] Request starting HTTP/1.1 GET http://localhost:5112/api/books?page=1&pageSize=20 - application/json null
2026-06-01 14:30:31.411 +03:00 [INF] Route matched with {action = "Search", controller = "Books"}. Executing controller action with signature System.Threading.Tasks.Task`1[Microsoft.AspNetCore.Mvc.IActionResult] Search(BookSearchQuery, System.Threading.CancellationToken) on controller BooksController (LibraryApp.Api).
2026-06-01 14:30:31.448 +03:00 [INF] Executing OkObjectResult, writing value of type 'PagedResult`1[[BookDto, LibraryApp.Core, Version=1.0.0.0, Culture=neutral, PublicKeyToken=null]]'.
2026-06-01 14:30:31.448 +03:00 [INF] Executed action BooksController.Search (LibraryApp.Api) in 37.2201ms
2026-06-01 14:30:31.448 +03:00 [INF] HTTP GET /api/books responded 200 in 37.6894 ms
2026-06-01 14:30:31.449 +03:00 [INF] Request finished HTTP/1.1 GET http://localhost:5112/api/books?page=1&pageSize=20 - 200 null application/json; charset=utf-8 38.1152ms
2026-06-01 14:30:32.185 +03:00 [INF] Request starting HTTP/1.1 OPTIONS http://localhost:5112/api/books?page=1&pageSize=20 - null null
2026-06-01 14:30:32.192 +03:00 [INF] CORS policy execution failed.
2026-06-01 14:30:32.204 +03:00 [INF] Request origin http://localhost:62068 does not have permission to access the resource.
2026-06-01 14:30:32.204 +03:00 [INF] HTTP OPTIONS /api/books responded 204 in 12.8805 ms
2026-06-01 14:30:32.205 +03:00 [INF] Request finished HTTP/1.1 OPTIONS http://localhost:5112/api/books?page=1&pageSize=20 - 204 null null 19.8848ms
2026-06-01 14:30:45.391 +03:00 [INF] Request starting HTTP/1.1 GET http://localhost:5112/api/books?page=1&pageSize=20 - null null
2026-06-01 14:30:45.391 +03:00 [INF] Route matched with {action = "Search", controller = "Books"}. Executing controller action with signature System.Threading.Tasks.Task`1[Microsoft.AspNetCore.Mvc.IActionResult] Search(BookSearchQuery, System.Threading.CancellationToken) on controller BooksController (LibraryApp.Api).
2026-06-01 14:30:45.454 +03:00 [INF] Executing OkObjectResult, writing value of type 'PagedResult`1[[BookDto, LibraryApp.Core, Version=1.0.0.0, Culture=neutral, PublicKeyToken=null]]'.
2026-06-01 14:30:45.455 +03:00 [INF] Executed action BooksController.Search (LibraryApp.Api) in 62.9924ms
2026-06-01 14:30:45.455 +03:00 [INF] HTTP GET /api/books responded 200 in 63.4041 ms
2026-06-01 14:30:45.455 +03:00 [INF] Request finished HTTP/1.1 GET http://localhost:5112/api/books?page=1&pageSize=20 - 200 null application/json; charset=utf-8 64.1382ms
2026-06-01 14:30:45.860 +03:00 [INF] Request starting HTTP/1.1 GET http://localhost:5112/favicon.ico - null null
2026-06-01 14:30:45.862 +03:00 [INF] HTTP GET /favicon.ico responded 404 in 2.1777 ms
2026-06-01 14:30:45.862 +03:00 [INF] Request finished HTTP/1.1 GET http://localhost:5112/favicon.ico - 404 0 null 2.5925ms
2026-06-01 14:30:45.864 +03:00 [INF] Request reached the end of the middleware pipeline without being handled by application code. Request path: GET http://localhost:5112/favicon.ico, Response status code: 404
2026-06-01 14:33:57.334 +03:00 [INF] Request starting HTTP/1.1 GET http://localhost:5112/api/loans/active - application/json null
2026-06-01 14:33:57.334 +03:00 [INF] Route matched with {action = "GetActive", controller = "Loans"}. Executing controller action with signature System.Threading.Tasks.Task`1[Microsoft.AspNetCore.Mvc.IActionResult] GetActive(System.Threading.CancellationToken) on controller LibraryApp.Api.Controllers.LoansController (LibraryApp.Api).
2026-06-01 14:33:57.357 +03:00 [INF] Executing OkObjectResult, writing value of type 'System.Collections.Generic.List`1[[LibraryApp.Core.DTOs.ActiveLoanDto, LibraryApp.Core, Version=1.0.0.0, Culture=neutral, PublicKeyToken=null]]'.
2026-06-01 14:33:57.357 +03:00 [INF] Executed action LibraryApp.Api.Controllers.LoansController.GetActive (LibraryApp.Api) in 22.9503ms
2026-06-01 14:33:57.357 +03:00 [INF] HTTP GET /api/loans/active responded 200 in 23.4361 ms
2026-06-01 14:33:57.357 +03:00 [INF] Request finished HTTP/1.1 GET http://localhost:5112/api/loans/active - 200 null application/json; charset=utf-8 23.9963ms
2026-06-01 14:33:57.999 +03:00 [INF] Request starting HTTP/1.1 OPTIONS http://localhost:5112/api/loans/active - null null
2026-06-01 14:33:57.999 +03:00 [INF] CORS policy execution successful.
2026-06-01 14:33:57.999 +03:00 [INF] HTTP OPTIONS /api/loans/active responded 204 in 0.1624 ms
2026-06-01 14:33:58.000 +03:00 [INF] Request finished HTTP/1.1 OPTIONS http://localhost:5112/api/loans/active - 204 null null 0.8439ms
2026-06-01 14:33:58.004 +03:00 [INF] Request starting HTTP/1.1 GET http://localhost:5112/api/loans/active - application/json null
2026-06-01 14:33:58.004 +03:00 [INF] CORS policy execution successful.
2026-06-01 14:33:58.005 +03:00 [INF] Route matched with {action = "GetActive", controller = "Loans"}. Executing controller action with signature System.Threading.Tasks.Task`1[Microsoft.AspNetCore.Mvc.IActionResult] GetActive(System.Threading.CancellationToken) on controller LibraryApp.Api.Controllers.LoansController (LibraryApp.Api).
2026-06-01 14:33:58.011 +03:00 [INF] Executing OkObjectResult, writing value of type 'System.Collections.Generic.List`1[[LibraryApp.Core.DTOs.ActiveLoanDto, LibraryApp.Core, Version=1.0.0.0, Culture=neutral, PublicKeyToken=null]]'.
2026-06-01 14:33:58.011 +03:00 [INF] Executed action LibraryApp.Api.Controllers.LoansController.GetActive (LibraryApp.Api) in 6.7002ms
2026-06-01 14:33:58.012 +03:00 [INF] HTTP GET /api/loans/active responded 200 in 7.1387 ms
2026-06-01 14:33:58.012 +03:00 [INF] Request finished HTTP/1.1 GET http://localhost:5112/api/loans/active - 200 null application/json; charset=utf-8 8.1723ms
2026-06-01 14:34:00.173 +03:00 [INF] Request starting HTTP/1.1 OPTIONS http://localhost:5112/api/books?page=1&pageSize=20 - null null
2026-06-01 14:34:00.174 +03:00 [INF] CORS policy execution successful.
2026-06-01 14:34:00.174 +03:00 [INF] HTTP OPTIONS /api/books responded 204 in 0.2619 ms
2026-06-01 14:34:00.174 +03:00 [INF] Request finished HTTP/1.1 OPTIONS http://localhost:5112/api/books?page=1&pageSize=20 - 204 null null 0.65ms
2026-06-01 14:34:00.179 +03:00 [INF] Request starting HTTP/1.1 GET http://localhost:5112/api/books?page=1&pageSize=20 - application/json null
2026-06-01 14:34:00.180 +03:00 [INF] CORS policy execution successful.
2026-06-01 14:34:00.180 +03:00 [INF] Route matched with {action = "Search", controller = "Books"}. Executing controller action with signature System.Threading.Tasks.Task`1[Microsoft.AspNetCore.Mvc.IActionResult] Search(BookSearchQuery, System.Threading.CancellationToken) on controller BooksController (LibraryApp.Api).
2026-06-01 14:34:00.213 +03:00 [INF] Executing OkObjectResult, writing value of type 'PagedResult`1[[BookDto, LibraryApp.Core, Version=1.0.0.0, Culture=neutral, PublicKeyToken=null]]'.
2026-06-01 14:34:00.214 +03:00 [INF] Executed action BooksController.Search (LibraryApp.Api) in 33.4003ms
2026-06-01 14:34:00.214 +03:00 [INF] HTTP GET /api/books responded 200 in 34.0518 ms
2026-06-01 14:34:00.214 +03:00 [INF] Request finished HTTP/1.1 GET http://localhost:5112/api/books?page=1&pageSize=20 - 200 null application/json; charset=utf-8 34.7693ms
2026-06-01 14:34:01.643 +03:00 [INF] Request starting HTTP/1.1 OPTIONS http://localhost:5112/api/books/2 - null null
2026-06-01 14:34:01.644 +03:00 [INF] CORS policy execution successful.
2026-06-01 14:34:01.644 +03:00 [INF] HTTP OPTIONS /api/books/2 responded 204 in 0.1259 ms
2026-06-01 14:34:01.644 +03:00 [INF] Request finished HTTP/1.1 OPTIONS http://localhost:5112/api/books/2 - 204 null null 0.5973ms
2026-06-01 14:34:01.650 +03:00 [INF] Request starting HTTP/1.1 GET http://localhost:5112/api/books/2 - application/json null
2026-06-01 14:34:01.650 +03:00 [INF] CORS policy execution successful.
2026-06-01 14:34:01.657 +03:00 [INF] Route matched with {action = "GetById", controller = "Books"}. Executing controller action with signature System.Threading.Tasks.Task`1[Microsoft.AspNetCore.Mvc.IActionResult] GetById(Int32, System.Threading.CancellationToken) on controller BooksController (LibraryApp.Api).
2026-06-01 14:34:01.685 +03:00 [INF] Executing OkObjectResult, writing value of type 'BookDto'.
2026-06-01 14:34:01.685 +03:00 [INF] Executed action BooksController.GetById (LibraryApp.Api) in 28.1951ms
2026-06-01 14:34:01.686 +03:00 [INF] HTTP GET /api/books/2 responded 200 in 35.3918 ms
2026-06-01 14:34:01.686 +03:00 [INF] Request finished HTTP/1.1 GET http://localhost:5112/api/books/2 - 200 null application/json; charset=utf-8 36.2248ms
2026-06-01 14:34:03.257 +03:00 [INF] Request starting HTTP/1.1 OPTIONS http://localhost:5112/api/authors - null null
2026-06-01 14:34:03.258 +03:00 [INF] CORS policy execution successful.
2026-06-01 14:34:03.258 +03:00 [INF] HTTP OPTIONS /api/authors responded 204 in 0.2136 ms
2026-06-01 14:34:03.258 +03:00 [INF] Request finished HTTP/1.1 OPTIONS http://localhost:5112/api/authors - 204 null null 1.1332ms
2026-06-01 14:34:03.261 +03:00 [INF] Request starting HTTP/1.1 OPTIONS http://localhost:5112/api/categories - null null
2026-06-01 14:34:03.261 +03:00 [INF] CORS policy execution successful.
2026-06-01 14:34:03.261 +03:00 [INF] HTTP OPTIONS /api/categories responded 204 in 0.2104 ms
2026-06-01 14:34:03.261 +03:00 [INF] Request finished HTTP/1.1 OPTIONS http://localhost:5112/api/categories - 204 null null 0.5106ms
2026-06-01 14:34:03.265 +03:00 [INF] Request starting HTTP/1.1 GET http://localhost:5112/api/books/2 - application/json null
2026-06-01 14:34:03.266 +03:00 [INF] CORS policy execution successful.
2026-06-01 14:34:03.266 +03:00 [INF] Route matched with {action = "GetById", controller = "Books"}. Executing controller action with signature System.Threading.Tasks.Task`1[Microsoft.AspNetCore.Mvc.IActionResult] GetById(Int32, System.Threading.CancellationToken) on controller BooksController (LibraryApp.Api).
2026-06-01 14:34:03.270 +03:00 [INF] Request starting HTTP/1.1 GET http://localhost:5112/api/categories - application/json null
2026-06-01 14:34:03.270 +03:00 [INF] CORS policy execution successful.
2026-06-01 14:34:03.270 +03:00 [INF] Route matched with {action = "GetAll", controller = "Categories"}. Executing controller action with signature System.Threading.Tasks.Task`1[Microsoft.AspNetCore.Mvc.IActionResult] GetAll(System.Threading.CancellationToken) on controller LibraryApp.Api.Controllers.CategoriesController (LibraryApp.Api).
2026-06-01 14:34:03.271 +03:00 [INF] Executing OkObjectResult, writing value of type 'BookDto'.
2026-06-01 14:34:03.271 +03:00 [INF] Request starting HTTP/1.1 GET http://localhost:5112/api/authors - application/json null
2026-06-01 14:34:03.271 +03:00 [INF] Executed action BooksController.GetById (LibraryApp.Api) in 4.869ms
2026-06-01 14:34:03.271 +03:00 [INF] CORS policy execution successful.
2026-06-01 14:34:03.271 +03:00 [INF] HTTP GET /api/books/2 responded 200 in 5.3763 ms
2026-06-01 14:34:03.271 +03:00 [INF] Request finished HTTP/1.1 GET http://localhost:5112/api/books/2 - 200 null application/json; charset=utf-8 5.8113ms
2026-06-01 14:34:03.271 +03:00 [INF] Route matched with {action = "GetAll", controller = "Authors"}. Executing controller action with signature System.Threading.Tasks.Task`1[Microsoft.AspNetCore.Mvc.IActionResult] GetAll(System.Threading.CancellationToken) on controller LibraryApp.Api.Controllers.AuthorsController (LibraryApp.Api).
2026-06-01 14:34:03.276 +03:00 [INF] Executing OkObjectResult, writing value of type 'System.Collections.Generic.List`1[[<>f__AnonymousType2`2[[System.Int32, System.Private.CoreLib, Version=8.0.0.0, Culture=neutral, PublicKeyToken=7cec85d7bea7798e],[System.String, System.Private.CoreLib, Version=8.0.0.0, Culture=neutral, PublicKeyToken=7cec85d7bea7798e]], LibraryApp.Api, Version=1.0.0.0, Culture=neutral, PublicKeyToken=null]]'.
2026-06-01 14:34:03.277 +03:00 [INF] Executed action LibraryApp.Api.Controllers.CategoriesController.GetAll (LibraryApp.Api) in 6.0697ms
2026-06-01 14:34:03.277 +03:00 [INF] HTTP GET /api/categories responded 200 in 6.9118 ms
2026-06-01 14:34:03.277 +03:00 [INF] Request finished HTTP/1.1 GET http://localhost:5112/api/categories - 200 null application/json; charset=utf-8 7.2641ms
2026-06-01 14:34:03.288 +03:00 [INF] Executing OkObjectResult, writing value of type 'System.Collections.Generic.List`1[[<>f__AnonymousType0`2[[System.Int32, System.Private.CoreLib, Version=8.0.0.0, Culture=neutral, PublicKeyToken=7cec85d7bea7798e],[System.String, System.Private.CoreLib, Version=8.0.0.0, Culture=neutral, PublicKeyToken=7cec85d7bea7798e]], LibraryApp.Api, Version=1.0.0.0, Culture=neutral, PublicKeyToken=null]]'.
2026-06-01 14:34:03.288 +03:00 [INF] Executed action LibraryApp.Api.Controllers.AuthorsController.GetAll (LibraryApp.Api) in 16.71ms
2026-06-01 14:34:03.288 +03:00 [INF] HTTP GET /api/authors responded 200 in 17.2001 ms
2026-06-01 14:34:03.288 +03:00 [INF] Request finished HTTP/1.1 GET http://localhost:5112/api/authors - 200 null application/json; charset=utf-8 17.5721ms
2026-06-01 14:34:07.126 +03:00 [INF] Request starting HTTP/1.1 OPTIONS http://localhost:5112/api/books/2 - null null
2026-06-01 14:34:07.126 +03:00 [INF] CORS policy execution successful.
2026-06-01 14:34:07.127 +03:00 [INF] HTTP OPTIONS /api/books/2 responded 204 in 0.2755 ms
2026-06-01 14:34:07.127 +03:00 [INF] Request finished HTTP/1.1 OPTIONS http://localhost:5112/api/books/2 - 204 null null 0.6957ms
2026-06-01 14:34:07.132 +03:00 [INF] Request starting HTTP/1.1 GET http://localhost:5112/api/books/2 - application/json null
2026-06-01 14:34:07.132 +03:00 [INF] CORS policy execution successful.
2026-06-01 14:34:07.133 +03:00 [INF] Route matched with {action = "GetById", controller = "Books"}. Executing controller action with signature System.Threading.Tasks.Task`1[Microsoft.AspNetCore.Mvc.IActionResult] GetById(Int32, System.Threading.CancellationToken) on controller BooksController (LibraryApp.Api).
2026-06-01 14:34:07.137 +03:00 [INF] Executing OkObjectResult, writing value of type 'BookDto'.
2026-06-01 14:34:07.138 +03:00 [INF] Executed action BooksController.GetById (LibraryApp.Api) in 5.0139ms
2026-06-01 14:34:07.138 +03:00 [INF] HTTP GET /api/books/2 responded 200 in 5.5559 ms
2026-06-01 14:34:07.138 +03:00 [INF] Request finished HTTP/1.1 GET http://localhost:5112/api/books/2 - 200 null application/json; charset=utf-8 5.897ms
2026-06-01 14:34:26.608 +03:00 [INF] Request starting HTTP/1.1 OPTIONS http://localhost:5112/api/books?page=1&pageSize=20 - null null
2026-06-01 14:34:26.609 +03:00 [INF] CORS policy execution successful.
2026-06-01 14:34:26.609 +03:00 [INF] HTTP OPTIONS /api/books responded 204 in 0.2701 ms
2026-06-01 14:34:26.609 +03:00 [INF] Request finished HTTP/1.1 OPTIONS http://localhost:5112/api/books?page=1&pageSize=20 - 204 null null 0.6739ms
2026-06-01 14:34:26.614 +03:00 [INF] Request starting HTTP/1.1 GET http://localhost:5112/api/books?page=1&pageSize=20 - application/json null
2026-06-01 14:34:26.614 +03:00 [INF] CORS policy execution successful.
2026-06-01 14:34:26.614 +03:00 [INF] Route matched with {action = "Search", controller = "Books"}. Executing controller action with signature System.Threading.Tasks.Task`1[Microsoft.AspNetCore.Mvc.IActionResult] Search(BookSearchQuery, System.Threading.CancellationToken) on controller BooksController (LibraryApp.Api).
2026-06-01 14:34:26.620 +03:00 [INF] Executing OkObjectResult, writing value of type 'PagedResult`1[[BookDto, LibraryApp.Core, Version=1.0.0.0, Culture=neutral, PublicKeyToken=null]]'.
2026-06-01 14:34:26.620 +03:00 [INF] Executed action BooksController.Search (LibraryApp.Api) in 5.8365ms
2026-06-01 14:34:26.620 +03:00 [INF] HTTP GET /api/books responded 200 in 6.4453 ms
2026-06-01 14:34:26.621 +03:00 [INF] Request finished HTTP/1.1 GET http://localhost:5112/api/books?page=1&pageSize=20 - 200 null application/json; charset=utf-8 6.8048ms
2026-06-01 14:34:33.455 +03:00 [INF] Request starting HTTP/1.1 GET http://localhost:5112/api/books/6 - application/json null
2026-06-01 14:34:33.456 +03:00 [INF] Route matched with {action = "GetById", controller = "Books"}. Executing controller action with signature System.Threading.Tasks.Task`1[Microsoft.AspNetCore.Mvc.IActionResult] GetById(Int32, System.Threading.CancellationToken) on controller BooksController (LibraryApp.Api).
2026-06-01 14:34:33.460 +03:00 [INF] Executing OkObjectResult, writing value of type 'BookDto'.
2026-06-01 14:34:33.461 +03:00 [INF] Executed action BooksController.GetById (LibraryApp.Api) in 4.8078ms
2026-06-01 14:34:33.461 +03:00 [INF] HTTP GET /api/books/6 responded 200 in 5.1385 ms
2026-06-01 14:34:33.462 +03:00 [INF] Request finished HTTP/1.1 GET http://localhost:5112/api/books/6 - 200 null application/json; charset=utf-8 6.9544ms
2026-06-01 14:34:34.162 +03:00 [INF] Request starting HTTP/1.1 OPTIONS http://localhost:5112/api/books/6 - null null
2026-06-01 14:34:34.162 +03:00 [INF] CORS policy execution successful.
2026-06-01 14:34:34.162 +03:00 [INF] HTTP OPTIONS /api/books/6 responded 204 in 0.1084 ms
2026-06-01 14:34:34.162 +03:00 [INF] Request finished HTTP/1.1 OPTIONS http://localhost:5112/api/books/6 - 204 null null 0.3188ms
2026-06-01 14:34:34.167 +03:00 [INF] Request starting HTTP/1.1 GET http://localhost:5112/api/books/6 - application/json null
2026-06-01 14:34:34.167 +03:00 [INF] CORS policy execution successful.
2026-06-01 14:34:34.168 +03:00 [INF] Route matched with {action = "GetById", controller = "Books"}. Executing controller action with signature System.Threading.Tasks.Task`1[Microsoft.AspNetCore.Mvc.IActionResult] GetById(Int32, System.Threading.CancellationToken) on controller BooksController (LibraryApp.Api).
2026-06-01 14:34:34.173 +03:00 [INF] Executing OkObjectResult, writing value of type 'BookDto'.
2026-06-01 14:34:34.174 +03:00 [INF] Executed action BooksController.GetById (LibraryApp.Api) in 5.8302ms
2026-06-01 14:34:34.174 +03:00 [INF] HTTP GET /api/books/6 responded 200 in 6.4533 ms
2026-06-01 14:34:34.174 +03:00 [INF] Request finished HTTP/1.1 GET http://localhost:5112/api/books/6 - 200 null application/json; charset=utf-8 6.7596ms
2026-06-01 14:36:14.282 +03:00 [INF] Request starting HTTP/1.1 OPTIONS http://localhost:5112/api/authors - null null
2026-06-01 14:36:14.283 +03:00 [INF] CORS policy execution successful.
2026-06-01 14:36:14.283 +03:00 [INF] HTTP OPTIONS /api/authors responded 204 in 0.1730 ms
2026-06-01 14:36:14.283 +03:00 [INF] Request finished HTTP/1.1 OPTIONS http://localhost:5112/api/authors - 204 null null 0.645ms
2026-06-01 14:36:14.283 +03:00 [INF] Request starting HTTP/1.1 OPTIONS http://localhost:5112/api/categories - null null
2026-06-01 14:36:14.283 +03:00 [INF] CORS policy execution successful.
2026-06-01 14:36:14.284 +03:00 [INF] HTTP OPTIONS /api/categories responded 204 in 0.2767 ms
2026-06-01 14:36:14.284 +03:00 [INF] Request finished HTTP/1.1 OPTIONS http://localhost:5112/api/categories - 204 null null 0.5345ms
2026-06-01 14:36:14.284 +03:00 [INF] Request starting HTTP/1.1 OPTIONS http://localhost:5112/api/books/6 - null null
2026-06-01 14:36:14.285 +03:00 [INF] CORS policy execution successful.
2026-06-01 14:36:14.285 +03:00 [INF] HTTP OPTIONS /api/books/6 responded 204 in 0.3175 ms
2026-06-01 14:36:14.285 +03:00 [INF] Request finished HTTP/1.1 OPTIONS http://localhost:5112/api/books/6 - 204 null null 0.6059ms
2026-06-01 14:36:14.294 +03:00 [INF] Request starting HTTP/1.1 GET http://localhost:5112/api/authors - application/json null
2026-06-01 14:36:14.294 +03:00 [INF] CORS policy execution successful.
2026-06-01 14:36:14.294 +03:00 [INF] Route matched with {action = "GetAll", controller = "Authors"}. Executing controller action with signature System.Threading.Tasks.Task`1[Microsoft.AspNetCore.Mvc.IActionResult] GetAll(System.Threading.CancellationToken) on controller LibraryApp.Api.Controllers.AuthorsController (LibraryApp.Api).
2026-06-01 14:36:14.294 +03:00 [INF] Request starting HTTP/1.1 GET http://localhost:5112/api/categories - application/json null
2026-06-01 14:36:14.295 +03:00 [INF] CORS policy execution successful.
2026-06-01 14:36:14.295 +03:00 [INF] Request starting HTTP/1.1 GET http://localhost:5112/api/books/6 - application/json null
2026-06-01 14:36:14.295 +03:00 [INF] Route matched with {action = "GetAll", controller = "Categories"}. Executing controller action with signature System.Threading.Tasks.Task`1[Microsoft.AspNetCore.Mvc.IActionResult] GetAll(System.Threading.CancellationToken) on controller LibraryApp.Api.Controllers.CategoriesController (LibraryApp.Api).
2026-06-01 14:36:14.295 +03:00 [INF] CORS policy execution successful.
2026-06-01 14:36:14.295 +03:00 [INF] Route matched with {action = "GetById", controller = "Books"}. Executing controller action with signature System.Threading.Tasks.Task`1[Microsoft.AspNetCore.Mvc.IActionResult] GetById(Int32, System.Threading.CancellationToken) on controller BooksController (LibraryApp.Api).
2026-06-01 14:36:14.301 +03:00 [INF] Executing OkObjectResult, writing value of type 'System.Collections.Generic.List`1[[<>f__AnonymousType2`2[[System.Int32, System.Private.CoreLib, Version=8.0.0.0, Culture=neutral, PublicKeyToken=7cec85d7bea7798e],[System.String, System.Private.CoreLib, Version=8.0.0.0, Culture=neutral, PublicKeyToken=7cec85d7bea7798e]], LibraryApp.Api, Version=1.0.0.0, Culture=neutral, PublicKeyToken=null]]'.
2026-06-01 14:36:14.301 +03:00 [INF] Executed action LibraryApp.Api.Controllers.CategoriesController.GetAll (LibraryApp.Api) in 6.2257ms
2026-06-01 14:36:14.302 +03:00 [INF] HTTP GET /api/categories responded 200 in 6.9545 ms
2026-06-01 14:36:14.302 +03:00 [INF] Request finished HTTP/1.1 GET http://localhost:5112/api/categories - 200 null application/json; charset=utf-8 7.6616ms
2026-06-01 14:36:14.303 +03:00 [INF] Executing OkObjectResult, writing value of type 'System.Collections.Generic.List`1[[<>f__AnonymousType0`2[[System.Int32, System.Private.CoreLib, Version=8.0.0.0, Culture=neutral, PublicKeyToken=7cec85d7bea7798e],[System.String, System.Private.CoreLib, Version=8.0.0.0, Culture=neutral, PublicKeyToken=7cec85d7bea7798e]], LibraryApp.Api, Version=1.0.0.0, Culture=neutral, PublicKeyToken=null]]'.
2026-06-01 14:36:14.303 +03:00 [INF] Executed action LibraryApp.Api.Controllers.AuthorsController.GetAll (LibraryApp.Api) in 9.0879ms
2026-06-01 14:36:14.304 +03:00 [INF] HTTP GET /api/authors responded 200 in 9.5975 ms
2026-06-01 14:36:14.304 +03:00 [INF] Request finished HTTP/1.1 GET http://localhost:5112/api/authors - 200 null application/json; charset=utf-8 10.1394ms
2026-06-01 14:36:14.334 +03:00 [INF] Executing OkObjectResult, writing value of type 'BookDto'.
2026-06-01 14:36:14.335 +03:00 [INF] Executed action BooksController.GetById (LibraryApp.Api) in 39.3895ms
2026-06-01 14:36:14.335 +03:00 [INF] HTTP GET /api/books/6 responded 200 in 39.8033 ms
2026-06-01 14:36:14.335 +03:00 [INF] Request finished HTTP/1.1 GET http://localhost:5112/api/books/6 - 200 null application/json; charset=utf-8 40.1615ms
2026-06-01 14:36:54.635 +03:00 [INF] Request starting HTTP/1.1 GET http://localhost:5112/api/books/6 - application/json null
2026-06-01 14:36:54.635 +03:00 [INF] Request starting HTTP/1.1 GET http://localhost:5112/api/authors - application/json null
2026-06-01 14:36:54.636 +03:00 [INF] Route matched with {action = "GetById", controller = "Books"}. Executing controller action with signature System.Threading.Tasks.Task`1[Microsoft.AspNetCore.Mvc.IActionResult] GetById(Int32, System.Threading.CancellationToken) on controller BooksController (LibraryApp.Api).
2026-06-01 14:36:54.636 +03:00 [INF] Route matched with {action = "GetAll", controller = "Authors"}. Executing controller action with signature System.Threading.Tasks.Task`1[Microsoft.AspNetCore.Mvc.IActionResult] GetAll(System.Threading.CancellationToken) on controller LibraryApp.Api.Controllers.AuthorsController (LibraryApp.Api).
2026-06-01 14:36:54.636 +03:00 [INF] Request starting HTTP/1.1 GET http://localhost:5112/api/categories - application/json null
2026-06-01 14:36:54.636 +03:00 [INF] Route matched with {action = "GetAll", controller = "Categories"}. Executing controller action with signature System.Threading.Tasks.Task`1[Microsoft.AspNetCore.Mvc.IActionResult] GetAll(System.Threading.CancellationToken) on controller LibraryApp.Api.Controllers.CategoriesController (LibraryApp.Api).
2026-06-01 14:36:54.643 +03:00 [INF] Executing OkObjectResult, writing value of type 'System.Collections.Generic.List`1[[<>f__AnonymousType2`2[[System.Int32, System.Private.CoreLib, Version=8.0.0.0, Culture=neutral, PublicKeyToken=7cec85d7bea7798e],[System.String, System.Private.CoreLib, Version=8.0.0.0, Culture=neutral, PublicKeyToken=7cec85d7bea7798e]], LibraryApp.Api, Version=1.0.0.0, Culture=neutral, PublicKeyToken=null]]'.
2026-06-01 14:36:54.643 +03:00 [INF] Executed action LibraryApp.Api.Controllers.CategoriesController.GetAll (LibraryApp.Api) in 7.3708ms
2026-06-01 14:36:54.643 +03:00 [INF] HTTP GET /api/categories responded 200 in 7.5981 ms
2026-06-01 14:36:54.644 +03:00 [INF] Request finished HTTP/1.1 GET http://localhost:5112/api/categories - 200 null application/json; charset=utf-8 7.9504ms
2026-06-01 14:36:54.646 +03:00 [INF] Executing OkObjectResult, writing value of type 'System.Collections.Generic.List`1[[<>f__AnonymousType0`2[[System.Int32, System.Private.CoreLib, Version=8.0.0.0, Culture=neutral, PublicKeyToken=7cec85d7bea7798e],[System.String, System.Private.CoreLib, Version=8.0.0.0, Culture=neutral, PublicKeyToken=7cec85d7bea7798e]], LibraryApp.Api, Version=1.0.0.0, Culture=neutral, PublicKeyToken=null]]'.
2026-06-01 14:36:54.646 +03:00 [INF] Executed action LibraryApp.Api.Controllers.AuthorsController.GetAll (LibraryApp.Api) in 10.6695ms
2026-06-01 14:36:54.646 +03:00 [INF] HTTP GET /api/authors responded 200 in 11.1275 ms
2026-06-01 14:36:54.647 +03:00 [INF] Request finished HTTP/1.1 GET http://localhost:5112/api/authors - 200 null application/json; charset=utf-8 11.4603ms
2026-06-01 14:36:54.662 +03:00 [INF] Executing OkObjectResult, writing value of type 'BookDto'.
2026-06-01 14:36:54.662 +03:00 [INF] Executed action BooksController.GetById (LibraryApp.Api) in 26.779ms
2026-06-01 14:36:54.663 +03:00 [INF] HTTP GET /api/books/6 responded 200 in 27.2265 ms
2026-06-01 14:36:54.663 +03:00 [INF] Request finished HTTP/1.1 GET http://localhost:5112/api/books/6 - 200 null application/json; charset=utf-8 27.5788ms
2026-06-01 14:36:54.898 +03:00 [INF] Request starting HTTP/1.1 GET http://localhost:5112/api/books?page=1&pageSize=20 - application/json null
2026-06-01 14:36:54.898 +03:00 [INF] Route matched with {action = "Search", controller = "Books"}. Executing controller action with signature System.Threading.Tasks.Task`1[Microsoft.AspNetCore.Mvc.IActionResult] Search(BookSearchQuery, System.Threading.CancellationToken) on controller BooksController (LibraryApp.Api).
2026-06-01 14:36:54.947 +03:00 [INF] Executing OkObjectResult, writing value of type 'PagedResult`1[[BookDto, LibraryApp.Core, Version=1.0.0.0, Culture=neutral, PublicKeyToken=null]]'.
2026-06-01 14:36:54.947 +03:00 [INF] Executed action BooksController.Search (LibraryApp.Api) in 48.6971ms
2026-06-01 14:36:54.947 +03:00 [INF] HTTP GET /api/books responded 200 in 49.1375 ms
2026-06-01 14:36:54.948 +03:00 [INF] Request finished HTTP/1.1 GET http://localhost:5112/api/books?page=1&pageSize=20 - 200 null application/json; charset=utf-8 49.4733ms
2026-06-01 14:36:55.036 +03:00 [INF] Request starting HTTP/1.1 OPTIONS http://localhost:5112/api/authors - null null
2026-06-01 14:36:55.036 +03:00 [INF] CORS policy execution successful.
2026-06-01 14:36:55.036 +03:00 [INF] HTTP OPTIONS /api/authors responded 204 in 0.1261 ms
2026-06-01 14:36:55.037 +03:00 [INF] Request finished HTTP/1.1 OPTIONS http://localhost:5112/api/authors - 204 null null 0.4547ms
2026-06-01 14:36:55.041 +03:00 [INF] Request starting HTTP/1.1 OPTIONS http://localhost:5112/api/categories - null null
2026-06-01 14:36:55.041 +03:00 [INF] Request starting HTTP/1.1 OPTIONS http://localhost:5112/api/books/6 - null null
2026-06-01 14:36:55.042 +03:00 [INF] CORS policy execution successful.
2026-06-01 14:36:55.042 +03:00 [INF] CORS policy execution successful.
2026-06-01 14:36:55.042 +03:00 [INF] HTTP OPTIONS /api/books/6 responded 204 in 0.1326 ms
2026-06-01 14:36:55.042 +03:00 [INF] Request finished HTTP/1.1 OPTIONS http://localhost:5112/api/books/6 - 204 null null 0.6575ms
2026-06-01 14:36:55.046 +03:00 [INF] HTTP OPTIONS /api/categories responded 204 in 4.7175 ms
2026-06-01 14:36:55.047 +03:00 [INF] Request finished HTTP/1.1 OPTIONS http://localhost:5112/api/categories - 204 null null 5.54ms
2026-06-01 14:36:55.073 +03:00 [INF] Request starting HTTP/1.1 GET http://localhost:5112/api/authors - application/json null
2026-06-01 14:36:55.073 +03:00 [INF] CORS policy execution successful.
2026-06-01 14:36:55.073 +03:00 [INF] Route matched with {action = "GetAll", controller = "Authors"}. Executing controller action with signature System.Threading.Tasks.Task`1[Microsoft.AspNetCore.Mvc.IActionResult] GetAll(System.Threading.CancellationToken) on controller LibraryApp.Api.Controllers.AuthorsController (LibraryApp.Api).
2026-06-01 14:36:55.074 +03:00 [INF] Request starting HTTP/1.1 GET http://localhost:5112/api/books/6 - application/json null
2026-06-01 14:36:55.075 +03:00 [INF] CORS policy execution successful.
2026-06-01 14:36:55.075 +03:00 [INF] Route matched with {action = "GetById", controller = "Books"}. Executing controller action with signature System.Threading.Tasks.Task`1[Microsoft.AspNetCore.Mvc.IActionResult] GetById(Int32, System.Threading.CancellationToken) on controller BooksController (LibraryApp.Api).
2026-06-01 14:36:55.075 +03:00 [INF] Request starting HTTP/1.1 GET http://localhost:5112/api/categories - application/json null
2026-06-01 14:36:55.075 +03:00 [INF] CORS policy execution successful.
2026-06-01 14:36:55.075 +03:00 [INF] Route matched with {action = "GetAll", controller = "Categories"}. Executing controller action with signature System.Threading.Tasks.Task`1[Microsoft.AspNetCore.Mvc.IActionResult] GetAll(System.Threading.CancellationToken) on controller LibraryApp.Api.Controllers.CategoriesController (LibraryApp.Api).
2026-06-01 14:36:55.082 +03:00 [INF] Executing OkObjectResult, writing value of type 'System.Collections.Generic.List`1[[<>f__AnonymousType0`2[[System.Int32, System.Private.CoreLib, Version=8.0.0.0, Culture=neutral, PublicKeyToken=7cec85d7bea7798e],[System.String, System.Private.CoreLib, Version=8.0.0.0, Culture=neutral, PublicKeyToken=7cec85d7bea7798e]], LibraryApp.Api, Version=1.0.0.0, Culture=neutral, PublicKeyToken=null]]'.
2026-06-01 14:36:55.082 +03:00 [INF] Executed action LibraryApp.Api.Controllers.AuthorsController.GetAll (LibraryApp.Api) in 8.625ms
2026-06-01 14:36:55.082 +03:00 [INF] HTTP GET /api/authors responded 200 in 9.2217 ms
2026-06-01 14:36:55.082 +03:00 [INF] Request finished HTTP/1.1 GET http://localhost:5112/api/authors - 200 null application/json; charset=utf-8 9.6023ms
2026-06-01 14:36:55.084 +03:00 [INF] Executing OkObjectResult, writing value of type 'System.Collections.Generic.List`1[[<>f__AnonymousType2`2[[System.Int32, System.Private.CoreLib, Version=8.0.0.0, Culture=neutral, PublicKeyToken=7cec85d7bea7798e],[System.String, System.Private.CoreLib, Version=8.0.0.0, Culture=neutral, PublicKeyToken=7cec85d7bea7798e]], LibraryApp.Api, Version=1.0.0.0, Culture=neutral, PublicKeyToken=null]]'.
2026-06-01 14:36:55.084 +03:00 [INF] Executed action LibraryApp.Api.Controllers.CategoriesController.GetAll (LibraryApp.Api) in 8.5297ms
2026-06-01 14:36:55.084 +03:00 [INF] HTTP GET /api/categories responded 200 in 8.9128 ms
2026-06-01 14:36:55.084 +03:00 [INF] Request finished HTTP/1.1 GET http://localhost:5112/api/categories - 200 null application/json; charset=utf-8 9.1173ms
2026-06-01 14:36:55.102 +03:00 [INF] Executing OkObjectResult, writing value of type 'BookDto'.
2026-06-01 14:36:55.102 +03:00 [INF] Executed action BooksController.GetById (LibraryApp.Api) in 27.0331ms
2026-06-01 14:36:55.102 +03:00 [INF] HTTP GET /api/books/6 responded 200 in 27.6787 ms
2026-06-01 14:36:55.102 +03:00 [INF] Request finished HTTP/1.1 GET http://localhost:5112/api/books/6 - 200 null application/json; charset=utf-8 28.5555ms
2026-06-01 14:36:55.252 +03:00 [INF] Request starting HTTP/1.1 GET http://localhost:5112/api/authors - application/json null
2026-06-01 14:36:55.252 +03:00 [INF] Request starting HTTP/1.1 GET http://localhost:5112/api/categories - application/json null
2026-06-01 14:36:55.252 +03:00 [INF] Route matched with {action = "GetAll", controller = "Categories"}. Executing controller action with signature System.Threading.Tasks.Task`1[Microsoft.AspNetCore.Mvc.IActionResult] GetAll(System.Threading.CancellationToken) on controller LibraryApp.Api.Controllers.CategoriesController (LibraryApp.Api).
2026-06-01 14:36:55.252 +03:00 [INF] Route matched with {action = "GetAll", controller = "Authors"}. Executing controller action with signature System.Threading.Tasks.Task`1[Microsoft.AspNetCore.Mvc.IActionResult] GetAll(System.Threading.CancellationToken) on controller LibraryApp.Api.Controllers.AuthorsController (LibraryApp.Api).
2026-06-01 14:36:55.258 +03:00 [INF] Executing OkObjectResult, writing value of type 'System.Collections.Generic.List`1[[<>f__AnonymousType2`2[[System.Int32, System.Private.CoreLib, Version=8.0.0.0, Culture=neutral, PublicKeyToken=7cec85d7bea7798e],[System.String, System.Private.CoreLib, Version=8.0.0.0, Culture=neutral, PublicKeyToken=7cec85d7bea7798e]], LibraryApp.Api, Version=1.0.0.0, Culture=neutral, PublicKeyToken=null]]'.
2026-06-01 14:36:55.258 +03:00 [INF] Executed action LibraryApp.Api.Controllers.CategoriesController.GetAll (LibraryApp.Api) in 6.2289ms
2026-06-01 14:36:55.259 +03:00 [INF] HTTP GET /api/categories responded 200 in 6.6480 ms
2026-06-01 14:36:55.259 +03:00 [INF] Request finished HTTP/1.1 GET http://localhost:5112/api/categories - 200 null application/json; charset=utf-8 7.0496ms
2026-06-01 14:36:55.259 +03:00 [INF] Request starting HTTP/1.1 GET http://localhost:5112/api/books/6 - application/json null
2026-06-01 14:36:55.260 +03:00 [INF] Route matched with {action = "GetById", controller = "Books"}. Executing controller action with signature System.Threading.Tasks.Task`1[Microsoft.AspNetCore.Mvc.IActionResult] GetById(Int32, System.Threading.CancellationToken) on controller BooksController (LibraryApp.Api).
2026-06-01 14:36:55.273 +03:00 [INF] Executing OkObjectResult, writing value of type 'System.Collections.Generic.List`1[[<>f__AnonymousType0`2[[System.Int32, System.Private.CoreLib, Version=8.0.0.0, Culture=neutral, PublicKeyToken=7cec85d7bea7798e],[System.String, System.Private.CoreLib, Version=8.0.0.0, Culture=neutral, PublicKeyToken=7cec85d7bea7798e]], LibraryApp.Api, Version=1.0.0.0, Culture=neutral, PublicKeyToken=null]]'.
2026-06-01 14:36:55.273 +03:00 [INF] Executed action LibraryApp.Api.Controllers.AuthorsController.GetAll (LibraryApp.Api) in 20.9959ms
2026-06-01 14:36:55.273 +03:00 [INF] HTTP GET /api/authors responded 200 in 21.3470 ms
2026-06-01 14:36:55.273 +03:00 [INF] Request finished HTTP/1.1 GET http://localhost:5112/api/authors - 200 null application/json; charset=utf-8 21.6366ms
2026-06-01 14:36:55.276 +03:00 [INF] Executing OkObjectResult, writing value of type 'BookDto'.
2026-06-01 14:36:55.276 +03:00 [INF] Executed action BooksController.GetById (LibraryApp.Api) in 16.7095ms
2026-06-01 14:36:55.276 +03:00 [INF] HTTP GET /api/books/6 responded 200 in 17.0092 ms
2026-06-01 14:36:55.277 +03:00 [INF] Request finished HTTP/1.1 GET http://localhost:5112/api/books/6 - 200 null application/json; charset=utf-8 17.5194ms
2026-06-01 14:36:55.477 +03:00 [INF] Request starting HTTP/1.1 GET http://localhost:5112/api/authors - application/json null
2026-06-01 14:36:55.477 +03:00 [INF] CORS policy execution successful.
2026-06-01 14:36:55.479 +03:00 [INF] Route matched with {action = "GetAll", controller = "Authors"}. Executing controller action with signature System.Threading.Tasks.Task`1[Microsoft.AspNetCore.Mvc.IActionResult] GetAll(System.Threading.CancellationToken) on controller LibraryApp.Api.Controllers.AuthorsController (LibraryApp.Api).
2026-06-01 14:36:55.479 +03:00 [INF] Request starting HTTP/1.1 GET http://localhost:5112/api/categories - application/json null
2026-06-01 14:36:55.479 +03:00 [INF] CORS policy execution successful.
2026-06-01 14:36:55.479 +03:00 [INF] Route matched with {action = "GetAll", controller = "Categories"}. Executing controller action with signature System.Threading.Tasks.Task`1[Microsoft.AspNetCore.Mvc.IActionResult] GetAll(System.Threading.CancellationToken) on controller LibraryApp.Api.Controllers.CategoriesController (LibraryApp.Api).
2026-06-01 14:36:55.481 +03:00 [INF] Request starting HTTP/1.1 GET http://localhost:5112/api/books/6 - application/json null
2026-06-01 14:36:55.481 +03:00 [INF] CORS policy execution successful.
2026-06-01 14:36:55.481 +03:00 [INF] Route matched with {action = "GetById", controller = "Books"}. Executing controller action with signature System.Threading.Tasks.Task`1[Microsoft.AspNetCore.Mvc.IActionResult] GetById(Int32, System.Threading.CancellationToken) on controller BooksController (LibraryApp.Api).
2026-06-01 14:36:55.486 +03:00 [INF] Executing OkObjectResult, writing value of type 'System.Collections.Generic.List`1[[<>f__AnonymousType0`2[[System.Int32, System.Private.CoreLib, Version=8.0.0.0, Culture=neutral, PublicKeyToken=7cec85d7bea7798e],[System.String, System.Private.CoreLib, Version=8.0.0.0, Culture=neutral, PublicKeyToken=7cec85d7bea7798e]], LibraryApp.Api, Version=1.0.0.0, Culture=neutral, PublicKeyToken=null]]'.
2026-06-01 14:36:55.487 +03:00 [INF] Executed action LibraryApp.Api.Controllers.AuthorsController.GetAll (LibraryApp.Api) in 8.1123ms
2026-06-01 14:36:55.487 +03:00 [INF] HTTP GET /api/authors responded 200 in 9.9885 ms
2026-06-01 14:36:55.487 +03:00 [INF] Request finished HTTP/1.1 GET http://localhost:5112/api/authors - 200 null application/json; charset=utf-8 10.4071ms
2026-06-01 14:36:55.490 +03:00 [INF] Executing OkObjectResult, writing value of type 'System.Collections.Generic.List`1[[<>f__AnonymousType2`2[[System.Int32, System.Private.CoreLib, Version=8.0.0.0, Culture=neutral, PublicKeyToken=7cec85d7bea7798e],[System.String, System.Private.CoreLib, Version=8.0.0.0, Culture=neutral, PublicKeyToken=7cec85d7bea7798e]], LibraryApp.Api, Version=1.0.0.0, Culture=neutral, PublicKeyToken=null]]'.
2026-06-01 14:36:55.490 +03:00 [INF] Executed action LibraryApp.Api.Controllers.CategoriesController.GetAll (LibraryApp.Api) in 10.0388ms
2026-06-01 14:36:55.490 +03:00 [INF] HTTP GET /api/categories responded 200 in 10.7015 ms
2026-06-01 14:36:55.490 +03:00 [INF] Request finished HTTP/1.1 GET http://localhost:5112/api/categories - 200 null application/json; charset=utf-8 10.965ms
2026-06-01 14:36:55.494 +03:00 [INF] Executing OkObjectResult, writing value of type 'BookDto'.
2026-06-01 14:36:55.494 +03:00 [INF] Executed action BooksController.GetById (LibraryApp.Api) in 12.928ms
2026-06-01 14:36:55.494 +03:00 [INF] HTTP GET /api/books/6 responded 200 in 13.3548 ms
2026-06-01 14:36:55.494 +03:00 [INF] Request finished HTTP/1.1 GET http://localhost:5112/api/books/6 - 200 null application/json; charset=utf-8 13.6378ms
2026-06-01 14:36:56.017 +03:00 [INF] Request starting HTTP/1.1 OPTIONS http://localhost:5112/api/books?page=1&pageSize=20 - null null
2026-06-01 14:36:56.017 +03:00 [INF] CORS policy execution successful.
2026-06-01 14:36:56.017 +03:00 [INF] HTTP OPTIONS /api/books responded 204 in 0.1227 ms
2026-06-01 14:36:56.018 +03:00 [INF] Request finished HTTP/1.1 OPTIONS http://localhost:5112/api/books?page=1&pageSize=20 - 204 null null 0.5414ms
2026-06-01 14:36:56.024 +03:00 [INF] Request starting HTTP/1.1 GET http://localhost:5112/api/books?page=1&pageSize=20 - application/json null
2026-06-01 14:36:56.025 +03:00 [INF] CORS policy execution successful.
2026-06-01 14:36:56.025 +03:00 [INF] Route matched with {action = "Search", controller = "Books"}. Executing controller action with signature System.Threading.Tasks.Task`1[Microsoft.AspNetCore.Mvc.IActionResult] Search(BookSearchQuery, System.Threading.CancellationToken) on controller BooksController (LibraryApp.Api).
2026-06-01 14:36:56.077 +03:00 [INF] Executing OkObjectResult, writing value of type 'PagedResult`1[[BookDto, LibraryApp.Core, Version=1.0.0.0, Culture=neutral, PublicKeyToken=null]]'.
2026-06-01 14:36:56.077 +03:00 [INF] Executed action BooksController.Search (LibraryApp.Api) in 52.54ms
2026-06-01 14:36:56.078 +03:00 [INF] HTTP GET /api/books responded 200 in 53.0045 ms
2026-06-01 14:36:56.078 +03:00 [INF] Request finished HTTP/1.1 GET http://localhost:5112/api/books?page=1&pageSize=20 - 200 null application/json; charset=utf-8 53.2977ms
2026-06-01 14:56:34.437 +03:00 [INF] Request starting HTTP/1.1 GET http://localhost:5112/api/loans/active - application/json null
2026-06-01 14:56:34.438 +03:00 [INF] Route matched with {action = "GetActive", controller = "Loans"}. Executing controller action with signature System.Threading.Tasks.Task`1[Microsoft.AspNetCore.Mvc.IActionResult] GetActive(System.Threading.CancellationToken) on controller LibraryApp.Api.Controllers.LoansController (LibraryApp.Api).
2026-06-01 14:56:34.477 +03:00 [INF] Executing OkObjectResult, writing value of type 'System.Collections.Generic.List`1[[LibraryApp.Core.DTOs.ActiveLoanDto, LibraryApp.Core, Version=1.0.0.0, Culture=neutral, PublicKeyToken=null]]'.
2026-06-01 14:56:34.477 +03:00 [INF] Executed action LibraryApp.Api.Controllers.LoansController.GetActive (LibraryApp.Api) in 39.0052ms
2026-06-01 14:56:34.477 +03:00 [INF] HTTP GET /api/loans/active responded 200 in 39.5353 ms
2026-06-01 14:56:34.477 +03:00 [INF] Request finished HTTP/1.1 GET http://localhost:5112/api/loans/active - 200 null application/json; charset=utf-8 40.1171ms
2026-06-01 14:56:35.063 +03:00 [INF] Request starting HTTP/1.1 OPTIONS http://localhost:5112/api/loans/active - null null
2026-06-01 14:56:35.063 +03:00 [INF] CORS policy execution successful.
2026-06-01 14:56:35.063 +03:00 [INF] HTTP OPTIONS /api/loans/active responded 204 in 0.1479 ms
2026-06-01 14:56:35.063 +03:00 [INF] Request finished HTTP/1.1 OPTIONS http://localhost:5112/api/loans/active - 204 null null 0.3835ms
2026-06-01 14:56:35.068 +03:00 [INF] Request starting HTTP/1.1 GET http://localhost:5112/api/loans/active - application/json null
2026-06-01 14:56:35.068 +03:00 [INF] CORS policy execution successful.
2026-06-01 14:56:35.068 +03:00 [INF] Route matched with {action = "GetActive", controller = "Loans"}. Executing controller action with signature System.Threading.Tasks.Task`1[Microsoft.AspNetCore.Mvc.IActionResult] GetActive(System.Threading.CancellationToken) on controller LibraryApp.Api.Controllers.LoansController (LibraryApp.Api).
2026-06-01 14:56:35.071 +03:00 [INF] Executing OkObjectResult, writing value of type 'System.Collections.Generic.List`1[[LibraryApp.Core.DTOs.ActiveLoanDto, LibraryApp.Core, Version=1.0.0.0, Culture=neutral, PublicKeyToken=null]]'.
2026-06-01 14:56:35.071 +03:00 [INF] Executed action LibraryApp.Api.Controllers.LoansController.GetActive (LibraryApp.Api) in 2.6329ms
2026-06-01 14:56:35.071 +03:00 [INF] HTTP GET /api/loans/active responded 200 in 3.0886 ms
2026-06-01 14:56:35.071 +03:00 [INF] Request finished HTTP/1.1 GET http://localhost:5112/api/loans/active - 200 null application/json; charset=utf-8 3.4967ms
2026-06-01 14:56:36.096 +03:00 [INF] Request starting HTTP/1.1 OPTIONS http://localhost:5112/api/books?page=1&pageSize=20 - null null
2026-06-01 14:56:36.096 +03:00 [INF] CORS policy execution successful.
2026-06-01 14:56:36.096 +03:00 [INF] HTTP OPTIONS /api/books responded 204 in 0.2023 ms
2026-06-01 14:56:36.096 +03:00 [INF] Request finished HTTP/1.1 OPTIONS http://localhost:5112/api/books?page=1&pageSize=20 - 204 null null 0.5661ms
2026-06-01 14:56:36.101 +03:00 [INF] Request starting HTTP/1.1 GET http://localhost:5112/api/books?page=1&pageSize=20 - application/json null
2026-06-01 14:56:36.101 +03:00 [INF] CORS policy execution successful.
2026-06-01 14:56:36.101 +03:00 [INF] Route matched with {action = "Search", controller = "Books"}. Executing controller action with signature System.Threading.Tasks.Task`1[Microsoft.AspNetCore.Mvc.IActionResult] Search(BookSearchQuery, System.Threading.CancellationToken) on controller BooksController (LibraryApp.Api).
2026-06-01 14:56:36.137 +03:00 [INF] Executing OkObjectResult, writing value of type 'PagedResult`1[[BookDto, LibraryApp.Core, Version=1.0.0.0, Culture=neutral, PublicKeyToken=null]]'.
2026-06-01 14:56:36.137 +03:00 [INF] Executed action BooksController.Search (LibraryApp.Api) in 35.9466ms
2026-06-01 14:56:36.137 +03:00 [INF] HTTP GET /api/books responded 200 in 36.3936 ms
2026-06-01 14:56:36.137 +03:00 [INF] Request finished HTTP/1.1 GET http://localhost:5112/api/books?page=1&pageSize=20 - 200 null application/json; charset=utf-8 36.6741ms
2026-06-01 14:56:39.340 +03:00 [INF] Request starting HTTP/1.1 OPTIONS http://localhost:5112/api/authors - null null
2026-06-01 14:56:39.341 +03:00 [INF] CORS policy execution successful.
2026-06-01 14:56:39.341 +03:00 [INF] HTTP OPTIONS /api/authors responded 204 in 0.1767 ms
2026-06-01 14:56:39.341 +03:00 [INF] Request finished HTTP/1.1 OPTIONS http://localhost:5112/api/authors - 204 null null 0.9464ms
2026-06-01 14:56:39.341 +03:00 [INF] Request starting HTTP/1.1 OPTIONS http://localhost:5112/api/categories - null null
2026-06-01 14:56:39.341 +03:00 [INF] CORS policy execution successful.
2026-06-01 14:56:39.342 +03:00 [INF] HTTP OPTIONS /api/categories responded 204 in 0.1804 ms
2026-06-01 14:56:39.342 +03:00 [INF] Request finished HTTP/1.1 OPTIONS http://localhost:5112/api/categories - 204 null null 1.0252ms
2026-06-01 14:56:39.348 +03:00 [INF] Request starting HTTP/1.1 GET http://localhost:5112/api/authors - application/json null
2026-06-01 14:56:39.348 +03:00 [INF] CORS policy execution successful.
2026-06-01 14:56:39.348 +03:00 [INF] Route matched with {action = "GetAll", controller = "Authors"}. Executing controller action with signature System.Threading.Tasks.Task`1[Microsoft.AspNetCore.Mvc.IActionResult] GetAll(System.Threading.CancellationToken) on controller LibraryApp.Api.Controllers.AuthorsController (LibraryApp.Api).
2026-06-01 14:56:39.351 +03:00 [INF] Request starting HTTP/1.1 GET http://localhost:5112/api/categories - application/json null
2026-06-01 14:56:39.351 +03:00 [INF] CORS policy execution successful.
2026-06-01 14:56:39.351 +03:00 [INF] Route matched with {action = "GetAll", controller = "Categories"}. Executing controller action with signature System.Threading.Tasks.Task`1[Microsoft.AspNetCore.Mvc.IActionResult] GetAll(System.Threading.CancellationToken) on controller LibraryApp.Api.Controllers.CategoriesController (LibraryApp.Api).
2026-06-01 14:56:39.357 +03:00 [INF] Executing OkObjectResult, writing value of type 'System.Collections.Generic.List`1[[<>f__AnonymousType0`2[[System.Int32, System.Private.CoreLib, Version=8.0.0.0, Culture=neutral, PublicKeyToken=7cec85d7bea7798e],[System.String, System.Private.CoreLib, Version=8.0.0.0, Culture=neutral, PublicKeyToken=7cec85d7bea7798e]], LibraryApp.Api, Version=1.0.0.0, Culture=neutral, PublicKeyToken=null]]'.
2026-06-01 14:56:39.357 +03:00 [INF] Executed action LibraryApp.Api.Controllers.AuthorsController.GetAll (LibraryApp.Api) in 9.1487ms
2026-06-01 14:56:39.357 +03:00 [INF] HTTP GET /api/authors responded 200 in 9.4784 ms
2026-06-01 14:56:39.357 +03:00 [INF] Request finished HTTP/1.1 GET http://localhost:5112/api/authors - 200 null application/json; charset=utf-8 9.7413ms
2026-06-01 14:56:39.361 +03:00 [INF] Executing OkObjectResult, writing value of type 'System.Collections.Generic.List`1[[<>f__AnonymousType2`2[[System.Int32, System.Private.CoreLib, Version=8.0.0.0, Culture=neutral, PublicKeyToken=7cec85d7bea7798e],[System.String, System.Private.CoreLib, Version=8.0.0.0, Culture=neutral, PublicKeyToken=7cec85d7bea7798e]], LibraryApp.Api, Version=1.0.0.0, Culture=neutral, PublicKeyToken=null]]'.
2026-06-01 14:56:39.361 +03:00 [INF] Executed action LibraryApp.Api.Controllers.CategoriesController.GetAll (LibraryApp.Api) in 10.1313ms
2026-06-01 14:56:39.361 +03:00 [INF] HTTP GET /api/categories responded 200 in 10.4734 ms
2026-06-01 14:56:39.361 +03:00 [INF] Request finished HTTP/1.1 GET http://localhost:5112/api/categories - 200 null application/json; charset=utf-8 10.7662ms
2026-06-01 14:56:43.321 +03:00 [INF] Request starting HTTP/1.1 OPTIONS http://localhost:5112/api/books?page=1&pageSize=20 - null null
2026-06-01 14:56:43.321 +03:00 [INF] CORS policy execution successful.
2026-06-01 14:56:43.322 +03:00 [INF] HTTP OPTIONS /api/books responded 204 in 0.1388 ms
2026-06-01 14:56:43.322 +03:00 [INF] Request finished HTTP/1.1 OPTIONS http://localhost:5112/api/books?page=1&pageSize=20 - 204 null null 1.634ms
2026-06-01 14:56:43.330 +03:00 [INF] Request starting HTTP/1.1 GET http://localhost:5112/api/books?page=1&pageSize=20 - application/json null
2026-06-01 14:56:43.331 +03:00 [INF] CORS policy execution successful.
2026-06-01 14:56:43.331 +03:00 [INF] Route matched with {action = "Search", controller = "Books"}. Executing controller action with signature System.Threading.Tasks.Task`1[Microsoft.AspNetCore.Mvc.IActionResult] Search(BookSearchQuery, System.Threading.CancellationToken) on controller BooksController (LibraryApp.Api).
2026-06-01 14:56:43.369 +03:00 [INF] Executing OkObjectResult, writing value of type 'PagedResult`1[[BookDto, LibraryApp.Core, Version=1.0.0.0, Culture=neutral, PublicKeyToken=null]]'.
2026-06-01 14:56:43.369 +03:00 [INF] Executed action BooksController.Search (LibraryApp.Api) in 38.5661ms
2026-06-01 14:56:43.370 +03:00 [INF] HTTP GET /api/books responded 200 in 39.1892 ms
2026-06-01 14:56:43.370 +03:00 [INF] Request finished HTTP/1.1 GET http://localhost:5112/api/books?page=1&pageSize=20 - 200 null application/json; charset=utf-8 39.6108ms
2026-06-01 14:56:45.124 +03:00 [INF] Request starting HTTP/1.1 OPTIONS http://localhost:5112/api/books/6 - null null
2026-06-01 14:56:45.124 +03:00 [INF] CORS policy execution successful.
2026-06-01 14:56:45.124 +03:00 [INF] HTTP OPTIONS /api/books/6 responded 204 in 0.0984 ms
2026-06-01 14:56:45.124 +03:00 [INF] Request finished HTTP/1.1 OPTIONS http://localhost:5112/api/books/6 - 204 null null 0.3628ms
2026-06-01 14:56:45.129 +03:00 [INF] Request starting HTTP/1.1 GET http://localhost:5112/api/books/6 - application/json null
2026-06-01 14:56:45.130 +03:00 [INF] CORS policy execution successful.
2026-06-01 14:56:45.130 +03:00 [INF] Route matched with {action = "GetById", controller = "Books"}. Executing controller action with signature System.Threading.Tasks.Task`1[Microsoft.AspNetCore.Mvc.IActionResult] GetById(Int32, System.Threading.CancellationToken) on controller BooksController (LibraryApp.Api).
2026-06-01 14:56:45.148 +03:00 [INF] Executing OkObjectResult, writing value of type 'BookDto'.
2026-06-01 14:56:45.149 +03:00 [INF] Executed action BooksController.GetById (LibraryApp.Api) in 18.6726ms
2026-06-01 14:56:45.149 +03:00 [INF] HTTP GET /api/books/6 responded 200 in 19.1506 ms
2026-06-01 14:56:45.149 +03:00 [INF] Request finished HTTP/1.1 GET http://localhost:5112/api/books/6 - 200 null application/json; charset=utf-8 19.4956ms
2026-06-01 14:56:46.371 +03:00 [INF] Request starting HTTP/1.1 OPTIONS http://localhost:5112/api/authors - null null
2026-06-01 14:56:46.371 +03:00 [INF] CORS policy execution successful.
2026-06-01 14:56:46.371 +03:00 [INF] HTTP OPTIONS /api/authors responded 204 in 0.1239 ms
2026-06-01 14:56:46.371 +03:00 [INF] Request finished HTTP/1.1 OPTIONS http://localhost:5112/api/authors - 204 null null 0.531ms
2026-06-01 14:56:46.380 +03:00 [INF] Request starting HTTP/1.1 OPTIONS http://localhost:5112/api/categories - null null
2026-06-01 14:56:46.380 +03:00 [INF] CORS policy execution successful.
2026-06-01 14:56:46.380 +03:00 [INF] HTTP OPTIONS /api/categories responded 204 in 0.0865 ms
2026-06-01 14:56:46.380 +03:00 [INF] Request finished HTTP/1.1 OPTIONS http://localhost:5112/api/categories - 204 null null 0.329ms
2026-06-01 14:56:46.381 +03:00 [INF] Request starting HTTP/1.1 GET http://localhost:5112/api/books/6 - application/json null
2026-06-01 14:56:46.381 +03:00 [INF] CORS policy execution successful.
2026-06-01 14:56:46.381 +03:00 [INF] Route matched with {action = "GetById", controller = "Books"}. Executing controller action with signature System.Threading.Tasks.Task`1[Microsoft.AspNetCore.Mvc.IActionResult] GetById(Int32, System.Threading.CancellationToken) on controller BooksController (LibraryApp.Api).
2026-06-01 14:56:46.387 +03:00 [INF] Request starting HTTP/1.1 GET http://localhost:5112/api/authors - application/json null
2026-06-01 14:56:46.387 +03:00 [INF] CORS policy execution successful.
2026-06-01 14:56:46.387 +03:00 [INF] Route matched with {action = "GetAll", controller = "Authors"}. Executing controller action with signature System.Threading.Tasks.Task`1[Microsoft.AspNetCore.Mvc.IActionResult] GetAll(System.Threading.CancellationToken) on controller LibraryApp.Api.Controllers.AuthorsController (LibraryApp.Api).
2026-06-01 14:56:46.388 +03:00 [INF] Request starting HTTP/1.1 GET http://localhost:5112/api/categories - application/json null
2026-06-01 14:56:46.388 +03:00 [INF] Executing OkObjectResult, writing value of type 'BookDto'.
2026-06-01 14:56:46.388 +03:00 [INF] CORS policy execution successful.
2026-06-01 14:56:46.388 +03:00 [INF] Executed action BooksController.GetById (LibraryApp.Api) in 6.3862ms
2026-06-01 14:56:46.388 +03:00 [INF] HTTP GET /api/books/6 responded 200 in 6.7994 ms
2026-06-01 14:56:46.388 +03:00 [INF] Request finished HTTP/1.1 GET http://localhost:5112/api/books/6 - 200 null application/json; charset=utf-8 7.0856ms
2026-06-01 14:56:46.388 +03:00 [INF] Route matched with {action = "GetAll", controller = "Categories"}. Executing controller action with signature System.Threading.Tasks.Task`1[Microsoft.AspNetCore.Mvc.IActionResult] GetAll(System.Threading.CancellationToken) on controller LibraryApp.Api.Controllers.CategoriesController (LibraryApp.Api).
2026-06-01 14:56:46.391 +03:00 [INF] Executing OkObjectResult, writing value of type 'System.Collections.Generic.List`1[[<>f__AnonymousType0`2[[System.Int32, System.Private.CoreLib, Version=8.0.0.0, Culture=neutral, PublicKeyToken=7cec85d7bea7798e],[System.String, System.Private.CoreLib, Version=8.0.0.0, Culture=neutral, PublicKeyToken=7cec85d7bea7798e]], LibraryApp.Api, Version=1.0.0.0, Culture=neutral, PublicKeyToken=null]]'.
2026-06-01 14:56:46.391 +03:00 [INF] Executed action LibraryApp.Api.Controllers.AuthorsController.GetAll (LibraryApp.Api) in 3.9926ms
2026-06-01 14:56:46.392 +03:00 [INF] HTTP GET /api/authors responded 200 in 4.8204 ms
2026-06-01 14:56:46.392 +03:00 [INF] Request finished HTTP/1.1 GET http://localhost:5112/api/authors - 200 null application/json; charset=utf-8 5.1293ms
2026-06-01 14:56:46.402 +03:00 [INF] Executing OkObjectResult, writing value of type 'System.Collections.Generic.List`1[[<>f__AnonymousType2`2[[System.Int32, System.Private.CoreLib, Version=8.0.0.0, Culture=neutral, PublicKeyToken=7cec85d7bea7798e],[System.String, System.Private.CoreLib, Version=8.0.0.0, Culture=neutral, PublicKeyToken=7cec85d7bea7798e]], LibraryApp.Api, Version=1.0.0.0, Culture=neutral, PublicKeyToken=null]]'.
2026-06-01 14:56:46.402 +03:00 [INF] Executed action LibraryApp.Api.Controllers.CategoriesController.GetAll (LibraryApp.Api) in 13.6022ms
2026-06-01 14:56:46.402 +03:00 [INF] HTTP GET /api/categories responded 200 in 14.1822 ms
2026-06-01 14:56:46.402 +03:00 [INF] Request finished HTTP/1.1 GET http://localhost:5112/api/categories - 200 null application/json; charset=utf-8 14.7277ms
2026-06-01 14:57:47.105 +03:00 [INF] Request starting HTTP/1.1 GET http://localhost:5112/api/categories - application/json null
2026-06-01 14:57:47.106 +03:00 [INF] Request starting HTTP/1.1 GET http://localhost:5112/api/authors - application/json null
2026-06-01 14:57:47.106 +03:00 [INF] Route matched with {action = "GetAll", controller = "Categories"}. Executing controller action with signature System.Threading.Tasks.Task`1[Microsoft.AspNetCore.Mvc.IActionResult] GetAll(System.Threading.CancellationToken) on controller LibraryApp.Api.Controllers.CategoriesController (LibraryApp.Api).
2026-06-01 14:57:47.106 +03:00 [INF] Route matched with {action = "GetAll", controller = "Authors"}. Executing controller action with signature System.Threading.Tasks.Task`1[Microsoft.AspNetCore.Mvc.IActionResult] GetAll(System.Threading.CancellationToken) on controller LibraryApp.Api.Controllers.AuthorsController (LibraryApp.Api).
2026-06-01 14:57:47.106 +03:00 [INF] Request starting HTTP/1.1 GET http://localhost:5112/api/books/6 - application/json null
2026-06-01 14:57:47.106 +03:00 [INF] Route matched with {action = "GetById", controller = "Books"}. Executing controller action with signature System.Threading.Tasks.Task`1[Microsoft.AspNetCore.Mvc.IActionResult] GetById(Int32, System.Threading.CancellationToken) on controller BooksController (LibraryApp.Api).
2026-06-01 14:57:47.124 +03:00 [INF] Executing OkObjectResult, writing value of type 'System.Collections.Generic.List`1[[<>f__AnonymousType2`2[[System.Int32, System.Private.CoreLib, Version=8.0.0.0, Culture=neutral, PublicKeyToken=7cec85d7bea7798e],[System.String, System.Private.CoreLib, Version=8.0.0.0, Culture=neutral, PublicKeyToken=7cec85d7bea7798e]], LibraryApp.Api, Version=1.0.0.0, Culture=neutral, PublicKeyToken=null]]'.
2026-06-01 14:57:47.124 +03:00 [INF] Executed action LibraryApp.Api.Controllers.CategoriesController.GetAll (LibraryApp.Api) in 18.3862ms
2026-06-01 14:57:47.124 +03:00 [INF] Executing OkObjectResult, writing value of type 'System.Collections.Generic.List`1[[<>f__AnonymousType0`2[[System.Int32, System.Private.CoreLib, Version=8.0.0.0, Culture=neutral, PublicKeyToken=7cec85d7bea7798e],[System.String, System.Private.CoreLib, Version=8.0.0.0, Culture=neutral, PublicKeyToken=7cec85d7bea7798e]], LibraryApp.Api, Version=1.0.0.0, Culture=neutral, PublicKeyToken=null]]'.
2026-06-01 14:57:47.124 +03:00 [INF] HTTP GET /api/categories responded 200 in 18.6652 ms
2026-06-01 14:57:47.124 +03:00 [INF] Executed action LibraryApp.Api.Controllers.AuthorsController.GetAll (LibraryApp.Api) in 18.4602ms
2026-06-01 14:57:47.124 +03:00 [INF] HTTP GET /api/authors responded 200 in 18.7489 ms
2026-06-01 14:57:47.124 +03:00 [INF] Request finished HTTP/1.1 GET http://localhost:5112/api/categories - 200 null application/json; charset=utf-8 19.0761ms
2026-06-01 14:57:47.124 +03:00 [INF] Request finished HTTP/1.1 GET http://localhost:5112/api/authors - 200 null application/json; charset=utf-8 18.9635ms
2026-06-01 14:57:47.156 +03:00 [INF] Executing OkObjectResult, writing value of type 'BookDto'.
2026-06-01 14:57:47.157 +03:00 [INF] Executed action BooksController.GetById (LibraryApp.Api) in 50.3785ms
2026-06-01 14:57:47.157 +03:00 [INF] HTTP GET /api/books/6 responded 200 in 50.7618 ms
2026-06-01 14:57:47.157 +03:00 [INF] Request finished HTTP/1.1 GET http://localhost:5112/api/books/6 - 200 null application/json; charset=utf-8 51.2192ms
2026-06-01 14:57:48.069 +03:00 [INF] Request starting HTTP/1.1 OPTIONS http://localhost:5112/api/authors - null null
2026-06-01 14:57:48.070 +03:00 [INF] CORS policy execution successful.
2026-06-01 14:57:48.070 +03:00 [INF] HTTP OPTIONS /api/authors responded 204 in 0.1125 ms
2026-06-01 14:57:48.070 +03:00 [INF] Request finished HTTP/1.1 OPTIONS http://localhost:5112/api/authors - 204 null null 0.9929ms
2026-06-01 14:57:48.076 +03:00 [INF] Request starting HTTP/1.1 GET http://localhost:5112/api/authors - application/json null
2026-06-01 14:57:48.077 +03:00 [INF] CORS policy execution successful.
2026-06-01 14:57:48.077 +03:00 [INF] Route matched with {action = "GetAll", controller = "Authors"}. Executing controller action with signature System.Threading.Tasks.Task`1[Microsoft.AspNetCore.Mvc.IActionResult] GetAll(System.Threading.CancellationToken) on controller LibraryApp.Api.Controllers.AuthorsController (LibraryApp.Api).
2026-06-01 14:57:48.085 +03:00 [INF] Executing OkObjectResult, writing value of type 'System.Collections.Generic.List`1[[<>f__AnonymousType0`2[[System.Int32, System.Private.CoreLib, Version=8.0.0.0, Culture=neutral, PublicKeyToken=7cec85d7bea7798e],[System.String, System.Private.CoreLib, Version=8.0.0.0, Culture=neutral, PublicKeyToken=7cec85d7bea7798e]], LibraryApp.Api, Version=1.0.0.0, Culture=neutral, PublicKeyToken=null]]'.
2026-06-01 14:57:48.085 +03:00 [INF] Executed action LibraryApp.Api.Controllers.AuthorsController.GetAll (LibraryApp.Api) in 7.9336ms
2026-06-01 14:57:48.085 +03:00 [INF] HTTP GET /api/authors responded 200 in 8.3586 ms
2026-06-01 14:57:48.085 +03:00 [INF] Request finished HTTP/1.1 GET http://localhost:5112/api/authors - 200 null application/json; charset=utf-8 8.6956ms
2026-06-01 14:57:48.102 +03:00 [INF] Request starting HTTP/1.1 OPTIONS http://localhost:5112/api/categories - null null
2026-06-01 14:57:48.102 +03:00 [INF] CORS policy execution successful.
2026-06-01 14:57:48.102 +03:00 [INF] HTTP OPTIONS /api/categories responded 204 in 0.1651 ms
2026-06-01 14:57:48.102 +03:00 [INF] Request finished HTTP/1.1 OPTIONS http://localhost:5112/api/categories - 204 null null 0.6659ms
2026-06-01 14:57:48.105 +03:00 [INF] Request starting HTTP/1.1 OPTIONS http://localhost:5112/api/books/6 - null null
2026-06-01 14:57:48.105 +03:00 [INF] CORS policy execution successful.
2026-06-01 14:57:48.105 +03:00 [INF] HTTP OPTIONS /api/books/6 responded 204 in 0.1086 ms
2026-06-01 14:57:48.105 +03:00 [INF] Request finished HTTP/1.1 OPTIONS http://localhost:5112/api/books/6 - 204 null null 0.3997ms
2026-06-01 14:57:48.111 +03:00 [INF] Request starting HTTP/1.1 GET http://localhost:5112/api/books/6 - application/json null
2026-06-01 14:57:48.111 +03:00 [INF] Request starting HTTP/1.1 GET http://localhost:5112/api/categories - application/json null
2026-06-01 14:57:48.111 +03:00 [INF] CORS policy execution successful.
2026-06-01 14:57:48.111 +03:00 [INF] CORS policy execution successful.
2026-06-01 14:57:48.112 +03:00 [INF] Route matched with {action = "GetById", controller = "Books"}. Executing controller action with signature System.Threading.Tasks.Task`1[Microsoft.AspNetCore.Mvc.IActionResult] GetById(Int32, System.Threading.CancellationToken) on controller BooksController (LibraryApp.Api).
2026-06-01 14:57:48.112 +03:00 [INF] Route matched with {action = "GetAll", controller = "Categories"}. Executing controller action with signature System.Threading.Tasks.Task`1[Microsoft.AspNetCore.Mvc.IActionResult] GetAll(System.Threading.CancellationToken) on controller LibraryApp.Api.Controllers.CategoriesController (LibraryApp.Api).
2026-06-01 14:57:48.116 +03:00 [INF] Executing OkObjectResult, writing value of type 'System.Collections.Generic.List`1[[<>f__AnonymousType2`2[[System.Int32, System.Private.CoreLib, Version=8.0.0.0, Culture=neutral, PublicKeyToken=7cec85d7bea7798e],[System.String, System.Private.CoreLib, Version=8.0.0.0, Culture=neutral, PublicKeyToken=7cec85d7bea7798e]], LibraryApp.Api, Version=1.0.0.0, Culture=neutral, PublicKeyToken=null]]'.
2026-06-01 14:57:48.116 +03:00 [INF] Executed action LibraryApp.Api.Controllers.CategoriesController.GetAll (LibraryApp.Api) in 4.2526ms
2026-06-01 14:57:48.116 +03:00 [INF] HTTP GET /api/categories responded 200 in 4.8072 ms
2026-06-01 14:57:48.116 +03:00 [INF] Request finished HTTP/1.1 GET http://localhost:5112/api/categories - 200 null application/json; charset=utf-8 5.2422ms
2026-06-01 14:57:48.147 +03:00 [INF] Executing OkObjectResult, writing value of type 'BookDto'.
2026-06-01 14:57:48.148 +03:00 [INF] Executed action BooksController.GetById (LibraryApp.Api) in 35.9093ms
2026-06-01 14:57:48.148 +03:00 [INF] HTTP GET /api/books/6 responded 200 in 36.5177 ms
2026-06-01 14:57:48.148 +03:00 [INF] Request finished HTTP/1.1 GET http://localhost:5112/api/books/6 - 200 null application/json; charset=utf-8 36.8496ms
2026-06-01 14:58:21.374 +03:00 [INF] Request starting HTTP/1.1 GET http://localhost:5112/api/authors - application/json null
2026-06-01 14:58:21.374 +03:00 [INF] Route matched with {action = "GetAll", controller = "Authors"}. Executing controller action with signature System.Threading.Tasks.Task`1[Microsoft.AspNetCore.Mvc.IActionResult] GetAll(System.Threading.CancellationToken) on controller LibraryApp.Api.Controllers.AuthorsController (LibraryApp.Api).
2026-06-01 14:58:21.374 +03:00 [INF] Request starting HTTP/1.1 GET http://localhost:5112/api/categories - application/json null
2026-06-01 14:58:21.375 +03:00 [INF] Route matched with {action = "GetAll", controller = "Categories"}. Executing controller action with signature System.Threading.Tasks.Task`1[Microsoft.AspNetCore.Mvc.IActionResult] GetAll(System.Threading.CancellationToken) on controller LibraryApp.Api.Controllers.CategoriesController (LibraryApp.Api).
2026-06-01 14:58:21.376 +03:00 [INF] Request starting HTTP/1.1 GET http://localhost:5112/api/books/6 - application/json null
2026-06-01 14:58:21.376 +03:00 [INF] Route matched with {action = "GetById", controller = "Books"}. Executing controller action with signature System.Threading.Tasks.Task`1[Microsoft.AspNetCore.Mvc.IActionResult] GetById(Int32, System.Threading.CancellationToken) on controller BooksController (LibraryApp.Api).
2026-06-01 14:58:21.379 +03:00 [INF] Executing OkObjectResult, writing value of type 'System.Collections.Generic.List`1[[<>f__AnonymousType0`2[[System.Int32, System.Private.CoreLib, Version=8.0.0.0, Culture=neutral, PublicKeyToken=7cec85d7bea7798e],[System.String, System.Private.CoreLib, Version=8.0.0.0, Culture=neutral, PublicKeyToken=7cec85d7bea7798e]], LibraryApp.Api, Version=1.0.0.0, Culture=neutral, PublicKeyToken=null]]'.
2026-06-01 14:58:21.380 +03:00 [INF] Executed action LibraryApp.Api.Controllers.AuthorsController.GetAll (LibraryApp.Api) in 5.2792ms
2026-06-01 14:58:21.380 +03:00 [INF] HTTP GET /api/authors responded 200 in 5.5752 ms
2026-06-01 14:58:21.380 +03:00 [INF] Request finished HTTP/1.1 GET http://localhost:5112/api/authors - 200 null application/json; charset=utf-8 5.8761ms
2026-06-01 14:58:21.381 +03:00 [INF] Executing OkObjectResult, writing value of type 'System.Collections.Generic.List`1[[<>f__AnonymousType2`2[[System.Int32, System.Private.CoreLib, Version=8.0.0.0, Culture=neutral, PublicKeyToken=7cec85d7bea7798e],[System.String, System.Private.CoreLib, Version=8.0.0.0, Culture=neutral, PublicKeyToken=7cec85d7bea7798e]], LibraryApp.Api, Version=1.0.0.0, Culture=neutral, PublicKeyToken=null]]'.
2026-06-01 14:58:21.381 +03:00 [INF] Executed action LibraryApp.Api.Controllers.CategoriesController.GetAll (LibraryApp.Api) in 6.4268ms
2026-06-01 14:58:21.381 +03:00 [INF] HTTP GET /api/categories responded 200 in 6.7222 ms
2026-06-01 14:58:21.381 +03:00 [INF] Request finished HTTP/1.1 GET http://localhost:5112/api/categories - 200 null application/json; charset=utf-8 6.9964ms
2026-06-01 14:58:21.402 +03:00 [INF] Executing OkObjectResult, writing value of type 'BookDto'.
2026-06-01 14:58:21.402 +03:00 [INF] Executed action BooksController.GetById (LibraryApp.Api) in 25.6294ms
2026-06-01 14:58:21.402 +03:00 [INF] HTTP GET /api/books/6 responded 200 in 26.0230 ms
2026-06-01 14:58:21.402 +03:00 [INF] Request finished HTTP/1.1 GET http://localhost:5112/api/books/6 - 200 null application/json; charset=utf-8 26.3161ms
2026-06-01 14:58:21.846 +03:00 [INF] Request starting HTTP/1.1 OPTIONS http://localhost:5112/api/authors - null null
2026-06-01 14:58:21.846 +03:00 [INF] CORS policy execution successful.
2026-06-01 14:58:21.846 +03:00 [INF] HTTP OPTIONS /api/authors responded 204 in 0.1456 ms
2026-06-01 14:58:21.846 +03:00 [INF] Request finished HTTP/1.1 OPTIONS http://localhost:5112/api/authors - 204 null null 0.4503ms
2026-06-01 14:58:21.848 +03:00 [INF] Request starting HTTP/1.1 OPTIONS http://localhost:5112/api/categories - null null
2026-06-01 14:58:21.848 +03:00 [INF] CORS policy execution successful.
2026-06-01 14:58:21.848 +03:00 [INF] HTTP OPTIONS /api/categories responded 204 in 0.0785 ms
2026-06-01 14:58:21.848 +03:00 [INF] Request finished HTTP/1.1 OPTIONS http://localhost:5112/api/categories - 204 null null 0.2891ms
2026-06-01 14:58:21.849 +03:00 [INF] Request starting HTTP/1.1 OPTIONS http://localhost:5112/api/books/6 - null null
2026-06-01 14:58:21.850 +03:00 [INF] CORS policy execution successful.
2026-06-01 14:58:21.850 +03:00 [INF] HTTP OPTIONS /api/books/6 responded 204 in 0.1249 ms
2026-06-01 14:58:21.850 +03:00 [INF] Request finished HTTP/1.1 OPTIONS http://localhost:5112/api/books/6 - 204 null null 0.4359ms
2026-06-01 14:58:21.860 +03:00 [INF] Request starting HTTP/1.1 GET http://localhost:5112/api/authors - application/json null
2026-06-01 14:58:21.860 +03:00 [INF] CORS policy execution successful.
2026-06-01 14:58:21.860 +03:00 [INF] Request starting HTTP/1.1 GET http://localhost:5112/api/categories - application/json null
2026-06-01 14:58:21.861 +03:00 [INF] CORS policy execution successful.
2026-06-01 14:58:21.861 +03:00 [INF] Route matched with {action = "GetAll", controller = "Categories"}. Executing controller action with signature System.Threading.Tasks.Task`1[Microsoft.AspNetCore.Mvc.IActionResult] GetAll(System.Threading.CancellationToken) on controller LibraryApp.Api.Controllers.CategoriesController (LibraryApp.Api).
2026-06-01 14:58:21.861 +03:00 [INF] Route matched with {action = "GetAll", controller = "Authors"}. Executing controller action with signature System.Threading.Tasks.Task`1[Microsoft.AspNetCore.Mvc.IActionResult] GetAll(System.Threading.CancellationToken) on controller LibraryApp.Api.Controllers.AuthorsController (LibraryApp.Api).
2026-06-01 14:58:21.862 +03:00 [INF] Request starting HTTP/1.1 GET http://localhost:5112/api/books/6 - application/json null
2026-06-01 14:58:21.862 +03:00 [INF] CORS policy execution successful.
2026-06-01 14:58:21.862 +03:00 [INF] Route matched with {action = "GetById", controller = "Books"}. Executing controller action with signature System.Threading.Tasks.Task`1[Microsoft.AspNetCore.Mvc.IActionResult] GetById(Int32, System.Threading.CancellationToken) on controller BooksController (LibraryApp.Api).
2026-06-01 14:58:21.864 +03:00 [INF] Executing OkObjectResult, writing value of type 'System.Collections.Generic.List`1[[<>f__AnonymousType0`2[[System.Int32, System.Private.CoreLib, Version=8.0.0.0, Culture=neutral, PublicKeyToken=7cec85d7bea7798e],[System.String, System.Private.CoreLib, Version=8.0.0.0, Culture=neutral, PublicKeyToken=7cec85d7bea7798e]], LibraryApp.Api, Version=1.0.0.0, Culture=neutral, PublicKeyToken=null]]'.
2026-06-01 14:58:21.864 +03:00 [INF] Executing OkObjectResult, writing value of type 'System.Collections.Generic.List`1[[<>f__AnonymousType2`2[[System.Int32, System.Private.CoreLib, Version=8.0.0.0, Culture=neutral, PublicKeyToken=7cec85d7bea7798e],[System.String, System.Private.CoreLib, Version=8.0.0.0, Culture=neutral, PublicKeyToken=7cec85d7bea7798e]], LibraryApp.Api, Version=1.0.0.0, Culture=neutral, PublicKeyToken=null]]'.
2026-06-01 14:58:21.864 +03:00 [INF] Executed action LibraryApp.Api.Controllers.AuthorsController.GetAll (LibraryApp.Api) in 2.6861ms
2026-06-01 14:58:21.864 +03:00 [INF] Executed action LibraryApp.Api.Controllers.CategoriesController.GetAll (LibraryApp.Api) in 2.7513ms
2026-06-01 14:58:21.864 +03:00 [INF] HTTP GET /api/authors responded 200 in 4.0002 ms
2026-06-01 14:58:21.864 +03:00 [INF] HTTP GET /api/categories responded 200 in 3.1663 ms
2026-06-01 14:58:21.864 +03:00 [INF] Request finished HTTP/1.1 GET http://localhost:5112/api/authors - 200 null application/json; charset=utf-8 4.3304ms
2026-06-01 14:58:21.864 +03:00 [INF] Request finished HTTP/1.1 GET http://localhost:5112/api/categories - 200 null application/json; charset=utf-8 3.5172ms
2026-06-01 14:58:21.865 +03:00 [INF] Executing OkObjectResult, writing value of type 'BookDto'.
2026-06-01 14:58:21.865 +03:00 [INF] Executed action BooksController.GetById (LibraryApp.Api) in 2.7585ms
2026-06-01 14:58:21.865 +03:00 [INF] HTTP GET /api/books/6 responded 200 in 3.1147 ms
2026-06-01 14:58:21.865 +03:00 [INF] Request finished HTTP/1.1 GET http://localhost:5112/api/books/6 - 200 null application/json; charset=utf-8 3.3665ms
2026-06-01 14:58:45.031 +03:00 [INF] Request starting HTTP/1.1 GET http://localhost:5112/api/authors - application/json null
2026-06-01 14:58:45.031 +03:00 [INF] Route matched with {action = "GetAll", controller = "Authors"}. Executing controller action with signature System.Threading.Tasks.Task`1[Microsoft.AspNetCore.Mvc.IActionResult] GetAll(System.Threading.CancellationToken) on controller LibraryApp.Api.Controllers.AuthorsController (LibraryApp.Api).
2026-06-01 14:58:45.031 +03:00 [INF] Request starting HTTP/1.1 GET http://localhost:5112/api/categories - application/json null
2026-06-01 14:58:45.032 +03:00 [INF] Route matched with {action = "GetAll", controller = "Categories"}. Executing controller action with signature System.Threading.Tasks.Task`1[Microsoft.AspNetCore.Mvc.IActionResult] GetAll(System.Threading.CancellationToken) on controller LibraryApp.Api.Controllers.CategoriesController (LibraryApp.Api).
2026-06-01 14:58:45.033 +03:00 [INF] Request starting HTTP/1.1 GET http://localhost:5112/api/books/6 - application/json null
2026-06-01 14:58:45.034 +03:00 [INF] Route matched with {action = "GetById", controller = "Books"}. Executing controller action with signature System.Threading.Tasks.Task`1[Microsoft.AspNetCore.Mvc.IActionResult] GetById(Int32, System.Threading.CancellationToken) on controller BooksController (LibraryApp.Api).
2026-06-01 14:58:45.034 +03:00 [INF] Executing OkObjectResult, writing value of type 'System.Collections.Generic.List`1[[<>f__AnonymousType0`2[[System.Int32, System.Private.CoreLib, Version=8.0.0.0, Culture=neutral, PublicKeyToken=7cec85d7bea7798e],[System.String, System.Private.CoreLib, Version=8.0.0.0, Culture=neutral, PublicKeyToken=7cec85d7bea7798e]], LibraryApp.Api, Version=1.0.0.0, Culture=neutral, PublicKeyToken=null]]'.
2026-06-01 14:58:45.034 +03:00 [INF] Executed action LibraryApp.Api.Controllers.AuthorsController.GetAll (LibraryApp.Api) in 2.9435ms
2026-06-01 14:58:45.034 +03:00 [INF] HTTP GET /api/authors responded 200 in 3.3670 ms
2026-06-01 14:58:45.034 +03:00 [INF] Request finished HTTP/1.1 GET http://localhost:5112/api/authors - 200 null application/json; charset=utf-8 3.7181ms
2026-06-01 14:58:45.035 +03:00 [INF] Executing OkObjectResult, writing value of type 'System.Collections.Generic.List`1[[<>f__AnonymousType2`2[[System.Int32, System.Private.CoreLib, Version=8.0.0.0, Culture=neutral, PublicKeyToken=7cec85d7bea7798e],[System.String, System.Private.CoreLib, Version=8.0.0.0, Culture=neutral, PublicKeyToken=7cec85d7bea7798e]], LibraryApp.Api, Version=1.0.0.0, Culture=neutral, PublicKeyToken=null]]'.
2026-06-01 14:58:45.036 +03:00 [INF] Executed action LibraryApp.Api.Controllers.CategoriesController.GetAll (LibraryApp.Api) in 3.5719ms
2026-06-01 14:58:45.036 +03:00 [INF] HTTP GET /api/categories responded 200 in 4.2097 ms
2026-06-01 14:58:45.036 +03:00 [INF] Request finished HTTP/1.1 GET http://localhost:5112/api/categories - 200 null application/json; charset=utf-8 4.4532ms
2026-06-01 14:58:45.039 +03:00 [INF] Executing OkObjectResult, writing value of type 'BookDto'.
2026-06-01 14:58:45.039 +03:00 [INF] Executed action BooksController.GetById (LibraryApp.Api) in 5.4468ms
2026-06-01 14:58:45.039 +03:00 [INF] HTTP GET /api/books/6 responded 200 in 5.7278 ms
2026-06-01 14:58:45.040 +03:00 [INF] Request finished HTTP/1.1 GET http://localhost:5112/api/books/6 - 200 null application/json; charset=utf-8 6.2538ms
2026-06-01 14:58:49.484 +03:00 [INF] Request starting HTTP/1.1 GET http://localhost:5112/api/books?page=1&pageSize=20 - application/json null
2026-06-01 14:58:49.484 +03:00 [INF] Route matched with {action = "Search", controller = "Books"}. Executing controller action with signature System.Threading.Tasks.Task`1[Microsoft.AspNetCore.Mvc.IActionResult] Search(BookSearchQuery, System.Threading.CancellationToken) on controller BooksController (LibraryApp.Api).
2026-06-01 14:58:49.518 +03:00 [INF] Executing OkObjectResult, writing value of type 'PagedResult`1[[BookDto, LibraryApp.Core, Version=1.0.0.0, Culture=neutral, PublicKeyToken=null]]'.
2026-06-01 14:58:49.518 +03:00 [INF] Executed action BooksController.Search (LibraryApp.Api) in 34.1984ms
2026-06-01 14:58:49.518 +03:00 [INF] HTTP GET /api/books responded 200 in 34.5654 ms
2026-06-01 14:58:49.518 +03:00 [INF] Request finished HTTP/1.1 GET http://localhost:5112/api/books?page=1&pageSize=20 - 200 null application/json; charset=utf-8 34.8342ms
2026-06-01 14:58:50.108 +03:00 [INF] Request starting HTTP/1.1 OPTIONS http://localhost:5112/api/books?page=1&pageSize=20 - null null
2026-06-01 14:58:50.109 +03:00 [INF] CORS policy execution successful.
2026-06-01 14:58:50.109 +03:00 [INF] HTTP OPTIONS /api/books responded 204 in 0.3219 ms
2026-06-01 14:58:50.109 +03:00 [INF] Request finished HTTP/1.1 OPTIONS http://localhost:5112/api/books?page=1&pageSize=20 - 204 null null 1.0703ms
2026-06-01 14:58:50.123 +03:00 [INF] Request starting HTTP/1.1 GET http://localhost:5112/api/books?page=1&pageSize=20 - application/json null
2026-06-01 14:58:50.124 +03:00 [INF] CORS policy execution successful.
2026-06-01 14:58:50.124 +03:00 [INF] Route matched with {action = "Search", controller = "Books"}. Executing controller action with signature System.Threading.Tasks.Task`1[Microsoft.AspNetCore.Mvc.IActionResult] Search(BookSearchQuery, System.Threading.CancellationToken) on controller BooksController (LibraryApp.Api).
2026-06-01 14:58:50.165 +03:00 [INF] Executing OkObjectResult, writing value of type 'PagedResult`1[[BookDto, LibraryApp.Core, Version=1.0.0.0, Culture=neutral, PublicKeyToken=null]]'.
2026-06-01 14:58:50.165 +03:00 [INF] Executed action BooksController.Search (LibraryApp.Api) in 40.4263ms
2026-06-01 14:58:50.165 +03:00 [INF] HTTP GET /api/books responded 200 in 41.7615 ms
2026-06-01 14:58:50.166 +03:00 [INF] Request finished HTTP/1.1 GET http://localhost:5112/api/books?page=1&pageSize=20 - 200 null application/json; charset=utf-8 42.2966ms
2026-06-01 14:58:52.040 +03:00 [INF] Request starting HTTP/1.1 OPTIONS http://localhost:5112/api/books/2 - null null
2026-06-01 14:58:52.040 +03:00 [INF] CORS policy execution successful.
2026-06-01 14:58:52.040 +03:00 [INF] HTTP OPTIONS /api/books/2 responded 204 in 0.0941 ms
2026-06-01 14:58:52.040 +03:00 [INF] Request finished HTTP/1.1 OPTIONS http://localhost:5112/api/books/2 - 204 null null 0.3509ms
2026-06-01 14:58:52.045 +03:00 [INF] Request starting HTTP/1.1 GET http://localhost:5112/api/books/2 - application/json null
2026-06-01 14:58:52.045 +03:00 [INF] CORS policy execution successful.
2026-06-01 14:58:52.045 +03:00 [INF] Route matched with {action = "GetById", controller = "Books"}. Executing controller action with signature System.Threading.Tasks.Task`1[Microsoft.AspNetCore.Mvc.IActionResult] GetById(Int32, System.Threading.CancellationToken) on controller BooksController (LibraryApp.Api).
2026-06-01 14:58:52.068 +03:00 [INF] Executing OkObjectResult, writing value of type 'BookDto'.
2026-06-01 14:58:52.068 +03:00 [INF] Executed action BooksController.GetById (LibraryApp.Api) in 23.0206ms
2026-06-01 14:58:52.068 +03:00 [INF] HTTP GET /api/books/2 responded 200 in 23.4416 ms
2026-06-01 14:58:52.069 +03:00 [INF] Request finished HTTP/1.1 GET http://localhost:5112/api/books/2 - 200 null application/json; charset=utf-8 23.7731ms
2026-06-01 14:58:52.973 +03:00 [INF] Request starting HTTP/1.1 OPTIONS http://localhost:5112/api/authors - null null
2026-06-01 14:58:52.973 +03:00 [INF] CORS policy execution successful.
2026-06-01 14:58:52.973 +03:00 [INF] HTTP OPTIONS /api/authors responded 204 in 0.3160 ms
2026-06-01 14:58:52.974 +03:00 [INF] Request finished HTTP/1.1 OPTIONS http://localhost:5112/api/authors - 204 null null 0.6517ms
2026-06-01 14:58:52.974 +03:00 [INF] Request starting HTTP/1.1 OPTIONS http://localhost:5112/api/categories - null null
2026-06-01 14:58:52.975 +03:00 [INF] CORS policy execution successful.
2026-06-01 14:58:52.975 +03:00 [INF] HTTP OPTIONS /api/categories responded 204 in 0.1318 ms
2026-06-01 14:58:52.975 +03:00 [INF] Request finished HTTP/1.1 OPTIONS http://localhost:5112/api/categories - 204 null null 0.4573ms
2026-06-01 14:58:52.976 +03:00 [INF] Request starting HTTP/1.1 GET http://localhost:5112/api/books/2 - application/json null
2026-06-01 14:58:52.977 +03:00 [INF] CORS policy execution successful.
2026-06-01 14:58:52.977 +03:00 [INF] Route matched with {action = "GetById", controller = "Books"}. Executing controller action with signature System.Threading.Tasks.Task`1[Microsoft.AspNetCore.Mvc.IActionResult] GetById(Int32, System.Threading.CancellationToken) on controller BooksController (LibraryApp.Api).
2026-06-01 14:58:52.981 +03:00 [INF] Request starting HTTP/1.1 GET http://localhost:5112/api/authors - application/json null
2026-06-01 14:58:52.981 +03:00 [INF] CORS policy execution successful.
2026-06-01 14:58:52.981 +03:00 [INF] Request starting HTTP/1.1 GET http://localhost:5112/api/categories - application/json null
2026-06-01 14:58:52.981 +03:00 [INF] CORS policy execution successful.
2026-06-01 14:58:52.981 +03:00 [INF] Route matched with {action = "GetAll", controller = "Categories"}. Executing controller action with signature System.Threading.Tasks.Task`1[Microsoft.AspNetCore.Mvc.IActionResult] GetAll(System.Threading.CancellationToken) on controller LibraryApp.Api.Controllers.CategoriesController (LibraryApp.Api).
2026-06-01 14:58:52.982 +03:00 [INF] Route matched with {action = "GetAll", controller = "Authors"}. Executing controller action with signature System.Threading.Tasks.Task`1[Microsoft.AspNetCore.Mvc.IActionResult] GetAll(System.Threading.CancellationToken) on controller LibraryApp.Api.Controllers.AuthorsController (LibraryApp.Api).
2026-06-01 14:58:52.988 +03:00 [INF] Executing OkObjectResult, writing value of type 'System.Collections.Generic.List`1[[<>f__AnonymousType0`2[[System.Int32, System.Private.CoreLib, Version=8.0.0.0, Culture=neutral, PublicKeyToken=7cec85d7bea7798e],[System.String, System.Private.CoreLib, Version=8.0.0.0, Culture=neutral, PublicKeyToken=7cec85d7bea7798e]], LibraryApp.Api, Version=1.0.0.0, Culture=neutral, PublicKeyToken=null]]'.
2026-06-01 14:58:52.988 +03:00 [INF] Executed action LibraryApp.Api.Controllers.AuthorsController.GetAll (LibraryApp.Api) in 6.0521ms
2026-06-01 14:58:52.988 +03:00 [INF] HTTP GET /api/authors responded 200 in 7.6076 ms
2026-06-01 14:58:52.989 +03:00 [INF] Request finished HTTP/1.1 GET http://localhost:5112/api/authors - 200 null application/json; charset=utf-8 7.8776ms
2026-06-01 14:58:52.989 +03:00 [INF] Executing OkObjectResult, writing value of type 'System.Collections.Generic.List`1[[<>f__AnonymousType2`2[[System.Int32, System.Private.CoreLib, Version=8.0.0.0, Culture=neutral, PublicKeyToken=7cec85d7bea7798e],[System.String, System.Private.CoreLib, Version=8.0.0.0, Culture=neutral, PublicKeyToken=7cec85d7bea7798e]], LibraryApp.Api, Version=1.0.0.0, Culture=neutral, PublicKeyToken=null]]'.
2026-06-01 14:58:52.989 +03:00 [INF] Executed action LibraryApp.Api.Controllers.CategoriesController.GetAll (LibraryApp.Api) in 7.8246ms
2026-06-01 14:58:52.989 +03:00 [INF] HTTP GET /api/categories responded 200 in 8.0616 ms
2026-06-01 14:58:52.989 +03:00 [INF] Request finished HTTP/1.1 GET http://localhost:5112/api/categories - 200 null application/json; charset=utf-8 8.2314ms
2026-06-01 14:58:53.003 +03:00 [INF] Executing OkObjectResult, writing value of type 'BookDto'.
2026-06-01 14:58:53.003 +03:00 [INF] Executed action BooksController.GetById (LibraryApp.Api) in 26.1303ms
2026-06-01 14:58:53.003 +03:00 [INF] HTTP GET /api/books/2 responded 200 in 26.4700 ms
2026-06-01 14:58:53.003 +03:00 [INF] Request finished HTTP/1.1 GET http://localhost:5112/api/books/2 - 200 null application/json; charset=utf-8 26.8877ms
2026-06-01 14:58:57.614 +03:00 [INF] Request starting HTTP/1.1 GET http://localhost:5112/api/authors - application/json null
2026-06-01 14:58:57.614 +03:00 [INF] Route matched with {action = "GetAll", controller = "Authors"}. Executing controller action with signature System.Threading.Tasks.Task`1[Microsoft.AspNetCore.Mvc.IActionResult] GetAll(System.Threading.CancellationToken) on controller LibraryApp.Api.Controllers.AuthorsController (LibraryApp.Api).
2026-06-01 14:58:57.614 +03:00 [INF] Request starting HTTP/1.1 GET http://localhost:5112/api/categories - application/json null
2026-06-01 14:58:57.615 +03:00 [INF] Request starting HTTP/1.1 GET http://localhost:5112/api/books/2 - application/json null
2026-06-01 14:58:57.615 +03:00 [INF] Route matched with {action = "GetAll", controller = "Categories"}. Executing controller action with signature System.Threading.Tasks.Task`1[Microsoft.AspNetCore.Mvc.IActionResult] GetAll(System.Threading.CancellationToken) on controller LibraryApp.Api.Controllers.CategoriesController (LibraryApp.Api).
2026-06-01 14:58:57.615 +03:00 [INF] Route matched with {action = "GetById", controller = "Books"}. Executing controller action with signature System.Threading.Tasks.Task`1[Microsoft.AspNetCore.Mvc.IActionResult] GetById(Int32, System.Threading.CancellationToken) on controller BooksController (LibraryApp.Api).
2026-06-01 14:58:57.620 +03:00 [INF] Executing OkObjectResult, writing value of type 'System.Collections.Generic.List`1[[<>f__AnonymousType2`2[[System.Int32, System.Private.CoreLib, Version=8.0.0.0, Culture=neutral, PublicKeyToken=7cec85d7bea7798e],[System.String, System.Private.CoreLib, Version=8.0.0.0, Culture=neutral, PublicKeyToken=7cec85d7bea7798e]], LibraryApp.Api, Version=1.0.0.0, Culture=neutral, PublicKeyToken=null]]'.
2026-06-01 14:58:57.620 +03:00 [INF] Executed action LibraryApp.Api.Controllers.CategoriesController.GetAll (LibraryApp.Api) in 5.4388ms
2026-06-01 14:58:57.620 +03:00 [INF] HTTP GET /api/categories responded 200 in 5.6612 ms
2026-06-01 14:58:57.621 +03:00 [INF] Request finished HTTP/1.1 GET http://localhost:5112/api/categories - 200 null application/json; charset=utf-8 6.1823ms
2026-06-01 14:58:57.623 +03:00 [INF] Executing OkObjectResult, writing value of type 'System.Collections.Generic.List`1[[<>f__AnonymousType0`2[[System.Int32, System.Private.CoreLib, Version=8.0.0.0, Culture=neutral, PublicKeyToken=7cec85d7bea7798e],[System.String, System.Private.CoreLib, Version=8.0.0.0, Culture=neutral, PublicKeyToken=7cec85d7bea7798e]], LibraryApp.Api, Version=1.0.0.0, Culture=neutral, PublicKeyToken=null]]'.
2026-06-01 14:58:57.623 +03:00 [INF] Executed action LibraryApp.Api.Controllers.AuthorsController.GetAll (LibraryApp.Api) in 8.6967ms
2026-06-01 14:58:57.623 +03:00 [INF] HTTP GET /api/authors responded 200 in 8.9830 ms
2026-06-01 14:58:57.623 +03:00 [INF] Request finished HTTP/1.1 GET http://localhost:5112/api/authors - 200 null application/json; charset=utf-8 9.5155ms
2026-06-01 14:58:57.640 +03:00 [INF] Executing OkObjectResult, writing value of type 'BookDto'.
2026-06-01 14:58:57.640 +03:00 [INF] Executed action BooksController.GetById (LibraryApp.Api) in 24.5507ms
2026-06-01 14:58:57.640 +03:00 [INF] HTTP GET /api/books/2 responded 200 in 24.8243 ms
2026-06-01 14:58:57.640 +03:00 [INF] Request finished HTTP/1.1 GET http://localhost:5112/api/books/2 - 200 null application/json; charset=utf-8 25.0326ms
2026-06-01 14:58:58.335 +03:00 [INF] Request starting HTTP/1.1 OPTIONS http://localhost:5112/api/categories - null null
2026-06-01 14:58:58.335 +03:00 [INF] Request starting HTTP/1.1 OPTIONS http://localhost:5112/api/books/2 - null null
2026-06-01 14:58:58.335 +03:00 [INF] CORS policy execution successful.
2026-06-01 14:58:58.335 +03:00 [INF] HTTP OPTIONS /api/books/2 responded 204 in 0.0807 ms
2026-06-01 14:58:58.335 +03:00 [INF] CORS policy execution successful.
2026-06-01 14:58:58.335 +03:00 [INF] Request starting HTTP/1.1 OPTIONS http://localhost:5112/api/authors - null null
2026-06-01 14:58:58.335 +03:00 [INF] HTTP OPTIONS /api/categories responded 204 in 0.2789 ms
2026-06-01 14:58:58.335 +03:00 [INF] Request finished HTTP/1.1 OPTIONS http://localhost:5112/api/books/2 - 204 null null 0.3488ms
2026-06-01 14:58:58.335 +03:00 [INF] CORS policy execution successful.
2026-06-01 14:58:58.335 +03:00 [INF] Request finished HTTP/1.1 OPTIONS http://localhost:5112/api/categories - 204 null null 0.5843ms
2026-06-01 14:58:58.335 +03:00 [INF] HTTP OPTIONS /api/authors responded 204 in 0.1230 ms
2026-06-01 14:58:58.336 +03:00 [INF] Request finished HTTP/1.1 OPTIONS http://localhost:5112/api/authors - 204 null null 0.8086ms
2026-06-01 14:58:58.352 +03:00 [INF] Request starting HTTP/1.1 GET http://localhost:5112/api/books/2 - application/json null
2026-06-01 14:58:58.354 +03:00 [INF] CORS policy execution successful.
2026-06-01 14:58:58.354 +03:00 [INF] Route matched with {action = "GetById", controller = "Books"}. Executing controller action with signature System.Threading.Tasks.Task`1[Microsoft.AspNetCore.Mvc.IActionResult] GetById(Int32, System.Threading.CancellationToken) on controller BooksController (LibraryApp.Api).
2026-06-01 14:58:58.354 +03:00 [INF] Request starting HTTP/1.1 GET http://localhost:5112/api/authors - application/json null
2026-06-01 14:58:58.354 +03:00 [INF] Request starting HTTP/1.1 GET http://localhost:5112/api/categories - application/json null
2026-06-01 14:58:58.354 +03:00 [INF] CORS policy execution successful.
2026-06-01 14:58:58.354 +03:00 [INF] Route matched with {action = "GetAll", controller = "Authors"}. Executing controller action with signature System.Threading.Tasks.Task`1[Microsoft.AspNetCore.Mvc.IActionResult] GetAll(System.Threading.CancellationToken) on controller LibraryApp.Api.Controllers.AuthorsController (LibraryApp.Api).
2026-06-01 14:58:58.354 +03:00 [INF] CORS policy execution successful.
2026-06-01 14:58:58.354 +03:00 [INF] Route matched with {action = "GetAll", controller = "Categories"}. Executing controller action with signature System.Threading.Tasks.Task`1[Microsoft.AspNetCore.Mvc.IActionResult] GetAll(System.Threading.CancellationToken) on controller LibraryApp.Api.Controllers.CategoriesController (LibraryApp.Api).
2026-06-01 14:58:58.356 +03:00 [INF] Executing OkObjectResult, writing value of type 'System.Collections.Generic.List`1[[<>f__AnonymousType0`2[[System.Int32, System.Private.CoreLib, Version=8.0.0.0, Culture=neutral, PublicKeyToken=7cec85d7bea7798e],[System.String, System.Private.CoreLib, Version=8.0.0.0, Culture=neutral, PublicKeyToken=7cec85d7bea7798e]], LibraryApp.Api, Version=1.0.0.0, Culture=neutral, PublicKeyToken=null]]'.
2026-06-01 14:58:58.356 +03:00 [INF] Executed action LibraryApp.Api.Controllers.AuthorsController.GetAll (LibraryApp.Api) in 2.1005ms
2026-06-01 14:58:58.357 +03:00 [INF] HTTP GET /api/authors responded 200 in 2.3779 ms
2026-06-01 14:58:58.357 +03:00 [INF] Request finished HTTP/1.1 GET http://localhost:5112/api/authors - 200 null application/json; charset=utf-8 2.8664ms
2026-06-01 14:58:58.358 +03:00 [INF] Executing OkObjectResult, writing value of type 'BookDto'.
2026-06-01 14:58:58.358 +03:00 [INF] Executed action BooksController.GetById (LibraryApp.Api) in 4.3734ms
2026-06-01 14:58:58.359 +03:00 [INF] HTTP GET /api/books/2 responded 200 in 4.8689 ms
2026-06-01 14:58:58.359 +03:00 [INF] Executing OkObjectResult, writing value of type 'System.Collections.Generic.List`1[[<>f__AnonymousType2`2[[System.Int32, System.Private.CoreLib, Version=8.0.0.0, Culture=neutral, PublicKeyToken=7cec85d7bea7798e],[System.String, System.Private.CoreLib, Version=8.0.0.0, Culture=neutral, PublicKeyToken=7cec85d7bea7798e]], LibraryApp.Api, Version=1.0.0.0, Culture=neutral, PublicKeyToken=null]]'.
2026-06-01 14:58:58.360 +03:00 [INF] Executed action LibraryApp.Api.Controllers.CategoriesController.GetAll (LibraryApp.Api) in 5.1826ms
2026-06-01 14:58:58.360 +03:00 [INF] HTTP GET /api/categories responded 200 in 5.5906 ms
2026-06-01 14:58:58.360 +03:00 [INF] Request finished HTTP/1.1 GET http://localhost:5112/api/categories - 200 null application/json; charset=utf-8 5.8584ms
2026-06-01 14:58:58.360 +03:00 [INF] Request finished HTTP/1.1 GET http://localhost:5112/api/books/2 - 200 null application/json; charset=utf-8 8.348ms
2026-06-01 14:59:12.976 +03:00 [INF] Request starting HTTP/1.1 GET http://localhost:5112/api/authors - application/json null
2026-06-01 14:59:12.976 +03:00 [INF] Route matched with {action = "GetAll", controller = "Authors"}. Executing controller action with signature System.Threading.Tasks.Task`1[Microsoft.AspNetCore.Mvc.IActionResult] GetAll(System.Threading.CancellationToken) on controller LibraryApp.Api.Controllers.AuthorsController (LibraryApp.Api).
2026-06-01 14:59:12.976 +03:00 [INF] Request starting HTTP/1.1 GET http://localhost:5112/api/categories - application/json null
2026-06-01 14:59:12.976 +03:00 [INF] Route matched with {action = "GetAll", controller = "Categories"}. Executing controller action with signature System.Threading.Tasks.Task`1[Microsoft.AspNetCore.Mvc.IActionResult] GetAll(System.Threading.CancellationToken) on controller LibraryApp.Api.Controllers.CategoriesController (LibraryApp.Api).
2026-06-01 14:59:12.977 +03:00 [INF] Request starting HTTP/1.1 GET http://localhost:5112/api/books/2 - application/json null
2026-06-01 14:59:12.977 +03:00 [INF] Route matched with {action = "GetById", controller = "Books"}. Executing controller action with signature System.Threading.Tasks.Task`1[Microsoft.AspNetCore.Mvc.IActionResult] GetById(Int32, System.Threading.CancellationToken) on controller BooksController (LibraryApp.Api).
2026-06-01 14:59:12.980 +03:00 [INF] Executing OkObjectResult, writing value of type 'System.Collections.Generic.List`1[[<>f__AnonymousType0`2[[System.Int32, System.Private.CoreLib, Version=8.0.0.0, Culture=neutral, PublicKeyToken=7cec85d7bea7798e],[System.String, System.Private.CoreLib, Version=8.0.0.0, Culture=neutral, PublicKeyToken=7cec85d7bea7798e]], LibraryApp.Api, Version=1.0.0.0, Culture=neutral, PublicKeyToken=null]]'.
2026-06-01 14:59:12.980 +03:00 [INF] Executed action LibraryApp.Api.Controllers.AuthorsController.GetAll (LibraryApp.Api) in 4.1635ms
2026-06-01 14:59:12.980 +03:00 [INF] HTTP GET /api/authors responded 200 in 4.3752 ms
2026-06-01 14:59:12.980 +03:00 [INF] Request finished HTTP/1.1 GET http://localhost:5112/api/authors - 200 null application/json; charset=utf-8 4.6299ms
2026-06-01 14:59:12.982 +03:00 [INF] Executing OkObjectResult, writing value of type 'System.Collections.Generic.List`1[[<>f__AnonymousType2`2[[System.Int32, System.Private.CoreLib, Version=8.0.0.0, Culture=neutral, PublicKeyToken=7cec85d7bea7798e],[System.String, System.Private.CoreLib, Version=8.0.0.0, Culture=neutral, PublicKeyToken=7cec85d7bea7798e]], LibraryApp.Api, Version=1.0.0.0, Culture=neutral, PublicKeyToken=null]]'.
2026-06-01 14:59:12.983 +03:00 [INF] Executed action LibraryApp.Api.Controllers.CategoriesController.GetAll (LibraryApp.Api) in 6.2095ms
2026-06-01 14:59:12.983 +03:00 [INF] HTTP GET /api/categories responded 200 in 6.5540 ms
2026-06-01 14:59:12.983 +03:00 [INF] Request finished HTTP/1.1 GET http://localhost:5112/api/categories - 200 null application/json; charset=utf-8 6.8221ms
2026-06-01 14:59:13.003 +03:00 [INF] Executing OkObjectResult, writing value of type 'BookDto'.
2026-06-01 14:59:13.003 +03:00 [INF] Executed action BooksController.GetById (LibraryApp.Api) in 26.7086ms
2026-06-01 14:59:13.004 +03:00 [INF] HTTP GET /api/books/2 responded 200 in 26.8887 ms
2026-06-01 14:59:13.004 +03:00 [INF] Request finished HTTP/1.1 GET http://localhost:5112/api/books/2 - 200 null application/json; charset=utf-8 27.0974ms
2026-06-01 14:59:13.645 +03:00 [INF] Request starting HTTP/1.1 OPTIONS http://localhost:5112/api/authors - null null
2026-06-01 14:59:13.645 +03:00 [INF] Request starting HTTP/1.1 OPTIONS http://localhost:5112/api/categories - null null
2026-06-01 14:59:13.646 +03:00 [INF] CORS policy execution successful.
2026-06-01 14:59:13.646 +03:00 [INF] CORS policy execution successful.
2026-06-01 14:59:13.646 +03:00 [INF] HTTP OPTIONS /api/authors responded 204 in 0.0718 ms
2026-06-01 14:59:13.646 +03:00 [INF] HTTP OPTIONS /api/categories responded 204 in 0.0628 ms
2026-06-01 14:59:13.646 +03:00 [INF] Request finished HTTP/1.1 OPTIONS http://localhost:5112/api/authors - 204 null null 0.3228ms
2026-06-01 14:59:13.646 +03:00 [INF] Request finished HTTP/1.1 OPTIONS http://localhost:5112/api/categories - 204 null null 0.5249ms
2026-06-01 14:59:13.646 +03:00 [INF] Request starting HTTP/1.1 OPTIONS http://localhost:5112/api/books/2 - null null
2026-06-01 14:59:13.648 +03:00 [INF] CORS policy execution successful.
2026-06-01 14:59:13.649 +03:00 [INF] HTTP OPTIONS /api/books/2 responded 204 in 0.1602 ms
2026-06-01 14:59:13.649 +03:00 [INF] Request finished HTTP/1.1 OPTIONS http://localhost:5112/api/books/2 - 204 null null 2.6113ms
2026-06-01 14:59:13.675 +03:00 [INF] Request starting HTTP/1.1 GET http://localhost:5112/api/authors - application/json null
2026-06-01 14:59:13.676 +03:00 [INF] CORS policy execution successful.
2026-06-01 14:59:13.676 +03:00 [INF] Route matched with {action = "GetAll", controller = "Authors"}. Executing controller action with signature System.Threading.Tasks.Task`1[Microsoft.AspNetCore.Mvc.IActionResult] GetAll(System.Threading.CancellationToken) on controller LibraryApp.Api.Controllers.AuthorsController (LibraryApp.Api).
2026-06-01 14:59:13.676 +03:00 [INF] Request starting HTTP/1.1 GET http://localhost:5112/api/categories - application/json null
2026-06-01 14:59:13.676 +03:00 [INF] CORS policy execution successful.
2026-06-01 14:59:13.676 +03:00 [INF] Route matched with {action = "GetAll", controller = "Categories"}. Executing controller action with signature System.Threading.Tasks.Task`1[Microsoft.AspNetCore.Mvc.IActionResult] GetAll(System.Threading.CancellationToken) on controller LibraryApp.Api.Controllers.CategoriesController (LibraryApp.Api).
2026-06-01 14:59:13.678 +03:00 [INF] Request starting HTTP/1.1 GET http://localhost:5112/api/books/2 - application/json null
2026-06-01 14:59:13.678 +03:00 [INF] CORS policy execution successful.
2026-06-01 14:59:13.678 +03:00 [INF] Route matched with {action = "GetById", controller = "Books"}. Executing controller action with signature System.Threading.Tasks.Task`1[Microsoft.AspNetCore.Mvc.IActionResult] GetById(Int32, System.Threading.CancellationToken) on controller BooksController (LibraryApp.Api).
2026-06-01 14:59:13.679 +03:00 [INF] Executing OkObjectResult, writing value of type 'System.Collections.Generic.List`1[[<>f__AnonymousType2`2[[System.Int32, System.Private.CoreLib, Version=8.0.0.0, Culture=neutral, PublicKeyToken=7cec85d7bea7798e],[System.String, System.Private.CoreLib, Version=8.0.0.0, Culture=neutral, PublicKeyToken=7cec85d7bea7798e]], LibraryApp.Api, Version=1.0.0.0, Culture=neutral, PublicKeyToken=null]]'.
2026-06-01 14:59:13.680 +03:00 [INF] Executed action LibraryApp.Api.Controllers.CategoriesController.GetAll (LibraryApp.Api) in 3.4427ms
2026-06-01 14:59:13.680 +03:00 [INF] HTTP GET /api/categories responded 200 in 3.8090 ms
2026-06-01 14:59:13.680 +03:00 [INF] Request finished HTTP/1.1 GET http://localhost:5112/api/categories - 200 null application/json; charset=utf-8 4.0618ms
2026-06-01 14:59:13.680 +03:00 [INF] Executing OkObjectResult, writing value of type 'BookDto'.
2026-06-01 14:59:13.681 +03:00 [INF] Executed action BooksController.GetById (LibraryApp.Api) in 2.3162ms
2026-06-01 14:59:13.681 +03:00 [INF] HTTP GET /api/books/2 responded 200 in 3.0013 ms
2026-06-01 14:59:13.681 +03:00 [INF] Request finished HTTP/1.1 GET http://localhost:5112/api/books/2 - 200 null application/json; charset=utf-8 3.4155ms
2026-06-01 14:59:13.692 +03:00 [INF] Executing OkObjectResult, writing value of type 'System.Collections.Generic.List`1[[<>f__AnonymousType0`2[[System.Int32, System.Private.CoreLib, Version=8.0.0.0, Culture=neutral, PublicKeyToken=7cec85d7bea7798e],[System.String, System.Private.CoreLib, Version=8.0.0.0, Culture=neutral, PublicKeyToken=7cec85d7bea7798e]], LibraryApp.Api, Version=1.0.0.0, Culture=neutral, PublicKeyToken=null]]'.
2026-06-01 14:59:13.692 +03:00 [INF] Executed action LibraryApp.Api.Controllers.AuthorsController.GetAll (LibraryApp.Api) in 16.3161ms
2026-06-01 14:59:13.692 +03:00 [INF] HTTP GET /api/authors responded 200 in 16.8443 ms
2026-06-01 14:59:13.693 +03:00 [INF] Request finished HTTP/1.1 GET http://localhost:5112/api/authors - 200 null application/json; charset=utf-8 17.3773ms
2026-06-01 15:25:58.245 +03:00 [INF] Request starting HTTP/1.1 GET http://localhost:5112/api/authors - application/json null
2026-06-01 15:25:58.246 +03:00 [INF] Route matched with {action = "GetAll", controller = "Authors"}. Executing controller action with signature System.Threading.Tasks.Task`1[Microsoft.AspNetCore.Mvc.IActionResult] GetAll(System.Threading.CancellationToken) on controller LibraryApp.Api.Controllers.AuthorsController (LibraryApp.Api).
2026-06-01 15:25:58.246 +03:00 [INF] Request starting HTTP/1.1 GET http://localhost:5112/api/categories - application/json null
2026-06-01 15:25:58.246 +03:00 [INF] Route matched with {action = "GetAll", controller = "Categories"}. Executing controller action with signature System.Threading.Tasks.Task`1[Microsoft.AspNetCore.Mvc.IActionResult] GetAll(System.Threading.CancellationToken) on controller LibraryApp.Api.Controllers.CategoriesController (LibraryApp.Api).
2026-06-01 15:25:58.246 +03:00 [INF] Request starting HTTP/1.1 GET http://localhost:5112/api/books/2 - application/json null
2026-06-01 15:25:58.246 +03:00 [INF] Route matched with {action = "GetById", controller = "Books"}. Executing controller action with signature System.Threading.Tasks.Task`1[Microsoft.AspNetCore.Mvc.IActionResult] GetById(Int32, System.Threading.CancellationToken) on controller BooksController (LibraryApp.Api).
2026-06-01 15:25:58.248 +03:00 [INF] Request starting HTTP/1.1 GET http://localhost:5112/api/loans/active - application/json null
2026-06-01 15:25:58.248 +03:00 [INF] Route matched with {action = "GetActive", controller = "Loans"}. Executing controller action with signature System.Threading.Tasks.Task`1[Microsoft.AspNetCore.Mvc.IActionResult] GetActive(System.Threading.CancellationToken) on controller LibraryApp.Api.Controllers.LoansController (LibraryApp.Api).
2026-06-01 15:25:58.272 +03:00 [INF] Executing OkObjectResult, writing value of type 'System.Collections.Generic.List`1[[<>f__AnonymousType0`2[[System.Int32, System.Private.CoreLib, Version=8.0.0.0, Culture=neutral, PublicKeyToken=7cec85d7bea7798e],[System.String, System.Private.CoreLib, Version=8.0.0.0, Culture=neutral, PublicKeyToken=7cec85d7bea7798e]], LibraryApp.Api, Version=1.0.0.0, Culture=neutral, PublicKeyToken=null]]'.
2026-06-01 15:25:58.272 +03:00 [INF] Executed action LibraryApp.Api.Controllers.AuthorsController.GetAll (LibraryApp.Api) in 26.7192ms
2026-06-01 15:25:58.273 +03:00 [INF] HTTP GET /api/authors responded 200 in 27.0624 ms
2026-06-01 15:25:58.273 +03:00 [INF] Request finished HTTP/1.1 GET http://localhost:5112/api/authors - 200 null application/json; charset=utf-8 27.514ms
2026-06-01 15:25:58.277 +03:00 [INF] Executing OkObjectResult, writing value of type 'System.Collections.Generic.List`1[[<>f__AnonymousType2`2[[System.Int32, System.Private.CoreLib, Version=8.0.0.0, Culture=neutral, PublicKeyToken=7cec85d7bea7798e],[System.String, System.Private.CoreLib, Version=8.0.0.0, Culture=neutral, PublicKeyToken=7cec85d7bea7798e]], LibraryApp.Api, Version=1.0.0.0, Culture=neutral, PublicKeyToken=null]]'.
2026-06-01 15:25:58.277 +03:00 [INF] Executed action LibraryApp.Api.Controllers.CategoriesController.GetAll (LibraryApp.Api) in 30.8733ms
2026-06-01 15:25:58.277 +03:00 [INF] HTTP GET /api/categories responded 200 in 31.0818 ms
2026-06-01 15:25:58.277 +03:00 [INF] Request finished HTTP/1.1 GET http://localhost:5112/api/categories - 200 null application/json; charset=utf-8 31.32ms
2026-06-01 15:25:58.290 +03:00 [INF] Executing OkObjectResult, writing value of type 'BookDto'.
2026-06-01 15:25:58.291 +03:00 [INF] Executed action BooksController.GetById (LibraryApp.Api) in 44.0192ms
2026-06-01 15:25:58.291 +03:00 [INF] HTTP GET /api/books/2 responded 200 in 44.2287 ms
2026-06-01 15:25:58.291 +03:00 [INF] Request finished HTTP/1.1 GET http://localhost:5112/api/books/2 - 200 null application/json; charset=utf-8 44.544ms
2026-06-01 15:25:58.300 +03:00 [INF] Executing OkObjectResult, writing value of type 'System.Collections.Generic.List`1[[LibraryApp.Core.DTOs.ActiveLoanDto, LibraryApp.Core, Version=1.0.0.0, Culture=neutral, PublicKeyToken=null]]'.
2026-06-01 15:25:58.301 +03:00 [INF] Executed action LibraryApp.Api.Controllers.LoansController.GetActive (LibraryApp.Api) in 52.0709ms
2026-06-01 15:25:58.301 +03:00 [INF] HTTP GET /api/loans/active responded 200 in 52.3114 ms
2026-06-01 15:25:58.301 +03:00 [INF] Request finished HTTP/1.1 GET http://localhost:5112/api/loans/active - 200 null application/json; charset=utf-8 52.7584ms
2026-06-01 15:25:58.880 +03:00 [INF] Request starting HTTP/1.1 OPTIONS http://localhost:5112/api/loans/active - null null
2026-06-01 15:25:58.880 +03:00 [INF] CORS policy execution successful.
2026-06-01 15:25:58.881 +03:00 [INF] HTTP OPTIONS /api/loans/active responded 204 in 0.0939 ms
2026-06-01 15:25:58.881 +03:00 [INF] Request finished HTTP/1.1 OPTIONS http://localhost:5112/api/loans/active - 204 null null 0.4423ms
2026-06-01 15:25:58.887 +03:00 [INF] Request starting HTTP/1.1 GET http://localhost:5112/api/loans/active - application/json null
2026-06-01 15:25:58.887 +03:00 [INF] CORS policy execution successful.
2026-06-01 15:25:58.887 +03:00 [INF] Route matched with {action = "GetActive", controller = "Loans"}. Executing controller action with signature System.Threading.Tasks.Task`1[Microsoft.AspNetCore.Mvc.IActionResult] GetActive(System.Threading.CancellationToken) on controller LibraryApp.Api.Controllers.LoansController (LibraryApp.Api).
2026-06-01 15:25:58.889 +03:00 [INF] Executing OkObjectResult, writing value of type 'System.Collections.Generic.List`1[[LibraryApp.Core.DTOs.ActiveLoanDto, LibraryApp.Core, Version=1.0.0.0, Culture=neutral, PublicKeyToken=null]]'.
2026-06-01 15:25:58.890 +03:00 [INF] Executed action LibraryApp.Api.Controllers.LoansController.GetActive (LibraryApp.Api) in 2.4943ms
2026-06-01 15:25:58.890 +03:00 [INF] HTTP GET /api/loans/active responded 200 in 2.9434 ms
2026-06-01 15:25:58.890 +03:00 [INF] Request finished HTTP/1.1 GET http://localhost:5112/api/loans/active - 200 null application/json; charset=utf-8 3.1907ms
2026-06-01 15:25:59.960 +03:00 [INF] Request starting HTTP/1.1 OPTIONS http://localhost:5112/api/books?page=1&pageSize=20 - null null
2026-06-01 15:25:59.960 +03:00 [INF] CORS policy execution successful.
2026-06-01 15:25:59.960 +03:00 [INF] HTTP OPTIONS /api/books responded 204 in 0.1419 ms
2026-06-01 15:25:59.960 +03:00 [INF] Request finished HTTP/1.1 OPTIONS http://localhost:5112/api/books?page=1&pageSize=20 - 204 null null 0.5144ms
2026-06-01 15:25:59.965 +03:00 [INF] Request starting HTTP/1.1 GET http://localhost:5112/api/books?page=1&pageSize=20 - application/json null
2026-06-01 15:25:59.965 +03:00 [INF] CORS policy execution successful.
2026-06-01 15:25:59.965 +03:00 [INF] Route matched with {action = "Search", controller = "Books"}. Executing controller action with signature System.Threading.Tasks.Task`1[Microsoft.AspNetCore.Mvc.IActionResult] Search(BookSearchQuery, System.Threading.CancellationToken) on controller BooksController (LibraryApp.Api).
2026-06-01 15:25:59.994 +03:00 [INF] Executing OkObjectResult, writing value of type 'PagedResult`1[[BookDto, LibraryApp.Core, Version=1.0.0.0, Culture=neutral, PublicKeyToken=null]]'.
2026-06-01 15:25:59.994 +03:00 [INF] Executed action BooksController.Search (LibraryApp.Api) in 28.4309ms
2026-06-01 15:25:59.994 +03:00 [INF] HTTP GET /api/books responded 200 in 29.0327 ms
2026-06-01 15:25:59.994 +03:00 [INF] Request finished HTTP/1.1 GET http://localhost:5112/api/books?page=1&pageSize=20 - 200 null application/json; charset=utf-8 29.3198ms
2026-06-01 15:26:02.351 +03:00 [INF] Request starting HTTP/1.1 OPTIONS http://localhost:5112/api/books/2 - null null
2026-06-01 15:26:02.352 +03:00 [INF] CORS policy execution successful.
2026-06-01 15:26:02.352 +03:00 [INF] HTTP OPTIONS /api/books/2 responded 204 in 0.1501 ms
2026-06-01 15:26:02.352 +03:00 [INF] Request finished HTTP/1.1 OPTIONS http://localhost:5112/api/books/2 - 204 null null 1.0872ms
2026-06-01 15:26:02.357 +03:00 [INF] Request starting HTTP/1.1 GET http://localhost:5112/api/books/2 - application/json null
2026-06-01 15:26:02.357 +03:00 [INF] CORS policy execution successful.
2026-06-01 15:26:02.357 +03:00 [INF] Route matched with {action = "GetById", controller = "Books"}. Executing controller action with signature System.Threading.Tasks.Task`1[Microsoft.AspNetCore.Mvc.IActionResult] GetById(Int32, System.Threading.CancellationToken) on controller BooksController (LibraryApp.Api).
2026-06-01 15:26:02.360 +03:00 [INF] Executing OkObjectResult, writing value of type 'BookDto'.
2026-06-01 15:26:02.360 +03:00 [INF] Executed action BooksController.GetById (LibraryApp.Api) in 3.0419ms
2026-06-01 15:26:02.361 +03:00 [INF] HTTP GET /api/books/2 responded 200 in 3.4499 ms
2026-06-01 15:26:02.361 +03:00 [INF] Request finished HTTP/1.1 GET http://localhost:5112/api/books/2 - 200 null application/json; charset=utf-8 3.7265ms
2026-06-01 15:26:03.199 +03:00 [INF] Request starting HTTP/1.1 OPTIONS http://localhost:5112/api/authors - null null
2026-06-01 15:26:03.199 +03:00 [INF] CORS policy execution successful.
2026-06-01 15:26:03.199 +03:00 [INF] HTTP OPTIONS /api/authors responded 204 in 0.0827 ms
2026-06-01 15:26:03.199 +03:00 [INF] Request finished HTTP/1.1 OPTIONS http://localhost:5112/api/authors - 204 null null 0.3435ms
2026-06-01 15:26:03.207 +03:00 [INF] Request starting HTTP/1.1 OPTIONS http://localhost:5112/api/categories - null null
2026-06-01 15:26:03.208 +03:00 [INF] CORS policy execution successful.
2026-06-01 15:26:03.208 +03:00 [INF] HTTP OPTIONS /api/categories responded 204 in 0.1166 ms
2026-06-01 15:26:03.208 +03:00 [INF] Request finished HTTP/1.1 OPTIONS http://localhost:5112/api/categories - 204 null null 0.4463ms
2026-06-01 15:26:03.209 +03:00 [INF] Request starting HTTP/1.1 GET http://localhost:5112/api/books/2 - application/json null
2026-06-01 15:26:03.210 +03:00 [INF] CORS policy execution successful.
2026-06-01 15:26:03.210 +03:00 [INF] Route matched with {action = "GetById", controller = "Books"}. Executing controller action with signature System.Threading.Tasks.Task`1[Microsoft.AspNetCore.Mvc.IActionResult] GetById(Int32, System.Threading.CancellationToken) on controller BooksController (LibraryApp.Api).
2026-06-01 15:26:03.212 +03:00 [INF] Executing OkObjectResult, writing value of type 'BookDto'.
2026-06-01 15:26:03.212 +03:00 [INF] Executed action BooksController.GetById (LibraryApp.Api) in 2.2635ms
2026-06-01 15:26:03.212 +03:00 [INF] HTTP GET /api/books/2 responded 200 in 2.5602 ms
2026-06-01 15:26:03.212 +03:00 [INF] Request finished HTTP/1.1 GET http://localhost:5112/api/books/2 - 200 null application/json; charset=utf-8 2.9151ms
2026-06-01 15:26:03.212 +03:00 [INF] Request starting HTTP/1.1 GET http://localhost:5112/api/authors - application/json null
2026-06-01 15:26:03.213 +03:00 [INF] CORS policy execution successful.
2026-06-01 15:26:03.213 +03:00 [INF] Route matched with {action = "GetAll", controller = "Authors"}. Executing controller action with signature System.Threading.Tasks.Task`1[Microsoft.AspNetCore.Mvc.IActionResult] GetAll(System.Threading.CancellationToken) on controller LibraryApp.Api.Controllers.AuthorsController (LibraryApp.Api).
2026-06-01 15:26:03.215 +03:00 [INF] Executing OkObjectResult, writing value of type 'System.Collections.Generic.List`1[[<>f__AnonymousType0`2[[System.Int32, System.Private.CoreLib, Version=8.0.0.0, Culture=neutral, PublicKeyToken=7cec85d7bea7798e],[System.String, System.Private.CoreLib, Version=8.0.0.0, Culture=neutral, PublicKeyToken=7cec85d7bea7798e]], LibraryApp.Api, Version=1.0.0.0, Culture=neutral, PublicKeyToken=null]]'.
2026-06-01 15:26:03.215 +03:00 [INF] Request starting HTTP/1.1 GET http://localhost:5112/api/categories - application/json null
2026-06-01 15:26:03.215 +03:00 [INF] Executed action LibraryApp.Api.Controllers.AuthorsController.GetAll (LibraryApp.Api) in 2.4484ms
2026-06-01 15:26:03.215 +03:00 [INF] HTTP GET /api/authors responded 200 in 2.8028 ms
2026-06-01 15:26:03.216 +03:00 [INF] CORS policy execution successful.
2026-06-01 15:26:03.216 +03:00 [INF] Request finished HTTP/1.1 GET http://localhost:5112/api/authors - 200 null application/json; charset=utf-8 3.115ms
2026-06-01 15:26:03.216 +03:00 [INF] Route matched with {action = "GetAll", controller = "Categories"}. Executing controller action with signature System.Threading.Tasks.Task`1[Microsoft.AspNetCore.Mvc.IActionResult] GetAll(System.Threading.CancellationToken) on controller LibraryApp.Api.Controllers.CategoriesController (LibraryApp.Api).
2026-06-01 15:26:03.218 +03:00 [INF] Executing OkObjectResult, writing value of type 'System.Collections.Generic.List`1[[<>f__AnonymousType2`2[[System.Int32, System.Private.CoreLib, Version=8.0.0.0, Culture=neutral, PublicKeyToken=7cec85d7bea7798e],[System.String, System.Private.CoreLib, Version=8.0.0.0, Culture=neutral, PublicKeyToken=7cec85d7bea7798e]], LibraryApp.Api, Version=1.0.0.0, Culture=neutral, PublicKeyToken=null]]'.
2026-06-01 15:26:03.218 +03:00 [INF] Executed action LibraryApp.Api.Controllers.CategoriesController.GetAll (LibraryApp.Api) in 1.8091ms
2026-06-01 15:26:03.218 +03:00 [INF] HTTP GET /api/categories responded 200 in 2.1977 ms
2026-06-01 15:26:03.218 +03:00 [INF] Request finished HTTP/1.1 GET http://localhost:5112/api/categories - 200 null application/json; charset=utf-8 2.5962ms
2026-06-01 15:26:05.081 +03:00 [INF] Request starting HTTP/1.1 GET http://localhost:5112/api/authors - application/json null
2026-06-01 15:26:05.081 +03:00 [INF] Route matched with {action = "GetAll", controller = "Authors"}. Executing controller action with signature System.Threading.Tasks.Task`1[Microsoft.AspNetCore.Mvc.IActionResult] GetAll(System.Threading.CancellationToken) on controller LibraryApp.Api.Controllers.AuthorsController (LibraryApp.Api).
2026-06-01 15:26:05.082 +03:00 [INF] Request starting HTTP/1.1 GET http://localhost:5112/api/categories - application/json null
2026-06-01 15:26:05.082 +03:00 [INF] Route matched with {action = "GetAll", controller = "Categories"}. Executing controller action with signature System.Threading.Tasks.Task`1[Microsoft.AspNetCore.Mvc.IActionResult] GetAll(System.Threading.CancellationToken) on controller LibraryApp.Api.Controllers.CategoriesController (LibraryApp.Api).
2026-06-01 15:26:05.083 +03:00 [INF] Request starting HTTP/1.1 GET http://localhost:5112/api/books/2 - application/json null
2026-06-01 15:26:05.083 +03:00 [INF] Route matched with {action = "GetById", controller = "Books"}. Executing controller action with signature System.Threading.Tasks.Task`1[Microsoft.AspNetCore.Mvc.IActionResult] GetById(Int32, System.Threading.CancellationToken) on controller BooksController (LibraryApp.Api).
2026-06-01 15:26:05.083 +03:00 [INF] Executing OkObjectResult, writing value of type 'System.Collections.Generic.List`1[[<>f__AnonymousType0`2[[System.Int32, System.Private.CoreLib, Version=8.0.0.0, Culture=neutral, PublicKeyToken=7cec85d7bea7798e],[System.String, System.Private.CoreLib, Version=8.0.0.0, Culture=neutral, PublicKeyToken=7cec85d7bea7798e]], LibraryApp.Api, Version=1.0.0.0, Culture=neutral, PublicKeyToken=null]]'.
2026-06-01 15:26:05.083 +03:00 [INF] Executing OkObjectResult, writing value of type 'System.Collections.Generic.List`1[[<>f__AnonymousType2`2[[System.Int32, System.Private.CoreLib, Version=8.0.0.0, Culture=neutral, PublicKeyToken=7cec85d7bea7798e],[System.String, System.Private.CoreLib, Version=8.0.0.0, Culture=neutral, PublicKeyToken=7cec85d7bea7798e]], LibraryApp.Api, Version=1.0.0.0, Culture=neutral, PublicKeyToken=null]]'.
2026-06-01 15:26:05.083 +03:00 [INF] Executed action LibraryApp.Api.Controllers.AuthorsController.GetAll (LibraryApp.Api) in 1.9273ms
2026-06-01 15:26:05.084 +03:00 [INF] Executed action LibraryApp.Api.Controllers.CategoriesController.GetAll (LibraryApp.Api) in 1.4544ms
2026-06-01 15:26:05.084 +03:00 [INF] HTTP GET /api/authors responded 200 in 2.2535 ms
2026-06-01 15:26:05.084 +03:00 [INF] HTTP GET /api/categories responded 200 in 1.7256 ms
2026-06-01 15:26:05.084 +03:00 [INF] Request finished HTTP/1.1 GET http://localhost:5112/api/authors - 200 null application/json; charset=utf-8 2.7143ms
2026-06-01 15:26:05.084 +03:00 [INF] Request finished HTTP/1.1 GET http://localhost:5112/api/categories - 200 null application/json; charset=utf-8 1.9574ms
2026-06-01 15:26:05.084 +03:00 [INF] Executing OkObjectResult, writing value of type 'BookDto'.
2026-06-01 15:26:05.085 +03:00 [INF] Executed action BooksController.GetById (LibraryApp.Api) in 1.7605ms
2026-06-01 15:26:05.085 +03:00 [INF] HTTP GET /api/books/2 responded 200 in 1.9370 ms
2026-06-01 15:26:05.085 +03:00 [INF] Request finished HTTP/1.1 GET http://localhost:5112/api/books/2 - 200 null application/json; charset=utf-8 2.2082ms
2026-06-01 15:26:05.272 +03:00 [INF] Request starting HTTP/1.1 GET http://localhost:5112/api/authors - application/json null
2026-06-01 15:26:05.272 +03:00 [INF] CORS policy execution successful.
2026-06-01 15:26:05.272 +03:00 [INF] Route matched with {action = "GetAll", controller = "Authors"}. Executing controller action with signature System.Threading.Tasks.Task`1[Microsoft.AspNetCore.Mvc.IActionResult] GetAll(System.Threading.CancellationToken) on controller LibraryApp.Api.Controllers.AuthorsController (LibraryApp.Api).
2026-06-01 15:26:05.273 +03:00 [INF] Request starting HTTP/1.1 GET http://localhost:5112/api/categories - application/json null
2026-06-01 15:26:05.273 +03:00 [INF] CORS policy execution successful.
2026-06-01 15:26:05.273 +03:00 [INF] Route matched with {action = "GetAll", controller = "Categories"}. Executing controller action with signature System.Threading.Tasks.Task`1[Microsoft.AspNetCore.Mvc.IActionResult] GetAll(System.Threading.CancellationToken) on controller LibraryApp.Api.Controllers.CategoriesController (LibraryApp.Api).
2026-06-01 15:26:05.273 +03:00 [INF] Request starting HTTP/1.1 GET http://localhost:5112/api/books/2 - application/json null
2026-06-01 15:26:05.273 +03:00 [INF] CORS policy execution successful.
2026-06-01 15:26:05.274 +03:00 [INF] Route matched with {action = "GetById", controller = "Books"}. Executing controller action with signature System.Threading.Tasks.Task`1[Microsoft.AspNetCore.Mvc.IActionResult] GetById(Int32, System.Threading.CancellationToken) on controller BooksController (LibraryApp.Api).
2026-06-01 15:26:05.274 +03:00 [INF] Executing OkObjectResult, writing value of type 'System.Collections.Generic.List`1[[<>f__AnonymousType2`2[[System.Int32, System.Private.CoreLib, Version=8.0.0.0, Culture=neutral, PublicKeyToken=7cec85d7bea7798e],[System.String, System.Private.CoreLib, Version=8.0.0.0, Culture=neutral, PublicKeyToken=7cec85d7bea7798e]], LibraryApp.Api, Version=1.0.0.0, Culture=neutral, PublicKeyToken=null]]'.
2026-06-01 15:26:05.274 +03:00 [INF] Executed action LibraryApp.Api.Controllers.CategoriesController.GetAll (LibraryApp.Api) in 1.5844ms
2026-06-01 15:26:05.274 +03:00 [INF] HTTP GET /api/categories responded 200 in 1.8467 ms
2026-06-01 15:26:05.275 +03:00 [INF] Request finished HTTP/1.1 GET http://localhost:5112/api/categories - 200 null application/json; charset=utf-8 2.0913ms
2026-06-01 15:26:05.277 +03:00 [INF] Executing OkObjectResult, writing value of type 'BookDto'.
2026-06-01 15:26:05.277 +03:00 [INF] Executed action BooksController.GetById (LibraryApp.Api) in 2.7399ms
2026-06-01 15:26:05.277 +03:00 [INF] HTTP GET /api/books/2 responded 200 in 3.4485 ms
2026-06-01 15:26:05.277 +03:00 [INF] Request finished HTTP/1.1 GET http://localhost:5112/api/books/2 - 200 null application/json; charset=utf-8 3.7223ms
2026-06-01 15:26:05.277 +03:00 [INF] Executing OkObjectResult, writing value of type 'System.Collections.Generic.List`1[[<>f__AnonymousType0`2[[System.Int32, System.Private.CoreLib, Version=8.0.0.0, Culture=neutral, PublicKeyToken=7cec85d7bea7798e],[System.String, System.Private.CoreLib, Version=8.0.0.0, Culture=neutral, PublicKeyToken=7cec85d7bea7798e]], LibraryApp.Api, Version=1.0.0.0, Culture=neutral, PublicKeyToken=null]]'.
2026-06-01 15:26:05.277 +03:00 [INF] Executed action LibraryApp.Api.Controllers.AuthorsController.GetAll (LibraryApp.Api) in 5.3109ms
2026-06-01 15:26:05.278 +03:00 [INF] HTTP GET /api/authors responded 200 in 5.6701 ms
2026-06-01 15:26:05.278 +03:00 [INF] Request finished HTTP/1.1 GET http://localhost:5112/api/authors - 200 null application/json; charset=utf-8 6.0449ms
2026-06-01 15:31:31.432 +03:00 [INF] Request starting HTTP/1.1 GET http://localhost:5112/api/authors - application/json null
2026-06-01 15:31:31.432 +03:00 [INF] Request starting HTTP/1.1 GET http://localhost:5112/api/categories - application/json null
2026-06-01 15:31:31.432 +03:00 [INF] Route matched with {action = "GetAll", controller = "Authors"}. Executing controller action with signature System.Threading.Tasks.Task`1[Microsoft.AspNetCore.Mvc.IActionResult] GetAll(System.Threading.CancellationToken) on controller LibraryApp.Api.Controllers.AuthorsController (LibraryApp.Api).
2026-06-01 15:31:31.432 +03:00 [INF] Route matched with {action = "GetAll", controller = "Categories"}. Executing controller action with signature System.Threading.Tasks.Task`1[Microsoft.AspNetCore.Mvc.IActionResult] GetAll(System.Threading.CancellationToken) on controller LibraryApp.Api.Controllers.CategoriesController (LibraryApp.Api).
2026-06-01 15:31:31.434 +03:00 [INF] Request starting HTTP/1.1 GET http://localhost:5112/api/books/2 - application/json null
2026-06-01 15:31:31.435 +03:00 [INF] Route matched with {action = "GetById", controller = "Books"}. Executing controller action with signature System.Threading.Tasks.Task`1[Microsoft.AspNetCore.Mvc.IActionResult] GetById(Int32, System.Threading.CancellationToken) on controller BooksController (LibraryApp.Api).
2026-06-01 15:31:31.443 +03:00 [INF] Request starting HTTP/1.1 GET http://localhost:5112/api/categories - application/json null
2026-06-01 15:31:31.443 +03:00 [INF] Route matched with {action = "GetAll", controller = "Categories"}. Executing controller action with signature System.Threading.Tasks.Task`1[Microsoft.AspNetCore.Mvc.IActionResult] GetAll(System.Threading.CancellationToken) on controller LibraryApp.Api.Controllers.CategoriesController (LibraryApp.Api).
2026-06-01 15:31:31.446 +03:00 [INF] Executing OkObjectResult, writing value of type 'System.Collections.Generic.List`1[[<>f__AnonymousType2`2[[System.Int32, System.Private.CoreLib, Version=8.0.0.0, Culture=neutral, PublicKeyToken=7cec85d7bea7798e],[System.String, System.Private.CoreLib, Version=8.0.0.0, Culture=neutral, PublicKeyToken=7cec85d7bea7798e]], LibraryApp.Api, Version=1.0.0.0, Culture=neutral, PublicKeyToken=null]]'.
2026-06-01 15:31:31.446 +03:00 [INF] Executed action LibraryApp.Api.Controllers.CategoriesController.GetAll (LibraryApp.Api) in 13.808ms
2026-06-01 15:31:31.446 +03:00 [INF] HTTP GET /api/categories responded 200 in 14.1838 ms
2026-06-01 15:31:31.446 +03:00 [INF] Request finished HTTP/1.1 GET http://localhost:5112/api/categories - 200 null application/json; charset=utf-8 14.4532ms
2026-06-01 15:31:31.447 +03:00 [INF] Executing OkObjectResult, writing value of type 'System.Collections.Generic.List`1[[<>f__AnonymousType0`2[[System.Int32, System.Private.CoreLib, Version=8.0.0.0, Culture=neutral, PublicKeyToken=7cec85d7bea7798e],[System.String, System.Private.CoreLib, Version=8.0.0.0, Culture=neutral, PublicKeyToken=7cec85d7bea7798e]], LibraryApp.Api, Version=1.0.0.0, Culture=neutral, PublicKeyToken=null]]'.
2026-06-01 15:31:31.447 +03:00 [INF] Executed action LibraryApp.Api.Controllers.AuthorsController.GetAll (LibraryApp.Api) in 14.6806ms
2026-06-01 15:31:31.447 +03:00 [INF] HTTP GET /api/authors responded 200 in 15.2366 ms
2026-06-01 15:31:31.447 +03:00 [INF] Request finished HTTP/1.1 GET http://localhost:5112/api/authors - 200 null application/json; charset=utf-8 15.7113ms
2026-06-01 15:31:31.456 +03:00 [INF] Request starting HTTP/1.1 GET http://localhost:5112/api/books/2 - application/json null
2026-06-01 15:31:31.456 +03:00 [INF] Route matched with {action = "GetById", controller = "Books"}. Executing controller action with signature System.Threading.Tasks.Task`1[Microsoft.AspNetCore.Mvc.IActionResult] GetById(Int32, System.Threading.CancellationToken) on controller BooksController (LibraryApp.Api).
2026-06-01 15:31:31.457 +03:00 [INF] Request starting HTTP/1.1 GET http://localhost:5112/api/authors - application/json null
2026-06-01 15:31:31.457 +03:00 [INF] Route matched with {action = "GetAll", controller = "Authors"}. Executing controller action with signature System.Threading.Tasks.Task`1[Microsoft.AspNetCore.Mvc.IActionResult] GetAll(System.Threading.CancellationToken) on controller LibraryApp.Api.Controllers.AuthorsController (LibraryApp.Api).
2026-06-01 15:31:31.462 +03:00 [INF] Executing OkObjectResult, writing value of type 'System.Collections.Generic.List`1[[<>f__AnonymousType0`2[[System.Int32, System.Private.CoreLib, Version=8.0.0.0, Culture=neutral, PublicKeyToken=7cec85d7bea7798e],[System.String, System.Private.CoreLib, Version=8.0.0.0, Culture=neutral, PublicKeyToken=7cec85d7bea7798e]], LibraryApp.Api, Version=1.0.0.0, Culture=neutral, PublicKeyToken=null]]'.
2026-06-01 15:31:31.462 +03:00 [INF] Executed action LibraryApp.Api.Controllers.AuthorsController.GetAll (LibraryApp.Api) in 5.4986ms
2026-06-01 15:31:31.462 +03:00 [INF] HTTP GET /api/authors responded 200 in 5.7050 ms
2026-06-01 15:31:31.463 +03:00 [INF] Request finished HTTP/1.1 GET http://localhost:5112/api/authors - 200 null application/json; charset=utf-8 6.016ms
2026-06-01 15:31:31.476 +03:00 [INF] Executing OkObjectResult, writing value of type 'System.Collections.Generic.List`1[[<>f__AnonymousType2`2[[System.Int32, System.Private.CoreLib, Version=8.0.0.0, Culture=neutral, PublicKeyToken=7cec85d7bea7798e],[System.String, System.Private.CoreLib, Version=8.0.0.0, Culture=neutral, PublicKeyToken=7cec85d7bea7798e]], LibraryApp.Api, Version=1.0.0.0, Culture=neutral, PublicKeyToken=null]]'.
2026-06-01 15:31:31.476 +03:00 [INF] Executed action LibraryApp.Api.Controllers.CategoriesController.GetAll (LibraryApp.Api) in 32.7711ms
2026-06-01 15:31:31.476 +03:00 [INF] HTTP GET /api/categories responded 200 in 33.1016 ms
2026-06-01 15:31:31.476 +03:00 [INF] Request finished HTTP/1.1 GET http://localhost:5112/api/categories - 200 null application/json; charset=utf-8 33.3694ms
2026-06-01 15:31:31.491 +03:00 [INF] Executing OkObjectResult, writing value of type 'BookDto'.
2026-06-01 15:31:31.491 +03:00 [INF] Executed action BooksController.GetById (LibraryApp.Api) in 34.8273ms
2026-06-01 15:31:31.491 +03:00 [INF] HTTP GET /api/books/2 responded 200 in 35.1358 ms
2026-06-01 15:31:31.491 +03:00 [INF] Request finished HTTP/1.1 GET http://localhost:5112/api/books/2 - 200 null application/json; charset=utf-8 35.4558ms
2026-06-01 15:31:31.516 +03:00 [INF] Executing OkObjectResult, writing value of type 'BookDto'.
2026-06-01 15:31:31.523 +03:00 [INF] Executed action BooksController.GetById (LibraryApp.Api) in 88.1004ms
2026-06-01 15:31:31.523 +03:00 [INF] HTTP GET /api/books/2 responded 200 in 88.3275 ms
2026-06-01 15:31:31.523 +03:00 [INF] Request finished HTTP/1.1 GET http://localhost:5112/api/books/2 - 200 null application/json; charset=utf-8 88.6005ms
2026-06-01 15:31:32.265 +03:00 [INF] Request starting HTTP/1.1 OPTIONS http://localhost:5112/api/authors - null null
2026-06-01 15:31:32.265 +03:00 [INF] CORS policy execution successful.
2026-06-01 15:31:32.265 +03:00 [INF] HTTP OPTIONS /api/authors responded 204 in 0.0935 ms
2026-06-01 15:31:32.265 +03:00 [INF] Request finished HTTP/1.1 OPTIONS http://localhost:5112/api/authors - 204 null null 0.3434ms
2026-06-01 15:31:32.267 +03:00 [INF] Request starting HTTP/1.1 OPTIONS http://localhost:5112/api/categories - null null
2026-06-01 15:31:32.267 +03:00 [INF] CORS policy execution successful.
2026-06-01 15:31:32.267 +03:00 [INF] HTTP OPTIONS /api/categories responded 204 in 0.0741 ms
2026-06-01 15:31:32.267 +03:00 [INF] Request finished HTTP/1.1 OPTIONS http://localhost:5112/api/categories - 204 null null 0.2773ms
2026-06-01 15:31:32.271 +03:00 [INF] Request starting HTTP/1.1 OPTIONS http://localhost:5112/api/books/2 - null null
2026-06-01 15:31:32.271 +03:00 [INF] CORS policy execution successful.
2026-06-01 15:31:32.272 +03:00 [INF] HTTP OPTIONS /api/books/2 responded 204 in 0.1969 ms
2026-06-01 15:31:32.272 +03:00 [INF] Request finished HTTP/1.1 OPTIONS http://localhost:5112/api/books/2 - 204 null null 0.5533ms
2026-06-01 15:31:32.278 +03:00 [INF] Request starting HTTP/1.1 GET http://localhost:5112/api/authors - application/json null
2026-06-01 15:31:32.278 +03:00 [INF] CORS policy execution successful.
2026-06-01 15:31:32.278 +03:00 [INF] Route matched with {action = "GetAll", controller = "Authors"}. Executing controller action with signature System.Threading.Tasks.Task`1[Microsoft.AspNetCore.Mvc.IActionResult] GetAll(System.Threading.CancellationToken) on controller LibraryApp.Api.Controllers.AuthorsController (LibraryApp.Api).
2026-06-01 15:31:32.279 +03:00 [INF] Request starting HTTP/1.1 GET http://localhost:5112/api/categories - application/json null
2026-06-01 15:31:32.279 +03:00 [INF] CORS policy execution successful.
2026-06-01 15:31:32.279 +03:00 [INF] Route matched with {action = "GetAll", controller = "Categories"}. Executing controller action with signature System.Threading.Tasks.Task`1[Microsoft.AspNetCore.Mvc.IActionResult] GetAll(System.Threading.CancellationToken) on controller LibraryApp.Api.Controllers.CategoriesController (LibraryApp.Api).
2026-06-01 15:31:32.280 +03:00 [INF] Request starting HTTP/1.1 GET http://localhost:5112/api/books/2 - application/json null
2026-06-01 15:31:32.280 +03:00 [INF] CORS policy execution successful.
2026-06-01 15:31:32.280 +03:00 [INF] Route matched with {action = "GetById", controller = "Books"}. Executing controller action with signature System.Threading.Tasks.Task`1[Microsoft.AspNetCore.Mvc.IActionResult] GetById(Int32, System.Threading.CancellationToken) on controller BooksController (LibraryApp.Api).
2026-06-01 15:31:32.280 +03:00 [INF] Executing OkObjectResult, writing value of type 'System.Collections.Generic.List`1[[<>f__AnonymousType0`2[[System.Int32, System.Private.CoreLib, Version=8.0.0.0, Culture=neutral, PublicKeyToken=7cec85d7bea7798e],[System.String, System.Private.CoreLib, Version=8.0.0.0, Culture=neutral, PublicKeyToken=7cec85d7bea7798e]], LibraryApp.Api, Version=1.0.0.0, Culture=neutral, PublicKeyToken=null]]'.
2026-06-01 15:31:32.280 +03:00 [INF] Executed action LibraryApp.Api.Controllers.AuthorsController.GetAll (LibraryApp.Api) in 1.9288ms
2026-06-01 15:31:32.280 +03:00 [INF] HTTP GET /api/authors responded 200 in 2.1811 ms
2026-06-01 15:31:32.280 +03:00 [INF] Request finished HTTP/1.1 GET http://localhost:5112/api/authors - 200 null application/json; charset=utf-8 2.4657ms
2026-06-01 15:31:32.281 +03:00 [INF] Executing OkObjectResult, writing value of type 'System.Collections.Generic.List`1[[<>f__AnonymousType2`2[[System.Int32, System.Private.CoreLib, Version=8.0.0.0, Culture=neutral, PublicKeyToken=7cec85d7bea7798e],[System.String, System.Private.CoreLib, Version=8.0.0.0, Culture=neutral, PublicKeyToken=7cec85d7bea7798e]], LibraryApp.Api, Version=1.0.0.0, Culture=neutral, PublicKeyToken=null]]'.
2026-06-01 15:31:32.282 +03:00 [INF] Executed action LibraryApp.Api.Controllers.CategoriesController.GetAll (LibraryApp.Api) in 2.1667ms
2026-06-01 15:31:32.282 +03:00 [INF] HTTP GET /api/categories responded 200 in 2.4389 ms
2026-06-01 15:31:32.282 +03:00 [INF] Request finished HTTP/1.1 GET http://localhost:5112/api/categories - 200 null application/json; charset=utf-8 2.6567ms
2026-06-01 15:31:32.283 +03:00 [INF] Executing OkObjectResult, writing value of type 'BookDto'.
2026-06-01 15:31:32.283 +03:00 [INF] Executed action BooksController.GetById (LibraryApp.Api) in 3.164ms
2026-06-01 15:31:32.284 +03:00 [INF] HTTP GET /api/books/2 responded 200 in 3.5456 ms
2026-06-01 15:31:32.284 +03:00 [INF] Request finished HTTP/1.1 GET http://localhost:5112/api/books/2 - 200 null application/json; charset=utf-8 3.9217ms
2026-06-01 15:31:57.997 +03:00 [INF] Request starting HTTP/1.1 GET http://localhost:5112/api/authors - application/json null
2026-06-01 15:31:57.998 +03:00 [INF] Route matched with {action = "GetAll", controller = "Authors"}. Executing controller action with signature System.Threading.Tasks.Task`1[Microsoft.AspNetCore.Mvc.IActionResult] GetAll(System.Threading.CancellationToken) on controller LibraryApp.Api.Controllers.AuthorsController (LibraryApp.Api).
2026-06-01 15:31:58.001 +03:00 [INF] Request starting HTTP/1.1 GET http://localhost:5112/api/categories - application/json null
2026-06-01 15:31:58.001 +03:00 [INF] Request starting HTTP/1.1 GET http://localhost:5112/api/books/2 - application/json null
2026-06-01 15:31:58.001 +03:00 [INF] Route matched with {action = "GetAll", controller = "Categories"}. Executing controller action with signature System.Threading.Tasks.Task`1[Microsoft.AspNetCore.Mvc.IActionResult] GetAll(System.Threading.CancellationToken) on controller LibraryApp.Api.Controllers.CategoriesController (LibraryApp.Api).
2026-06-01 15:31:58.001 +03:00 [INF] Route matched with {action = "GetById", controller = "Books"}. Executing controller action with signature System.Threading.Tasks.Task`1[Microsoft.AspNetCore.Mvc.IActionResult] GetById(Int32, System.Threading.CancellationToken) on controller BooksController (LibraryApp.Api).
2026-06-01 15:31:58.005 +03:00 [INF] Executing OkObjectResult, writing value of type 'System.Collections.Generic.List`1[[<>f__AnonymousType0`2[[System.Int32, System.Private.CoreLib, Version=8.0.0.0, Culture=neutral, PublicKeyToken=7cec85d7bea7798e],[System.String, System.Private.CoreLib, Version=8.0.0.0, Culture=neutral, PublicKeyToken=7cec85d7bea7798e]], LibraryApp.Api, Version=1.0.0.0, Culture=neutral, PublicKeyToken=null]]'.
2026-06-01 15:31:58.005 +03:00 [INF] Executed action LibraryApp.Api.Controllers.AuthorsController.GetAll (LibraryApp.Api) in 7.2504ms
2026-06-01 15:31:58.005 +03:00 [INF] HTTP GET /api/authors responded 200 in 7.6501 ms
2026-06-01 15:31:58.005 +03:00 [INF] Request finished HTTP/1.1 GET http://localhost:5112/api/authors - 200 null application/json; charset=utf-8 8.028ms
2026-06-01 15:31:58.006 +03:00 [INF] Executing OkObjectResult, writing value of type 'System.Collections.Generic.List`1[[<>f__AnonymousType2`2[[System.Int32, System.Private.CoreLib, Version=8.0.0.0, Culture=neutral, PublicKeyToken=7cec85d7bea7798e],[System.String, System.Private.CoreLib, Version=8.0.0.0, Culture=neutral, PublicKeyToken=7cec85d7bea7798e]], LibraryApp.Api, Version=1.0.0.0, Culture=neutral, PublicKeyToken=null]]'.
2026-06-01 15:31:58.006 +03:00 [INF] Executed action LibraryApp.Api.Controllers.CategoriesController.GetAll (LibraryApp.Api) in 5.138ms
2026-06-01 15:31:58.006 +03:00 [INF] HTTP GET /api/categories responded 200 in 5.3245 ms
2026-06-01 15:31:58.006 +03:00 [INF] Request finished HTTP/1.1 GET http://localhost:5112/api/categories - 200 null application/json; charset=utf-8 5.602ms
2026-06-01 15:31:58.025 +03:00 [INF] Executing OkObjectResult, writing value of type 'BookDto'.
2026-06-01 15:31:58.025 +03:00 [INF] Executed action BooksController.GetById (LibraryApp.Api) in 24.2625ms
2026-06-01 15:31:58.025 +03:00 [INF] HTTP GET /api/books/2 responded 200 in 24.4728 ms
2026-06-01 15:31:58.026 +03:00 [INF] Request finished HTTP/1.1 GET http://localhost:5112/api/books/2 - 200 null application/json; charset=utf-8 24.7696ms
2026-06-01 15:31:58.329 +03:00 [INF] Request starting HTTP/1.1 OPTIONS http://localhost:5112/api/authors - null null
2026-06-01 15:31:58.329 +03:00 [INF] CORS policy execution successful.
2026-06-01 15:31:58.329 +03:00 [INF] HTTP OPTIONS /api/authors responded 204 in 0.0826 ms
2026-06-01 15:31:58.329 +03:00 [INF] Request finished HTTP/1.1 OPTIONS http://localhost:5112/api/authors - 204 null null 0.307ms
2026-06-01 15:31:58.329 +03:00 [INF] Request starting HTTP/1.1 OPTIONS http://localhost:5112/api/categories - null null
2026-06-01 15:31:58.330 +03:00 [INF] CORS policy execution successful.
2026-06-01 15:31:58.332 +03:00 [INF] HTTP OPTIONS /api/categories responded 204 in 1.6747 ms
2026-06-01 15:31:58.332 +03:00 [INF] Request finished HTTP/1.1 OPTIONS http://localhost:5112/api/categories - 204 null null 2.7191ms
2026-06-01 15:31:58.332 +03:00 [INF] Request starting HTTP/1.1 OPTIONS http://localhost:5112/api/books/2 - null null
2026-06-01 15:31:58.333 +03:00 [INF] CORS policy execution successful.
2026-06-01 15:31:58.333 +03:00 [INF] HTTP OPTIONS /api/books/2 responded 204 in 0.3324 ms
2026-06-01 15:31:58.333 +03:00 [INF] Request finished HTTP/1.1 OPTIONS http://localhost:5112/api/books/2 - 204 null null 1.3195ms
2026-06-01 15:31:58.342 +03:00 [INF] Request starting HTTP/1.1 GET http://localhost:5112/api/authors - application/json null
2026-06-01 15:31:58.342 +03:00 [INF] CORS policy execution successful.
2026-06-01 15:31:58.342 +03:00 [INF] Route matched with {action = "GetAll", controller = "Authors"}. Executing controller action with signature System.Threading.Tasks.Task`1[Microsoft.AspNetCore.Mvc.IActionResult] GetAll(System.Threading.CancellationToken) on controller LibraryApp.Api.Controllers.AuthorsController (LibraryApp.Api).
2026-06-01 15:31:58.345 +03:00 [INF] Request starting HTTP/1.1 GET http://localhost:5112/api/categories - application/json null
2026-06-01 15:31:58.345 +03:00 [INF] CORS policy execution successful.
2026-06-01 15:31:58.346 +03:00 [INF] Route matched with {action = "GetAll", controller = "Categories"}. Executing controller action with signature System.Threading.Tasks.Task`1[Microsoft.AspNetCore.Mvc.IActionResult] GetAll(System.Threading.CancellationToken) on controller LibraryApp.Api.Controllers.CategoriesController (LibraryApp.Api).
2026-06-01 15:31:58.346 +03:00 [INF] Request starting HTTP/1.1 GET http://localhost:5112/api/books/2 - application/json null
2026-06-01 15:31:58.347 +03:00 [INF] CORS policy execution successful.
2026-06-01 15:31:58.347 +03:00 [INF] Route matched with {action = "GetById", controller = "Books"}. Executing controller action with signature System.Threading.Tasks.Task`1[Microsoft.AspNetCore.Mvc.IActionResult] GetById(Int32, System.Threading.CancellationToken) on controller BooksController (LibraryApp.Api).
2026-06-01 15:31:58.353 +03:00 [INF] Executing OkObjectResult, writing value of type 'System.Collections.Generic.List`1[[<>f__AnonymousType2`2[[System.Int32, System.Private.CoreLib, Version=8.0.0.0, Culture=neutral, PublicKeyToken=7cec85d7bea7798e],[System.String, System.Private.CoreLib, Version=8.0.0.0, Culture=neutral, PublicKeyToken=7cec85d7bea7798e]], LibraryApp.Api, Version=1.0.0.0, Culture=neutral, PublicKeyToken=null]]'.
2026-06-01 15:31:58.353 +03:00 [INF] Executed action LibraryApp.Api.Controllers.CategoriesController.GetAll (LibraryApp.Api) in 7.0684ms
2026-06-01 15:31:58.353 +03:00 [INF] HTTP GET /api/categories responded 200 in 8.0083 ms
2026-06-01 15:31:58.354 +03:00 [INF] Request finished HTTP/1.1 GET http://localhost:5112/api/categories - 200 null application/json; charset=utf-8 8.2691ms
2026-06-01 15:31:58.354 +03:00 [INF] Executing OkObjectResult, writing value of type 'System.Collections.Generic.List`1[[<>f__AnonymousType0`2[[System.Int32, System.Private.CoreLib, Version=8.0.0.0, Culture=neutral, PublicKeyToken=7cec85d7bea7798e],[System.String, System.Private.CoreLib, Version=8.0.0.0, Culture=neutral, PublicKeyToken=7cec85d7bea7798e]], LibraryApp.Api, Version=1.0.0.0, Culture=neutral, PublicKeyToken=null]]'.
2026-06-01 15:31:58.354 +03:00 [INF] Executed action LibraryApp.Api.Controllers.AuthorsController.GetAll (LibraryApp.Api) in 11.7931ms
2026-06-01 15:31:58.354 +03:00 [INF] HTTP GET /api/authors responded 200 in 12.1901 ms
2026-06-01 15:31:58.354 +03:00 [INF] Request finished HTTP/1.1 GET http://localhost:5112/api/authors - 200 null application/json; charset=utf-8 12.4434ms
2026-06-01 15:31:58.368 +03:00 [INF] Executing OkObjectResult, writing value of type 'BookDto'.
2026-06-01 15:31:58.369 +03:00 [INF] Executed action BooksController.GetById (LibraryApp.Api) in 21.8299ms
2026-06-01 15:31:58.369 +03:00 [INF] HTTP GET /api/books/2 responded 200 in 22.1919 ms
2026-06-01 15:31:58.369 +03:00 [INF] Request finished HTTP/1.1 GET http://localhost:5112/api/books/2 - 200 null application/json; charset=utf-8 22.4395ms
2026-06-01 15:32:31.399 +03:00 [INF] Request starting HTTP/1.1 GET http://localhost:5112/api/authors - application/json null
2026-06-01 15:32:31.401 +03:00 [INF] Route matched with {action = "GetAll", controller = "Authors"}. Executing controller action with signature System.Threading.Tasks.Task`1[Microsoft.AspNetCore.Mvc.IActionResult] GetAll(System.Threading.CancellationToken) on controller LibraryApp.Api.Controllers.AuthorsController (LibraryApp.Api).
2026-06-01 15:32:31.401 +03:00 [INF] Request starting HTTP/1.1 GET http://localhost:5112/api/categories - application/json null
2026-06-01 15:32:31.401 +03:00 [INF] Route matched with {action = "GetAll", controller = "Categories"}. Executing controller action with signature System.Threading.Tasks.Task`1[Microsoft.AspNetCore.Mvc.IActionResult] GetAll(System.Threading.CancellationToken) on controller LibraryApp.Api.Controllers.CategoriesController (LibraryApp.Api).
2026-06-01 15:32:31.403 +03:00 [INF] Request starting HTTP/1.1 GET http://localhost:5112/api/books/2 - application/json null
2026-06-01 15:32:31.403 +03:00 [INF] Route matched with {action = "GetById", controller = "Books"}. Executing controller action with signature System.Threading.Tasks.Task`1[Microsoft.AspNetCore.Mvc.IActionResult] GetById(Int32, System.Threading.CancellationToken) on controller BooksController (LibraryApp.Api).
2026-06-01 15:32:31.407 +03:00 [INF] Executing OkObjectResult, writing value of type 'System.Collections.Generic.List`1[[<>f__AnonymousType2`2[[System.Int32, System.Private.CoreLib, Version=8.0.0.0, Culture=neutral, PublicKeyToken=7cec85d7bea7798e],[System.String, System.Private.CoreLib, Version=8.0.0.0, Culture=neutral, PublicKeyToken=7cec85d7bea7798e]], LibraryApp.Api, Version=1.0.0.0, Culture=neutral, PublicKeyToken=null]]'.
2026-06-01 15:32:31.407 +03:00 [INF] Executed action LibraryApp.Api.Controllers.CategoriesController.GetAll (LibraryApp.Api) in 5.8937ms
2026-06-01 15:32:31.408 +03:00 [INF] HTTP GET /api/categories responded 200 in 6.2387 ms
2026-06-01 15:32:31.408 +03:00 [INF] Request finished HTTP/1.1 GET http://localhost:5112/api/categories - 200 null application/json; charset=utf-8 6.57ms
2026-06-01 15:32:31.408 +03:00 [INF] Executing OkObjectResult, writing value of type 'System.Collections.Generic.List`1[[<>f__AnonymousType0`2[[System.Int32, System.Private.CoreLib, Version=8.0.0.0, Culture=neutral, PublicKeyToken=7cec85d7bea7798e],[System.String, System.Private.CoreLib, Version=8.0.0.0, Culture=neutral, PublicKeyToken=7cec85d7bea7798e]], LibraryApp.Api, Version=1.0.0.0, Culture=neutral, PublicKeyToken=null]]'.
2026-06-01 15:32:31.408 +03:00 [INF] Executed action LibraryApp.Api.Controllers.AuthorsController.GetAll (LibraryApp.Api) in 7.3174ms
2026-06-01 15:32:31.408 +03:00 [INF] HTTP GET /api/authors responded 200 in 7.8913 ms
2026-06-01 15:32:31.408 +03:00 [INF] Request finished HTTP/1.1 GET http://localhost:5112/api/authors - 200 null application/json; charset=utf-8 9.7813ms
2026-06-01 15:32:31.428 +03:00 [INF] Executing OkObjectResult, writing value of type 'BookDto'.
2026-06-01 15:32:31.429 +03:00 [INF] Executed action BooksController.GetById (LibraryApp.Api) in 25.3947ms
2026-06-01 15:32:31.429 +03:00 [INF] HTTP GET /api/books/2 responded 200 in 25.6597 ms
2026-06-01 15:32:31.429 +03:00 [INF] Request finished HTTP/1.1 GET http://localhost:5112/api/books/2 - 200 null application/json; charset=utf-8 26.0489ms
2026-06-01 15:32:31.871 +03:00 [INF] Request starting HTTP/1.1 OPTIONS http://localhost:5112/api/authors - null null
2026-06-01 15:32:31.871 +03:00 [INF] CORS policy execution successful.
2026-06-01 15:32:31.871 +03:00 [INF] HTTP OPTIONS /api/authors responded 204 in 0.0733 ms
2026-06-01 15:32:31.871 +03:00 [INF] Request finished HTTP/1.1 OPTIONS http://localhost:5112/api/authors - 204 null null 0.3717ms
2026-06-01 15:32:31.873 +03:00 [INF] Request starting HTTP/1.1 OPTIONS http://localhost:5112/api/categories - null null
2026-06-01 15:32:31.874 +03:00 [INF] CORS policy execution successful.
2026-06-01 15:32:31.874 +03:00 [INF] HTTP OPTIONS /api/categories responded 204 in 0.1410 ms
2026-06-01 15:32:31.874 +03:00 [INF] Request starting HTTP/1.1 OPTIONS http://localhost:5112/api/books/2 - null null
2026-06-01 15:32:31.874 +03:00 [INF] Request finished HTTP/1.1 OPTIONS http://localhost:5112/api/categories - 204 null null 0.5795ms
2026-06-01 15:32:31.874 +03:00 [INF] CORS policy execution successful.
2026-06-01 15:32:31.874 +03:00 [INF] HTTP OPTIONS /api/books/2 responded 204 in 0.3133 ms
2026-06-01 15:32:31.874 +03:00 [INF] Request finished HTTP/1.1 OPTIONS http://localhost:5112/api/books/2 - 204 null null 0.7802ms
2026-06-01 15:32:31.884 +03:00 [INF] Request starting HTTP/1.1 GET http://localhost:5112/api/authors - application/json null
2026-06-01 15:32:31.884 +03:00 [INF] CORS policy execution successful.
2026-06-01 15:32:31.884 +03:00 [INF] Request starting HTTP/1.1 GET http://localhost:5112/api/categories - application/json null
2026-06-01 15:32:31.884 +03:00 [INF] Route matched with {action = "GetAll", controller = "Authors"}. Executing controller action with signature System.Threading.Tasks.Task`1[Microsoft.AspNetCore.Mvc.IActionResult] GetAll(System.Threading.CancellationToken) on controller LibraryApp.Api.Controllers.AuthorsController (LibraryApp.Api).
2026-06-01 15:32:31.884 +03:00 [INF] CORS policy execution successful.
2026-06-01 15:32:31.884 +03:00 [INF] Route matched with {action = "GetAll", controller = "Categories"}. Executing controller action with signature System.Threading.Tasks.Task`1[Microsoft.AspNetCore.Mvc.IActionResult] GetAll(System.Threading.CancellationToken) on controller LibraryApp.Api.Controllers.CategoriesController (LibraryApp.Api).
2026-06-01 15:32:31.884 +03:00 [INF] Request starting HTTP/1.1 GET http://localhost:5112/api/books/2 - application/json null
2026-06-01 15:32:31.885 +03:00 [INF] CORS policy execution successful.
2026-06-01 15:32:31.885 +03:00 [INF] Route matched with {action = "GetById", controller = "Books"}. Executing controller action with signature System.Threading.Tasks.Task`1[Microsoft.AspNetCore.Mvc.IActionResult] GetById(Int32, System.Threading.CancellationToken) on controller BooksController (LibraryApp.Api).
2026-06-01 15:32:31.887 +03:00 [INF] Executing OkObjectResult, writing value of type 'System.Collections.Generic.List`1[[<>f__AnonymousType2`2[[System.Int32, System.Private.CoreLib, Version=8.0.0.0, Culture=neutral, PublicKeyToken=7cec85d7bea7798e],[System.String, System.Private.CoreLib, Version=8.0.0.0, Culture=neutral, PublicKeyToken=7cec85d7bea7798e]], LibraryApp.Api, Version=1.0.0.0, Culture=neutral, PublicKeyToken=null]]'.
2026-06-01 15:32:31.887 +03:00 [INF] Executing OkObjectResult, writing value of type 'BookDto'.
2026-06-01 15:32:31.887 +03:00 [INF] Executing OkObjectResult, writing value of type 'System.Collections.Generic.List`1[[<>f__AnonymousType0`2[[System.Int32, System.Private.CoreLib, Version=8.0.0.0, Culture=neutral, PublicKeyToken=7cec85d7bea7798e],[System.String, System.Private.CoreLib, Version=8.0.0.0, Culture=neutral, PublicKeyToken=7cec85d7bea7798e]], LibraryApp.Api, Version=1.0.0.0, Culture=neutral, PublicKeyToken=null]]'.
2026-06-01 15:32:31.888 +03:00 [INF] Executed action LibraryApp.Api.Controllers.CategoriesController.GetAll (LibraryApp.Api) in 3.1365ms
2026-06-01 15:32:31.888 +03:00 [INF] Executed action LibraryApp.Api.Controllers.AuthorsController.GetAll (LibraryApp.Api) in 3.3403ms
2026-06-01 15:32:31.888 +03:00 [INF] Executed action BooksController.GetById (LibraryApp.Api) in 2.0418ms
2026-06-01 15:32:31.888 +03:00 [INF] HTTP GET /api/categories responded 200 in 3.4095 ms
2026-06-01 15:32:31.888 +03:00 [INF] HTTP GET /api/authors responded 200 in 3.6758 ms
2026-06-01 15:32:31.888 +03:00 [INF] HTTP GET /api/books/2 responded 200 in 2.8722 ms
2026-06-01 15:32:31.888 +03:00 [INF] Request finished HTTP/1.1 GET http://localhost:5112/api/categories - 200 null application/json; charset=utf-8 3.7162ms
2026-06-01 15:32:31.888 +03:00 [INF] Request finished HTTP/1.1 GET http://localhost:5112/api/authors - 200 null application/json; charset=utf-8 4.0167ms
2026-06-01 15:32:31.888 +03:00 [INF] Request finished HTTP/1.1 GET http://localhost:5112/api/books/2 - 200 null application/json; charset=utf-8 3.4005ms
2026-06-01 15:33:06.964 +03:00 [INF] Request starting HTTP/1.1 GET http://localhost:5112/api/authors - application/json null
2026-06-01 15:33:06.964 +03:00 [INF] Route matched with {action = "GetAll", controller = "Authors"}. Executing controller action with signature System.Threading.Tasks.Task`1[Microsoft.AspNetCore.Mvc.IActionResult] GetAll(System.Threading.CancellationToken) on controller LibraryApp.Api.Controllers.AuthorsController (LibraryApp.Api).
2026-06-01 15:33:06.965 +03:00 [INF] Request starting HTTP/1.1 GET http://localhost:5112/api/categories - application/json null
2026-06-01 15:33:06.965 +03:00 [INF] Route matched with {action = "GetAll", controller = "Categories"}. Executing controller action with signature System.Threading.Tasks.Task`1[Microsoft.AspNetCore.Mvc.IActionResult] GetAll(System.Threading.CancellationToken) on controller LibraryApp.Api.Controllers.CategoriesController (LibraryApp.Api).
2026-06-01 15:33:06.965 +03:00 [INF] Request starting HTTP/1.1 GET http://localhost:5112/api/books/2 - application/json null
2026-06-01 15:33:06.966 +03:00 [INF] Route matched with {action = "GetById", controller = "Books"}. Executing controller action with signature System.Threading.Tasks.Task`1[Microsoft.AspNetCore.Mvc.IActionResult] GetById(Int32, System.Threading.CancellationToken) on controller BooksController (LibraryApp.Api).
2026-06-01 15:33:06.969 +03:00 [INF] Executing OkObjectResult, writing value of type 'System.Collections.Generic.List`1[[<>f__AnonymousType0`2[[System.Int32, System.Private.CoreLib, Version=8.0.0.0, Culture=neutral, PublicKeyToken=7cec85d7bea7798e],[System.String, System.Private.CoreLib, Version=8.0.0.0, Culture=neutral, PublicKeyToken=7cec85d7bea7798e]], LibraryApp.Api, Version=1.0.0.0, Culture=neutral, PublicKeyToken=null]]'.
2026-06-01 15:33:06.970 +03:00 [INF] Executed action LibraryApp.Api.Controllers.AuthorsController.GetAll (LibraryApp.Api) in 5.2174ms
2026-06-01 15:33:06.970 +03:00 [INF] HTTP GET /api/authors responded 200 in 5.5465 ms
2026-06-01 15:33:06.970 +03:00 [INF] Request finished HTTP/1.1 GET http://localhost:5112/api/authors - 200 null application/json; charset=utf-8 5.9087ms
2026-06-01 15:33:06.970 +03:00 [INF] Executing OkObjectResult, writing value of type 'System.Collections.Generic.List`1[[<>f__AnonymousType2`2[[System.Int32, System.Private.CoreLib, Version=8.0.0.0, Culture=neutral, PublicKeyToken=7cec85d7bea7798e],[System.String, System.Private.CoreLib, Version=8.0.0.0, Culture=neutral, PublicKeyToken=7cec85d7bea7798e]], LibraryApp.Api, Version=1.0.0.0, Culture=neutral, PublicKeyToken=null]]'.
2026-06-01 15:33:06.971 +03:00 [INF] Executed action LibraryApp.Api.Controllers.CategoriesController.GetAll (LibraryApp.Api) in 5.9844ms
2026-06-01 15:33:06.971 +03:00 [INF] HTTP GET /api/categories responded 200 in 6.2461 ms
2026-06-01 15:33:06.971 +03:00 [INF] Request finished HTTP/1.1 GET http://localhost:5112/api/categories - 200 null application/json; charset=utf-8 6.5014ms
2026-06-01 15:33:06.998 +03:00 [INF] Executing OkObjectResult, writing value of type 'BookDto'.
2026-06-01 15:33:06.998 +03:00 [INF] Executed action BooksController.GetById (LibraryApp.Api) in 32.2651ms
2026-06-01 15:33:06.998 +03:00 [INF] HTTP GET /api/books/2 responded 200 in 32.4878 ms
2026-06-01 15:33:06.998 +03:00 [INF] Request finished HTTP/1.1 GET http://localhost:5112/api/books/2 - 200 null application/json; charset=utf-8 32.7209ms
2026-06-01 15:33:07.367 +03:00 [INF] Request starting HTTP/1.1 OPTIONS http://localhost:5112/api/authors - null null
2026-06-01 15:33:07.367 +03:00 [INF] CORS policy execution successful.
2026-06-01 15:33:07.367 +03:00 [INF] HTTP OPTIONS /api/authors responded 204 in 0.1558 ms
2026-06-01 15:33:07.367 +03:00 [INF] Request finished HTTP/1.1 OPTIONS http://localhost:5112/api/authors - 204 null null 0.4892ms
2026-06-01 15:33:07.368 +03:00 [INF] Request starting HTTP/1.1 OPTIONS http://localhost:5112/api/categories - null null
2026-06-01 15:33:07.368 +03:00 [INF] CORS policy execution successful.
2026-06-01 15:33:07.368 +03:00 [INF] HTTP OPTIONS /api/categories responded 204 in 0.0887 ms
2026-06-01 15:33:07.368 +03:00 [INF] Request finished HTTP/1.1 OPTIONS http://localhost:5112/api/categories - 204 null null 0.2705ms
2026-06-01 15:33:07.369 +03:00 [INF] Request starting HTTP/1.1 OPTIONS http://localhost:5112/api/books/2 - null null
2026-06-01 15:33:07.369 +03:00 [INF] CORS policy execution successful.
2026-06-01 15:33:07.369 +03:00 [INF] HTTP OPTIONS /api/books/2 responded 204 in 0.0911 ms
2026-06-01 15:33:07.369 +03:00 [INF] Request finished HTTP/1.1 OPTIONS http://localhost:5112/api/books/2 - 204 null null 0.3266ms
2026-06-01 15:33:07.379 +03:00 [INF] Request starting HTTP/1.1 GET http://localhost:5112/api/categories - application/json null
2026-06-01 15:33:07.379 +03:00 [INF] Request starting HTTP/1.1 GET http://localhost:5112/api/authors - application/json null
2026-06-01 15:33:07.379 +03:00 [INF] CORS policy execution successful.
2026-06-01 15:33:07.379 +03:00 [INF] CORS policy execution successful.
2026-06-01 15:33:07.379 +03:00 [INF] Route matched with {action = "GetAll", controller = "Categories"}. Executing controller action with signature System.Threading.Tasks.Task`1[Microsoft.AspNetCore.Mvc.IActionResult] GetAll(System.Threading.CancellationToken) on controller LibraryApp.Api.Controllers.CategoriesController (LibraryApp.Api).
2026-06-01 15:33:07.379 +03:00 [INF] Route matched with {action = "GetAll", controller = "Authors"}. Executing controller action with signature System.Threading.Tasks.Task`1[Microsoft.AspNetCore.Mvc.IActionResult] GetAll(System.Threading.CancellationToken) on controller LibraryApp.Api.Controllers.AuthorsController (LibraryApp.Api).
2026-06-01 15:33:07.379 +03:00 [INF] Request starting HTTP/1.1 GET http://localhost:5112/api/books/2 - application/json null
2026-06-01 15:33:07.379 +03:00 [INF] CORS policy execution successful.
2026-06-01 15:33:07.379 +03:00 [INF] Route matched with {action = "GetById", controller = "Books"}. Executing controller action with signature System.Threading.Tasks.Task`1[Microsoft.AspNetCore.Mvc.IActionResult] GetById(Int32, System.Threading.CancellationToken) on controller BooksController (LibraryApp.Api).
2026-06-01 15:33:07.381 +03:00 [INF] Executing OkObjectResult, writing value of type 'System.Collections.Generic.List`1[[<>f__AnonymousType2`2[[System.Int32, System.Private.CoreLib, Version=8.0.0.0, Culture=neutral, PublicKeyToken=7cec85d7bea7798e],[System.String, System.Private.CoreLib, Version=8.0.0.0, Culture=neutral, PublicKeyToken=7cec85d7bea7798e]], LibraryApp.Api, Version=1.0.0.0, Culture=neutral, PublicKeyToken=null]]'.
2026-06-01 15:33:07.381 +03:00 [INF] Executing OkObjectResult, writing value of type 'System.Collections.Generic.List`1[[<>f__AnonymousType0`2[[System.Int32, System.Private.CoreLib, Version=8.0.0.0, Culture=neutral, PublicKeyToken=7cec85d7bea7798e],[System.String, System.Private.CoreLib, Version=8.0.0.0, Culture=neutral, PublicKeyToken=7cec85d7bea7798e]], LibraryApp.Api, Version=1.0.0.0, Culture=neutral, PublicKeyToken=null]]'.
2026-06-01 15:33:07.381 +03:00 [INF] Executed action LibraryApp.Api.Controllers.CategoriesController.GetAll (LibraryApp.Api) in 1.5954ms
2026-06-01 15:33:07.381 +03:00 [INF] Executed action LibraryApp.Api.Controllers.AuthorsController.GetAll (LibraryApp.Api) in 1.5952ms
2026-06-01 15:33:07.381 +03:00 [INF] HTTP GET /api/authors responded 200 in 1.9518 ms
2026-06-01 15:33:07.381 +03:00 [INF] HTTP GET /api/categories responded 200 in 1.9424 ms
2026-06-01 15:33:07.381 +03:00 [INF] Request finished HTTP/1.1 GET http://localhost:5112/api/categories - 200 null application/json; charset=utf-8 2.2571ms
2026-06-01 15:33:07.381 +03:00 [INF] Request finished HTTP/1.1 GET http://localhost:5112/api/authors - 200 null application/json; charset=utf-8 2.2423ms
2026-06-01 15:33:07.382 +03:00 [INF] Executing OkObjectResult, writing value of type 'BookDto'.
2026-06-01 15:33:07.382 +03:00 [INF] Executed action BooksController.GetById (LibraryApp.Api) in 2.0598ms
2026-06-01 15:33:07.382 +03:00 [INF] HTTP GET /api/books/2 responded 200 in 2.3978 ms
2026-06-01 15:33:07.382 +03:00 [INF] Request finished HTTP/1.1 GET http://localhost:5112/api/books/2 - 200 null application/json; charset=utf-8 2.5844ms
2026-06-01 15:37:50.276 +03:00 [INF] Request starting HTTP/1.1 GET http://localhost:5112/api/authors - application/json null
2026-06-01 15:37:50.277 +03:00 [INF] Route matched with {action = "GetAll", controller = "Authors"}. Executing controller action with signature System.Threading.Tasks.Task`1[Microsoft.AspNetCore.Mvc.IActionResult] GetAll(System.Threading.CancellationToken) on controller LibraryApp.Api.Controllers.AuthorsController (LibraryApp.Api).
2026-06-01 15:37:50.278 +03:00 [INF] Request starting HTTP/1.1 GET http://localhost:5112/api/categories - application/json null
2026-06-01 15:37:50.278 +03:00 [INF] Route matched with {action = "GetAll", controller = "Categories"}. Executing controller action with signature System.Threading.Tasks.Task`1[Microsoft.AspNetCore.Mvc.IActionResult] GetAll(System.Threading.CancellationToken) on controller LibraryApp.Api.Controllers.CategoriesController (LibraryApp.Api).
2026-06-01 15:37:50.280 +03:00 [INF] Request starting HTTP/1.1 GET http://localhost:5112/api/books/2 - application/json null
2026-06-01 15:37:50.280 +03:00 [INF] Route matched with {action = "GetById", controller = "Books"}. Executing controller action with signature System.Threading.Tasks.Task`1[Microsoft.AspNetCore.Mvc.IActionResult] GetById(Int32, System.Threading.CancellationToken) on controller BooksController (LibraryApp.Api).
2026-06-01 15:37:50.297 +03:00 [INF] Executing OkObjectResult, writing value of type 'System.Collections.Generic.List`1[[<>f__AnonymousType0`2[[System.Int32, System.Private.CoreLib, Version=8.0.0.0, Culture=neutral, PublicKeyToken=7cec85d7bea7798e],[System.String, System.Private.CoreLib, Version=8.0.0.0, Culture=neutral, PublicKeyToken=7cec85d7bea7798e]], LibraryApp.Api, Version=1.0.0.0, Culture=neutral, PublicKeyToken=null]]'.
2026-06-01 15:37:50.298 +03:00 [INF] Executed action LibraryApp.Api.Controllers.AuthorsController.GetAll (LibraryApp.Api) in 20.8898ms
2026-06-01 15:37:50.298 +03:00 [INF] HTTP GET /api/authors responded 200 in 21.2526 ms
2026-06-01 15:37:50.298 +03:00 [INF] Request finished HTTP/1.1 GET http://localhost:5112/api/authors - 200 null application/json; charset=utf-8 21.8428ms
2026-06-01 15:37:50.302 +03:00 [INF] Executing OkObjectResult, writing value of type 'System.Collections.Generic.List`1[[<>f__AnonymousType2`2[[System.Int32, System.Private.CoreLib, Version=8.0.0.0, Culture=neutral, PublicKeyToken=7cec85d7bea7798e],[System.String, System.Private.CoreLib, Version=8.0.0.0, Culture=neutral, PublicKeyToken=7cec85d7bea7798e]], LibraryApp.Api, Version=1.0.0.0, Culture=neutral, PublicKeyToken=null]]'.
2026-06-01 15:37:50.302 +03:00 [INF] Executed action LibraryApp.Api.Controllers.CategoriesController.GetAll (LibraryApp.Api) in 24.4045ms
2026-06-01 15:37:50.302 +03:00 [INF] HTTP GET /api/categories responded 200 in 24.6249 ms
2026-06-01 15:37:50.303 +03:00 [INF] Request finished HTTP/1.1 GET http://localhost:5112/api/categories - 200 null application/json; charset=utf-8 24.8746ms
2026-06-01 15:37:50.324 +03:00 [INF] Executing OkObjectResult, writing value of type 'BookDto'.
2026-06-01 15:37:50.324 +03:00 [INF] Executed action BooksController.GetById (LibraryApp.Api) in 43.7368ms
2026-06-01 15:37:50.324 +03:00 [INF] HTTP GET /api/books/2 responded 200 in 44.0687 ms
2026-06-01 15:37:50.325 +03:00 [INF] Request finished HTTP/1.1 GET http://localhost:5112/api/books/2 - 200 null application/json; charset=utf-8 44.5941ms
2026-06-01 15:37:50.810 +03:00 [INF] Request starting HTTP/1.1 OPTIONS http://localhost:5112/api/authors - null null
2026-06-01 15:37:50.810 +03:00 [INF] CORS policy execution successful.
2026-06-01 15:37:50.810 +03:00 [INF] HTTP OPTIONS /api/authors responded 204 in 0.0827 ms
2026-06-01 15:37:50.811 +03:00 [INF] Request finished HTTP/1.1 OPTIONS http://localhost:5112/api/authors - 204 null null 0.3437ms
2026-06-01 15:37:50.816 +03:00 [INF] Request starting HTTP/1.1 OPTIONS http://localhost:5112/api/categories - null null
2026-06-01 15:37:50.816 +03:00 [INF] CORS policy execution successful.
2026-06-01 15:37:50.817 +03:00 [INF] Request starting HTTP/1.1 OPTIONS http://localhost:5112/api/books/2 - null null
2026-06-01 15:37:50.817 +03:00 [INF] HTTP OPTIONS /api/categories responded 204 in 0.2172 ms
2026-06-01 15:37:50.817 +03:00 [INF] CORS policy execution successful.
2026-06-01 15:37:50.817 +03:00 [INF] Request finished HTTP/1.1 OPTIONS http://localhost:5112/api/categories - 204 null null 0.6837ms
2026-06-01 15:37:50.817 +03:00 [INF] HTTP OPTIONS /api/books/2 responded 204 in 0.2748 ms
2026-06-01 15:37:50.817 +03:00 [INF] Request finished HTTP/1.1 OPTIONS http://localhost:5112/api/books/2 - 204 null null 0.8964ms
2026-06-01 15:37:50.824 +03:00 [INF] Request starting HTTP/1.1 GET http://localhost:5112/api/authors - application/json null
2026-06-01 15:37:50.824 +03:00 [INF] CORS policy execution successful.
2026-06-01 15:37:50.824 +03:00 [INF] Route matched with {action = "GetAll", controller = "Authors"}. Executing controller action with signature System.Threading.Tasks.Task`1[Microsoft.AspNetCore.Mvc.IActionResult] GetAll(System.Threading.CancellationToken) on controller LibraryApp.Api.Controllers.AuthorsController (LibraryApp.Api).
2026-06-01 15:37:50.827 +03:00 [INF] Executing OkObjectResult, writing value of type 'System.Collections.Generic.List`1[[<>f__AnonymousType0`2[[System.Int32, System.Private.CoreLib, Version=8.0.0.0, Culture=neutral, PublicKeyToken=7cec85d7bea7798e],[System.String, System.Private.CoreLib, Version=8.0.0.0, Culture=neutral, PublicKeyToken=7cec85d7bea7798e]], LibraryApp.Api, Version=1.0.0.0, Culture=neutral, PublicKeyToken=null]]'.
2026-06-01 15:37:50.827 +03:00 [INF] Executed action LibraryApp.Api.Controllers.AuthorsController.GetAll (LibraryApp.Api) in 2.8804ms
2026-06-01 15:37:50.827 +03:00 [INF] HTTP GET /api/authors responded 200 in 3.2273 ms
2026-06-01 15:37:50.827 +03:00 [INF] Request finished HTTP/1.1 GET http://localhost:5112/api/authors - 200 null application/json; charset=utf-8 3.5227ms
2026-06-01 15:37:50.829 +03:00 [INF] Request starting HTTP/1.1 GET http://localhost:5112/api/categories - application/json null
2026-06-01 15:37:50.829 +03:00 [INF] CORS policy execution successful.
2026-06-01 15:37:50.829 +03:00 [INF] Route matched with {action = "GetAll", controller = "Categories"}. Executing controller action with signature System.Threading.Tasks.Task`1[Microsoft.AspNetCore.Mvc.IActionResult] GetAll(System.Threading.CancellationToken) on controller LibraryApp.Api.Controllers.CategoriesController (LibraryApp.Api).
2026-06-01 15:37:50.830 +03:00 [INF] Request starting HTTP/1.1 GET http://localhost:5112/api/books/2 - application/json null
2026-06-01 15:37:50.830 +03:00 [INF] CORS policy execution successful.
2026-06-01 15:37:50.830 +03:00 [INF] Route matched with {action = "GetById", controller = "Books"}. Executing controller action with signature System.Threading.Tasks.Task`1[Microsoft.AspNetCore.Mvc.IActionResult] GetById(Int32, System.Threading.CancellationToken) on controller BooksController (LibraryApp.Api).
2026-06-01 15:37:50.831 +03:00 [INF] Executing OkObjectResult, writing value of type 'System.Collections.Generic.List`1[[<>f__AnonymousType2`2[[System.Int32, System.Private.CoreLib, Version=8.0.0.0, Culture=neutral, PublicKeyToken=7cec85d7bea7798e],[System.String, System.Private.CoreLib, Version=8.0.0.0, Culture=neutral, PublicKeyToken=7cec85d7bea7798e]], LibraryApp.Api, Version=1.0.0.0, Culture=neutral, PublicKeyToken=null]]'.
2026-06-01 15:37:50.832 +03:00 [INF] Executed action LibraryApp.Api.Controllers.CategoriesController.GetAll (LibraryApp.Api) in 2.1898ms
2026-06-01 15:37:50.832 +03:00 [INF] HTTP GET /api/categories responded 200 in 2.4670 ms
2026-06-01 15:37:50.832 +03:00 [INF] Request finished HTTP/1.1 GET http://localhost:5112/api/categories - 200 null application/json; charset=utf-8 2.6987ms
2026-06-01 15:37:50.832 +03:00 [INF] Executing OkObjectResult, writing value of type 'BookDto'.
2026-06-01 15:37:50.833 +03:00 [INF] Executed action BooksController.GetById (LibraryApp.Api) in 2.3915ms
2026-06-01 15:37:50.833 +03:00 [INF] HTTP GET /api/books/2 responded 200 in 2.8302 ms
2026-06-01 15:37:50.833 +03:00 [INF] Request finished HTTP/1.1 GET http://localhost:5112/api/books/2 - 200 null application/json; charset=utf-8 3.0789ms
2026-06-01 15:37:55.230 +03:00 [INF] Request starting HTTP/1.1 GET http://localhost:5112/api/books/2 - application/json null
2026-06-01 15:37:55.231 +03:00 [INF] CORS policy execution successful.
2026-06-01 15:37:55.231 +03:00 [INF] Route matched with {action = "GetById", controller = "Books"}. Executing controller action with signature System.Threading.Tasks.Task`1[Microsoft.AspNetCore.Mvc.IActionResult] GetById(Int32, System.Threading.CancellationToken) on controller BooksController (LibraryApp.Api).
2026-06-01 15:37:55.233 +03:00 [INF] Executing OkObjectResult, writing value of type 'BookDto'.
2026-06-01 15:37:55.233 +03:00 [INF] Executed action BooksController.GetById (LibraryApp.Api) in 2.492ms
2026-06-01 15:37:55.234 +03:00 [INF] HTTP GET /api/books/2 responded 200 in 2.8324 ms
2026-06-01 15:37:55.234 +03:00 [INF] Request finished HTTP/1.1 GET http://localhost:5112/api/books/2 - 200 null application/json; charset=utf-8 3.3824ms
2026-06-01 15:37:57.267 +03:00 [INF] Request starting HTTP/1.1 OPTIONS http://localhost:5112/api/authors - null null
2026-06-01 15:37:57.267 +03:00 [INF] CORS policy execution successful.
2026-06-01 15:37:57.268 +03:00 [INF] HTTP OPTIONS /api/authors responded 204 in 0.1438 ms
2026-06-01 15:37:57.268 +03:00 [INF] Request finished HTTP/1.1 OPTIONS http://localhost:5112/api/authors - 204 null null 0.4655ms
2026-06-01 15:37:57.268 +03:00 [INF] Request starting HTTP/1.1 OPTIONS http://localhost:5112/api/categories - null null
2026-06-01 15:37:57.268 +03:00 [INF] CORS policy execution successful.
2026-06-01 15:37:57.268 +03:00 [INF] HTTP OPTIONS /api/categories responded 204 in 0.1152 ms
2026-06-01 15:37:57.268 +03:00 [INF] Request finished HTTP/1.1 OPTIONS http://localhost:5112/api/categories - 204 null null 0.351ms
2026-06-01 15:37:57.269 +03:00 [INF] Request starting HTTP/1.1 OPTIONS http://localhost:5112/api/books/2 - null null
2026-06-01 15:37:57.269 +03:00 [INF] CORS policy execution successful.
2026-06-01 15:37:57.269 +03:00 [INF] HTTP OPTIONS /api/books/2 responded 204 in 0.1119 ms
2026-06-01 15:37:57.269 +03:00 [INF] Request finished HTTP/1.1 OPTIONS http://localhost:5112/api/books/2 - 204 null null 0.5351ms
2026-06-01 15:37:57.275 +03:00 [INF] Request starting HTTP/1.1 GET http://localhost:5112/api/authors - application/json null
2026-06-01 15:37:57.276 +03:00 [INF] Request starting HTTP/1.1 GET http://localhost:5112/api/categories - application/json null
2026-06-01 15:37:57.276 +03:00 [INF] CORS policy execution successful.
2026-06-01 15:37:57.276 +03:00 [INF] Route matched with {action = "GetAll", controller = "Categories"}. Executing controller action with signature System.Threading.Tasks.Task`1[Microsoft.AspNetCore.Mvc.IActionResult] GetAll(System.Threading.CancellationToken) on controller LibraryApp.Api.Controllers.CategoriesController (LibraryApp.Api).
2026-06-01 15:37:57.276 +03:00 [INF] CORS policy execution successful.
2026-06-01 15:37:57.276 +03:00 [INF] Route matched with {action = "GetAll", controller = "Authors"}. Executing controller action with signature System.Threading.Tasks.Task`1[Microsoft.AspNetCore.Mvc.IActionResult] GetAll(System.Threading.CancellationToken) on controller LibraryApp.Api.Controllers.AuthorsController (LibraryApp.Api).
2026-06-01 15:37:57.276 +03:00 [INF] Request starting HTTP/1.1 GET http://localhost:5112/api/books/2 - application/json null
2026-06-01 15:37:57.276 +03:00 [INF] CORS policy execution successful.
2026-06-01 15:37:57.277 +03:00 [INF] Route matched with {action = "GetById", controller = "Books"}. Executing controller action with signature System.Threading.Tasks.Task`1[Microsoft.AspNetCore.Mvc.IActionResult] GetById(Int32, System.Threading.CancellationToken) on controller BooksController (LibraryApp.Api).
2026-06-01 15:37:57.278 +03:00 [INF] Executing OkObjectResult, writing value of type 'System.Collections.Generic.List`1[[<>f__AnonymousType2`2[[System.Int32, System.Private.CoreLib, Version=8.0.0.0, Culture=neutral, PublicKeyToken=7cec85d7bea7798e],[System.String, System.Private.CoreLib, Version=8.0.0.0, Culture=neutral, PublicKeyToken=7cec85d7bea7798e]], LibraryApp.Api, Version=1.0.0.0, Culture=neutral, PublicKeyToken=null]]'.
2026-06-01 15:37:57.279 +03:00 [INF] Executed action LibraryApp.Api.Controllers.CategoriesController.GetAll (LibraryApp.Api) in 2.7198ms
2026-06-01 15:37:57.279 +03:00 [INF] HTTP GET /api/categories responded 200 in 2.9936 ms
2026-06-01 15:37:57.279 +03:00 [INF] Executing OkObjectResult, writing value of type 'System.Collections.Generic.List`1[[<>f__AnonymousType0`2[[System.Int32, System.Private.CoreLib, Version=8.0.0.0, Culture=neutral, PublicKeyToken=7cec85d7bea7798e],[System.String, System.Private.CoreLib, Version=8.0.0.0, Culture=neutral, PublicKeyToken=7cec85d7bea7798e]], LibraryApp.Api, Version=1.0.0.0, Culture=neutral, PublicKeyToken=null]]'.
2026-06-01 15:37:57.279 +03:00 [INF] Request finished HTTP/1.1 GET http://localhost:5112/api/categories - 200 null application/json; charset=utf-8 3.3846ms
2026-06-01 15:37:57.279 +03:00 [INF] Executed action LibraryApp.Api.Controllers.AuthorsController.GetAll (LibraryApp.Api) in 3.0192ms
2026-06-01 15:37:57.279 +03:00 [INF] HTTP GET /api/authors responded 200 in 3.8342 ms
2026-06-01 15:37:57.279 +03:00 [INF] Request finished HTTP/1.1 GET http://localhost:5112/api/authors - 200 null application/json; charset=utf-8 4.154ms
2026-06-01 15:37:57.280 +03:00 [INF] Executing OkObjectResult, writing value of type 'BookDto'.
2026-06-01 15:37:57.280 +03:00 [INF] Executed action BooksController.GetById (LibraryApp.Api) in 3.2897ms
2026-06-01 15:37:57.280 +03:00 [INF] HTTP GET /api/books/2 responded 200 in 3.6446 ms
2026-06-01 15:37:57.280 +03:00 [INF] Request finished HTTP/1.1 GET http://localhost:5112/api/books/2 - 200 null application/json; charset=utf-8 3.9119ms
2026-06-01 15:37:58.393 +03:00 [INF] Request starting HTTP/1.1 GET http://localhost:5112/api/authors - application/json null
2026-06-01 15:37:58.393 +03:00 [INF] Route matched with {action = "GetAll", controller = "Authors"}. Executing controller action with signature System.Threading.Tasks.Task`1[Microsoft.AspNetCore.Mvc.IActionResult] GetAll(System.Threading.CancellationToken) on controller LibraryApp.Api.Controllers.AuthorsController (LibraryApp.Api).
2026-06-01 15:37:58.393 +03:00 [INF] Request starting HTTP/1.1 GET http://localhost:5112/api/categories - application/json null
2026-06-01 15:37:58.393 +03:00 [INF] Route matched with {action = "GetAll", controller = "Categories"}. Executing controller action with signature System.Threading.Tasks.Task`1[Microsoft.AspNetCore.Mvc.IActionResult] GetAll(System.Threading.CancellationToken) on controller LibraryApp.Api.Controllers.CategoriesController (LibraryApp.Api).
2026-06-01 15:37:58.394 +03:00 [INF] Request starting HTTP/1.1 GET http://localhost:5112/api/books/2 - application/json null
2026-06-01 15:37:58.394 +03:00 [INF] Route matched with {action = "GetById", controller = "Books"}. Executing controller action with signature System.Threading.Tasks.Task`1[Microsoft.AspNetCore.Mvc.IActionResult] GetById(Int32, System.Threading.CancellationToken) on controller BooksController (LibraryApp.Api).
2026-06-01 15:37:58.395 +03:00 [INF] Executing OkObjectResult, writing value of type 'System.Collections.Generic.List`1[[<>f__AnonymousType0`2[[System.Int32, System.Private.CoreLib, Version=8.0.0.0, Culture=neutral, PublicKeyToken=7cec85d7bea7798e],[System.String, System.Private.CoreLib, Version=8.0.0.0, Culture=neutral, PublicKeyToken=7cec85d7bea7798e]], LibraryApp.Api, Version=1.0.0.0, Culture=neutral, PublicKeyToken=null]]'.
2026-06-01 15:37:58.395 +03:00 [INF] Executed action LibraryApp.Api.Controllers.AuthorsController.GetAll (LibraryApp.Api) in 2.359ms
2026-06-01 15:37:58.395 +03:00 [INF] HTTP GET /api/authors responded 200 in 2.5646 ms
2026-06-01 15:37:58.395 +03:00 [INF] Executing OkObjectResult, writing value of type 'System.Collections.Generic.List`1[[<>f__AnonymousType2`2[[System.Int32, System.Private.CoreLib, Version=8.0.0.0, Culture=neutral, PublicKeyToken=7cec85d7bea7798e],[System.String, System.Private.CoreLib, Version=8.0.0.0, Culture=neutral, PublicKeyToken=7cec85d7bea7798e]], LibraryApp.Api, Version=1.0.0.0, Culture=neutral, PublicKeyToken=null]]'.
2026-06-01 15:37:58.395 +03:00 [INF] Request finished HTTP/1.1 GET http://localhost:5112/api/authors - 200 null application/json; charset=utf-8 2.8519ms
2026-06-01 15:37:58.395 +03:00 [INF] Executed action LibraryApp.Api.Controllers.CategoriesController.GetAll (LibraryApp.Api) in 2.3319ms
2026-06-01 15:37:58.396 +03:00 [INF] HTTP GET /api/categories responded 200 in 2.5116 ms
2026-06-01 15:37:58.396 +03:00 [INF] Request finished HTTP/1.1 GET http://localhost:5112/api/categories - 200 null application/json; charset=utf-8 2.7056ms
2026-06-01 15:37:58.396 +03:00 [INF] Executing OkObjectResult, writing value of type 'BookDto'.
2026-06-01 15:37:58.396 +03:00 [INF] Executed action BooksController.GetById (LibraryApp.Api) in 2.4767ms
2026-06-01 15:37:58.397 +03:00 [INF] HTTP GET /api/books/2 responded 200 in 2.7463 ms
2026-06-01 15:37:58.397 +03:00 [INF] Request finished HTTP/1.1 GET http://localhost:5112/api/books/2 - 200 null application/json; charset=utf-8 2.9396ms
2026-06-01 15:37:58.671 +03:00 [INF] Request starting HTTP/1.1 GET http://localhost:5112/api/authors - application/json null
2026-06-01 15:37:58.672 +03:00 [INF] CORS policy execution successful.
2026-06-01 15:37:58.672 +03:00 [INF] Route matched with {action = "GetAll", controller = "Authors"}. Executing controller action with signature System.Threading.Tasks.Task`1[Microsoft.AspNetCore.Mvc.IActionResult] GetAll(System.Threading.CancellationToken) on controller LibraryApp.Api.Controllers.AuthorsController (LibraryApp.Api).
2026-06-01 15:37:58.673 +03:00 [INF] Request starting HTTP/1.1 GET http://localhost:5112/api/categories - application/json null
2026-06-01 15:37:58.673 +03:00 [INF] CORS policy execution successful.
2026-06-01 15:37:58.673 +03:00 [INF] Route matched with {action = "GetAll", controller = "Categories"}. Executing controller action with signature System.Threading.Tasks.Task`1[Microsoft.AspNetCore.Mvc.IActionResult] GetAll(System.Threading.CancellationToken) on controller LibraryApp.Api.Controllers.CategoriesController (LibraryApp.Api).
2026-06-01 15:37:58.674 +03:00 [INF] Request starting HTTP/1.1 GET http://localhost:5112/api/books/2 - application/json null
2026-06-01 15:37:58.674 +03:00 [INF] CORS policy execution successful.
2026-06-01 15:37:58.674 +03:00 [INF] Route matched with {action = "GetById", controller = "Books"}. Executing controller action with signature System.Threading.Tasks.Task`1[Microsoft.AspNetCore.Mvc.IActionResult] GetById(Int32, System.Threading.CancellationToken) on controller BooksController (LibraryApp.Api).
2026-06-01 15:37:58.675 +03:00 [INF] Executing OkObjectResult, writing value of type 'System.Collections.Generic.List`1[[<>f__AnonymousType0`2[[System.Int32, System.Private.CoreLib, Version=8.0.0.0, Culture=neutral, PublicKeyToken=7cec85d7bea7798e],[System.String, System.Private.CoreLib, Version=8.0.0.0, Culture=neutral, PublicKeyToken=7cec85d7bea7798e]], LibraryApp.Api, Version=1.0.0.0, Culture=neutral, PublicKeyToken=null]]'.
2026-06-01 15:37:58.675 +03:00 [INF] Executed action LibraryApp.Api.Controllers.AuthorsController.GetAll (LibraryApp.Api) in 3.1641ms
2026-06-01 15:37:58.676 +03:00 [INF] HTTP GET /api/authors responded 200 in 3.9390 ms
2026-06-01 15:37:58.676 +03:00 [INF] Request finished HTTP/1.1 GET http://localhost:5112/api/authors - 200 null application/json; charset=utf-8 4.8972ms
2026-06-01 15:37:58.676 +03:00 [INF] Executing OkObjectResult, writing value of type 'System.Collections.Generic.List`1[[<>f__AnonymousType2`2[[System.Int32, System.Private.CoreLib, Version=8.0.0.0, Culture=neutral, PublicKeyToken=7cec85d7bea7798e],[System.String, System.Private.CoreLib, Version=8.0.0.0, Culture=neutral, PublicKeyToken=7cec85d7bea7798e]], LibraryApp.Api, Version=1.0.0.0, Culture=neutral, PublicKeyToken=null]]'.
2026-06-01 15:37:58.676 +03:00 [INF] Executed action LibraryApp.Api.Controllers.CategoriesController.GetAll (LibraryApp.Api) in 2.7962ms
2026-06-01 15:37:58.676 +03:00 [INF] HTTP GET /api/categories responded 200 in 3.1013 ms
2026-06-01 15:37:58.676 +03:00 [INF] Request finished HTTP/1.1 GET http://localhost:5112/api/categories - 200 null application/json; charset=utf-8 3.5056ms
2026-06-01 15:37:58.677 +03:00 [INF] Executing OkObjectResult, writing value of type 'BookDto'.
2026-06-01 15:37:58.678 +03:00 [INF] Executed action BooksController.GetById (LibraryApp.Api) in 3.1564ms
2026-06-01 15:37:58.678 +03:00 [INF] HTTP GET /api/books/2 responded 200 in 3.4885 ms
2026-06-01 15:37:58.678 +03:00 [INF] Request finished HTTP/1.1 GET http://localhost:5112/api/books/2 - 200 null application/json; charset=utf-8 3.7614ms
2026-06-01 15:37:59.421 +03:00 [INF] Request starting HTTP/1.1 GET http://localhost:5112/api/authors - application/json null
2026-06-01 15:37:59.421 +03:00 [INF] Route matched with {action = "GetAll", controller = "Authors"}. Executing controller action with signature System.Threading.Tasks.Task`1[Microsoft.AspNetCore.Mvc.IActionResult] GetAll(System.Threading.CancellationToken) on controller LibraryApp.Api.Controllers.AuthorsController (LibraryApp.Api).
2026-06-01 15:37:59.422 +03:00 [INF] Request starting HTTP/1.1 GET http://localhost:5112/api/categories - application/json null
2026-06-01 15:37:59.422 +03:00 [INF] Route matched with {action = "GetAll", controller = "Categories"}. Executing controller action with signature System.Threading.Tasks.Task`1[Microsoft.AspNetCore.Mvc.IActionResult] GetAll(System.Threading.CancellationToken) on controller LibraryApp.Api.Controllers.CategoriesController (LibraryApp.Api).
2026-06-01 15:37:59.423 +03:00 [INF] Request starting HTTP/1.1 GET http://localhost:5112/api/books/2 - application/json null
2026-06-01 15:37:59.423 +03:00 [INF] Route matched with {action = "GetById", controller = "Books"}. Executing controller action with signature System.Threading.Tasks.Task`1[Microsoft.AspNetCore.Mvc.IActionResult] GetById(Int32, System.Threading.CancellationToken) on controller BooksController (LibraryApp.Api).
2026-06-01 15:37:59.424 +03:00 [INF] Executing OkObjectResult, writing value of type 'System.Collections.Generic.List`1[[<>f__AnonymousType0`2[[System.Int32, System.Private.CoreLib, Version=8.0.0.0, Culture=neutral, PublicKeyToken=7cec85d7bea7798e],[System.String, System.Private.CoreLib, Version=8.0.0.0, Culture=neutral, PublicKeyToken=7cec85d7bea7798e]], LibraryApp.Api, Version=1.0.0.0, Culture=neutral, PublicKeyToken=null]]'.
2026-06-01 15:37:59.424 +03:00 [INF] Executing OkObjectResult, writing value of type 'System.Collections.Generic.List`1[[<>f__AnonymousType2`2[[System.Int32, System.Private.CoreLib, Version=8.0.0.0, Culture=neutral, PublicKeyToken=7cec85d7bea7798e],[System.String, System.Private.CoreLib, Version=8.0.0.0, Culture=neutral, PublicKeyToken=7cec85d7bea7798e]], LibraryApp.Api, Version=1.0.0.0, Culture=neutral, PublicKeyToken=null]]'.
2026-06-01 15:37:59.424 +03:00 [INF] Executed action LibraryApp.Api.Controllers.AuthorsController.GetAll (LibraryApp.Api) in 2.8817ms
2026-06-01 15:37:59.425 +03:00 [INF] Executed action LibraryApp.Api.Controllers.CategoriesController.GetAll (LibraryApp.Api) in 2.3532ms
2026-06-01 15:37:59.425 +03:00 [INF] HTTP GET /api/authors responded 200 in 3.4842 ms
2026-06-01 15:37:59.425 +03:00 [INF] HTTP GET /api/categories responded 200 in 2.5956 ms
2026-06-01 15:37:59.425 +03:00 [INF] Request finished HTTP/1.1 GET http://localhost:5112/api/categories - 200 null application/json; charset=utf-8 2.8668ms
2026-06-01 15:37:59.425 +03:00 [INF] Request finished HTTP/1.1 GET http://localhost:5112/api/authors - 200 null application/json; charset=utf-8 3.8491ms
2026-06-01 15:37:59.427 +03:00 [INF] Executing OkObjectResult, writing value of type 'BookDto'.
2026-06-01 15:37:59.427 +03:00 [INF] Executed action BooksController.GetById (LibraryApp.Api) in 3.7602ms
2026-06-01 15:37:59.427 +03:00 [INF] HTTP GET /api/books/2 responded 200 in 4.1258 ms
2026-06-01 15:37:59.427 +03:00 [INF] Request finished HTTP/1.1 GET http://localhost:5112/api/books/2 - 200 null application/json; charset=utf-8 4.4334ms
2026-06-01 15:37:59.588 +03:00 [INF] Request starting HTTP/1.1 GET http://localhost:5112/api/authors - application/json null
2026-06-01 15:37:59.588 +03:00 [INF] CORS policy execution successful.
2026-06-01 15:37:59.588 +03:00 [INF] Route matched with {action = "GetAll", controller = "Authors"}. Executing controller action with signature System.Threading.Tasks.Task`1[Microsoft.AspNetCore.Mvc.IActionResult] GetAll(System.Threading.CancellationToken) on controller LibraryApp.Api.Controllers.AuthorsController (LibraryApp.Api).
2026-06-01 15:37:59.590 +03:00 [INF] Request starting HTTP/1.1 GET http://localhost:5112/api/categories - application/json null
2026-06-01 15:37:59.590 +03:00 [INF] CORS policy execution successful.
2026-06-01 15:37:59.590 +03:00 [INF] Route matched with {action = "GetAll", controller = "Categories"}. Executing controller action with signature System.Threading.Tasks.Task`1[Microsoft.AspNetCore.Mvc.IActionResult] GetAll(System.Threading.CancellationToken) on controller LibraryApp.Api.Controllers.CategoriesController (LibraryApp.Api).
2026-06-01 15:37:59.591 +03:00 [INF] Request starting HTTP/1.1 GET http://localhost:5112/api/books/2 - application/json null
2026-06-01 15:37:59.592 +03:00 [INF] CORS policy execution successful.
2026-06-01 15:37:59.593 +03:00 [INF] Route matched with {action = "GetById", controller = "Books"}. Executing controller action with signature System.Threading.Tasks.Task`1[Microsoft.AspNetCore.Mvc.IActionResult] GetById(Int32, System.Threading.CancellationToken) on controller BooksController (LibraryApp.Api).
2026-06-01 15:37:59.593 +03:00 [INF] Executing OkObjectResult, writing value of type 'System.Collections.Generic.List`1[[<>f__AnonymousType0`2[[System.Int32, System.Private.CoreLib, Version=8.0.0.0, Culture=neutral, PublicKeyToken=7cec85d7bea7798e],[System.String, System.Private.CoreLib, Version=8.0.0.0, Culture=neutral, PublicKeyToken=7cec85d7bea7798e]], LibraryApp.Api, Version=1.0.0.0, Culture=neutral, PublicKeyToken=null]]'.
2026-06-01 15:37:59.594 +03:00 [INF] Executed action LibraryApp.Api.Controllers.AuthorsController.GetAll (LibraryApp.Api) in 5.0219ms
2026-06-01 15:37:59.594 +03:00 [INF] HTTP GET /api/authors responded 200 in 5.3912 ms
2026-06-01 15:37:59.594 +03:00 [INF] Request finished HTTP/1.1 GET http://localhost:5112/api/authors - 200 null application/json; charset=utf-8 5.7606ms
2026-06-01 15:37:59.594 +03:00 [INF] Executing OkObjectResult, writing value of type 'System.Collections.Generic.List`1[[<>f__AnonymousType2`2[[System.Int32, System.Private.CoreLib, Version=8.0.0.0, Culture=neutral, PublicKeyToken=7cec85d7bea7798e],[System.String, System.Private.CoreLib, Version=8.0.0.0, Culture=neutral, PublicKeyToken=7cec85d7bea7798e]], LibraryApp.Api, Version=1.0.0.0, Culture=neutral, PublicKeyToken=null]]'.
2026-06-01 15:37:59.594 +03:00 [INF] Executed action LibraryApp.Api.Controllers.CategoriesController.GetAll (LibraryApp.Api) in 3.8167ms
2026-06-01 15:37:59.594 +03:00 [INF] HTTP GET /api/categories responded 200 in 4.0892 ms
2026-06-01 15:37:59.594 +03:00 [INF] Request finished HTTP/1.1 GET http://localhost:5112/api/categories - 200 null application/json; charset=utf-8 4.4327ms
2026-06-01 15:37:59.595 +03:00 [INF] Executing OkObjectResult, writing value of type 'BookDto'.
2026-06-01 15:37:59.596 +03:00 [INF] Executed action BooksController.GetById (LibraryApp.Api) in 2.9937ms
2026-06-01 15:37:59.596 +03:00 [INF] HTTP GET /api/books/2 responded 200 in 3.4419 ms
2026-06-01 15:37:59.596 +03:00 [INF] Request finished HTTP/1.1 GET http://localhost:5112/api/books/2 - 200 null application/json; charset=utf-8 4.8031ms
2026-06-01 15:38:10.750 +03:00 [INF] Request starting HTTP/1.1 OPTIONS http://localhost:5112/api/books/2 - null null
2026-06-01 15:38:10.750 +03:00 [INF] CORS policy execution successful.
2026-06-01 15:38:10.750 +03:00 [INF] HTTP OPTIONS /api/books/2 responded 204 in 0.1368 ms
2026-06-01 15:38:10.750 +03:00 [INF] Request finished HTTP/1.1 OPTIONS http://localhost:5112/api/books/2 - 204 null null 0.6357ms
2026-06-01 15:38:10.757 +03:00 [INF] Request starting HTTP/1.1 GET http://localhost:5112/api/books/2 - application/json null
2026-06-01 15:38:10.758 +03:00 [INF] CORS policy execution successful.
2026-06-01 15:38:10.759 +03:00 [INF] Route matched with {action = "GetById", controller = "Books"}. Executing controller action with signature System.Threading.Tasks.Task`1[Microsoft.AspNetCore.Mvc.IActionResult] GetById(Int32, System.Threading.CancellationToken) on controller BooksController (LibraryApp.Api).
2026-06-01 15:38:10.763 +03:00 [INF] Executing OkObjectResult, writing value of type 'BookDto'.
2026-06-01 15:38:10.763 +03:00 [INF] Executed action BooksController.GetById (LibraryApp.Api) in 4.0331ms
2026-06-01 15:38:10.763 +03:00 [INF] HTTP GET /api/books/2 responded 200 in 4.8796 ms
2026-06-01 15:38:10.763 +03:00 [INF] Request finished HTTP/1.1 GET http://localhost:5112/api/books/2 - 200 null application/json; charset=utf-8 6.3287ms
2026-06-01 15:38:12.267 +03:00 [INF] Request starting HTTP/1.1 OPTIONS http://localhost:5112/api/authors - null null
2026-06-01 15:38:12.267 +03:00 [INF] CORS policy execution successful.
2026-06-01 15:38:12.267 +03:00 [INF] HTTP OPTIONS /api/authors responded 204 in 0.1899 ms
2026-06-01 15:38:12.267 +03:00 [INF] Request starting HTTP/1.1 OPTIONS http://localhost:5112/api/categories - null null
2026-06-01 15:38:12.267 +03:00 [INF] CORS policy execution successful.
2026-06-01 15:38:12.268 +03:00 [INF] HTTP OPTIONS /api/categories responded 204 in 0.1471 ms
2026-06-01 15:38:12.268 +03:00 [INF] Request finished HTTP/1.1 OPTIONS http://localhost:5112/api/authors - 204 null null 1.1367ms
2026-06-01 15:38:12.268 +03:00 [INF] Request finished HTTP/1.1 OPTIONS http://localhost:5112/api/categories - 204 null null 0.6251ms
2026-06-01 15:38:12.268 +03:00 [INF] Request starting HTTP/1.1 GET http://localhost:5112/api/books/2 - application/json null
2026-06-01 15:38:12.268 +03:00 [INF] CORS policy execution successful.
2026-06-01 15:38:12.269 +03:00 [INF] Route matched with {action = "GetById", controller = "Books"}. Executing controller action with signature System.Threading.Tasks.Task`1[Microsoft.AspNetCore.Mvc.IActionResult] GetById(Int32, System.Threading.CancellationToken) on controller BooksController (LibraryApp.Api).
2026-06-01 15:38:12.271 +03:00 [INF] Executing OkObjectResult, writing value of type 'BookDto'.
2026-06-01 15:38:12.271 +03:00 [INF] Executed action BooksController.GetById (LibraryApp.Api) in 2.5763ms
2026-06-01 15:38:12.271 +03:00 [INF] HTTP GET /api/books/2 responded 200 in 2.9557 ms
2026-06-01 15:38:12.272 +03:00 [INF] Request finished HTTP/1.1 GET http://localhost:5112/api/books/2 - 200 null application/json; charset=utf-8 3.2858ms
2026-06-01 15:38:12.276 +03:00 [INF] Request starting HTTP/1.1 GET http://localhost:5112/api/authors - application/json null
2026-06-01 15:38:12.276 +03:00 [INF] CORS policy execution successful.
2026-06-01 15:38:12.276 +03:00 [INF] Route matched with {action = "GetAll", controller = "Authors"}. Executing controller action with signature System.Threading.Tasks.Task`1[Microsoft.AspNetCore.Mvc.IActionResult] GetAll(System.Threading.CancellationToken) on controller LibraryApp.Api.Controllers.AuthorsController (LibraryApp.Api).
2026-06-01 15:38:12.276 +03:00 [INF] Request starting HTTP/1.1 GET http://localhost:5112/api/categories - application/json null
2026-06-01 15:38:12.277 +03:00 [INF] CORS policy execution successful.
2026-06-01 15:38:12.277 +03:00 [INF] Route matched with {action = "GetAll", controller = "Categories"}. Executing controller action with signature System.Threading.Tasks.Task`1[Microsoft.AspNetCore.Mvc.IActionResult] GetAll(System.Threading.CancellationToken) on controller LibraryApp.Api.Controllers.CategoriesController (LibraryApp.Api).
2026-06-01 15:38:12.279 +03:00 [INF] Executing OkObjectResult, writing value of type 'System.Collections.Generic.List`1[[<>f__AnonymousType0`2[[System.Int32, System.Private.CoreLib, Version=8.0.0.0, Culture=neutral, PublicKeyToken=7cec85d7bea7798e],[System.String, System.Private.CoreLib, Version=8.0.0.0, Culture=neutral, PublicKeyToken=7cec85d7bea7798e]], LibraryApp.Api, Version=1.0.0.0, Culture=neutral, PublicKeyToken=null]]'.
2026-06-01 15:38:12.279 +03:00 [INF] Executed action LibraryApp.Api.Controllers.AuthorsController.GetAll (LibraryApp.Api) in 2.4923ms
2026-06-01 15:38:12.279 +03:00 [INF] Executing OkObjectResult, writing value of type 'System.Collections.Generic.List`1[[<>f__AnonymousType2`2[[System.Int32, System.Private.CoreLib, Version=8.0.0.0, Culture=neutral, PublicKeyToken=7cec85d7bea7798e],[System.String, System.Private.CoreLib, Version=8.0.0.0, Culture=neutral, PublicKeyToken=7cec85d7bea7798e]], LibraryApp.Api, Version=1.0.0.0, Culture=neutral, PublicKeyToken=null]]'.
2026-06-01 15:38:12.279 +03:00 [INF] HTTP GET /api/authors responded 200 in 2.8944 ms
2026-06-01 15:38:12.279 +03:00 [INF] Request finished HTTP/1.1 GET http://localhost:5112/api/authors - 200 null application/json; charset=utf-8 3.1513ms
2026-06-01 15:38:12.279 +03:00 [INF] Executed action LibraryApp.Api.Controllers.CategoriesController.GetAll (LibraryApp.Api) in 2.1168ms
2026-06-01 15:38:12.279 +03:00 [INF] HTTP GET /api/categories responded 200 in 2.5593 ms
2026-06-01 15:38:12.279 +03:00 [INF] Request finished HTTP/1.1 GET http://localhost:5112/api/categories - 200 null application/json; charset=utf-8 2.7268ms
2026-06-01 15:45:37.308 +03:00 [INF] Request starting HTTP/1.1 OPTIONS http://localhost:5112/api/books?page=1&pageSize=20 - null null
2026-06-01 15:45:37.309 +03:00 [INF] CORS policy execution successful.
2026-06-01 15:45:37.309 +03:00 [INF] HTTP OPTIONS /api/books responded 204 in 0.1243 ms
2026-06-01 15:45:37.309 +03:00 [INF] Request finished HTTP/1.1 OPTIONS http://localhost:5112/api/books?page=1&pageSize=20 - 204 null null 0.5347ms
2026-06-01 15:45:37.314 +03:00 [INF] Request starting HTTP/1.1 GET http://localhost:5112/api/books?page=1&pageSize=20 - application/json null
2026-06-01 15:45:37.314 +03:00 [INF] CORS policy execution successful.
2026-06-01 15:45:37.315 +03:00 [INF] Route matched with {action = "Search", controller = "Books"}. Executing controller action with signature System.Threading.Tasks.Task`1[Microsoft.AspNetCore.Mvc.IActionResult] Search(BookSearchQuery, System.Threading.CancellationToken) on controller BooksController (LibraryApp.Api).
2026-06-01 15:45:37.362 +03:00 [INF] Executing OkObjectResult, writing value of type 'PagedResult`1[[BookDto, LibraryApp.Core, Version=1.0.0.0, Culture=neutral, PublicKeyToken=null]]'.
2026-06-01 15:45:37.362 +03:00 [INF] Executed action BooksController.Search (LibraryApp.Api) in 47.3671ms
2026-06-01 15:45:37.362 +03:00 [INF] HTTP GET /api/books responded 200 in 47.8189 ms
2026-06-01 15:45:37.362 +03:00 [INF] Request finished HTTP/1.1 GET http://localhost:5112/api/books?page=1&pageSize=20 - 200 null application/json; charset=utf-8 48.1131ms
2026-06-01 15:45:39.226 +03:00 [INF] Request starting HTTP/1.1 OPTIONS http://localhost:5112/api/books/2 - null null
2026-06-01 15:45:39.227 +03:00 [INF] CORS policy execution successful.
2026-06-01 15:45:39.227 +03:00 [INF] HTTP OPTIONS /api/books/2 responded 204 in 0.1160 ms
2026-06-01 15:45:39.227 +03:00 [INF] Request finished HTTP/1.1 OPTIONS http://localhost:5112/api/books/2 - 204 null null 0.3514ms
2026-06-01 15:45:39.231 +03:00 [INF] Request starting HTTP/1.1 GET http://localhost:5112/api/books/2 - application/json null
2026-06-01 15:45:39.232 +03:00 [INF] CORS policy execution successful.
2026-06-01 15:45:39.232 +03:00 [INF] Route matched with {action = "GetById", controller = "Books"}. Executing controller action with signature System.Threading.Tasks.Task`1[Microsoft.AspNetCore.Mvc.IActionResult] GetById(Int32, System.Threading.CancellationToken) on controller BooksController (LibraryApp.Api).
2026-06-01 15:45:39.252 +03:00 [INF] Executing OkObjectResult, writing value of type 'BookDto'.
2026-06-01 15:45:39.252 +03:00 [INF] Executed action BooksController.GetById (LibraryApp.Api) in 20.4527ms
2026-06-01 15:45:39.252 +03:00 [INF] HTTP GET /api/books/2 responded 200 in 20.7712 ms
2026-06-01 15:45:39.253 +03:00 [INF] Request finished HTTP/1.1 GET http://localhost:5112/api/books/2 - 200 null application/json; charset=utf-8 21.0641ms
2026-06-01 15:45:40.680 +03:00 [INF] Request starting HTTP/1.1 OPTIONS http://localhost:5112/api/authors - null null
2026-06-01 15:45:40.680 +03:00 [INF] CORS policy execution successful.
2026-06-01 15:45:40.680 +03:00 [INF] HTTP OPTIONS /api/authors responded 204 in 0.1749 ms
2026-06-01 15:45:40.680 +03:00 [INF] Request finished HTTP/1.1 OPTIONS http://localhost:5112/api/authors - 204 null null 0.4869ms
2026-06-01 15:45:40.681 +03:00 [INF] Request starting HTTP/1.1 OPTIONS http://localhost:5112/api/categories - null null
2026-06-01 15:45:40.682 +03:00 [INF] CORS policy execution successful.
2026-06-01 15:45:40.682 +03:00 [INF] HTTP OPTIONS /api/categories responded 204 in 0.0902 ms
2026-06-01 15:45:40.682 +03:00 [INF] Request finished HTTP/1.1 OPTIONS http://localhost:5112/api/categories - 204 null null 0.3568ms
2026-06-01 15:45:40.683 +03:00 [INF] Request starting HTTP/1.1 GET http://localhost:5112/api/books/2 - application/json null
2026-06-01 15:45:40.683 +03:00 [INF] CORS policy execution successful.
2026-06-01 15:45:40.684 +03:00 [INF] Route matched with {action = "GetById", controller = "Books"}. Executing controller action with signature System.Threading.Tasks.Task`1[Microsoft.AspNetCore.Mvc.IActionResult] GetById(Int32, System.Threading.CancellationToken) on controller BooksController (LibraryApp.Api).
2026-06-01 15:45:40.686 +03:00 [INF] Executing OkObjectResult, writing value of type 'BookDto'.
2026-06-01 15:45:40.687 +03:00 [INF] Executed action BooksController.GetById (LibraryApp.Api) in 2.7852ms
2026-06-01 15:45:40.687 +03:00 [INF] HTTP GET /api/books/2 responded 200 in 3.1752 ms
2026-06-01 15:45:40.687 +03:00 [INF] Request finished HTTP/1.1 GET http://localhost:5112/api/books/2 - 200 null application/json; charset=utf-8 3.5896ms
2026-06-01 15:45:40.687 +03:00 [INF] Request starting HTTP/1.1 GET http://localhost:5112/api/authors - application/json null
2026-06-01 15:45:40.687 +03:00 [INF] CORS policy execution successful.
2026-06-01 15:45:40.688 +03:00 [INF] Route matched with {action = "GetAll", controller = "Authors"}. Executing controller action with signature System.Threading.Tasks.Task`1[Microsoft.AspNetCore.Mvc.IActionResult] GetAll(System.Threading.CancellationToken) on controller LibraryApp.Api.Controllers.AuthorsController (LibraryApp.Api).
2026-06-01 15:45:40.688 +03:00 [INF] Request starting HTTP/1.1 GET http://localhost:5112/api/categories - application/json null
2026-06-01 15:45:40.688 +03:00 [INF] CORS policy execution successful.
2026-06-01 15:45:40.688 +03:00 [INF] Route matched with {action = "GetAll", controller = "Categories"}. Executing controller action with signature System.Threading.Tasks.Task`1[Microsoft.AspNetCore.Mvc.IActionResult] GetAll(System.Threading.CancellationToken) on controller LibraryApp.Api.Controllers.CategoriesController (LibraryApp.Api).
2026-06-01 15:45:40.692 +03:00 [INF] Executing OkObjectResult, writing value of type 'System.Collections.Generic.List`1[[<>f__AnonymousType0`2[[System.Int32, System.Private.CoreLib, Version=8.0.0.0, Culture=neutral, PublicKeyToken=7cec85d7bea7798e],[System.String, System.Private.CoreLib, Version=8.0.0.0, Culture=neutral, PublicKeyToken=7cec85d7bea7798e]], LibraryApp.Api, Version=1.0.0.0, Culture=neutral, PublicKeyToken=null]]'.
2026-06-01 15:45:40.692 +03:00 [INF] Executed action LibraryApp.Api.Controllers.AuthorsController.GetAll (LibraryApp.Api) in 4.3077ms
2026-06-01 15:45:40.692 +03:00 [INF] HTTP GET /api/authors responded 200 in 4.5827 ms
2026-06-01 15:45:40.692 +03:00 [INF] Request finished HTTP/1.1 GET http://localhost:5112/api/authors - 200 null application/json; charset=utf-8 4.9667ms
2026-06-01 15:45:40.702 +03:00 [INF] Executing OkObjectResult, writing value of type 'System.Collections.Generic.List`1[[<>f__AnonymousType2`2[[System.Int32, System.Private.CoreLib, Version=8.0.0.0, Culture=neutral, PublicKeyToken=7cec85d7bea7798e],[System.String, System.Private.CoreLib, Version=8.0.0.0, Culture=neutral, PublicKeyToken=7cec85d7bea7798e]], LibraryApp.Api, Version=1.0.0.0, Culture=neutral, PublicKeyToken=null]]'.
2026-06-01 15:45:40.702 +03:00 [INF] Executed action LibraryApp.Api.Controllers.CategoriesController.GetAll (LibraryApp.Api) in 13.8639ms
2026-06-01 15:45:40.702 +03:00 [INF] HTTP GET /api/categories responded 200 in 14.3026 ms
2026-06-01 15:45:40.703 +03:00 [INF] Request finished HTTP/1.1 GET http://localhost:5112/api/categories - 200 null application/json; charset=utf-8 14.595ms
2026-06-01 15:46:01.741 +03:00 [INF] Request starting HTTP/1.1 GET http://localhost:5112/api/authors - application/json null
2026-06-01 15:46:01.741 +03:00 [INF] Route matched with {action = "GetAll", controller = "Authors"}. Executing controller action with signature System.Threading.Tasks.Task`1[Microsoft.AspNetCore.Mvc.IActionResult] GetAll(System.Threading.CancellationToken) on controller LibraryApp.Api.Controllers.AuthorsController (LibraryApp.Api).
2026-06-01 15:46:01.741 +03:00 [INF] Request starting HTTP/1.1 GET http://localhost:5112/api/categories - application/json null
2026-06-01 15:46:01.742 +03:00 [INF] Route matched with {action = "GetAll", controller = "Categories"}. Executing controller action with signature System.Threading.Tasks.Task`1[Microsoft.AspNetCore.Mvc.IActionResult] GetAll(System.Threading.CancellationToken) on controller LibraryApp.Api.Controllers.CategoriesController (LibraryApp.Api).
2026-06-01 15:46:01.742 +03:00 [INF] Request starting HTTP/1.1 GET http://localhost:5112/api/books/2 - application/json null
2026-06-01 15:46:01.742 +03:00 [INF] Request starting HTTP/1.1 GET http://localhost:5112/api/authors - application/json null
2026-06-01 15:46:01.743 +03:00 [INF] Route matched with {action = "GetAll", controller = "Authors"}. Executing controller action with signature System.Threading.Tasks.Task`1[Microsoft.AspNetCore.Mvc.IActionResult] GetAll(System.Threading.CancellationToken) on controller LibraryApp.Api.Controllers.AuthorsController (LibraryApp.Api).
2026-06-01 15:46:01.743 +03:00 [INF] Route matched with {action = "GetById", controller = "Books"}. Executing controller action with signature System.Threading.Tasks.Task`1[Microsoft.AspNetCore.Mvc.IActionResult] GetById(Int32, System.Threading.CancellationToken) on controller BooksController (LibraryApp.Api).
2026-06-01 15:46:01.743 +03:00 [INF] Request starting HTTP/1.1 GET http://localhost:5112/api/categories - application/json null
2026-06-01 15:46:01.743 +03:00 [INF] Route matched with {action = "GetAll", controller = "Categories"}. Executing controller action with signature System.Threading.Tasks.Task`1[Microsoft.AspNetCore.Mvc.IActionResult] GetAll(System.Threading.CancellationToken) on controller LibraryApp.Api.Controllers.CategoriesController (LibraryApp.Api).
2026-06-01 15:46:01.744 +03:00 [INF] Request starting HTTP/1.1 GET http://localhost:5112/api/books/2 - application/json null
2026-06-01 15:46:01.745 +03:00 [INF] Route matched with {action = "GetById", controller = "Books"}. Executing controller action with signature System.Threading.Tasks.Task`1[Microsoft.AspNetCore.Mvc.IActionResult] GetById(Int32, System.Threading.CancellationToken) on controller BooksController (LibraryApp.Api).
2026-06-01 15:46:01.747 +03:00 [INF] Executing OkObjectResult, writing value of type 'System.Collections.Generic.List`1[[<>f__AnonymousType0`2[[System.Int32, System.Private.CoreLib, Version=8.0.0.0, Culture=neutral, PublicKeyToken=7cec85d7bea7798e],[System.String, System.Private.CoreLib, Version=8.0.0.0, Culture=neutral, PublicKeyToken=7cec85d7bea7798e]], LibraryApp.Api, Version=1.0.0.0, Culture=neutral, PublicKeyToken=null]]'.
2026-06-01 15:46:01.747 +03:00 [INF] Executed action LibraryApp.Api.Controllers.AuthorsController.GetAll (LibraryApp.Api) in 6.1818ms
2026-06-01 15:46:01.747 +03:00 [INF] HTTP GET /api/authors responded 200 in 6.4206 ms
2026-06-01 15:46:01.747 +03:00 [INF] Request finished HTTP/1.1 GET http://localhost:5112/api/authors - 200 null application/json; charset=utf-8 6.7486ms
2026-06-01 15:46:01.749 +03:00 [INF] Executing OkObjectResult, writing value of type 'System.Collections.Generic.List`1[[<>f__AnonymousType2`2[[System.Int32, System.Private.CoreLib, Version=8.0.0.0, Culture=neutral, PublicKeyToken=7cec85d7bea7798e],[System.String, System.Private.CoreLib, Version=8.0.0.0, Culture=neutral, PublicKeyToken=7cec85d7bea7798e]], LibraryApp.Api, Version=1.0.0.0, Culture=neutral, PublicKeyToken=null]]'.
2026-06-01 15:46:01.749 +03:00 [INF] Executed action LibraryApp.Api.Controllers.CategoriesController.GetAll (LibraryApp.Api) in 7.1387ms
2026-06-01 15:46:01.749 +03:00 [INF] HTTP GET /api/categories responded 200 in 7.5776 ms
2026-06-01 15:46:01.749 +03:00 [INF] Request finished HTTP/1.1 GET http://localhost:5112/api/categories - 200 null application/json; charset=utf-8 7.866ms
2026-06-01 15:46:01.755 +03:00 [INF] Executing OkObjectResult, writing value of type 'System.Collections.Generic.List`1[[<>f__AnonymousType0`2[[System.Int32, System.Private.CoreLib, Version=8.0.0.0, Culture=neutral, PublicKeyToken=7cec85d7bea7798e],[System.String, System.Private.CoreLib, Version=8.0.0.0, Culture=neutral, PublicKeyToken=7cec85d7bea7798e]], LibraryApp.Api, Version=1.0.0.0, Culture=neutral, PublicKeyToken=null]]'.
2026-06-01 15:46:01.755 +03:00 [INF] Executed action LibraryApp.Api.Controllers.AuthorsController.GetAll (LibraryApp.Api) in 12.3426ms
2026-06-01 15:46:01.755 +03:00 [INF] HTTP GET /api/authors responded 200 in 12.6059 ms
2026-06-01 15:46:01.755 +03:00 [INF] Request finished HTTP/1.1 GET http://localhost:5112/api/authors - 200 null application/json; charset=utf-8 13.0146ms
2026-06-01 15:46:01.760 +03:00 [INF] Executing OkObjectResult, writing value of type 'System.Collections.Generic.List`1[[<>f__AnonymousType2`2[[System.Int32, System.Private.CoreLib, Version=8.0.0.0, Culture=neutral, PublicKeyToken=7cec85d7bea7798e],[System.String, System.Private.CoreLib, Version=8.0.0.0, Culture=neutral, PublicKeyToken=7cec85d7bea7798e]], LibraryApp.Api, Version=1.0.0.0, Culture=neutral, PublicKeyToken=null]]'.
2026-06-01 15:46:01.760 +03:00 [INF] Executed action LibraryApp.Api.Controllers.CategoriesController.GetAll (LibraryApp.Api) in 15.6003ms
2026-06-01 15:46:01.760 +03:00 [INF] HTTP GET /api/categories responded 200 in 16.9902 ms
2026-06-01 15:46:01.760 +03:00 [INF] Request finished HTTP/1.1 GET http://localhost:5112/api/categories - 200 null application/json; charset=utf-8 17.1991ms
2026-06-01 15:46:01.774 +03:00 [INF] Executing OkObjectResult, writing value of type 'BookDto'.
2026-06-01 15:46:01.774 +03:00 [INF] Executed action BooksController.GetById (LibraryApp.Api) in 31.386ms
2026-06-01 15:46:01.774 +03:00 [INF] HTTP GET /api/books/2 responded 200 in 31.6323 ms
2026-06-01 15:46:01.774 +03:00 [INF] Request finished HTTP/1.1 GET http://localhost:5112/api/books/2 - 200 null application/json; charset=utf-8 32.1058ms
2026-06-01 15:46:01.779 +03:00 [INF] Executing OkObjectResult, writing value of type 'BookDto'.
2026-06-01 15:46:01.780 +03:00 [INF] Executed action BooksController.GetById (LibraryApp.Api) in 34.861ms
2026-06-01 15:46:01.780 +03:00 [INF] HTTP GET /api/books/2 responded 200 in 35.3367 ms
2026-06-01 15:46:01.780 +03:00 [INF] Request finished HTTP/1.1 GET http://localhost:5112/api/books/2 - 200 null application/json; charset=utf-8 35.5768ms
2026-06-01 15:46:02.238 +03:00 [INF] Request starting HTTP/1.1 OPTIONS http://localhost:5112/api/authors - null null
2026-06-01 15:46:02.238 +03:00 [INF] CORS policy execution successful.
2026-06-01 15:46:02.238 +03:00 [INF] HTTP OPTIONS /api/authors responded 204 in 0.0777 ms
2026-06-01 15:46:02.239 +03:00 [INF] Request finished HTTP/1.1 OPTIONS http://localhost:5112/api/authors - 204 null null 0.3203ms
2026-06-01 15:46:02.247 +03:00 [INF] Request starting HTTP/1.1 OPTIONS http://localhost:5112/api/categories - null null
2026-06-01 15:46:02.248 +03:00 [INF] CORS policy execution successful.
2026-06-01 15:46:02.248 +03:00 [INF] Request starting HTTP/1.1 OPTIONS http://localhost:5112/api/books/2 - null null
2026-06-01 15:46:02.248 +03:00 [INF] HTTP OPTIONS /api/categories responded 204 in 0.1225 ms
2026-06-01 15:46:02.248 +03:00 [INF] CORS policy execution successful.
2026-06-01 15:46:02.248 +03:00 [INF] Request finished HTTP/1.1 OPTIONS http://localhost:5112/api/categories - 204 null null 0.4717ms
2026-06-01 15:46:02.248 +03:00 [INF] HTTP OPTIONS /api/books/2 responded 204 in 0.0622 ms
2026-06-01 15:46:02.248 +03:00 [INF] Request finished HTTP/1.1 OPTIONS http://localhost:5112/api/books/2 - 204 null null 0.2697ms
2026-06-01 15:46:02.248 +03:00 [INF] Request starting HTTP/1.1 GET http://localhost:5112/api/authors - application/json null
2026-06-01 15:46:02.249 +03:00 [INF] CORS policy execution successful.
2026-06-01 15:46:02.249 +03:00 [INF] Route matched with {action = "GetAll", controller = "Authors"}. Executing controller action with signature System.Threading.Tasks.Task`1[Microsoft.AspNetCore.Mvc.IActionResult] GetAll(System.Threading.CancellationToken) on controller LibraryApp.Api.Controllers.AuthorsController (LibraryApp.Api).
2026-06-01 15:46:02.252 +03:00 [INF] Executing OkObjectResult, writing value of type 'System.Collections.Generic.List`1[[<>f__AnonymousType0`2[[System.Int32, System.Private.CoreLib, Version=8.0.0.0, Culture=neutral, PublicKeyToken=7cec85d7bea7798e],[System.String, System.Private.CoreLib, Version=8.0.0.0, Culture=neutral, PublicKeyToken=7cec85d7bea7798e]], LibraryApp.Api, Version=1.0.0.0, Culture=neutral, PublicKeyToken=null]]'.
2026-06-01 15:46:02.252 +03:00 [INF] Executed action LibraryApp.Api.Controllers.AuthorsController.GetAll (LibraryApp.Api) in 3.372ms
2026-06-01 15:46:02.252 +03:00 [INF] HTTP GET /api/authors responded 200 in 3.8131 ms
2026-06-01 15:46:02.253 +03:00 [INF] Request finished HTTP/1.1 GET http://localhost:5112/api/authors - 200 null application/json; charset=utf-8 4.4711ms
2026-06-01 15:46:02.256 +03:00 [INF] Request starting HTTP/1.1 GET http://localhost:5112/api/categories - application/json null
2026-06-01 15:46:02.256 +03:00 [INF] Request starting HTTP/1.1 GET http://localhost:5112/api/books/2 - application/json null
2026-06-01 15:46:02.257 +03:00 [INF] CORS policy execution successful.
2026-06-01 15:46:02.256 +03:00 [INF] CORS policy execution successful.
2026-06-01 15:46:02.257 +03:00 [INF] Route matched with {action = "GetById", controller = "Books"}. Executing controller action with signature System.Threading.Tasks.Task`1[Microsoft.AspNetCore.Mvc.IActionResult] GetById(Int32, System.Threading.CancellationToken) on controller BooksController (LibraryApp.Api).
2026-06-01 15:46:02.257 +03:00 [INF] Route matched with {action = "GetAll", controller = "Categories"}. Executing controller action with signature System.Threading.Tasks.Task`1[Microsoft.AspNetCore.Mvc.IActionResult] GetAll(System.Threading.CancellationToken) on controller LibraryApp.Api.Controllers.CategoriesController (LibraryApp.Api).
2026-06-01 15:46:02.259 +03:00 [INF] Executing OkObjectResult, writing value of type 'BookDto'.
2026-06-01 15:46:02.259 +03:00 [INF] Executing OkObjectResult, writing value of type 'System.Collections.Generic.List`1[[<>f__AnonymousType2`2[[System.Int32, System.Private.CoreLib, Version=8.0.0.0, Culture=neutral, PublicKeyToken=7cec85d7bea7798e],[System.String, System.Private.CoreLib, Version=8.0.0.0, Culture=neutral, PublicKeyToken=7cec85d7bea7798e]], LibraryApp.Api, Version=1.0.0.0, Culture=neutral, PublicKeyToken=null]]'.
2026-06-01 15:46:02.259 +03:00 [INF] Executed action BooksController.GetById (LibraryApp.Api) in 2.4417ms
2026-06-01 15:46:02.259 +03:00 [INF] Executed action LibraryApp.Api.Controllers.CategoriesController.GetAll (LibraryApp.Api) in 2.3982ms
2026-06-01 15:46:02.260 +03:00 [INF] HTTP GET /api/categories responded 200 in 3.5069 ms
2026-06-01 15:46:02.260 +03:00 [INF] HTTP GET /api/books/2 responded 200 in 2.9981 ms
2026-06-01 15:46:02.260 +03:00 [INF] Request finished HTTP/1.1 GET http://localhost:5112/api/books/2 - 200 null application/json; charset=utf-8 3.8564ms
2026-06-01 15:46:02.260 +03:00 [INF] Request finished HTTP/1.1 GET http://localhost:5112/api/categories - 200 null application/json; charset=utf-8 3.9721ms
2026-06-01 15:46:03.196 +03:00 [INF] Request starting HTTP/1.1 OPTIONS http://localhost:5112/api/books?page=1&pageSize=20 - null null
2026-06-01 15:46:03.196 +03:00 [INF] CORS policy execution successful.
2026-06-01 15:46:03.197 +03:00 [INF] HTTP OPTIONS /api/books responded 204 in 0.1169 ms
2026-06-01 15:46:03.197 +03:00 [INF] Request finished HTTP/1.1 OPTIONS http://localhost:5112/api/books?page=1&pageSize=20 - 204 null null 0.3822ms
2026-06-01 15:46:03.202 +03:00 [INF] Request starting HTTP/1.1 GET http://localhost:5112/api/books?page=1&pageSize=20 - application/json null
2026-06-01 15:46:03.202 +03:00 [INF] CORS policy execution successful.
2026-06-01 15:46:03.202 +03:00 [INF] Route matched with {action = "Search", controller = "Books"}. Executing controller action with signature System.Threading.Tasks.Task`1[Microsoft.AspNetCore.Mvc.IActionResult] Search(BookSearchQuery, System.Threading.CancellationToken) on controller BooksController (LibraryApp.Api).
2026-06-01 15:46:03.231 +03:00 [INF] Executing OkObjectResult, writing value of type 'PagedResult`1[[BookDto, LibraryApp.Core, Version=1.0.0.0, Culture=neutral, PublicKeyToken=null]]'.
2026-06-01 15:46:03.231 +03:00 [INF] Executed action BooksController.Search (LibraryApp.Api) in 28.5228ms
2026-06-01 15:46:03.231 +03:00 [INF] HTTP GET /api/books responded 200 in 28.8167 ms
2026-06-01 15:46:03.231 +03:00 [INF] Request finished HTTP/1.1 GET http://localhost:5112/api/books?page=1&pageSize=20 - 200 null application/json; charset=utf-8 29.0763ms
2026-06-01 15:46:05.082 +03:00 [INF] Request starting HTTP/1.1 OPTIONS http://localhost:5112/api/books/6 - null null
2026-06-01 15:46:05.082 +03:00 [INF] CORS policy execution successful.
2026-06-01 15:46:05.082 +03:00 [INF] HTTP OPTIONS /api/books/6 responded 204 in 0.0969 ms
2026-06-01 15:46:05.082 +03:00 [INF] Request finished HTTP/1.1 OPTIONS http://localhost:5112/api/books/6 - 204 null null 0.351ms
2026-06-01 15:46:05.090 +03:00 [INF] Request starting HTTP/1.1 GET http://localhost:5112/api/books/6 - application/json null
2026-06-01 15:46:05.090 +03:00 [INF] CORS policy execution successful.
2026-06-01 15:46:05.090 +03:00 [INF] Route matched with {action = "GetById", controller = "Books"}. Executing controller action with signature System.Threading.Tasks.Task`1[Microsoft.AspNetCore.Mvc.IActionResult] GetById(Int32, System.Threading.CancellationToken) on controller BooksController (LibraryApp.Api).
2026-06-01 15:46:05.094 +03:00 [INF] Executing OkObjectResult, writing value of type 'BookDto'.
2026-06-01 15:46:05.094 +03:00 [INF] Executed action BooksController.GetById (LibraryApp.Api) in 3.8042ms
2026-06-01 15:46:05.094 +03:00 [INF] HTTP GET /api/books/6 responded 200 in 4.1481 ms
2026-06-01 15:46:05.094 +03:00 [INF] Request finished HTTP/1.1 GET http://localhost:5112/api/books/6 - 200 null application/json; charset=utf-8 4.4446ms
2026-06-01 15:46:06.118 +03:00 [INF] Request starting HTTP/1.1 GET http://localhost:5112/api/authors - application/json null
2026-06-01 15:46:06.118 +03:00 [INF] Request starting HTTP/1.1 GET http://localhost:5112/api/categories - application/json null
2026-06-01 15:46:06.119 +03:00 [INF] Request starting HTTP/1.1 GET http://localhost:5112/api/books/6 - application/json null
2026-06-01 15:46:06.120 +03:00 [INF] CORS policy execution successful.
2026-06-01 15:46:06.120 +03:00 [INF] CORS policy execution successful.
2026-06-01 15:46:06.120 +03:00 [INF] CORS policy execution successful.
2026-06-01 15:46:06.120 +03:00 [INF] Route matched with {action = "GetById", controller = "Books"}. Executing controller action with signature System.Threading.Tasks.Task`1[Microsoft.AspNetCore.Mvc.IActionResult] GetById(Int32, System.Threading.CancellationToken) on controller BooksController (LibraryApp.Api).
2026-06-01 15:46:06.120 +03:00 [INF] Route matched with {action = "GetAll", controller = "Categories"}. Executing controller action with signature System.Threading.Tasks.Task`1[Microsoft.AspNetCore.Mvc.IActionResult] GetAll(System.Threading.CancellationToken) on controller LibraryApp.Api.Controllers.CategoriesController (LibraryApp.Api).
2026-06-01 15:46:06.120 +03:00 [INF] Route matched with {action = "GetAll", controller = "Authors"}. Executing controller action with signature System.Threading.Tasks.Task`1[Microsoft.AspNetCore.Mvc.IActionResult] GetAll(System.Threading.CancellationToken) on controller LibraryApp.Api.Controllers.AuthorsController (LibraryApp.Api).
2026-06-01 15:46:06.122 +03:00 [INF] Executing OkObjectResult, writing value of type 'System.Collections.Generic.List`1[[<>f__AnonymousType2`2[[System.Int32, System.Private.CoreLib, Version=8.0.0.0, Culture=neutral, PublicKeyToken=7cec85d7bea7798e],[System.String, System.Private.CoreLib, Version=8.0.0.0, Culture=neutral, PublicKeyToken=7cec85d7bea7798e]], LibraryApp.Api, Version=1.0.0.0, Culture=neutral, PublicKeyToken=null]]'.
2026-06-01 15:46:06.122 +03:00 [INF] Executing OkObjectResult, writing value of type 'System.Collections.Generic.List`1[[<>f__AnonymousType0`2[[System.Int32, System.Private.CoreLib, Version=8.0.0.0, Culture=neutral, PublicKeyToken=7cec85d7bea7798e],[System.String, System.Private.CoreLib, Version=8.0.0.0, Culture=neutral, PublicKeyToken=7cec85d7bea7798e]], LibraryApp.Api, Version=1.0.0.0, Culture=neutral, PublicKeyToken=null]]'.
2026-06-01 15:46:06.122 +03:00 [INF] Executed action LibraryApp.Api.Controllers.CategoriesController.GetAll (LibraryApp.Api) in 2.1649ms
2026-06-01 15:46:06.123 +03:00 [INF] Executed action LibraryApp.Api.Controllers.AuthorsController.GetAll (LibraryApp.Api) in 2.3807ms
2026-06-01 15:46:06.123 +03:00 [INF] HTTP GET /api/categories responded 200 in 2.8619 ms
2026-06-01 15:46:06.123 +03:00 [INF] HTTP GET /api/authors responded 200 in 2.9797 ms
2026-06-01 15:46:06.123 +03:00 [INF] Request finished HTTP/1.1 GET http://localhost:5112/api/authors - 200 null application/json; charset=utf-8 4.9987ms
2026-06-01 15:46:06.123 +03:00 [INF] Request finished HTTP/1.1 GET http://localhost:5112/api/categories - 200 null application/json; charset=utf-8 4.735ms
2026-06-01 15:46:06.123 +03:00 [INF] Executing OkObjectResult, writing value of type 'BookDto'.
2026-06-01 15:46:06.123 +03:00 [INF] Executed action BooksController.GetById (LibraryApp.Api) in 3.2951ms
2026-06-01 15:46:06.123 +03:00 [INF] HTTP GET /api/books/6 responded 200 in 3.6874 ms
2026-06-01 15:46:06.124 +03:00 [INF] Request finished HTTP/1.1 GET http://localhost:5112/api/books/6 - 200 null application/json; charset=utf-8 5.0276ms
2026-06-01 15:46:08.996 +03:00 [INF] Request starting HTTP/1.1 GET http://localhost:5112/api/books/6 - application/json null
2026-06-01 15:46:08.996 +03:00 [INF] CORS policy execution successful.
2026-06-01 15:46:08.996 +03:00 [INF] Route matched with {action = "GetById", controller = "Books"}. Executing controller action with signature System.Threading.Tasks.Task`1[Microsoft.AspNetCore.Mvc.IActionResult] GetById(Int32, System.Threading.CancellationToken) on controller BooksController (LibraryApp.Api).
2026-06-01 15:46:08.999 +03:00 [INF] Executing OkObjectResult, writing value of type 'BookDto'.
2026-06-01 15:46:08.999 +03:00 [INF] Executed action BooksController.GetById (LibraryApp.Api) in 2.7075ms
2026-06-01 15:46:08.999 +03:00 [INF] HTTP GET /api/books/6 responded 200 in 3.0664 ms
2026-06-01 15:46:08.999 +03:00 [INF] Request finished HTTP/1.1 GET http://localhost:5112/api/books/6 - 200 null application/json; charset=utf-8 3.4761ms
2026-06-01 15:46:11.002 +03:00 [INF] Request starting HTTP/1.1 OPTIONS http://localhost:5112/api/books?page=1&pageSize=20 - null null
2026-06-01 15:46:11.002 +03:00 [INF] CORS policy execution successful.
2026-06-01 15:46:11.002 +03:00 [INF] HTTP OPTIONS /api/books responded 204 in 0.1158 ms
2026-06-01 15:46:11.002 +03:00 [INF] Request finished HTTP/1.1 OPTIONS http://localhost:5112/api/books?page=1&pageSize=20 - 204 null null 0.44ms
2026-06-01 15:46:11.008 +03:00 [INF] Request starting HTTP/1.1 GET http://localhost:5112/api/books?page=1&pageSize=20 - application/json null
2026-06-01 15:46:11.008 +03:00 [INF] CORS policy execution successful.
2026-06-01 15:46:11.009 +03:00 [INF] Route matched with {action = "Search", controller = "Books"}. Executing controller action with signature System.Threading.Tasks.Task`1[Microsoft.AspNetCore.Mvc.IActionResult] Search(BookSearchQuery, System.Threading.CancellationToken) on controller BooksController (LibraryApp.Api).
2026-06-01 15:46:11.014 +03:00 [INF] Executing OkObjectResult, writing value of type 'PagedResult`1[[BookDto, LibraryApp.Core, Version=1.0.0.0, Culture=neutral, PublicKeyToken=null]]'.
2026-06-01 15:46:11.014 +03:00 [INF] Executed action BooksController.Search (LibraryApp.Api) in 5.2586ms
2026-06-01 15:46:11.014 +03:00 [INF] HTTP GET /api/books responded 200 in 5.6443 ms
2026-06-01 15:46:11.014 +03:00 [INF] Request finished HTTP/1.1 GET http://localhost:5112/api/books?page=1&pageSize=20 - 200 null application/json; charset=utf-8 5.9676ms
2026-06-01 15:46:38.841 +03:00 [INF] Request starting HTTP/1.1 OPTIONS http://localhost:5112/api/books/2 - null null
2026-06-01 15:46:38.842 +03:00 [INF] CORS policy execution successful.
2026-06-01 15:46:38.842 +03:00 [INF] HTTP OPTIONS /api/books/2 responded 204 in 0.1894 ms
2026-06-01 15:46:38.842 +03:00 [INF] Request finished HTTP/1.1 OPTIONS http://localhost:5112/api/books/2 - 204 null null 0.4508ms
2026-06-01 15:46:38.852 +03:00 [INF] Request starting HTTP/1.1 GET http://localhost:5112/api/books/2 - application/json null
2026-06-01 15:46:38.852 +03:00 [INF] CORS policy execution successful.
2026-06-01 15:46:38.853 +03:00 [INF] Route matched with {action = "GetById", controller = "Books"}. Executing controller action with signature System.Threading.Tasks.Task`1[Microsoft.AspNetCore.Mvc.IActionResult] GetById(Int32, System.Threading.CancellationToken) on controller BooksController (LibraryApp.Api).
2026-06-01 15:46:38.872 +03:00 [INF] Executing OkObjectResult, writing value of type 'BookDto'.
2026-06-01 15:46:38.872 +03:00 [INF] Executed action BooksController.GetById (LibraryApp.Api) in 19.2675ms
2026-06-01 15:46:38.872 +03:00 [INF] HTTP GET /api/books/2 responded 200 in 19.7232 ms
2026-06-01 15:46:38.872 +03:00 [INF] Request finished HTTP/1.1 GET http://localhost:5112/api/books/2 - 200 null application/json; charset=utf-8 20.0203ms
2026-06-01 15:46:39.958 +03:00 [INF] Request starting HTTP/1.1 OPTIONS http://localhost:5112/api/authors - null null
2026-06-01 15:46:39.958 +03:00 [INF] CORS policy execution successful.
2026-06-01 15:46:39.958 +03:00 [INF] HTTP OPTIONS /api/authors responded 204 in 0.1509 ms
2026-06-01 15:46:39.958 +03:00 [INF] Request finished HTTP/1.1 OPTIONS http://localhost:5112/api/authors - 204 null null 0.4022ms
2026-06-01 15:46:39.958 +03:00 [INF] Request starting HTTP/1.1 OPTIONS http://localhost:5112/api/categories - null null
2026-06-01 15:46:39.959 +03:00 [INF] CORS policy execution successful.
2026-06-01 15:46:39.959 +03:00 [INF] HTTP OPTIONS /api/categories responded 204 in 0.1070 ms
2026-06-01 15:46:39.959 +03:00 [INF] Request finished HTTP/1.1 OPTIONS http://localhost:5112/api/categories - 204 null null 0.3407ms
2026-06-01 15:46:39.959 +03:00 [INF] Request starting HTTP/1.1 GET http://localhost:5112/api/books/2 - application/json null
2026-06-01 15:46:39.959 +03:00 [INF] CORS policy execution successful.
2026-06-01 15:46:39.960 +03:00 [INF] Route matched with {action = "GetById", controller = "Books"}. Executing controller action with signature System.Threading.Tasks.Task`1[Microsoft.AspNetCore.Mvc.IActionResult] GetById(Int32, System.Threading.CancellationToken) on controller BooksController (LibraryApp.Api).
2026-06-01 15:46:39.963 +03:00 [INF] Executing OkObjectResult, writing value of type 'BookDto'.
2026-06-01 15:46:39.963 +03:00 [INF] Executed action BooksController.GetById (LibraryApp.Api) in 3.7414ms
2026-06-01 15:46:39.963 +03:00 [INF] HTTP GET /api/books/2 responded 200 in 4.0349 ms
2026-06-01 15:46:39.964 +03:00 [INF] Request finished HTTP/1.1 GET http://localhost:5112/api/books/2 - 200 null application/json; charset=utf-8 4.2609ms
2026-06-01 15:46:39.972 +03:00 [INF] Request starting HTTP/1.1 GET http://localhost:5112/api/authors - application/json null
2026-06-01 15:46:39.972 +03:00 [INF] Request starting HTTP/1.1 GET http://localhost:5112/api/categories - application/json null
2026-06-01 15:46:39.972 +03:00 [INF] CORS policy execution successful.
2026-06-01 15:46:39.972 +03:00 [INF] CORS policy execution successful.
2026-06-01 15:46:39.972 +03:00 [INF] Route matched with {action = "GetAll", controller = "Authors"}. Executing controller action with signature System.Threading.Tasks.Task`1[Microsoft.AspNetCore.Mvc.IActionResult] GetAll(System.Threading.CancellationToken) on controller LibraryApp.Api.Controllers.AuthorsController (LibraryApp.Api).
2026-06-01 15:46:39.974 +03:00 [INF] Route matched with {action = "GetAll", controller = "Categories"}. Executing controller action with signature System.Threading.Tasks.Task`1[Microsoft.AspNetCore.Mvc.IActionResult] GetAll(System.Threading.CancellationToken) on controller LibraryApp.Api.Controllers.CategoriesController (LibraryApp.Api).
2026-06-01 15:46:39.977 +03:00 [INF] Executing OkObjectResult, writing value of type 'System.Collections.Generic.List`1[[<>f__AnonymousType0`2[[System.Int32, System.Private.CoreLib, Version=8.0.0.0, Culture=neutral, PublicKeyToken=7cec85d7bea7798e],[System.String, System.Private.CoreLib, Version=8.0.0.0, Culture=neutral, PublicKeyToken=7cec85d7bea7798e]], LibraryApp.Api, Version=1.0.0.0, Culture=neutral, PublicKeyToken=null]]'.
2026-06-01 15:46:39.977 +03:00 [INF] Executed action LibraryApp.Api.Controllers.AuthorsController.GetAll (LibraryApp.Api) in 4.895ms
2026-06-01 15:46:39.978 +03:00 [INF] HTTP GET /api/authors responded 200 in 5.4414 ms
2026-06-01 15:46:39.978 +03:00 [INF] Request finished HTTP/1.1 GET http://localhost:5112/api/authors - 200 null application/json; charset=utf-8 6.119ms
2026-06-01 15:46:39.978 +03:00 [INF] Executing OkObjectResult, writing value of type 'System.Collections.Generic.List`1[[<>f__AnonymousType2`2[[System.Int32, System.Private.CoreLib, Version=8.0.0.0, Culture=neutral, PublicKeyToken=7cec85d7bea7798e],[System.String, System.Private.CoreLib, Version=8.0.0.0, Culture=neutral, PublicKeyToken=7cec85d7bea7798e]], LibraryApp.Api, Version=1.0.0.0, Culture=neutral, PublicKeyToken=null]]'.
2026-06-01 15:46:39.978 +03:00 [INF] Executed action LibraryApp.Api.Controllers.CategoriesController.GetAll (LibraryApp.Api) in 4.6982ms
2026-06-01 15:46:39.979 +03:00 [INF] HTTP GET /api/categories responded 200 in 6.2516 ms
2026-06-01 15:46:39.979 +03:00 [INF] Request finished HTTP/1.1 GET http://localhost:5112/api/categories - 200 null application/json; charset=utf-8 6.7406ms
2026-06-01 15:47:43.763 +03:00 [INF] Request starting HTTP/1.1 GET http://localhost:5112/api/authors - application/json null
2026-06-01 15:47:43.763 +03:00 [INF] Request starting HTTP/1.1 GET http://localhost:5112/api/categories - application/json null
2026-06-01 15:47:43.763 +03:00 [INF] Route matched with {action = "GetAll", controller = "Categories"}. Executing controller action with signature System.Threading.Tasks.Task`1[Microsoft.AspNetCore.Mvc.IActionResult] GetAll(System.Threading.CancellationToken) on controller LibraryApp.Api.Controllers.CategoriesController (LibraryApp.Api).
2026-06-01 15:47:43.763 +03:00 [INF] Route matched with {action = "GetAll", controller = "Authors"}. Executing controller action with signature System.Threading.Tasks.Task`1[Microsoft.AspNetCore.Mvc.IActionResult] GetAll(System.Threading.CancellationToken) on controller LibraryApp.Api.Controllers.AuthorsController (LibraryApp.Api).
2026-06-01 15:47:43.764 +03:00 [INF] Request starting HTTP/1.1 GET http://localhost:5112/api/books/2 - application/json null
2026-06-01 15:47:43.764 +03:00 [INF] Route matched with {action = "GetById", controller = "Books"}. Executing controller action with signature System.Threading.Tasks.Task`1[Microsoft.AspNetCore.Mvc.IActionResult] GetById(Int32, System.Threading.CancellationToken) on controller BooksController (LibraryApp.Api).
2026-06-01 15:47:43.767 +03:00 [INF] Executing OkObjectResult, writing value of type 'System.Collections.Generic.List`1[[<>f__AnonymousType2`2[[System.Int32, System.Private.CoreLib, Version=8.0.0.0, Culture=neutral, PublicKeyToken=7cec85d7bea7798e],[System.String, System.Private.CoreLib, Version=8.0.0.0, Culture=neutral, PublicKeyToken=7cec85d7bea7798e]], LibraryApp.Api, Version=1.0.0.0, Culture=neutral, PublicKeyToken=null]]'.
2026-06-01 15:47:43.767 +03:00 [INF] Executing OkObjectResult, writing value of type 'System.Collections.Generic.List`1[[<>f__AnonymousType0`2[[System.Int32, System.Private.CoreLib, Version=8.0.0.0, Culture=neutral, PublicKeyToken=7cec85d7bea7798e],[System.String, System.Private.CoreLib, Version=8.0.0.0, Culture=neutral, PublicKeyToken=7cec85d7bea7798e]], LibraryApp.Api, Version=1.0.0.0, Culture=neutral, PublicKeyToken=null]]'.
2026-06-01 15:47:43.767 +03:00 [INF] Executed action LibraryApp.Api.Controllers.CategoriesController.GetAll (LibraryApp.Api) in 4.1468ms
2026-06-01 15:47:43.767 +03:00 [INF] Executed action LibraryApp.Api.Controllers.AuthorsController.GetAll (LibraryApp.Api) in 4.0816ms
2026-06-01 15:47:43.768 +03:00 [INF] HTTP GET /api/authors responded 200 in 4.4284 ms
2026-06-01 15:47:43.768 +03:00 [INF] HTTP GET /api/categories responded 200 in 4.3748 ms
2026-06-01 15:47:43.768 +03:00 [INF] Request finished HTTP/1.1 GET http://localhost:5112/api/authors - 200 null application/json; charset=utf-8 4.7914ms
2026-06-01 15:47:43.768 +03:00 [INF] Request finished HTTP/1.1 GET http://localhost:5112/api/categories - 200 null application/json; charset=utf-8 4.7029ms
2026-06-01 15:47:43.784 +03:00 [INF] Executing OkObjectResult, writing value of type 'BookDto'.
2026-06-01 15:47:43.784 +03:00 [INF] Executed action BooksController.GetById (LibraryApp.Api) in 19.7531ms
2026-06-01 15:47:43.784 +03:00 [INF] HTTP GET /api/books/2 responded 200 in 20.0118 ms
2026-06-01 15:47:43.784 +03:00 [INF] Request finished HTTP/1.1 GET http://localhost:5112/api/books/2 - 200 null application/json; charset=utf-8 20.2468ms
2026-06-01 15:47:44.529 +03:00 [INF] Request starting HTTP/1.1 OPTIONS http://localhost:5112/api/authors - null null
2026-06-01 15:47:44.529 +03:00 [INF] CORS policy execution successful.
2026-06-01 15:47:44.530 +03:00 [INF] HTTP OPTIONS /api/authors responded 204 in 0.2561 ms
2026-06-01 15:47:44.532 +03:00 [INF] Request starting HTTP/1.1 OPTIONS http://localhost:5112/api/categories - null null
2026-06-01 15:47:44.532 +03:00 [INF] CORS policy execution successful.
2026-06-01 15:47:44.532 +03:00 [INF] HTTP OPTIONS /api/categories responded 204 in 0.0702 ms
2026-06-01 15:47:44.532 +03:00 [INF] Request finished HTTP/1.1 OPTIONS http://localhost:5112/api/categories - 204 null null 0.3751ms
2026-06-01 15:47:44.532 +03:00 [INF] Request starting HTTP/1.1 OPTIONS http://localhost:5112/api/books/2 - null null
2026-06-01 15:47:44.532 +03:00 [INF] CORS policy execution successful.
2026-06-01 15:47:44.532 +03:00 [INF] HTTP OPTIONS /api/books/2 responded 204 in 0.0841 ms
2026-06-01 15:47:44.533 +03:00 [INF] Request finished HTTP/1.1 OPTIONS http://localhost:5112/api/books/2 - 204 null null 0.6178ms
2026-06-01 15:47:44.530 +03:00 [INF] Request finished HTTP/1.1 OPTIONS http://localhost:5112/api/authors - 204 null null 0.7781ms
2026-06-01 15:47:44.549 +03:00 [INF] Request starting HTTP/1.1 GET http://localhost:5112/api/authors - application/json null
2026-06-01 15:47:44.550 +03:00 [INF] CORS policy execution successful.
2026-06-01 15:47:44.550 +03:00 [INF] Route matched with {action = "GetAll", controller = "Authors"}. Executing controller action with signature System.Threading.Tasks.Task`1[Microsoft.AspNetCore.Mvc.IActionResult] GetAll(System.Threading.CancellationToken) on controller LibraryApp.Api.Controllers.AuthorsController (LibraryApp.Api).
2026-06-01 15:47:44.553 +03:00 [INF] Executing OkObjectResult, writing value of type 'System.Collections.Generic.List`1[[<>f__AnonymousType0`2[[System.Int32, System.Private.CoreLib, Version=8.0.0.0, Culture=neutral, PublicKeyToken=7cec85d7bea7798e],[System.String, System.Private.CoreLib, Version=8.0.0.0, Culture=neutral, PublicKeyToken=7cec85d7bea7798e]], LibraryApp.Api, Version=1.0.0.0, Culture=neutral, PublicKeyToken=null]]'.
2026-06-01 15:47:44.554 +03:00 [INF] Executed action LibraryApp.Api.Controllers.AuthorsController.GetAll (LibraryApp.Api) in 2.8589ms
2026-06-01 15:47:44.554 +03:00 [INF] HTTP GET /api/authors responded 200 in 4.3464 ms
2026-06-01 15:47:44.554 +03:00 [INF] Request finished HTTP/1.1 GET http://localhost:5112/api/authors - 200 null application/json; charset=utf-8 4.6255ms
2026-06-01 15:47:44.556 +03:00 [INF] Request starting HTTP/1.1 GET http://localhost:5112/api/categories - application/json null
2026-06-01 15:47:44.556 +03:00 [INF] CORS policy execution successful.
2026-06-01 15:47:44.556 +03:00 [INF] Route matched with {action = "GetAll", controller = "Categories"}. Executing controller action with signature System.Threading.Tasks.Task`1[Microsoft.AspNetCore.Mvc.IActionResult] GetAll(System.Threading.CancellationToken) on controller LibraryApp.Api.Controllers.CategoriesController (LibraryApp.Api).
2026-06-01 15:47:44.564 +03:00 [INF] Request starting HTTP/1.1 GET http://localhost:5112/api/books/2 - application/json null
2026-06-01 15:47:44.565 +03:00 [INF] CORS policy execution successful.
2026-06-01 15:47:44.565 +03:00 [INF] Route matched with {action = "GetById", controller = "Books"}. Executing controller action with signature System.Threading.Tasks.Task`1[Microsoft.AspNetCore.Mvc.IActionResult] GetById(Int32, System.Threading.CancellationToken) on controller BooksController (LibraryApp.Api).
2026-06-01 15:47:44.567 +03:00 [INF] Executing OkObjectResult, writing value of type 'System.Collections.Generic.List`1[[<>f__AnonymousType2`2[[System.Int32, System.Private.CoreLib, Version=8.0.0.0, Culture=neutral, PublicKeyToken=7cec85d7bea7798e],[System.String, System.Private.CoreLib, Version=8.0.0.0, Culture=neutral, PublicKeyToken=7cec85d7bea7798e]], LibraryApp.Api, Version=1.0.0.0, Culture=neutral, PublicKeyToken=null]]'.
2026-06-01 15:47:44.567 +03:00 [INF] Executed action LibraryApp.Api.Controllers.CategoriesController.GetAll (LibraryApp.Api) in 2.7593ms
2026-06-01 15:47:44.567 +03:00 [INF] Executing OkObjectResult, writing value of type 'BookDto'.
2026-06-01 15:47:44.567 +03:00 [INF] HTTP GET /api/categories responded 200 in 11.0811 ms
2026-06-01 15:47:44.567 +03:00 [INF] Request finished HTTP/1.1 GET http://localhost:5112/api/categories - 200 null application/json; charset=utf-8 11.4903ms
2026-06-01 15:47:44.567 +03:00 [INF] Executed action BooksController.GetById (LibraryApp.Api) in 2.2644ms
2026-06-01 15:47:44.568 +03:00 [INF] HTTP GET /api/books/2 responded 200 in 2.7443 ms
2026-06-01 15:47:44.568 +03:00 [INF] Request finished HTTP/1.1 GET http://localhost:5112/api/books/2 - 200 null application/json; charset=utf-8 3.3672ms
2026-06-01 15:47:48.068 +03:00 [INF] Request starting HTTP/1.1 GET http://localhost:5112/api/authors - application/json null
2026-06-01 15:47:48.068 +03:00 [INF] Route matched with {action = "GetAll", controller = "Authors"}. Executing controller action with signature System.Threading.Tasks.Task`1[Microsoft.AspNetCore.Mvc.IActionResult] GetAll(System.Threading.CancellationToken) on controller LibraryApp.Api.Controllers.AuthorsController (LibraryApp.Api).
2026-06-01 15:47:48.068 +03:00 [INF] Request starting HTTP/1.1 GET http://localhost:5112/api/categories - application/json null
2026-06-01 15:47:48.069 +03:00 [INF] Route matched with {action = "GetAll", controller = "Categories"}. Executing controller action with signature System.Threading.Tasks.Task`1[Microsoft.AspNetCore.Mvc.IActionResult] GetAll(System.Threading.CancellationToken) on controller LibraryApp.Api.Controllers.CategoriesController (LibraryApp.Api).
2026-06-01 15:47:48.069 +03:00 [INF] Request starting HTTP/1.1 GET http://localhost:5112/api/books/2 - application/json null
2026-06-01 15:47:48.069 +03:00 [INF] Route matched with {action = "GetById", controller = "Books"}. Executing controller action with signature System.Threading.Tasks.Task`1[Microsoft.AspNetCore.Mvc.IActionResult] GetById(Int32, System.Threading.CancellationToken) on controller BooksController (LibraryApp.Api).
2026-06-01 15:47:48.070 +03:00 [INF] Executing OkObjectResult, writing value of type 'System.Collections.Generic.List`1[[<>f__AnonymousType0`2[[System.Int32, System.Private.CoreLib, Version=8.0.0.0, Culture=neutral, PublicKeyToken=7cec85d7bea7798e],[System.String, System.Private.CoreLib, Version=8.0.0.0, Culture=neutral, PublicKeyToken=7cec85d7bea7798e]], LibraryApp.Api, Version=1.0.0.0, Culture=neutral, PublicKeyToken=null]]'.
2026-06-01 15:47:48.070 +03:00 [INF] Executing OkObjectResult, writing value of type 'System.Collections.Generic.List`1[[<>f__AnonymousType2`2[[System.Int32, System.Private.CoreLib, Version=8.0.0.0, Culture=neutral, PublicKeyToken=7cec85d7bea7798e],[System.String, System.Private.CoreLib, Version=8.0.0.0, Culture=neutral, PublicKeyToken=7cec85d7bea7798e]], LibraryApp.Api, Version=1.0.0.0, Culture=neutral, PublicKeyToken=null]]'.
2026-06-01 15:47:48.071 +03:00 [INF] Executed action LibraryApp.Api.Controllers.AuthorsController.GetAll (LibraryApp.Api) in 2.1229ms
2026-06-01 15:47:48.071 +03:00 [INF] Executed action LibraryApp.Api.Controllers.CategoriesController.GetAll (LibraryApp.Api) in 1.8738ms
2026-06-01 15:47:48.071 +03:00 [INF] HTTP GET /api/authors responded 200 in 2.4698 ms
2026-06-01 15:47:48.071 +03:00 [INF] HTTP GET /api/categories responded 200 in 2.1768 ms
2026-06-01 15:47:48.071 +03:00 [INF] Request finished HTTP/1.1 GET http://localhost:5112/api/authors - 200 null application/json; charset=utf-8 2.6835ms
2026-06-01 15:47:48.071 +03:00 [INF] Request finished HTTP/1.1 GET http://localhost:5112/api/categories - 200 null application/json; charset=utf-8 2.3395ms
2026-06-01 15:47:48.071 +03:00 [INF] Executing OkObjectResult, writing value of type 'BookDto'.
2026-06-01 15:47:48.071 +03:00 [INF] Executed action BooksController.GetById (LibraryApp.Api) in 1.9784ms
2026-06-01 15:47:48.071 +03:00 [INF] HTTP GET /api/books/2 responded 200 in 2.2027 ms
2026-06-01 15:47:48.071 +03:00 [INF] Request finished HTTP/1.1 GET http://localhost:5112/api/books/2 - 200 null application/json; charset=utf-8 2.4185ms
2026-06-01 15:47:48.760 +03:00 [INF] Request starting HTTP/1.1 GET http://localhost:5112/api/authors - application/json null
2026-06-01 15:47:48.761 +03:00 [INF] CORS policy execution successful.
2026-06-01 15:47:48.761 +03:00 [INF] Request starting HTTP/1.1 GET http://localhost:5112/api/categories - application/json null
2026-06-01 15:47:48.761 +03:00 [INF] Route matched with {action = "GetAll", controller = "Authors"}. Executing controller action with signature System.Threading.Tasks.Task`1[Microsoft.AspNetCore.Mvc.IActionResult] GetAll(System.Threading.CancellationToken) on controller LibraryApp.Api.Controllers.AuthorsController (LibraryApp.Api).
2026-06-01 15:47:48.761 +03:00 [INF] CORS policy execution successful.
2026-06-01 15:47:48.762 +03:00 [INF] Route matched with {action = "GetAll", controller = "Categories"}. Executing controller action with signature System.Threading.Tasks.Task`1[Microsoft.AspNetCore.Mvc.IActionResult] GetAll(System.Threading.CancellationToken) on controller LibraryApp.Api.Controllers.CategoriesController (LibraryApp.Api).
2026-06-01 15:47:48.763 +03:00 [INF] Request starting HTTP/1.1 GET http://localhost:5112/api/books/2 - application/json null
2026-06-01 15:47:48.765 +03:00 [INF] CORS policy execution successful.
2026-06-01 15:47:48.765 +03:00 [INF] Route matched with {action = "GetById", controller = "Books"}. Executing controller action with signature System.Threading.Tasks.Task`1[Microsoft.AspNetCore.Mvc.IActionResult] GetById(Int32, System.Threading.CancellationToken) on controller BooksController (LibraryApp.Api).
2026-06-01 15:47:48.770 +03:00 [INF] Executing OkObjectResult, writing value of type 'System.Collections.Generic.List`1[[<>f__AnonymousType2`2[[System.Int32, System.Private.CoreLib, Version=8.0.0.0, Culture=neutral, PublicKeyToken=7cec85d7bea7798e],[System.String, System.Private.CoreLib, Version=8.0.0.0, Culture=neutral, PublicKeyToken=7cec85d7bea7798e]], LibraryApp.Api, Version=1.0.0.0, Culture=neutral, PublicKeyToken=null]]'.
2026-06-01 15:47:48.771 +03:00 [INF] Executed action LibraryApp.Api.Controllers.CategoriesController.GetAll (LibraryApp.Api) in 8.9523ms
2026-06-01 15:47:48.771 +03:00 [INF] HTTP GET /api/categories responded 200 in 9.2304 ms
2026-06-01 15:47:48.771 +03:00 [INF] Request finished HTTP/1.1 GET http://localhost:5112/api/categories - 200 null application/json; charset=utf-8 9.677ms
2026-06-01 15:47:48.771 +03:00 [INF] Executing OkObjectResult, writing value of type 'BookDto'.
2026-06-01 15:47:48.772 +03:00 [INF] Executed action BooksController.GetById (LibraryApp.Api) in 6.2313ms
2026-06-01 15:47:48.776 +03:00 [INF] HTTP GET /api/books/2 responded 200 in 10.8612 ms
2026-06-01 15:47:48.776 +03:00 [INF] Request finished HTTP/1.1 GET http://localhost:5112/api/books/2 - 200 null application/json; charset=utf-8 12.9605ms
2026-06-01 15:47:48.772 +03:00 [INF] Executing OkObjectResult, writing value of type 'System.Collections.Generic.List`1[[<>f__AnonymousType0`2[[System.Int32, System.Private.CoreLib, Version=8.0.0.0, Culture=neutral, PublicKeyToken=7cec85d7bea7798e],[System.String, System.Private.CoreLib, Version=8.0.0.0, Culture=neutral, PublicKeyToken=7cec85d7bea7798e]], LibraryApp.Api, Version=1.0.0.0, Culture=neutral, PublicKeyToken=null]]'.
2026-06-01 15:47:48.778 +03:00 [INF] Executed action LibraryApp.Api.Controllers.AuthorsController.GetAll (LibraryApp.Api) in 16.7443ms
2026-06-01 15:47:48.778 +03:00 [INF] HTTP GET /api/authors responded 200 in 17.3872 ms
2026-06-01 15:47:48.779 +03:00 [INF] Request finished HTTP/1.1 GET http://localhost:5112/api/authors - 200 null application/json; charset=utf-8 18.4013ms
2026-06-01 15:47:57.691 +03:00 [INF] Request starting HTTP/1.1 GET http://localhost:5112/index.html - null null
2026-06-01 15:47:57.692 +03:00 [INF] HTTP GET /index.html responded 200 in 0.8960 ms
2026-06-01 15:47:57.692 +03:00 [INF] Request finished HTTP/1.1 GET http://localhost:5112/index.html - 200 null text/html;charset=utf-8 1.1673ms
2026-06-01 15:47:58.111 +03:00 [INF] Request starting HTTP/1.1 GET http://localhost:5112/swagger/v1/swagger.json - null null
2026-06-01 15:47:58.163 +03:00 [INF] HTTP GET /swagger/v1/swagger.json responded 200 in 51.6947 ms
2026-06-01 15:47:58.163 +03:00 [INF] Request finished HTTP/1.1 GET http://localhost:5112/swagger/v1/swagger.json - 200 null application/json;charset=utf-8 51.9417ms
2026-06-01 15:49:11.304 +03:00 [INF] Request starting HTTP/1.1 GET http://localhost:5112/api/authors - application/json null
2026-06-01 15:49:11.305 +03:00 [INF] Route matched with {action = "GetAll", controller = "Authors"}. Executing controller action with signature System.Threading.Tasks.Task`1[Microsoft.AspNetCore.Mvc.IActionResult] GetAll(System.Threading.CancellationToken) on controller LibraryApp.Api.Controllers.AuthorsController (LibraryApp.Api).
2026-06-01 15:49:11.305 +03:00 [INF] Request starting HTTP/1.1 GET http://localhost:5112/api/categories - application/json null
2026-06-01 15:49:11.305 +03:00 [INF] Route matched with {action = "GetAll", controller = "Categories"}. Executing controller action with signature System.Threading.Tasks.Task`1[Microsoft.AspNetCore.Mvc.IActionResult] GetAll(System.Threading.CancellationToken) on controller LibraryApp.Api.Controllers.CategoriesController (LibraryApp.Api).
2026-06-01 15:49:11.305 +03:00 [INF] Request starting HTTP/1.1 GET http://localhost:5112/api/books/2 - application/json null
2026-06-01 15:49:11.305 +03:00 [INF] Route matched with {action = "GetById", controller = "Books"}. Executing controller action with signature System.Threading.Tasks.Task`1[Microsoft.AspNetCore.Mvc.IActionResult] GetById(Int32, System.Threading.CancellationToken) on controller BooksController (LibraryApp.Api).
2026-06-01 15:49:11.309 +03:00 [INF] Executing OkObjectResult, writing value of type 'System.Collections.Generic.List`1[[<>f__AnonymousType0`2[[System.Int32, System.Private.CoreLib, Version=8.0.0.0, Culture=neutral, PublicKeyToken=7cec85d7bea7798e],[System.String, System.Private.CoreLib, Version=8.0.0.0, Culture=neutral, PublicKeyToken=7cec85d7bea7798e]], LibraryApp.Api, Version=1.0.0.0, Culture=neutral, PublicKeyToken=null]]'.
2026-06-01 15:49:11.309 +03:00 [INF] Executing OkObjectResult, writing value of type 'System.Collections.Generic.List`1[[<>f__AnonymousType2`2[[System.Int32, System.Private.CoreLib, Version=8.0.0.0, Culture=neutral, PublicKeyToken=7cec85d7bea7798e],[System.String, System.Private.CoreLib, Version=8.0.0.0, Culture=neutral, PublicKeyToken=7cec85d7bea7798e]], LibraryApp.Api, Version=1.0.0.0, Culture=neutral, PublicKeyToken=null]]'.
2026-06-01 15:49:11.309 +03:00 [INF] Executed action LibraryApp.Api.Controllers.AuthorsController.GetAll (LibraryApp.Api) in 4.4777ms
2026-06-01 15:49:11.309 +03:00 [INF] HTTP GET /api/authors responded 200 in 4.7996 ms
2026-06-01 15:49:11.309 +03:00 [INF] Executed action LibraryApp.Api.Controllers.CategoriesController.GetAll (LibraryApp.Api) in 4.3857ms
2026-06-01 15:49:11.309 +03:00 [INF] HTTP GET /api/categories responded 200 in 4.5995 ms
2026-06-01 15:49:11.309 +03:00 [INF] Request finished HTTP/1.1 GET http://localhost:5112/api/authors - 200 null application/json; charset=utf-8 5.1146ms
2026-06-01 15:49:11.310 +03:00 [INF] Request finished HTTP/1.1 GET http://localhost:5112/api/categories - 200 null application/json; charset=utf-8 4.7888ms
2026-06-01 15:49:11.325 +03:00 [INF] Executing OkObjectResult, writing value of type 'BookDto'.
2026-06-01 15:49:11.325 +03:00 [INF] Executed action BooksController.GetById (LibraryApp.Api) in 19.7686ms
2026-06-01 15:49:11.325 +03:00 [INF] HTTP GET /api/books/2 responded 200 in 19.9740 ms
2026-06-01 15:49:11.325 +03:00 [INF] Request finished HTTP/1.1 GET http://localhost:5112/api/books/2 - 200 null application/json; charset=utf-8 20.3632ms
2026-06-01 15:49:12.038 +03:00 [INF] Request starting HTTP/1.1 OPTIONS http://localhost:5112/api/authors - null null
2026-06-01 15:49:12.039 +03:00 [INF] CORS policy execution successful.
2026-06-01 15:49:12.039 +03:00 [INF] HTTP OPTIONS /api/authors responded 204 in 0.1685 ms
2026-06-01 15:49:12.039 +03:00 [INF] Request starting HTTP/1.1 OPTIONS http://localhost:5112/api/books/2 - null null
2026-06-01 15:49:12.039 +03:00 [INF] CORS policy execution successful.
2026-06-01 15:49:12.039 +03:00 [INF] HTTP OPTIONS /api/books/2 responded 204 in 0.0814 ms
2026-06-01 15:49:12.039 +03:00 [INF] Request finished HTTP/1.1 OPTIONS http://localhost:5112/api/books/2 - 204 null null 0.2274ms
2026-06-01 15:49:12.039 +03:00 [INF] Request finished HTTP/1.1 OPTIONS http://localhost:5112/api/authors - 204 null null 0.6876ms
2026-06-01 15:49:12.051 +03:00 [INF] Request starting HTTP/1.1 OPTIONS http://localhost:5112/api/categories - null null
2026-06-01 15:49:12.057 +03:00 [INF] CORS policy execution successful.
2026-06-01 15:49:12.057 +03:00 [INF] HTTP OPTIONS /api/categories responded 204 in 0.5863 ms
2026-06-01 15:49:12.057 +03:00 [INF] Request finished HTTP/1.1 OPTIONS http://localhost:5112/api/categories - 204 null null 6.1501ms
2026-06-01 15:49:12.060 +03:00 [INF] Request starting HTTP/1.1 GET http://localhost:5112/api/authors - application/json null
2026-06-01 15:49:12.061 +03:00 [INF] CORS policy execution successful.
2026-06-01 15:49:12.062 +03:00 [INF] Route matched with {action = "GetAll", controller = "Authors"}. Executing controller action with signature System.Threading.Tasks.Task`1[Microsoft.AspNetCore.Mvc.IActionResult] GetAll(System.Threading.CancellationToken) on controller LibraryApp.Api.Controllers.AuthorsController (LibraryApp.Api).
2026-06-01 15:49:12.064 +03:00 [INF] Request starting HTTP/1.1 GET http://localhost:5112/api/books/2 - application/json null
2026-06-01 15:49:12.064 +03:00 [INF] CORS policy execution successful.
2026-06-01 15:49:12.064 +03:00 [INF] Route matched with {action = "GetById", controller = "Books"}. Executing controller action with signature System.Threading.Tasks.Task`1[Microsoft.AspNetCore.Mvc.IActionResult] GetById(Int32, System.Threading.CancellationToken) on controller BooksController (LibraryApp.Api).
2026-06-01 15:49:12.067 +03:00 [INF] Executing OkObjectResult, writing value of type 'BookDto'.
2026-06-01 15:49:12.067 +03:00 [INF] Executed action BooksController.GetById (LibraryApp.Api) in 2.8773ms
2026-06-01 15:49:12.067 +03:00 [INF] HTTP GET /api/books/2 responded 200 in 3.4760 ms
2026-06-01 15:49:12.068 +03:00 [INF] Request finished HTTP/1.1 GET http://localhost:5112/api/books/2 - 200 null application/json; charset=utf-8 3.9288ms
2026-06-01 15:49:12.068 +03:00 [INF] Request starting HTTP/1.1 GET http://localhost:5112/api/categories - application/json null
2026-06-01 15:49:12.068 +03:00 [INF] CORS policy execution successful.
2026-06-01 15:49:12.070 +03:00 [INF] Route matched with {action = "GetAll", controller = "Categories"}. Executing controller action with signature System.Threading.Tasks.Task`1[Microsoft.AspNetCore.Mvc.IActionResult] GetAll(System.Threading.CancellationToken) on controller LibraryApp.Api.Controllers.CategoriesController (LibraryApp.Api).
2026-06-01 15:49:12.071 +03:00 [INF] Executing OkObjectResult, writing value of type 'System.Collections.Generic.List`1[[<>f__AnonymousType0`2[[System.Int32, System.Private.CoreLib, Version=8.0.0.0, Culture=neutral, PublicKeyToken=7cec85d7bea7798e],[System.String, System.Private.CoreLib, Version=8.0.0.0, Culture=neutral, PublicKeyToken=7cec85d7bea7798e]], LibraryApp.Api, Version=1.0.0.0, Culture=neutral, PublicKeyToken=null]]'.
2026-06-01 15:49:12.071 +03:00 [INF] Executed action LibraryApp.Api.Controllers.AuthorsController.GetAll (LibraryApp.Api) in 8.9738ms
2026-06-01 15:49:12.071 +03:00 [INF] HTTP GET /api/authors responded 200 in 9.7624 ms
2026-06-01 15:49:12.071 +03:00 [INF] Request finished HTTP/1.1 GET http://localhost:5112/api/authors - 200 null application/json; charset=utf-8 11.2993ms
2026-06-01 15:49:12.073 +03:00 [INF] Executing OkObjectResult, writing value of type 'System.Collections.Generic.List`1[[<>f__AnonymousType2`2[[System.Int32, System.Private.CoreLib, Version=8.0.0.0, Culture=neutral, PublicKeyToken=7cec85d7bea7798e],[System.String, System.Private.CoreLib, Version=8.0.0.0, Culture=neutral, PublicKeyToken=7cec85d7bea7798e]], LibraryApp.Api, Version=1.0.0.0, Culture=neutral, PublicKeyToken=null]]'.
2026-06-01 15:49:12.073 +03:00 [INF] Executed action LibraryApp.Api.Controllers.CategoriesController.GetAll (LibraryApp.Api) in 2.982ms
2026-06-01 15:49:12.073 +03:00 [INF] HTTP GET /api/categories responded 200 in 4.8337 ms
2026-06-01 15:49:12.073 +03:00 [INF] Request finished HTTP/1.1 GET http://localhost:5112/api/categories - 200 null application/json; charset=utf-8 5.326ms
