2026-05-31 09:39:28.206 +03:00 [INF] Now listening on: http://localhost:5112
2026-05-31 09:39:28.257 +03:00 [INF] Application started. Press Ctrl+C to shut down.
2026-05-31 09:39:28.259 +03:00 [INF] Hosting environment: Development
2026-05-31 09:39:28.262 +03:00 [INF] Content root path: C:\Users\Thales\Desktop\netcore\LibraryApp\LibraryApp.Api
2026-05-31 09:39:39.576 +03:00 [INF] Application is shutting down...
2026-05-31 09:39:51.918 +03:00 [INF] Now listening on: http://localhost:5112
2026-05-31 09:39:51.963 +03:00 [INF] Application started. Press Ctrl+C to shut down.
2026-05-31 09:39:51.966 +03:00 [INF] Hosting environment: Development
2026-05-31 09:39:51.971 +03:00 [INF] Content root path: C:\Users\Thales\Desktop\netcore\LibraryApp\LibraryApp.Api
2026-05-31 09:40:26.439 +03:00 [INF] Request starting HTTP/1.1 GET http://localhost:5112/scalar - null null
2026-05-31 09:40:26.493 +03:00 [INF] HTTP GET /scalar responded 404 in 13.5314 ms
2026-05-31 09:40:26.517 +03:00 [INF] Request finished HTTP/1.1 GET http://localhost:5112/scalar - 404 0 null 80.2398ms
2026-05-31 09:40:26.537 +03:00 [INF] Request reached the end of the middleware pipeline without being handled by application code. Request path: GET http://localhost:5112/scalar, Response status code: 404
2026-05-31 09:40:29.031 +03:00 [INF] Request starting HTTP/1.1 GET http://localhost:5112/ - null null
2026-05-31 09:40:29.045 +03:00 [INF] HTTP GET / responded 404 in 1.6334 ms
2026-05-31 09:40:29.054 +03:00 [INF] Request finished HTTP/1.1 GET http://localhost:5112/ - 404 0 null 22.8ms
2026-05-31 09:40:29.066 +03:00 [INF] Request reached the end of the middleware pipeline without being handled by application code. Request path: GET http://localhost:5112/, Response status code: 404
2026-05-31 09:40:39.233 +03:00 [INF] Request starting HTTP/1.1 GET http://localhost:5112/ - null null
2026-05-31 09:40:39.250 +03:00 [INF] HTTP GET / responded 404 in 1.1485 ms
2026-05-31 09:40:39.257 +03:00 [INF] Request finished HTTP/1.1 GET http://localhost:5112/ - 404 0 null 24.1034ms
2026-05-31 09:40:39.268 +03:00 [INF] Request reached the end of the middleware pipeline without being handled by application code. Request path: GET http://localhost:5112/, Response status code: 404
2026-05-31 09:40:54.771 +03:00 [INF] Request starting HTTP/1.1 GET http://localhost:5112/ - null null
2026-05-31 09:40:54.784 +03:00 [INF] HTTP GET / responded 404 in 0.1254 ms
2026-05-31 09:40:54.791 +03:00 [INF] Request finished HTTP/1.1 GET http://localhost:5112/ - 404 0 null 19.9546ms
2026-05-31 09:40:54.810 +03:00 [INF] Request reached the end of the middleware pipeline without being handled by application code. Request path: GET http://localhost:5112/, Response status code: 404
2026-05-31 09:44:33.371 +03:00 [INF] Application is shutting down...
2026-05-31 09:44:42.197 +03:00 [INF] Now listening on: http://localhost:5112
2026-05-31 09:44:42.240 +03:00 [INF] Application started. Press Ctrl+C to shut down.
2026-05-31 09:44:42.243 +03:00 [INF] Hosting environment: Development
2026-05-31 09:44:42.246 +03:00 [INF] Content root path: C:\Users\Thales\Desktop\netcore\LibraryApp\LibraryApp.Api
2026-05-31 09:45:52.305 +03:00 [INF] Application is shutting down...
2026-05-31 09:46:34.860 +03:00 [INF] Now listening on: http://localhost:5112
2026-05-31 09:46:34.908 +03:00 [INF] Application started. Press Ctrl+C to shut down.
2026-05-31 09:46:34.909 +03:00 [INF] Hosting environment: Development
2026-05-31 09:46:34.909 +03:00 [INF] Content root path: C:\Users\Thales\Desktop\netcore\LibraryApp\LibraryApp.Api
2026-05-31 09:46:45.891 +03:00 [INF] Request starting HTTP/1.1 GET http://localhost:5112/ - null null
2026-05-31 09:46:46.110 +03:00 [INF] HTTP GET / responded 301 in 184.1178 ms
2026-05-31 09:46:46.118 +03:00 [INF] Request finished HTTP/1.1 GET http://localhost:5112/ - 301 0 null 227.8476ms
2026-05-31 09:46:46.126 +03:00 [INF] Request starting HTTP/1.1 GET http://localhost:5112/index.html - null null
2026-05-31 09:46:46.229 +03:00 [INF] HTTP GET /index.html responded 200 in 102.0044 ms
2026-05-31 09:46:46.230 +03:00 [INF] Request finished HTTP/1.1 GET http://localhost:5112/index.html - 200 null text/html;charset=utf-8 104.1349ms
2026-05-31 09:46:46.320 +03:00 [INF] Request starting HTTP/1.1 GET http://localhost:5112/swagger-ui.css - null null
2026-05-31 09:46:46.321 +03:00 [INF] Request starting HTTP/1.1 GET http://localhost:5112/swagger-ui-bundle.js - null null
2026-05-31 09:46:46.323 +03:00 [INF] Request starting HTTP/1.1 GET http://localhost:5112/swagger-ui-standalone-preset.js - null null
2026-05-31 09:46:46.355 +03:00 [INF] Sending file. Request path: '/swagger-ui-standalone-preset.js'. Physical path: 'N/A'
2026-05-31 09:46:46.360 +03:00 [INF] Sending file. Request path: '/swagger-ui.css'. Physical path: 'N/A'
2026-05-31 09:46:46.361 +03:00 [INF] HTTP GET /swagger-ui.css responded 200 in 38.5167 ms
2026-05-31 09:46:46.361 +03:00 [INF] HTTP GET /swagger-ui-standalone-preset.js responded 200 in 37.5128 ms
2026-05-31 09:46:46.366 +03:00 [INF] Request finished HTTP/1.1 GET http://localhost:5112/swagger-ui-standalone-preset.js - 200 230280 text/javascript 42.8859ms
2026-05-31 09:46:46.366 +03:00 [INF] Request finished HTTP/1.1 GET http://localhost:5112/swagger-ui.css - 200 152034 text/css 46.1736ms
2026-05-31 09:46:46.393 +03:00 [INF] Sending file. Request path: '/swagger-ui-bundle.js'. Physical path: 'N/A'
2026-05-31 09:46:46.393 +03:00 [INF] HTTP GET /swagger-ui-bundle.js responded 200 in 70.9679 ms
2026-05-31 09:46:46.394 +03:00 [INF] Request finished HTTP/1.1 GET http://localhost:5112/swagger-ui-bundle.js - 200 1456926 text/javascript 72.3737ms
2026-05-31 09:46:46.851 +03:00 [INF] Request starting HTTP/1.1 GET http://localhost:5112/swagger/v1/swagger.json - null null
2026-05-31 09:46:46.891 +03:00 [INF] Request starting HTTP/1.1 GET http://localhost:5112/favicon-32x32.png - null null
2026-05-31 09:46:46.892 +03:00 [INF] Sending file. Request path: '/favicon-32x32.png'. Physical path: 'N/A'
2026-05-31 09:46:46.892 +03:00 [INF] HTTP GET /favicon-32x32.png responded 200 in 0.7689 ms
2026-05-31 09:46:46.893 +03:00 [INF] Request finished HTTP/1.1 GET http://localhost:5112/favicon-32x32.png - 200 628 image/png 1.2855ms
2026-05-31 09:46:47.073 +03:00 [INF] Request starting HTTP/1.1 GET http://localhost:5112/swagger-ui-standalone-preset.js - null null
2026-05-31 09:46:47.074 +03:00 [INF] HTTP GET /swagger/v1/swagger.json responded 200 in 222.3798 ms
2026-05-31 09:46:47.074 +03:00 [INF] Request finished HTTP/1.1 GET http://localhost:5112/swagger/v1/swagger.json - 200 null application/json;charset=utf-8 223.2313ms
2026-05-31 09:46:47.075 +03:00 [INF] Sending file. Request path: '/swagger-ui-standalone-preset.js'. Physical path: 'N/A'
2026-05-31 09:46:47.076 +03:00 [INF] HTTP GET /swagger-ui-standalone-preset.js responded 200 in 1.9584 ms
2026-05-31 09:46:47.076 +03:00 [INF] Request finished HTTP/1.1 GET http://localhost:5112/swagger-ui-standalone-preset.js - 200 230280 text/javascript 2.5559ms
2026-05-31 09:46:47.671 +03:00 [INF] Request starting HTTP/1.1 GET http://localhost:5112/swagger-ui-bundle.js - null null
2026-05-31 09:46:47.678 +03:00 [INF] Sending file. Request path: '/swagger-ui-bundle.js'. Physical path: 'N/A'
2026-05-31 09:46:47.678 +03:00 [INF] HTTP GET /swagger-ui-bundle.js responded 200 in 6.4258 ms
2026-05-31 09:46:47.678 +03:00 [INF] Request finished HTTP/1.1 GET http://localhost:5112/swagger-ui-bundle.js - 200 1456926 text/javascript 7.1364ms
2026-05-31 09:47:03.636 +03:00 [INF] Request starting HTTP/1.1 GET http://localhost:5112/api/Books/1 - null null
2026-05-31 09:47:03.669 +03:00 [INF] Route matched with {action = "GetById", controller = "Books"}. Executing controller action with signature System.Threading.Tasks.Task`1[Microsoft.AspNetCore.Mvc.IActionResult] GetById(Int32, System.Threading.CancellationToken) on controller BooksController (LibraryApp.Api).
2026-05-31 09:47:05.092 +03:00 [WRN] Compiling a query which loads related collections for more than one collection navigation, either via 'Include' or through projection, but no 'QuerySplittingBehavior' has been configured. By default, Entity Framework will use 'QuerySplittingBehavior.SingleQuery', which can potentially result in slow query performance. See https://go.microsoft.com/fwlink/?linkid=2134277 for more information. To identify the query that's triggering this warning call 'ConfigureWarnings(w => w.Throw(RelationalEventId.MultipleCollectionIncludeWarning))'.
2026-05-31 09:47:05.582 +03:00 [INF] Executing OkObjectResult, writing value of type 'BookDto'.
2026-05-31 09:47:05.634 +03:00 [INF] Executed action BooksController.GetById (LibraryApp.Api) in 1961.4379ms
2026-05-31 09:47:05.635 +03:00 [INF] HTTP GET /api/Books/1 responded 200 in 1993.1429 ms
2026-05-31 09:47:05.643 +03:00 [INF] Request finished HTTP/1.1 GET http://localhost:5112/api/Books/1 - 200 null application/json; charset=utf-8 2006.6222ms
2026-05-31 09:47:16.227 +03:00 [INF] Request starting HTTP/1.1 GET http://localhost:5112/api/Books/2 - null null
2026-05-31 09:47:16.229 +03:00 [INF] Route matched with {action = "GetById", controller = "Books"}. Executing controller action with signature System.Threading.Tasks.Task`1[Microsoft.AspNetCore.Mvc.IActionResult] GetById(Int32, System.Threading.CancellationToken) on controller BooksController (LibraryApp.Api).
2026-05-31 09:47:16.293 +03:00 [INF] Executing OkObjectResult, writing value of type 'BookDto'.
2026-05-31 09:47:16.294 +03:00 [INF] Executed action BooksController.GetById (LibraryApp.Api) in 64.8352ms
2026-05-31 09:47:16.294 +03:00 [INF] HTTP GET /api/Books/2 responded 200 in 65.7329 ms
2026-05-31 09:47:16.294 +03:00 [INF] Request finished HTTP/1.1 GET http://localhost:5112/api/Books/2 - 200 null application/json; charset=utf-8 67.3602ms
2026-05-31 09:47:34.792 +03:00 [INF] Request starting HTTP/1.1 GET http://localhost:5112/api/Books?Title=Dune - null null
2026-05-31 09:47:34.807 +03:00 [INF] Route matched with {action = "Search", controller = "Books"}. Executing controller action with signature System.Threading.Tasks.Task`1[Microsoft.AspNetCore.Mvc.IActionResult] Search(BookSearchQuery, System.Threading.CancellationToken) on controller BooksController (LibraryApp.Api).
2026-05-31 09:47:34.924 +03:00 [WRN] Compiling a query which loads related collections for more than one collection navigation, either via 'Include' or through projection, but no 'QuerySplittingBehavior' has been configured. By default, Entity Framework will use 'QuerySplittingBehavior.SingleQuery', which can potentially result in slow query performance. See https://go.microsoft.com/fwlink/?linkid=2134277 for more information. To identify the query that's triggering this warning call 'ConfigureWarnings(w => w.Throw(RelationalEventId.MultipleCollectionIncludeWarning))'.
2026-05-31 09:47:34.951 +03:00 [INF] Executing OkObjectResult, writing value of type 'PagedResult`1[[BookDto, LibraryApp.Core, Version=1.0.0.0, Culture=neutral, PublicKeyToken=null]]'.
2026-05-31 09:47:34.959 +03:00 [INF] Executed action BooksController.Search (LibraryApp.Api) in 151.7502ms
2026-05-31 09:47:34.959 +03:00 [INF] HTTP GET /api/Books responded 200 in 165.9858 ms
2026-05-31 09:47:34.959 +03:00 [INF] Request finished HTTP/1.1 GET http://localhost:5112/api/Books?Title=Dune - 200 null application/json; charset=utf-8 166.6857ms
2026-05-31 09:47:44.170 +03:00 [INF] Request starting HTTP/1.1 GET http://localhost:5112/api/Books?Title=yyyyy - null null
2026-05-31 09:47:44.170 +03:00 [INF] Route matched with {action = "Search", controller = "Books"}. Executing controller action with signature System.Threading.Tasks.Task`1[Microsoft.AspNetCore.Mvc.IActionResult] Search(BookSearchQuery, System.Threading.CancellationToken) on controller BooksController (LibraryApp.Api).
2026-05-31 09:47:44.179 +03:00 [INF] Executing OkObjectResult, writing value of type 'PagedResult`1[[BookDto, LibraryApp.Core, Version=1.0.0.0, Culture=neutral, PublicKeyToken=null]]'.
2026-05-31 09:47:44.179 +03:00 [INF] Executed action BooksController.Search (LibraryApp.Api) in 9.0321ms
2026-05-31 09:47:44.180 +03:00 [INF] HTTP GET /api/Books responded 200 in 9.5579 ms
2026-05-31 09:47:44.180 +03:00 [INF] Request finished HTTP/1.1 GET http://localhost:5112/api/Books?Title=yyyyy - 200 null application/json; charset=utf-8 10.4231ms
2026-05-31 09:47:51.692 +03:00 [INF] Request starting HTTP/1.1 GET http://localhost:5112/api/Loans/active - null null
2026-05-31 09:47:51.698 +03:00 [INF] Route matched with {action = "GetActive", controller = "Loans"}. Executing controller action with signature System.Threading.Tasks.Task`1[Microsoft.AspNetCore.Mvc.IActionResult] GetActive(System.Threading.CancellationToken) on controller LibraryApp.Api.Controllers.LoansController (LibraryApp.Api).
2026-05-31 09:47:51.727 +03:00 [INF] Executed action LibraryApp.Api.Controllers.LoansController.GetActive (LibraryApp.Api) in 29.2646ms
2026-05-31 09:47:51.728 +03:00 [ERR] HTTP GET /api/Loans/active responded 500 in 35.6426 ms
System.InvalidOperationException: The LINQ expression 'DbSet<Loan>()
    .Where(l => l.ReturnDate == null)
    .Join(
        inner: DbSet<Member>(), 
        outerKeySelector: l => EF.Property<int?>(l, "MemberId"), 
        innerKeySelector: m => EF.Property<int?>(m, "MemberId"), 
        resultSelector: (o, i) => new TransparentIdentifier<Loan, Member>(
            Outer = o, 
            Inner = i
        ))
    .Join(
        inner: DbSet<BookCopy>(), 
        outerKeySelector: l => EF.Property<int?>(l.Outer, "CopyId"), 
        innerKeySelector: b => EF.Property<int?>(b, "CopyId"), 
        resultSelector: (o, i) => new TransparentIdentifier<TransparentIdentifier<Loan, Member>, BookCopy>(
            Outer = o, 
            Inner = i
        ))
    .Join(
        inner: DbSet<Book>(), 
        outerKeySelector: l => EF.Property<int?>(l.Inner, "BookId"), 
        innerKeySelector: b0 => EF.Property<int?>(b0, "BookId"), 
        resultSelector: (o, i) => new TransparentIdentifier<TransparentIdentifier<TransparentIdentifier<Loan, Member>, BookCopy>, Book>(
            Outer = o, 
            Inner = i
        ))
    .OrderBy(l => new ActiveLoanDto(
        l.Outer.Outer.Outer.LoanId, 
        l.Outer.Outer.Inner.FullName, 
        l.Inner.Title, 
        DbSet<Dictionary<string, object>>("BookAuthor")
            .Where(b1 => EF.Property<int?>(l.Inner, "BookId") != null && object.Equals(
                objA: (object)EF.Property<int?>(l.Inner, "BookId"), 
                objB: (object)EF.Property<int?>(b1, "BookId")))
            .Join(
                inner: DbSet<Author>(), 
                outerKeySelector: b1 => (object)EF.Property<int?>(b1, "AuthorId"), 
                innerKeySelector: a => (object)EF.Property<int?>(a, "AuthorId"), 
                resultSelector: (b1, a) => new TransparentIdentifier<Dictionary<string, object>, Author>(
                    Outer = b1, 
                    Inner = a
                ))
            .Select(ti => ti.Inner.FullName)
            .FirstOrDefault() ?? "Unknown", 
        l.Outer.Outer.Outer.DueDate, 
        l.Outer.Outer.Outer.DueDate < DateTime.UtcNow
    ).DueDate)' could not be translated. Either rewrite the query in a form that can be translated, or switch to client evaluation explicitly by inserting a call to 'AsEnumerable', 'AsAsyncEnumerable', 'ToList', or 'ToListAsync'. See https://go.microsoft.com/fwlink/?linkid=2101038 for more information.
   at Microsoft.EntityFrameworkCore.Query.QueryableMethodTranslatingExpressionVisitor.Translate(Expression expression)
   at Microsoft.EntityFrameworkCore.Query.RelationalQueryableMethodTranslatingExpressionVisitor.Translate(Expression expression)
   at Microsoft.EntityFrameworkCore.Query.QueryCompilationContext.CreateQueryExecutor[TResult](Expression query)
   at Microsoft.EntityFrameworkCore.Storage.Database.CompileQuery[TResult](Expression query, Boolean async)
   at Microsoft.EntityFrameworkCore.Query.Internal.QueryCompiler.CompileQueryCore[TResult](IDatabase database, Expression query, IModel model, Boolean async)
   at Microsoft.EntityFrameworkCore.Query.Internal.QueryCompiler.<>c__DisplayClass12_0`1.<ExecuteAsync>b__0()
   at Microsoft.EntityFrameworkCore.Query.Internal.CompiledQueryCache.GetOrAddQuery[TResult](Object cacheKey, Func`1 compiler)
   at Microsoft.EntityFrameworkCore.Query.Internal.QueryCompiler.ExecuteAsync[TResult](Expression query, CancellationToken cancellationToken)
   at Microsoft.EntityFrameworkCore.Query.Internal.EntityQueryProvider.ExecuteAsync[TResult](Expression expression, CancellationToken cancellationToken)
   at Microsoft.EntityFrameworkCore.Query.Internal.EntityQueryable`1.GetAsyncEnumerator(CancellationToken cancellationToken)
   at System.Runtime.CompilerServices.ConfiguredCancelableAsyncEnumerable`1.GetAsyncEnumerator()
   at Microsoft.EntityFrameworkCore.EntityFrameworkQueryableExtensions.ToListAsync[TSource](IQueryable`1 source, CancellationToken cancellationToken)
   at LibraryApp.Data.Repositories.LoanRepository.GetActiveLoansAsync(CancellationToken ct) in C:\Users\Thales\Desktop\netcore\LibraryApp\LibraryApp.Data\Repositories\LoanRepository.cs:line 17
   at LibraryApp.Api.Controllers.LoansController.GetActive(CancellationToken ct) in C:\Users\Thales\Desktop\netcore\LibraryApp\LibraryApp.Api\Controllers\LoansController.cs:line 19
   at Microsoft.AspNetCore.Mvc.Infrastructure.ActionMethodExecutor.TaskOfIActionResultExecutor.Execute(ActionContext actionContext, IActionResultTypeMapper mapper, ObjectMethodExecutor executor, Object controller, Object[] arguments)
   at Microsoft.AspNetCore.Mvc.Infrastructure.ControllerActionInvoker.<InvokeActionMethodAsync>g__Awaited|12_0(ControllerActionInvoker invoker, ValueTask`1 actionResultValueTask)
   at Microsoft.AspNetCore.Mvc.Infrastructure.ControllerActionInvoker.<InvokeNextActionFilterAsync>g__Awaited|10_0(ControllerActionInvoker invoker, Task lastTask, State next, Scope scope, Object state, Boolean isCompleted)
   at Microsoft.AspNetCore.Mvc.Infrastructure.ControllerActionInvoker.Rethrow(ActionExecutedContextSealed context)
   at Microsoft.AspNetCore.Mvc.Infrastructure.ControllerActionInvoker.Next(State& next, Scope& scope, Object& state, Boolean& isCompleted)
   at Microsoft.AspNetCore.Mvc.Infrastructure.ControllerActionInvoker.InvokeInnerFilterAsync()
--- End of stack trace from previous location ---
   at Microsoft.AspNetCore.Mvc.Infrastructure.ResourceInvoker.<InvokeFilterPipelineAsync>g__Awaited|20_0(ResourceInvoker invoker, Task lastTask, State next, Scope scope, Object state, Boolean isCompleted)
   at Microsoft.AspNetCore.Mvc.Infrastructure.ResourceInvoker.<InvokeAsync>g__Logged|17_1(ResourceInvoker invoker)
   at Microsoft.AspNetCore.Mvc.Infrastructure.ResourceInvoker.<InvokeAsync>g__Logged|17_1(ResourceInvoker invoker)
   at Swashbuckle.AspNetCore.SwaggerUI.SwaggerUIMiddleware.Invoke(HttpContext httpContext)
   at Swashbuckle.AspNetCore.Swagger.SwaggerMiddleware.Invoke(HttpContext httpContext, ISwaggerProvider swaggerProvider)
   at Serilog.AspNetCore.RequestLoggingMiddleware.Invoke(HttpContext httpContext)
2026-05-31 09:47:51.764 +03:00 [ERR] Unhandled exception on GET /api/Loans/active
System.InvalidOperationException: The LINQ expression 'DbSet<Loan>()
    .Where(l => l.ReturnDate == null)
    .Join(
        inner: DbSet<Member>(), 
        outerKeySelector: l => EF.Property<int?>(l, "MemberId"), 
        innerKeySelector: m => EF.Property<int?>(m, "MemberId"), 
        resultSelector: (o, i) => new TransparentIdentifier<Loan, Member>(
            Outer = o, 
            Inner = i
        ))
    .Join(
        inner: DbSet<BookCopy>(), 
        outerKeySelector: l => EF.Property<int?>(l.Outer, "CopyId"), 
        innerKeySelector: b => EF.Property<int?>(b, "CopyId"), 
        resultSelector: (o, i) => new TransparentIdentifier<TransparentIdentifier<Loan, Member>, BookCopy>(
            Outer = o, 
            Inner = i
        ))
    .Join(
        inner: DbSet<Book>(), 
        outerKeySelector: l => EF.Property<int?>(l.Inner, "BookId"), 
        innerKeySelector: b0 => EF.Property<int?>(b0, "BookId"), 
        resultSelector: (o, i) => new TransparentIdentifier<TransparentIdentifier<TransparentIdentifier<Loan, Member>, BookCopy>, Book>(
            Outer = o, 
            Inner = i
        ))
    .OrderBy(l => new ActiveLoanDto(
        l.Outer.Outer.Outer.LoanId, 
        l.Outer.Outer.Inner.FullName, 
        l.Inner.Title, 
        DbSet<Dictionary<string, object>>("BookAuthor")
            .Where(b1 => EF.Property<int?>(l.Inner, "BookId") != null && object.Equals(
                objA: (object)EF.Property<int?>(l.Inner, "BookId"), 
                objB: (object)EF.Property<int?>(b1, "BookId")))
            .Join(
                inner: DbSet<Author>(), 
                outerKeySelector: b1 => (object)EF.Property<int?>(b1, "AuthorId"), 
                innerKeySelector: a => (object)EF.Property<int?>(a, "AuthorId"), 
                resultSelector: (b1, a) => new TransparentIdentifier<Dictionary<string, object>, Author>(
                    Outer = b1, 
                    Inner = a
                ))
            .Select(ti => ti.Inner.FullName)
            .FirstOrDefault() ?? "Unknown", 
        l.Outer.Outer.Outer.DueDate, 
        l.Outer.Outer.Outer.DueDate < DateTime.UtcNow
    ).DueDate)' could not be translated. Either rewrite the query in a form that can be translated, or switch to client evaluation explicitly by inserting a call to 'AsEnumerable', 'AsAsyncEnumerable', 'ToList', or 'ToListAsync'. See https://go.microsoft.com/fwlink/?linkid=2101038 for more information.
   at Microsoft.EntityFrameworkCore.Query.QueryableMethodTranslatingExpressionVisitor.Translate(Expression expression)
   at Microsoft.EntityFrameworkCore.Query.RelationalQueryableMethodTranslatingExpressionVisitor.Translate(Expression expression)
   at Microsoft.EntityFrameworkCore.Query.QueryCompilationContext.CreateQueryExecutor[TResult](Expression query)
   at Microsoft.EntityFrameworkCore.Storage.Database.CompileQuery[TResult](Expression query, Boolean async)
   at Microsoft.EntityFrameworkCore.Query.Internal.QueryCompiler.CompileQueryCore[TResult](IDatabase database, Expression query, IModel model, Boolean async)
   at Microsoft.EntityFrameworkCore.Query.Internal.QueryCompiler.<>c__DisplayClass12_0`1.<ExecuteAsync>b__0()
   at Microsoft.EntityFrameworkCore.Query.Internal.CompiledQueryCache.GetOrAddQuery[TResult](Object cacheKey, Func`1 compiler)
   at Microsoft.EntityFrameworkCore.Query.Internal.QueryCompiler.ExecuteAsync[TResult](Expression query, CancellationToken cancellationToken)
   at Microsoft.EntityFrameworkCore.Query.Internal.EntityQueryProvider.ExecuteAsync[TResult](Expression expression, CancellationToken cancellationToken)
   at Microsoft.EntityFrameworkCore.Query.Internal.EntityQueryable`1.GetAsyncEnumerator(CancellationToken cancellationToken)
   at System.Runtime.CompilerServices.ConfiguredCancelableAsyncEnumerable`1.GetAsyncEnumerator()
   at Microsoft.EntityFrameworkCore.EntityFrameworkQueryableExtensions.ToListAsync[TSource](IQueryable`1 source, CancellationToken cancellationToken)
   at LibraryApp.Data.Repositories.LoanRepository.GetActiveLoansAsync(CancellationToken ct) in C:\Users\Thales\Desktop\netcore\LibraryApp\LibraryApp.Data\Repositories\LoanRepository.cs:line 17
   at LibraryApp.Api.Controllers.LoansController.GetActive(CancellationToken ct) in C:\Users\Thales\Desktop\netcore\LibraryApp\LibraryApp.Api\Controllers\LoansController.cs:line 19
   at Microsoft.AspNetCore.Mvc.Infrastructure.ActionMethodExecutor.TaskOfIActionResultExecutor.Execute(ActionContext actionContext, IActionResultTypeMapper mapper, ObjectMethodExecutor executor, Object controller, Object[] arguments)
   at Microsoft.AspNetCore.Mvc.Infrastructure.ControllerActionInvoker.<InvokeActionMethodAsync>g__Awaited|12_0(ControllerActionInvoker invoker, ValueTask`1 actionResultValueTask)
   at Microsoft.AspNetCore.Mvc.Infrastructure.ControllerActionInvoker.<InvokeNextActionFilterAsync>g__Awaited|10_0(ControllerActionInvoker invoker, Task lastTask, State next, Scope scope, Object state, Boolean isCompleted)
   at Microsoft.AspNetCore.Mvc.Infrastructure.ControllerActionInvoker.Rethrow(ActionExecutedContextSealed context)
   at Microsoft.AspNetCore.Mvc.Infrastructure.ControllerActionInvoker.Next(State& next, Scope& scope, Object& state, Boolean& isCompleted)
   at Microsoft.AspNetCore.Mvc.Infrastructure.ControllerActionInvoker.InvokeInnerFilterAsync()
--- End of stack trace from previous location ---
   at Microsoft.AspNetCore.Mvc.Infrastructure.ResourceInvoker.<InvokeFilterPipelineAsync>g__Awaited|20_0(ResourceInvoker invoker, Task lastTask, State next, Scope scope, Object state, Boolean isCompleted)
   at Microsoft.AspNetCore.Mvc.Infrastructure.ResourceInvoker.<InvokeAsync>g__Logged|17_1(ResourceInvoker invoker)
   at Microsoft.AspNetCore.Mvc.Infrastructure.ResourceInvoker.<InvokeAsync>g__Logged|17_1(ResourceInvoker invoker)
   at Swashbuckle.AspNetCore.SwaggerUI.SwaggerUIMiddleware.Invoke(HttpContext httpContext)
   at Swashbuckle.AspNetCore.Swagger.SwaggerMiddleware.Invoke(HttpContext httpContext, ISwaggerProvider swaggerProvider)
   at Serilog.AspNetCore.RequestLoggingMiddleware.Invoke(HttpContext httpContext)
   at LibraryApp.Api.Middleware.ExceptionMiddleware.InvokeAsync(HttpContext context) in C:\Users\Thales\Desktop\netcore\LibraryApp\LibraryApp.Api\Middleware\ExceptionMiddleware.cs:line 22
2026-05-31 09:47:51.771 +03:00 [INF] Request finished HTTP/1.1 GET http://localhost:5112/api/Loans/active - 500 null application/problem+json 79.5801ms
2026-05-31 09:48:12.382 +03:00 [INF] Request starting HTTP/1.1 POST http://localhost:5112/api/Loans/checkout - application/json 34
2026-05-31 09:48:12.385 +03:00 [INF] CORS policy execution failed.
2026-05-31 09:48:12.386 +03:00 [INF] Request origin http://localhost:5112 does not have permission to access the resource.
2026-05-31 09:48:12.392 +03:00 [INF] Route matched with {action = "CheckOut", controller = "Loans"}. Executing controller action with signature System.Threading.Tasks.Task`1[Microsoft.AspNetCore.Mvc.IActionResult] CheckOut(LibraryApp.Core.DTOs.CheckOutCommand, System.Threading.CancellationToken) on controller LibraryApp.Api.Controllers.LoansController (LibraryApp.Api).
2026-05-31 09:48:12.443 +03:00 [WRN] The query uses the 'First'/'FirstOrDefault' operator without 'OrderBy' and filter operators. This may lead to unpredictable results.
2026-05-31 09:48:12.483 +03:00 [INF] Executed action LibraryApp.Api.Controllers.LoansController.CheckOut (LibraryApp.Api) in 90.8355ms
2026-05-31 09:48:12.484 +03:00 [ERR] HTTP POST /api/Loans/checkout responded 500 in 100.4172 ms
ConflictException: No available copies for this book.
   at LibraryApp.Data.Services.LoanService.CheckOutAsync(CheckOutCommand cmd, CancellationToken ct) in C:\Users\Thales\Desktop\netcore\LibraryApp\LibraryApp.Data\Services\LoanService.cs:line 32
   at LibraryApp.Api.Controllers.LoansController.CheckOut(CheckOutCommand command, CancellationToken ct) in C:\Users\Thales\Desktop\netcore\LibraryApp\LibraryApp.Api\Controllers\LoansController.cs:line 29
   at Microsoft.AspNetCore.Mvc.Infrastructure.ActionMethodExecutor.TaskOfIActionResultExecutor.Execute(ActionContext actionContext, IActionResultTypeMapper mapper, ObjectMethodExecutor executor, Object controller, Object[] arguments)
   at Microsoft.AspNetCore.Mvc.Infrastructure.ControllerActionInvoker.<InvokeActionMethodAsync>g__Awaited|12_0(ControllerActionInvoker invoker, ValueTask`1 actionResultValueTask)
   at Microsoft.AspNetCore.Mvc.Infrastructure.ControllerActionInvoker.<InvokeNextActionFilterAsync>g__Awaited|10_0(ControllerActionInvoker invoker, Task lastTask, State next, Scope scope, Object state, Boolean isCompleted)
   at Microsoft.AspNetCore.Mvc.Infrastructure.ControllerActionInvoker.Rethrow(ActionExecutedContextSealed context)
   at Microsoft.AspNetCore.Mvc.Infrastructure.ControllerActionInvoker.Next(State& next, Scope& scope, Object& state, Boolean& isCompleted)
   at Microsoft.AspNetCore.Mvc.Infrastructure.ControllerActionInvoker.<InvokeInnerFilterAsync>g__Awaited|13_0(ControllerActionInvoker invoker, Task lastTask, State next, Scope scope, Object state, Boolean isCompleted)
   at Microsoft.AspNetCore.Mvc.Infrastructure.ResourceInvoker.<InvokeFilterPipelineAsync>g__Awaited|20_0(ResourceInvoker invoker, Task lastTask, State next, Scope scope, Object state, Boolean isCompleted)
   at Microsoft.AspNetCore.Mvc.Infrastructure.ResourceInvoker.<InvokeAsync>g__Logged|17_1(ResourceInvoker invoker)
   at Microsoft.AspNetCore.Mvc.Infrastructure.ResourceInvoker.<InvokeAsync>g__Logged|17_1(ResourceInvoker invoker)
   at Swashbuckle.AspNetCore.SwaggerUI.SwaggerUIMiddleware.Invoke(HttpContext httpContext)
   at Swashbuckle.AspNetCore.Swagger.SwaggerMiddleware.Invoke(HttpContext httpContext, ISwaggerProvider swaggerProvider)
   at Serilog.AspNetCore.RequestLoggingMiddleware.Invoke(HttpContext httpContext)
2026-05-31 09:48:12.495 +03:00 [INF] Request finished HTTP/1.1 POST http://localhost:5112/api/Loans/checkout - 409 null application/problem+json 112.2481ms
2026-05-31 09:52:26.205 +03:00 [INF] Request starting HTTP/1.1 POST http://localhost:5112/api/Loans/checkout - application/json 34
2026-05-31 09:52:26.216 +03:00 [INF] CORS policy execution failed.
2026-05-31 09:52:26.216 +03:00 [INF] Request origin http://localhost:5112 does not have permission to access the resource.
2026-05-31 09:52:26.217 +03:00 [INF] Route matched with {action = "CheckOut", controller = "Loans"}. Executing controller action with signature System.Threading.Tasks.Task`1[Microsoft.AspNetCore.Mvc.IActionResult] CheckOut(LibraryApp.Core.DTOs.CheckOutCommand, System.Threading.CancellationToken) on controller LibraryApp.Api.Controllers.LoansController (LibraryApp.Api).
2026-05-31 09:52:26.502 +03:00 [WRN] Savepoints are disabled because Multiple Active Result Sets (MARS) is enabled. If 'SaveChanges' fails, then the transaction cannot be automatically rolled back to a known clean state. Instead, the transaction should be rolled back by the application before retrying 'SaveChanges'. See https://go.microsoft.com/fwlink/?linkid=2149338 for more information and examples. To identify the code which triggers this warning, call 'ConfigureWarnings(w => w.Throw(SqlServerEventId.SavepointsDisabledBecauseOfMARS))'.
2026-05-31 09:52:26.560 +03:00 [INF] Loan 1 created: member 1, copy 1
2026-05-31 09:52:26.561 +03:00 [INF] Executing CreatedAtActionResult, writing value of type 'LibraryApp.Core.DTOs.LoanDto'.
2026-05-31 09:52:26.582 +03:00 [INF] Executed action LibraryApp.Api.Controllers.LoansController.CheckOut (LibraryApp.Api) in 364.7441ms
2026-05-31 09:52:26.582 +03:00 [INF] HTTP POST /api/Loans/checkout responded 201 in 366.8873 ms
2026-05-31 09:52:26.583 +03:00 [INF] Request finished HTTP/1.1 POST http://localhost:5112/api/Loans/checkout - 201 null application/json; charset=utf-8 377.9021ms
2026-05-31 09:54:22.578 +03:00 [INF] Request starting HTTP/1.1 GET http://localhost:5112/api/Loans/active - null null
2026-05-31 09:54:22.579 +03:00 [INF] Route matched with {action = "GetActive", controller = "Loans"}. Executing controller action with signature System.Threading.Tasks.Task`1[Microsoft.AspNetCore.Mvc.IActionResult] GetActive(System.Threading.CancellationToken) on controller LibraryApp.Api.Controllers.LoansController (LibraryApp.Api).
2026-05-31 09:54:22.588 +03:00 [INF] Executed action LibraryApp.Api.Controllers.LoansController.GetActive (LibraryApp.Api) in 9.4403ms
2026-05-31 09:54:22.589 +03:00 [ERR] HTTP GET /api/Loans/active responded 500 in 10.4488 ms
System.InvalidOperationException: The LINQ expression 'DbSet<Loan>()
    .Where(l => l.ReturnDate == null)
    .Join(
        inner: DbSet<Member>(), 
        outerKeySelector: l => EF.Property<int?>(l, "MemberId"), 
        innerKeySelector: m => EF.Property<int?>(m, "MemberId"), 
        resultSelector: (o, i) => new TransparentIdentifier<Loan, Member>(
            Outer = o, 
            Inner = i
        ))
    .Join(
        inner: DbSet<BookCopy>(), 
        outerKeySelector: l => EF.Property<int?>(l.Outer, "CopyId"), 
        innerKeySelector: b => EF.Property<int?>(b, "CopyId"), 
        resultSelector: (o, i) => new TransparentIdentifier<TransparentIdentifier<Loan, Member>, BookCopy>(
            Outer = o, 
            Inner = i
        ))
    .Join(
        inner: DbSet<Book>(), 
        outerKeySelector: l => EF.Property<int?>(l.Inner, "BookId"), 
        innerKeySelector: b0 => EF.Property<int?>(b0, "BookId"), 
        resultSelector: (o, i) => new TransparentIdentifier<TransparentIdentifier<TransparentIdentifier<Loan, Member>, BookCopy>, Book>(
            Outer = o, 
            Inner = i
        ))
    .OrderBy(l => new ActiveLoanDto(
        l.Outer.Outer.Outer.LoanId, 
        l.Outer.Outer.Inner.FullName, 
        l.Inner.Title, 
        DbSet<Dictionary<string, object>>("BookAuthor")
            .Where(b1 => EF.Property<int?>(l.Inner, "BookId") != null && object.Equals(
                objA: (object)EF.Property<int?>(l.Inner, "BookId"), 
                objB: (object)EF.Property<int?>(b1, "BookId")))
            .Join(
                inner: DbSet<Author>(), 
                outerKeySelector: b1 => (object)EF.Property<int?>(b1, "AuthorId"), 
                innerKeySelector: a => (object)EF.Property<int?>(a, "AuthorId"), 
                resultSelector: (b1, a) => new TransparentIdentifier<Dictionary<string, object>, Author>(
                    Outer = b1, 
                    Inner = a
                ))
            .Select(ti => ti.Inner.FullName)
            .FirstOrDefault() ?? "Unknown", 
        l.Outer.Outer.Outer.DueDate, 
        l.Outer.Outer.Outer.DueDate < DateTime.UtcNow
    ).DueDate)' could not be translated. Either rewrite the query in a form that can be translated, or switch to client evaluation explicitly by inserting a call to 'AsEnumerable', 'AsAsyncEnumerable', 'ToList', or 'ToListAsync'. See https://go.microsoft.com/fwlink/?linkid=2101038 for more information.
   at Microsoft.EntityFrameworkCore.Query.QueryableMethodTranslatingExpressionVisitor.Translate(Expression expression)
   at Microsoft.EntityFrameworkCore.Query.RelationalQueryableMethodTranslatingExpressionVisitor.Translate(Expression expression)
   at Microsoft.EntityFrameworkCore.Query.QueryCompilationContext.CreateQueryExecutor[TResult](Expression query)
   at Microsoft.EntityFrameworkCore.Storage.Database.CompileQuery[TResult](Expression query, Boolean async)
   at Microsoft.EntityFrameworkCore.Query.Internal.QueryCompiler.CompileQueryCore[TResult](IDatabase database, Expression query, IModel model, Boolean async)
   at Microsoft.EntityFrameworkCore.Query.Internal.QueryCompiler.<>c__DisplayClass12_0`1.<ExecuteAsync>b__0()
   at Microsoft.EntityFrameworkCore.Query.Internal.CompiledQueryCache.GetOrAddQuery[TResult](Object cacheKey, Func`1 compiler)
   at Microsoft.EntityFrameworkCore.Query.Internal.QueryCompiler.ExecuteAsync[TResult](Expression query, CancellationToken cancellationToken)
   at Microsoft.EntityFrameworkCore.Query.Internal.EntityQueryProvider.ExecuteAsync[TResult](Expression expression, CancellationToken cancellationToken)
   at Microsoft.EntityFrameworkCore.Query.Internal.EntityQueryable`1.GetAsyncEnumerator(CancellationToken cancellationToken)
   at System.Runtime.CompilerServices.ConfiguredCancelableAsyncEnumerable`1.GetAsyncEnumerator()
   at Microsoft.EntityFrameworkCore.EntityFrameworkQueryableExtensions.ToListAsync[TSource](IQueryable`1 source, CancellationToken cancellationToken)
   at LibraryApp.Data.Repositories.LoanRepository.GetActiveLoansAsync(CancellationToken ct) in C:\Users\Thales\Desktop\netcore\LibraryApp\LibraryApp.Data\Repositories\LoanRepository.cs:line 17
   at LibraryApp.Api.Controllers.LoansController.GetActive(CancellationToken ct) in C:\Users\Thales\Desktop\netcore\LibraryApp\LibraryApp.Api\Controllers\LoansController.cs:line 19
   at Microsoft.AspNetCore.Mvc.Infrastructure.ActionMethodExecutor.TaskOfIActionResultExecutor.Execute(ActionContext actionContext, IActionResultTypeMapper mapper, ObjectMethodExecutor executor, Object controller, Object[] arguments)
   at Microsoft.AspNetCore.Mvc.Infrastructure.ControllerActionInvoker.<InvokeActionMethodAsync>g__Awaited|12_0(ControllerActionInvoker invoker, ValueTask`1 actionResultValueTask)
   at Microsoft.AspNetCore.Mvc.Infrastructure.ControllerActionInvoker.<InvokeNextActionFilterAsync>g__Awaited|10_0(ControllerActionInvoker invoker, Task lastTask, State next, Scope scope, Object state, Boolean isCompleted)
   at Microsoft.AspNetCore.Mvc.Infrastructure.ControllerActionInvoker.Rethrow(ActionExecutedContextSealed context)
   at Microsoft.AspNetCore.Mvc.Infrastructure.ControllerActionInvoker.Next(State& next, Scope& scope, Object& state, Boolean& isCompleted)
   at Microsoft.AspNetCore.Mvc.Infrastructure.ControllerActionInvoker.InvokeInnerFilterAsync()
--- End of stack trace from previous location ---
   at Microsoft.AspNetCore.Mvc.Infrastructure.ResourceInvoker.<InvokeFilterPipelineAsync>g__Awaited|20_0(ResourceInvoker invoker, Task lastTask, State next, Scope scope, Object state, Boolean isCompleted)
   at Microsoft.AspNetCore.Mvc.Infrastructure.ResourceInvoker.<InvokeAsync>g__Logged|17_1(ResourceInvoker invoker)
   at Microsoft.AspNetCore.Mvc.Infrastructure.ResourceInvoker.<InvokeAsync>g__Logged|17_1(ResourceInvoker invoker)
   at Swashbuckle.AspNetCore.SwaggerUI.SwaggerUIMiddleware.Invoke(HttpContext httpContext)
   at Swashbuckle.AspNetCore.Swagger.SwaggerMiddleware.Invoke(HttpContext httpContext, ISwaggerProvider swaggerProvider)
   at Serilog.AspNetCore.RequestLoggingMiddleware.Invoke(HttpContext httpContext)
2026-05-31 09:54:22.591 +03:00 [ERR] Unhandled exception on GET /api/Loans/active
System.InvalidOperationException: The LINQ expression 'DbSet<Loan>()
    .Where(l => l.ReturnDate == null)
    .Join(
        inner: DbSet<Member>(), 
        outerKeySelector: l => EF.Property<int?>(l, "MemberId"), 
        innerKeySelector: m => EF.Property<int?>(m, "MemberId"), 
        resultSelector: (o, i) => new TransparentIdentifier<Loan, Member>(
            Outer = o, 
            Inner = i
        ))
    .Join(
        inner: DbSet<BookCopy>(), 
        outerKeySelector: l => EF.Property<int?>(l.Outer, "CopyId"), 
        innerKeySelector: b => EF.Property<int?>(b, "CopyId"), 
        resultSelector: (o, i) => new TransparentIdentifier<TransparentIdentifier<Loan, Member>, BookCopy>(
            Outer = o, 
            Inner = i
        ))
    .Join(
        inner: DbSet<Book>(), 
        outerKeySelector: l => EF.Property<int?>(l.Inner, "BookId"), 
        innerKeySelector: b0 => EF.Property<int?>(b0, "BookId"), 
        resultSelector: (o, i) => new TransparentIdentifier<TransparentIdentifier<TransparentIdentifier<Loan, Member>, BookCopy>, Book>(
            Outer = o, 
            Inner = i
        ))
    .OrderBy(l => new ActiveLoanDto(
        l.Outer.Outer.Outer.LoanId, 
        l.Outer.Outer.Inner.FullName, 
        l.Inner.Title, 
        DbSet<Dictionary<string, object>>("BookAuthor")
            .Where(b1 => EF.Property<int?>(l.Inner, "BookId") != null && object.Equals(
                objA: (object)EF.Property<int?>(l.Inner, "BookId"), 
                objB: (object)EF.Property<int?>(b1, "BookId")))
            .Join(
                inner: DbSet<Author>(), 
                outerKeySelector: b1 => (object)EF.Property<int?>(b1, "AuthorId"), 
                innerKeySelector: a => (object)EF.Property<int?>(a, "AuthorId"), 
                resultSelector: (b1, a) => new TransparentIdentifier<Dictionary<string, object>, Author>(
                    Outer = b1, 
                    Inner = a
                ))
            .Select(ti => ti.Inner.FullName)
            .FirstOrDefault() ?? "Unknown", 
        l.Outer.Outer.Outer.DueDate, 
        l.Outer.Outer.Outer.DueDate < DateTime.UtcNow
    ).DueDate)' could not be translated. Either rewrite the query in a form that can be translated, or switch to client evaluation explicitly by inserting a call to 'AsEnumerable', 'AsAsyncEnumerable', 'ToList', or 'ToListAsync'. See https://go.microsoft.com/fwlink/?linkid=2101038 for more information.
   at Microsoft.EntityFrameworkCore.Query.QueryableMethodTranslatingExpressionVisitor.Translate(Expression expression)
   at Microsoft.EntityFrameworkCore.Query.RelationalQueryableMethodTranslatingExpressionVisitor.Translate(Expression expression)
   at Microsoft.EntityFrameworkCore.Query.QueryCompilationContext.CreateQueryExecutor[TResult](Expression query)
   at Microsoft.EntityFrameworkCore.Storage.Database.CompileQuery[TResult](Expression query, Boolean async)
   at Microsoft.EntityFrameworkCore.Query.Internal.QueryCompiler.CompileQueryCore[TResult](IDatabase database, Expression query, IModel model, Boolean async)
   at Microsoft.EntityFrameworkCore.Query.Internal.QueryCompiler.<>c__DisplayClass12_0`1.<ExecuteAsync>b__0()
   at Microsoft.EntityFrameworkCore.Query.Internal.CompiledQueryCache.GetOrAddQuery[TResult](Object cacheKey, Func`1 compiler)
   at Microsoft.EntityFrameworkCore.Query.Internal.QueryCompiler.ExecuteAsync[TResult](Expression query, CancellationToken cancellationToken)
   at Microsoft.EntityFrameworkCore.Query.Internal.EntityQueryProvider.ExecuteAsync[TResult](Expression expression, CancellationToken cancellationToken)
   at Microsoft.EntityFrameworkCore.Query.Internal.EntityQueryable`1.GetAsyncEnumerator(CancellationToken cancellationToken)
   at System.Runtime.CompilerServices.ConfiguredCancelableAsyncEnumerable`1.GetAsyncEnumerator()
   at Microsoft.EntityFrameworkCore.EntityFrameworkQueryableExtensions.ToListAsync[TSource](IQueryable`1 source, CancellationToken cancellationToken)
   at LibraryApp.Data.Repositories.LoanRepository.GetActiveLoansAsync(CancellationToken ct) in C:\Users\Thales\Desktop\netcore\LibraryApp\LibraryApp.Data\Repositories\LoanRepository.cs:line 17
   at LibraryApp.Api.Controllers.LoansController.GetActive(CancellationToken ct) in C:\Users\Thales\Desktop\netcore\LibraryApp\LibraryApp.Api\Controllers\LoansController.cs:line 19
   at Microsoft.AspNetCore.Mvc.Infrastructure.ActionMethodExecutor.TaskOfIActionResultExecutor.Execute(ActionContext actionContext, IActionResultTypeMapper mapper, ObjectMethodExecutor executor, Object controller, Object[] arguments)
   at Microsoft.AspNetCore.Mvc.Infrastructure.ControllerActionInvoker.<InvokeActionMethodAsync>g__Awaited|12_0(ControllerActionInvoker invoker, ValueTask`1 actionResultValueTask)
   at Microsoft.AspNetCore.Mvc.Infrastructure.ControllerActionInvoker.<InvokeNextActionFilterAsync>g__Awaited|10_0(ControllerActionInvoker invoker, Task lastTask, State next, Scope scope, Object state, Boolean isCompleted)
   at Microsoft.AspNetCore.Mvc.Infrastructure.ControllerActionInvoker.Rethrow(ActionExecutedContextSealed context)
   at Microsoft.AspNetCore.Mvc.Infrastructure.ControllerActionInvoker.Next(State& next, Scope& scope, Object& state, Boolean& isCompleted)
   at Microsoft.AspNetCore.Mvc.Infrastructure.ControllerActionInvoker.InvokeInnerFilterAsync()
--- End of stack trace from previous location ---
   at Microsoft.AspNetCore.Mvc.Infrastructure.ResourceInvoker.<InvokeFilterPipelineAsync>g__Awaited|20_0(ResourceInvoker invoker, Task lastTask, State next, Scope scope, Object state, Boolean isCompleted)
   at Microsoft.AspNetCore.Mvc.Infrastructure.ResourceInvoker.<InvokeAsync>g__Logged|17_1(ResourceInvoker invoker)
   at Microsoft.AspNetCore.Mvc.Infrastructure.ResourceInvoker.<InvokeAsync>g__Logged|17_1(ResourceInvoker invoker)
   at Swashbuckle.AspNetCore.SwaggerUI.SwaggerUIMiddleware.Invoke(HttpContext httpContext)
   at Swashbuckle.AspNetCore.Swagger.SwaggerMiddleware.Invoke(HttpContext httpContext, ISwaggerProvider swaggerProvider)
   at Serilog.AspNetCore.RequestLoggingMiddleware.Invoke(HttpContext httpContext)
   at LibraryApp.Api.Middleware.ExceptionMiddleware.InvokeAsync(HttpContext context) in C:\Users\Thales\Desktop\netcore\LibraryApp\LibraryApp.Api\Middleware\ExceptionMiddleware.cs:line 22
2026-05-31 09:54:22.594 +03:00 [INF] Request finished HTTP/1.1 GET http://localhost:5112/api/Loans/active - 500 null application/problem+json 15.4924ms
2026-05-31 10:07:46.204 +03:00 [INF] Request starting HTTP/1.1 GET http://localhost:5112/api/Loans/active - null null
2026-05-31 10:07:46.205 +03:00 [INF] Route matched with {action = "GetActive", controller = "Loans"}. Executing controller action with signature System.Threading.Tasks.Task`1[Microsoft.AspNetCore.Mvc.IActionResult] GetActive(System.Threading.CancellationToken) on controller LibraryApp.Api.Controllers.LoansController (LibraryApp.Api).
2026-05-31 10:07:46.214 +03:00 [INF] Executed action LibraryApp.Api.Controllers.LoansController.GetActive (LibraryApp.Api) in 9.129ms
2026-05-31 10:07:46.214 +03:00 [ERR] HTTP GET /api/Loans/active responded 500 in 10.0169 ms
System.InvalidOperationException: The LINQ expression 'DbSet<Loan>()
    .Where(l => l.ReturnDate == null)
    .Join(
        inner: DbSet<Member>(), 
        outerKeySelector: l => EF.Property<int?>(l, "MemberId"), 
        innerKeySelector: m => EF.Property<int?>(m, "MemberId"), 
        resultSelector: (o, i) => new TransparentIdentifier<Loan, Member>(
            Outer = o, 
            Inner = i
        ))
    .Join(
        inner: DbSet<BookCopy>(), 
        outerKeySelector: l => EF.Property<int?>(l.Outer, "CopyId"), 
        innerKeySelector: b => EF.Property<int?>(b, "CopyId"), 
        resultSelector: (o, i) => new TransparentIdentifier<TransparentIdentifier<Loan, Member>, BookCopy>(
            Outer = o, 
            Inner = i
        ))
    .Join(
        inner: DbSet<Book>(), 
        outerKeySelector: l => EF.Property<int?>(l.Inner, "BookId"), 
        innerKeySelector: b0 => EF.Property<int?>(b0, "BookId"), 
        resultSelector: (o, i) => new TransparentIdentifier<TransparentIdentifier<TransparentIdentifier<Loan, Member>, BookCopy>, Book>(
            Outer = o, 
            Inner = i
        ))
    .OrderBy(l => new ActiveLoanDto(
        l.Outer.Outer.Outer.LoanId, 
        l.Outer.Outer.Inner.FullName, 
        l.Inner.Title, 
        DbSet<Dictionary<string, object>>("BookAuthor")
            .Where(b1 => EF.Property<int?>(l.Inner, "BookId") != null && object.Equals(
                objA: (object)EF.Property<int?>(l.Inner, "BookId"), 
                objB: (object)EF.Property<int?>(b1, "BookId")))
            .Join(
                inner: DbSet<Author>(), 
                outerKeySelector: b1 => (object)EF.Property<int?>(b1, "AuthorId"), 
                innerKeySelector: a => (object)EF.Property<int?>(a, "AuthorId"), 
                resultSelector: (b1, a) => new TransparentIdentifier<Dictionary<string, object>, Author>(
                    Outer = b1, 
                    Inner = a
                ))
            .Select(ti => ti.Inner.FullName)
            .FirstOrDefault() ?? "Unknown", 
        l.Outer.Outer.Outer.DueDate, 
        l.Outer.Outer.Outer.DueDate < DateTime.UtcNow
    ).DueDate)' could not be translated. Either rewrite the query in a form that can be translated, or switch to client evaluation explicitly by inserting a call to 'AsEnumerable', 'AsAsyncEnumerable', 'ToList', or 'ToListAsync'. See https://go.microsoft.com/fwlink/?linkid=2101038 for more information.
   at Microsoft.EntityFrameworkCore.Query.QueryableMethodTranslatingExpressionVisitor.Translate(Expression expression)
   at Microsoft.EntityFrameworkCore.Query.RelationalQueryableMethodTranslatingExpressionVisitor.Translate(Expression expression)
   at Microsoft.EntityFrameworkCore.Query.QueryCompilationContext.CreateQueryExecutor[TResult](Expression query)
   at Microsoft.EntityFrameworkCore.Storage.Database.CompileQuery[TResult](Expression query, Boolean async)
   at Microsoft.EntityFrameworkCore.Query.Internal.QueryCompiler.CompileQueryCore[TResult](IDatabase database, Expression query, IModel model, Boolean async)
   at Microsoft.EntityFrameworkCore.Query.Internal.QueryCompiler.<>c__DisplayClass12_0`1.<ExecuteAsync>b__0()
   at Microsoft.EntityFrameworkCore.Query.Internal.CompiledQueryCache.GetOrAddQuery[TResult](Object cacheKey, Func`1 compiler)
   at Microsoft.EntityFrameworkCore.Query.Internal.QueryCompiler.ExecuteAsync[TResult](Expression query, CancellationToken cancellationToken)
   at Microsoft.EntityFrameworkCore.Query.Internal.EntityQueryProvider.ExecuteAsync[TResult](Expression expression, CancellationToken cancellationToken)
   at Microsoft.EntityFrameworkCore.Query.Internal.EntityQueryable`1.GetAsyncEnumerator(CancellationToken cancellationToken)
   at System.Runtime.CompilerServices.ConfiguredCancelableAsyncEnumerable`1.GetAsyncEnumerator()
   at Microsoft.EntityFrameworkCore.EntityFrameworkQueryableExtensions.ToListAsync[TSource](IQueryable`1 source, CancellationToken cancellationToken)
   at LibraryApp.Data.Repositories.LoanRepository.GetActiveLoansAsync(CancellationToken ct) in C:\Users\Thales\Desktop\netcore\LibraryApp\LibraryApp.Data\Repositories\LoanRepository.cs:line 17
   at LibraryApp.Api.Controllers.LoansController.GetActive(CancellationToken ct) in C:\Users\Thales\Desktop\netcore\LibraryApp\LibraryApp.Api\Controllers\LoansController.cs:line 19
   at Microsoft.AspNetCore.Mvc.Infrastructure.ActionMethodExecutor.TaskOfIActionResultExecutor.Execute(ActionContext actionContext, IActionResultTypeMapper mapper, ObjectMethodExecutor executor, Object controller, Object[] arguments)
   at Microsoft.AspNetCore.Mvc.Infrastructure.ControllerActionInvoker.<InvokeActionMethodAsync>g__Awaited|12_0(ControllerActionInvoker invoker, ValueTask`1 actionResultValueTask)
   at Microsoft.AspNetCore.Mvc.Infrastructure.ControllerActionInvoker.<InvokeNextActionFilterAsync>g__Awaited|10_0(ControllerActionInvoker invoker, Task lastTask, State next, Scope scope, Object state, Boolean isCompleted)
   at Microsoft.AspNetCore.Mvc.Infrastructure.ControllerActionInvoker.Rethrow(ActionExecutedContextSealed context)
   at Microsoft.AspNetCore.Mvc.Infrastructure.ControllerActionInvoker.Next(State& next, Scope& scope, Object& state, Boolean& isCompleted)
   at Microsoft.AspNetCore.Mvc.Infrastructure.ControllerActionInvoker.InvokeInnerFilterAsync()
--- End of stack trace from previous location ---
   at Microsoft.AspNetCore.Mvc.Infrastructure.ResourceInvoker.<InvokeFilterPipelineAsync>g__Awaited|20_0(ResourceInvoker invoker, Task lastTask, State next, Scope scope, Object state, Boolean isCompleted)
   at Microsoft.AspNetCore.Mvc.Infrastructure.ResourceInvoker.<InvokeAsync>g__Logged|17_1(ResourceInvoker invoker)
   at Microsoft.AspNetCore.Mvc.Infrastructure.ResourceInvoker.<InvokeAsync>g__Logged|17_1(ResourceInvoker invoker)
   at Swashbuckle.AspNetCore.SwaggerUI.SwaggerUIMiddleware.Invoke(HttpContext httpContext)
   at Swashbuckle.AspNetCore.Swagger.SwaggerMiddleware.Invoke(HttpContext httpContext, ISwaggerProvider swaggerProvider)
   at Serilog.AspNetCore.RequestLoggingMiddleware.Invoke(HttpContext httpContext)
2026-05-31 10:07:46.218 +03:00 [ERR] Unhandled exception on GET /api/Loans/active
System.InvalidOperationException: The LINQ expression 'DbSet<Loan>()
    .Where(l => l.ReturnDate == null)
    .Join(
        inner: DbSet<Member>(), 
        outerKeySelector: l => EF.Property<int?>(l, "MemberId"), 
        innerKeySelector: m => EF.Property<int?>(m, "MemberId"), 
        resultSelector: (o, i) => new TransparentIdentifier<Loan, Member>(
            Outer = o, 
            Inner = i
        ))
    .Join(
        inner: DbSet<BookCopy>(), 
        outerKeySelector: l => EF.Property<int?>(l.Outer, "CopyId"), 
        innerKeySelector: b => EF.Property<int?>(b, "CopyId"), 
        resultSelector: (o, i) => new TransparentIdentifier<TransparentIdentifier<Loan, Member>, BookCopy>(
            Outer = o, 
            Inner = i
        ))
    .Join(
        inner: DbSet<Book>(), 
        outerKeySelector: l => EF.Property<int?>(l.Inner, "BookId"), 
        innerKeySelector: b0 => EF.Property<int?>(b0, "BookId"), 
        resultSelector: (o, i) => new TransparentIdentifier<TransparentIdentifier<TransparentIdentifier<Loan, Member>, BookCopy>, Book>(
            Outer = o, 
            Inner = i
        ))
    .OrderBy(l => new ActiveLoanDto(
        l.Outer.Outer.Outer.LoanId, 
        l.Outer.Outer.Inner.FullName, 
        l.Inner.Title, 
        DbSet<Dictionary<string, object>>("BookAuthor")
            .Where(b1 => EF.Property<int?>(l.Inner, "BookId") != null && object.Equals(
                objA: (object)EF.Property<int?>(l.Inner, "BookId"), 
                objB: (object)EF.Property<int?>(b1, "BookId")))
            .Join(
                inner: DbSet<Author>(), 
                outerKeySelector: b1 => (object)EF.Property<int?>(b1, "AuthorId"), 
                innerKeySelector: a => (object)EF.Property<int?>(a, "AuthorId"), 
                resultSelector: (b1, a) => new TransparentIdentifier<Dictionary<string, object>, Author>(
                    Outer = b1, 
                    Inner = a
                ))
            .Select(ti => ti.Inner.FullName)
            .FirstOrDefault() ?? "Unknown", 
        l.Outer.Outer.Outer.DueDate, 
        l.Outer.Outer.Outer.DueDate < DateTime.UtcNow
    ).DueDate)' could not be translated. Either rewrite the query in a form that can be translated, or switch to client evaluation explicitly by inserting a call to 'AsEnumerable', 'AsAsyncEnumerable', 'ToList', or 'ToListAsync'. See https://go.microsoft.com/fwlink/?linkid=2101038 for more information.
   at Microsoft.EntityFrameworkCore.Query.QueryableMethodTranslatingExpressionVisitor.Translate(Expression expression)
   at Microsoft.EntityFrameworkCore.Query.RelationalQueryableMethodTranslatingExpressionVisitor.Translate(Expression expression)
   at Microsoft.EntityFrameworkCore.Query.QueryCompilationContext.CreateQueryExecutor[TResult](Expression query)
   at Microsoft.EntityFrameworkCore.Storage.Database.CompileQuery[TResult](Expression query, Boolean async)
   at Microsoft.EntityFrameworkCore.Query.Internal.QueryCompiler.CompileQueryCore[TResult](IDatabase database, Expression query, IModel model, Boolean async)
   at Microsoft.EntityFrameworkCore.Query.Internal.QueryCompiler.<>c__DisplayClass12_0`1.<ExecuteAsync>b__0()
   at Microsoft.EntityFrameworkCore.Query.Internal.CompiledQueryCache.GetOrAddQuery[TResult](Object cacheKey, Func`1 compiler)
   at Microsoft.EntityFrameworkCore.Query.Internal.QueryCompiler.ExecuteAsync[TResult](Expression query, CancellationToken cancellationToken)
   at Microsoft.EntityFrameworkCore.Query.Internal.EntityQueryProvider.ExecuteAsync[TResult](Expression expression, CancellationToken cancellationToken)
   at Microsoft.EntityFrameworkCore.Query.Internal.EntityQueryable`1.GetAsyncEnumerator(CancellationToken cancellationToken)
   at System.Runtime.CompilerServices.ConfiguredCancelableAsyncEnumerable`1.GetAsyncEnumerator()
   at Microsoft.EntityFrameworkCore.EntityFrameworkQueryableExtensions.ToListAsync[TSource](IQueryable`1 source, CancellationToken cancellationToken)
   at LibraryApp.Data.Repositories.LoanRepository.GetActiveLoansAsync(CancellationToken ct) in C:\Users\Thales\Desktop\netcore\LibraryApp\LibraryApp.Data\Repositories\LoanRepository.cs:line 17
   at LibraryApp.Api.Controllers.LoansController.GetActive(CancellationToken ct) in C:\Users\Thales\Desktop\netcore\LibraryApp\LibraryApp.Api\Controllers\LoansController.cs:line 19
   at Microsoft.AspNetCore.Mvc.Infrastructure.ActionMethodExecutor.TaskOfIActionResultExecutor.Execute(ActionContext actionContext, IActionResultTypeMapper mapper, ObjectMethodExecutor executor, Object controller, Object[] arguments)
   at Microsoft.AspNetCore.Mvc.Infrastructure.ControllerActionInvoker.<InvokeActionMethodAsync>g__Awaited|12_0(ControllerActionInvoker invoker, ValueTask`1 actionResultValueTask)
   at Microsoft.AspNetCore.Mvc.Infrastructure.ControllerActionInvoker.<InvokeNextActionFilterAsync>g__Awaited|10_0(ControllerActionInvoker invoker, Task lastTask, State next, Scope scope, Object state, Boolean isCompleted)
   at Microsoft.AspNetCore.Mvc.Infrastructure.ControllerActionInvoker.Rethrow(ActionExecutedContextSealed context)
   at Microsoft.AspNetCore.Mvc.Infrastructure.ControllerActionInvoker.Next(State& next, Scope& scope, Object& state, Boolean& isCompleted)
   at Microsoft.AspNetCore.Mvc.Infrastructure.ControllerActionInvoker.InvokeInnerFilterAsync()
--- End of stack trace from previous location ---
   at Microsoft.AspNetCore.Mvc.Infrastructure.ResourceInvoker.<InvokeFilterPipelineAsync>g__Awaited|20_0(ResourceInvoker invoker, Task lastTask, State next, Scope scope, Object state, Boolean isCompleted)
   at Microsoft.AspNetCore.Mvc.Infrastructure.ResourceInvoker.<InvokeAsync>g__Logged|17_1(ResourceInvoker invoker)
   at Microsoft.AspNetCore.Mvc.Infrastructure.ResourceInvoker.<InvokeAsync>g__Logged|17_1(ResourceInvoker invoker)
   at Swashbuckle.AspNetCore.SwaggerUI.SwaggerUIMiddleware.Invoke(HttpContext httpContext)
   at Swashbuckle.AspNetCore.Swagger.SwaggerMiddleware.Invoke(HttpContext httpContext, ISwaggerProvider swaggerProvider)
   at Serilog.AspNetCore.RequestLoggingMiddleware.Invoke(HttpContext httpContext)
   at LibraryApp.Api.Middleware.ExceptionMiddleware.InvokeAsync(HttpContext context) in C:\Users\Thales\Desktop\netcore\LibraryApp\LibraryApp.Api\Middleware\ExceptionMiddleware.cs:line 22
2026-05-31 10:07:46.221 +03:00 [INF] Request finished HTTP/1.1 GET http://localhost:5112/api/Loans/active - 500 null application/problem+json 16.8118ms
2026-05-31 12:25:50.478 +03:00 [INF] Request starting HTTP/1.1 GET http://localhost:5112/api/Loans/active - null null
2026-05-31 12:25:50.482 +03:00 [INF] Route matched with {action = "GetActive", controller = "Loans"}. Executing controller action with signature System.Threading.Tasks.Task`1[Microsoft.AspNetCore.Mvc.IActionResult] GetActive(System.Threading.CancellationToken) on controller LibraryApp.Api.Controllers.LoansController (LibraryApp.Api).
2026-05-31 12:25:50.503 +03:00 [INF] Executed action LibraryApp.Api.Controllers.LoansController.GetActive (LibraryApp.Api) in 21.2939ms
2026-05-31 12:25:50.504 +03:00 [ERR] HTTP GET /api/Loans/active responded 500 in 23.9497 ms
System.InvalidOperationException: The LINQ expression 'DbSet<Loan>()
    .Where(l => l.ReturnDate == null)
    .Join(
        inner: DbSet<Member>(), 
        outerKeySelector: l => EF.Property<int?>(l, "MemberId"), 
        innerKeySelector: m => EF.Property<int?>(m, "MemberId"), 
        resultSelector: (o, i) => new TransparentIdentifier<Loan, Member>(
            Outer = o, 
            Inner = i
        ))
    .Join(
        inner: DbSet<BookCopy>(), 
        outerKeySelector: l => EF.Property<int?>(l.Outer, "CopyId"), 
        innerKeySelector: b => EF.Property<int?>(b, "CopyId"), 
        resultSelector: (o, i) => new TransparentIdentifier<TransparentIdentifier<Loan, Member>, BookCopy>(
            Outer = o, 
            Inner = i
        ))
    .Join(
        inner: DbSet<Book>(), 
        outerKeySelector: l => EF.Property<int?>(l.Inner, "BookId"), 
        innerKeySelector: b0 => EF.Property<int?>(b0, "BookId"), 
        resultSelector: (o, i) => new TransparentIdentifier<TransparentIdentifier<TransparentIdentifier<Loan, Member>, BookCopy>, Book>(
            Outer = o, 
            Inner = i
        ))
    .OrderBy(l => new ActiveLoanDto(
        l.Outer.Outer.Outer.LoanId, 
        l.Outer.Outer.Inner.FullName, 
        l.Inner.Title, 
        DbSet<Dictionary<string, object>>("BookAuthor")
            .Where(b1 => EF.Property<int?>(l.Inner, "BookId") != null && object.Equals(
                objA: (object)EF.Property<int?>(l.Inner, "BookId"), 
                objB: (object)EF.Property<int?>(b1, "BookId")))
            .Join(
                inner: DbSet<Author>(), 
                outerKeySelector: b1 => (object)EF.Property<int?>(b1, "AuthorId"), 
                innerKeySelector: a => (object)EF.Property<int?>(a, "AuthorId"), 
                resultSelector: (b1, a) => new TransparentIdentifier<Dictionary<string, object>, Author>(
                    Outer = b1, 
                    Inner = a
                ))
            .Select(ti => ti.Inner.FullName)
            .FirstOrDefault() ?? "Unknown", 
        l.Outer.Outer.Outer.DueDate, 
        l.Outer.Outer.Outer.DueDate < DateTime.UtcNow
    ).DueDate)' could not be translated. Either rewrite the query in a form that can be translated, or switch to client evaluation explicitly by inserting a call to 'AsEnumerable', 'AsAsyncEnumerable', 'ToList', or 'ToListAsync'. See https://go.microsoft.com/fwlink/?linkid=2101038 for more information.
   at Microsoft.EntityFrameworkCore.Query.QueryableMethodTranslatingExpressionVisitor.Translate(Expression expression)
   at Microsoft.EntityFrameworkCore.Query.RelationalQueryableMethodTranslatingExpressionVisitor.Translate(Expression expression)
   at Microsoft.EntityFrameworkCore.Query.QueryCompilationContext.CreateQueryExecutor[TResult](Expression query)
   at Microsoft.EntityFrameworkCore.Storage.Database.CompileQuery[TResult](Expression query, Boolean async)
   at Microsoft.EntityFrameworkCore.Query.Internal.QueryCompiler.CompileQueryCore[TResult](IDatabase database, Expression query, IModel model, Boolean async)
   at Microsoft.EntityFrameworkCore.Query.Internal.QueryCompiler.<>c__DisplayClass12_0`1.<ExecuteAsync>b__0()
   at Microsoft.EntityFrameworkCore.Query.Internal.CompiledQueryCache.GetOrAddQuery[TResult](Object cacheKey, Func`1 compiler)
   at Microsoft.EntityFrameworkCore.Query.Internal.QueryCompiler.ExecuteAsync[TResult](Expression query, CancellationToken cancellationToken)
   at Microsoft.EntityFrameworkCore.Query.Internal.EntityQueryProvider.ExecuteAsync[TResult](Expression expression, CancellationToken cancellationToken)
   at Microsoft.EntityFrameworkCore.Query.Internal.EntityQueryable`1.GetAsyncEnumerator(CancellationToken cancellationToken)
   at System.Runtime.CompilerServices.ConfiguredCancelableAsyncEnumerable`1.GetAsyncEnumerator()
   at Microsoft.EntityFrameworkCore.EntityFrameworkQueryableExtensions.ToListAsync[TSource](IQueryable`1 source, CancellationToken cancellationToken)
   at LibraryApp.Data.Repositories.LoanRepository.GetActiveLoansAsync(CancellationToken ct) in C:\Users\Thales\Desktop\netcore\LibraryApp\LibraryApp.Data\Repositories\LoanRepository.cs:line 17
   at LibraryApp.Api.Controllers.LoansController.GetActive(CancellationToken ct) in C:\Users\Thales\Desktop\netcore\LibraryApp\LibraryApp.Api\Controllers\LoansController.cs:line 19
   at Microsoft.AspNetCore.Mvc.Infrastructure.ActionMethodExecutor.TaskOfIActionResultExecutor.Execute(ActionContext actionContext, IActionResultTypeMapper mapper, ObjectMethodExecutor executor, Object controller, Object[] arguments)
   at Microsoft.AspNetCore.Mvc.Infrastructure.ControllerActionInvoker.<InvokeActionMethodAsync>g__Awaited|12_0(ControllerActionInvoker invoker, ValueTask`1 actionResultValueTask)
   at Microsoft.AspNetCore.Mvc.Infrastructure.ControllerActionInvoker.<InvokeNextActionFilterAsync>g__Awaited|10_0(ControllerActionInvoker invoker, Task lastTask, State next, Scope scope, Object state, Boolean isCompleted)
   at Microsoft.AspNetCore.Mvc.Infrastructure.ControllerActionInvoker.Rethrow(ActionExecutedContextSealed context)
   at Microsoft.AspNetCore.Mvc.Infrastructure.ControllerActionInvoker.Next(State& next, Scope& scope, Object& state, Boolean& isCompleted)
   at Microsoft.AspNetCore.Mvc.Infrastructure.ControllerActionInvoker.InvokeInnerFilterAsync()
--- End of stack trace from previous location ---
   at Microsoft.AspNetCore.Mvc.Infrastructure.ResourceInvoker.<InvokeFilterPipelineAsync>g__Awaited|20_0(ResourceInvoker invoker, Task lastTask, State next, Scope scope, Object state, Boolean isCompleted)
   at Microsoft.AspNetCore.Mvc.Infrastructure.ResourceInvoker.<InvokeAsync>g__Logged|17_1(ResourceInvoker invoker)
   at Microsoft.AspNetCore.Mvc.Infrastructure.ResourceInvoker.<InvokeAsync>g__Logged|17_1(ResourceInvoker invoker)
   at Swashbuckle.AspNetCore.SwaggerUI.SwaggerUIMiddleware.Invoke(HttpContext httpContext)
   at Swashbuckle.AspNetCore.Swagger.SwaggerMiddleware.Invoke(HttpContext httpContext, ISwaggerProvider swaggerProvider)
   at Serilog.AspNetCore.RequestLoggingMiddleware.Invoke(HttpContext httpContext)
2026-05-31 12:25:50.509 +03:00 [ERR] Unhandled exception on GET /api/Loans/active
System.InvalidOperationException: The LINQ expression 'DbSet<Loan>()
    .Where(l => l.ReturnDate == null)
    .Join(
        inner: DbSet<Member>(), 
        outerKeySelector: l => EF.Property<int?>(l, "MemberId"), 
        innerKeySelector: m => EF.Property<int?>(m, "MemberId"), 
        resultSelector: (o, i) => new TransparentIdentifier<Loan, Member>(
            Outer = o, 
            Inner = i
        ))
    .Join(
        inner: DbSet<BookCopy>(), 
        outerKeySelector: l => EF.Property<int?>(l.Outer, "CopyId"), 
        innerKeySelector: b => EF.Property<int?>(b, "CopyId"), 
        resultSelector: (o, i) => new TransparentIdentifier<TransparentIdentifier<Loan, Member>, BookCopy>(
            Outer = o, 
            Inner = i
        ))
    .Join(
        inner: DbSet<Book>(), 
        outerKeySelector: l => EF.Property<int?>(l.Inner, "BookId"), 
        innerKeySelector: b0 => EF.Property<int?>(b0, "BookId"), 
        resultSelector: (o, i) => new TransparentIdentifier<TransparentIdentifier<TransparentIdentifier<Loan, Member>, BookCopy>, Book>(
            Outer = o, 
            Inner = i
        ))
    .OrderBy(l => new ActiveLoanDto(
        l.Outer.Outer.Outer.LoanId, 
        l.Outer.Outer.Inner.FullName, 
        l.Inner.Title, 
        DbSet<Dictionary<string, object>>("BookAuthor")
            .Where(b1 => EF.Property<int?>(l.Inner, "BookId") != null && object.Equals(
                objA: (object)EF.Property<int?>(l.Inner, "BookId"), 
                objB: (object)EF.Property<int?>(b1, "BookId")))
            .Join(
                inner: DbSet<Author>(), 
                outerKeySelector: b1 => (object)EF.Property<int?>(b1, "AuthorId"), 
                innerKeySelector: a => (object)EF.Property<int?>(a, "AuthorId"), 
                resultSelector: (b1, a) => new TransparentIdentifier<Dictionary<string, object>, Author>(
                    Outer = b1, 
                    Inner = a
                ))
            .Select(ti => ti.Inner.FullName)
            .FirstOrDefault() ?? "Unknown", 
        l.Outer.Outer.Outer.DueDate, 
        l.Outer.Outer.Outer.DueDate < DateTime.UtcNow
    ).DueDate)' could not be translated. Either rewrite the query in a form that can be translated, or switch to client evaluation explicitly by inserting a call to 'AsEnumerable', 'AsAsyncEnumerable', 'ToList', or 'ToListAsync'. See https://go.microsoft.com/fwlink/?linkid=2101038 for more information.
   at Microsoft.EntityFrameworkCore.Query.QueryableMethodTranslatingExpressionVisitor.Translate(Expression expression)
   at Microsoft.EntityFrameworkCore.Query.RelationalQueryableMethodTranslatingExpressionVisitor.Translate(Expression expression)
   at Microsoft.EntityFrameworkCore.Query.QueryCompilationContext.CreateQueryExecutor[TResult](Expression query)
   at Microsoft.EntityFrameworkCore.Storage.Database.CompileQuery[TResult](Expression query, Boolean async)
   at Microsoft.EntityFrameworkCore.Query.Internal.QueryCompiler.CompileQueryCore[TResult](IDatabase database, Expression query, IModel model, Boolean async)
   at Microsoft.EntityFrameworkCore.Query.Internal.QueryCompiler.<>c__DisplayClass12_0`1.<ExecuteAsync>b__0()
   at Microsoft.EntityFrameworkCore.Query.Internal.CompiledQueryCache.GetOrAddQuery[TResult](Object cacheKey, Func`1 compiler)
   at Microsoft.EntityFrameworkCore.Query.Internal.QueryCompiler.ExecuteAsync[TResult](Expression query, CancellationToken cancellationToken)
   at Microsoft.EntityFrameworkCore.Query.Internal.EntityQueryProvider.ExecuteAsync[TResult](Expression expression, CancellationToken cancellationToken)
   at Microsoft.EntityFrameworkCore.Query.Internal.EntityQueryable`1.GetAsyncEnumerator(CancellationToken cancellationToken)
   at System.Runtime.CompilerServices.ConfiguredCancelableAsyncEnumerable`1.GetAsyncEnumerator()
   at Microsoft.EntityFrameworkCore.EntityFrameworkQueryableExtensions.ToListAsync[TSource](IQueryable`1 source, CancellationToken cancellationToken)
   at LibraryApp.Data.Repositories.LoanRepository.GetActiveLoansAsync(CancellationToken ct) in C:\Users\Thales\Desktop\netcore\LibraryApp\LibraryApp.Data\Repositories\LoanRepository.cs:line 17
   at LibraryApp.Api.Controllers.LoansController.GetActive(CancellationToken ct) in C:\Users\Thales\Desktop\netcore\LibraryApp\LibraryApp.Api\Controllers\LoansController.cs:line 19
   at Microsoft.AspNetCore.Mvc.Infrastructure.ActionMethodExecutor.TaskOfIActionResultExecutor.Execute(ActionContext actionContext, IActionResultTypeMapper mapper, ObjectMethodExecutor executor, Object controller, Object[] arguments)
   at Microsoft.AspNetCore.Mvc.Infrastructure.ControllerActionInvoker.<InvokeActionMethodAsync>g__Awaited|12_0(ControllerActionInvoker invoker, ValueTask`1 actionResultValueTask)
   at Microsoft.AspNetCore.Mvc.Infrastructure.ControllerActionInvoker.<InvokeNextActionFilterAsync>g__Awaited|10_0(ControllerActionInvoker invoker, Task lastTask, State next, Scope scope, Object state, Boolean isCompleted)
   at Microsoft.AspNetCore.Mvc.Infrastructure.ControllerActionInvoker.Rethrow(ActionExecutedContextSealed context)
   at Microsoft.AspNetCore.Mvc.Infrastructure.ControllerActionInvoker.Next(State& next, Scope& scope, Object& state, Boolean& isCompleted)
   at Microsoft.AspNetCore.Mvc.Infrastructure.ControllerActionInvoker.InvokeInnerFilterAsync()
--- End of stack trace from previous location ---
   at Microsoft.AspNetCore.Mvc.Infrastructure.ResourceInvoker.<InvokeFilterPipelineAsync>g__Awaited|20_0(ResourceInvoker invoker, Task lastTask, State next, Scope scope, Object state, Boolean isCompleted)
   at Microsoft.AspNetCore.Mvc.Infrastructure.ResourceInvoker.<InvokeAsync>g__Logged|17_1(ResourceInvoker invoker)
   at Microsoft.AspNetCore.Mvc.Infrastructure.ResourceInvoker.<InvokeAsync>g__Logged|17_1(ResourceInvoker invoker)
   at Swashbuckle.AspNetCore.SwaggerUI.SwaggerUIMiddleware.Invoke(HttpContext httpContext)
   at Swashbuckle.AspNetCore.Swagger.SwaggerMiddleware.Invoke(HttpContext httpContext, ISwaggerProvider swaggerProvider)
   at Serilog.AspNetCore.RequestLoggingMiddleware.Invoke(HttpContext httpContext)
   at LibraryApp.Api.Middleware.ExceptionMiddleware.InvokeAsync(HttpContext context) in C:\Users\Thales\Desktop\netcore\LibraryApp\LibraryApp.Api\Middleware\ExceptionMiddleware.cs:line 22
2026-05-31 12:25:50.518 +03:00 [INF] Request finished HTTP/1.1 GET http://localhost:5112/api/Loans/active - 500 null application/problem+json 39.9061ms
2026-05-31 12:55:57.527 +03:00 [INF] Request starting HTTP/1.1 GET http://localhost:5112/api/Loans/active - null null
2026-05-31 12:55:57.527 +03:00 [INF] Route matched with {action = "GetActive", controller = "Loans"}. Executing controller action with signature System.Threading.Tasks.Task`1[Microsoft.AspNetCore.Mvc.IActionResult] GetActive(System.Threading.CancellationToken) on controller LibraryApp.Api.Controllers.LoansController (LibraryApp.Api).
2026-05-31 12:55:57.537 +03:00 [INF] Executed action LibraryApp.Api.Controllers.LoansController.GetActive (LibraryApp.Api) in 9.0179ms
2026-05-31 12:55:57.537 +03:00 [ERR] HTTP GET /api/Loans/active responded 500 in 9.9127 ms
System.InvalidOperationException: The LINQ expression 'DbSet<Loan>()
    .Where(l => l.ReturnDate == null)
    .Join(
        inner: DbSet<Member>(), 
        outerKeySelector: l => EF.Property<int?>(l, "MemberId"), 
        innerKeySelector: m => EF.Property<int?>(m, "MemberId"), 
        resultSelector: (o, i) => new TransparentIdentifier<Loan, Member>(
            Outer = o, 
            Inner = i
        ))
    .Join(
        inner: DbSet<BookCopy>(), 
        outerKeySelector: l => EF.Property<int?>(l.Outer, "CopyId"), 
        innerKeySelector: b => EF.Property<int?>(b, "CopyId"), 
        resultSelector: (o, i) => new TransparentIdentifier<TransparentIdentifier<Loan, Member>, BookCopy>(
            Outer = o, 
            Inner = i
        ))
    .Join(
        inner: DbSet<Book>(), 
        outerKeySelector: l => EF.Property<int?>(l.Inner, "BookId"), 
        innerKeySelector: b0 => EF.Property<int?>(b0, "BookId"), 
        resultSelector: (o, i) => new TransparentIdentifier<TransparentIdentifier<TransparentIdentifier<Loan, Member>, BookCopy>, Book>(
            Outer = o, 
            Inner = i
        ))
    .OrderBy(l => new ActiveLoanDto(
        l.Outer.Outer.Outer.LoanId, 
        l.Outer.Outer.Inner.FullName, 
        l.Inner.Title, 
        DbSet<Dictionary<string, object>>("BookAuthor")
            .Where(b1 => EF.Property<int?>(l.Inner, "BookId") != null && object.Equals(
                objA: (object)EF.Property<int?>(l.Inner, "BookId"), 
                objB: (object)EF.Property<int?>(b1, "BookId")))
            .Join(
                inner: DbSet<Author>(), 
                outerKeySelector: b1 => (object)EF.Property<int?>(b1, "AuthorId"), 
                innerKeySelector: a => (object)EF.Property<int?>(a, "AuthorId"), 
                resultSelector: (b1, a) => new TransparentIdentifier<Dictionary<string, object>, Author>(
                    Outer = b1, 
                    Inner = a
                ))
            .Select(ti => ti.Inner.FullName)
            .FirstOrDefault() ?? "Unknown", 
        l.Outer.Outer.Outer.DueDate, 
        l.Outer.Outer.Outer.DueDate < DateTime.UtcNow
    ).DueDate)' could not be translated. Either rewrite the query in a form that can be translated, or switch to client evaluation explicitly by inserting a call to 'AsEnumerable', 'AsAsyncEnumerable', 'ToList', or 'ToListAsync'. See https://go.microsoft.com/fwlink/?linkid=2101038 for more information.
   at Microsoft.EntityFrameworkCore.Query.QueryableMethodTranslatingExpressionVisitor.Translate(Expression expression)
   at Microsoft.EntityFrameworkCore.Query.RelationalQueryableMethodTranslatingExpressionVisitor.Translate(Expression expression)
   at Microsoft.EntityFrameworkCore.Query.QueryCompilationContext.CreateQueryExecutor[TResult](Expression query)
   at Microsoft.EntityFrameworkCore.Storage.Database.CompileQuery[TResult](Expression query, Boolean async)
   at Microsoft.EntityFrameworkCore.Query.Internal.QueryCompiler.CompileQueryCore[TResult](IDatabase database, Expression query, IModel model, Boolean async)
   at Microsoft.EntityFrameworkCore.Query.Internal.QueryCompiler.<>c__DisplayClass12_0`1.<ExecuteAsync>b__0()
   at Microsoft.EntityFrameworkCore.Query.Internal.CompiledQueryCache.GetOrAddQuery[TResult](Object cacheKey, Func`1 compiler)
   at Microsoft.EntityFrameworkCore.Query.Internal.QueryCompiler.ExecuteAsync[TResult](Expression query, CancellationToken cancellationToken)
   at Microsoft.EntityFrameworkCore.Query.Internal.EntityQueryProvider.ExecuteAsync[TResult](Expression expression, CancellationToken cancellationToken)
   at Microsoft.EntityFrameworkCore.Query.Internal.EntityQueryable`1.GetAsyncEnumerator(CancellationToken cancellationToken)
   at System.Runtime.CompilerServices.ConfiguredCancelableAsyncEnumerable`1.GetAsyncEnumerator()
   at Microsoft.EntityFrameworkCore.EntityFrameworkQueryableExtensions.ToListAsync[TSource](IQueryable`1 source, CancellationToken cancellationToken)
   at LibraryApp.Data.Repositories.LoanRepository.GetActiveLoansAsync(CancellationToken ct) in C:\Users\Thales\Desktop\netcore\LibraryApp\LibraryApp.Data\Repositories\LoanRepository.cs:line 17
   at LibraryApp.Api.Controllers.LoansController.GetActive(CancellationToken ct) in C:\Users\Thales\Desktop\netcore\LibraryApp\LibraryApp.Api\Controllers\LoansController.cs:line 19
   at Microsoft.AspNetCore.Mvc.Infrastructure.ActionMethodExecutor.TaskOfIActionResultExecutor.Execute(ActionContext actionContext, IActionResultTypeMapper mapper, ObjectMethodExecutor executor, Object controller, Object[] arguments)
   at Microsoft.AspNetCore.Mvc.Infrastructure.ControllerActionInvoker.<InvokeActionMethodAsync>g__Awaited|12_0(ControllerActionInvoker invoker, ValueTask`1 actionResultValueTask)
   at Microsoft.AspNetCore.Mvc.Infrastructure.ControllerActionInvoker.<InvokeNextActionFilterAsync>g__Awaited|10_0(ControllerActionInvoker invoker, Task lastTask, State next, Scope scope, Object state, Boolean isCompleted)
   at Microsoft.AspNetCore.Mvc.Infrastructure.ControllerActionInvoker.Rethrow(ActionExecutedContextSealed context)
   at Microsoft.AspNetCore.Mvc.Infrastructure.ControllerActionInvoker.Next(State& next, Scope& scope, Object& state, Boolean& isCompleted)
   at Microsoft.AspNetCore.Mvc.Infrastructure.ControllerActionInvoker.InvokeInnerFilterAsync()
--- End of stack trace from previous location ---
   at Microsoft.AspNetCore.Mvc.Infrastructure.ResourceInvoker.<InvokeFilterPipelineAsync>g__Awaited|20_0(ResourceInvoker invoker, Task lastTask, State next, Scope scope, Object state, Boolean isCompleted)
   at Microsoft.AspNetCore.Mvc.Infrastructure.ResourceInvoker.<InvokeAsync>g__Logged|17_1(ResourceInvoker invoker)
   at Microsoft.AspNetCore.Mvc.Infrastructure.ResourceInvoker.<InvokeAsync>g__Logged|17_1(ResourceInvoker invoker)
   at Swashbuckle.AspNetCore.SwaggerUI.SwaggerUIMiddleware.Invoke(HttpContext httpContext)
   at Swashbuckle.AspNetCore.Swagger.SwaggerMiddleware.Invoke(HttpContext httpContext, ISwaggerProvider swaggerProvider)
   at Serilog.AspNetCore.RequestLoggingMiddleware.Invoke(HttpContext httpContext)
2026-05-31 12:55:57.541 +03:00 [ERR] Unhandled exception on GET /api/Loans/active
System.InvalidOperationException: The LINQ expression 'DbSet<Loan>()
    .Where(l => l.ReturnDate == null)
    .Join(
        inner: DbSet<Member>(), 
        outerKeySelector: l => EF.Property<int?>(l, "MemberId"), 
        innerKeySelector: m => EF.Property<int?>(m, "MemberId"), 
        resultSelector: (o, i) => new TransparentIdentifier<Loan, Member>(
            Outer = o, 
            Inner = i
        ))
    .Join(
        inner: DbSet<BookCopy>(), 
        outerKeySelector: l => EF.Property<int?>(l.Outer, "CopyId"), 
        innerKeySelector: b => EF.Property<int?>(b, "CopyId"), 
        resultSelector: (o, i) => new TransparentIdentifier<TransparentIdentifier<Loan, Member>, BookCopy>(
            Outer = o, 
            Inner = i
        ))
    .Join(
        inner: DbSet<Book>(), 
        outerKeySelector: l => EF.Property<int?>(l.Inner, "BookId"), 
        innerKeySelector: b0 => EF.Property<int?>(b0, "BookId"), 
        resultSelector: (o, i) => new TransparentIdentifier<TransparentIdentifier<TransparentIdentifier<Loan, Member>, BookCopy>, Book>(
            Outer = o, 
            Inner = i
        ))
    .OrderBy(l => new ActiveLoanDto(
        l.Outer.Outer.Outer.LoanId, 
        l.Outer.Outer.Inner.FullName, 
        l.Inner.Title, 
        DbSet<Dictionary<string, object>>("BookAuthor")
            .Where(b1 => EF.Property<int?>(l.Inner, "BookId") != null && object.Equals(
                objA: (object)EF.Property<int?>(l.Inner, "BookId"), 
                objB: (object)EF.Property<int?>(b1, "BookId")))
            .Join(
                inner: DbSet<Author>(), 
                outerKeySelector: b1 => (object)EF.Property<int?>(b1, "AuthorId"), 
                innerKeySelector: a => (object)EF.Property<int?>(a, "AuthorId"), 
                resultSelector: (b1, a) => new TransparentIdentifier<Dictionary<string, object>, Author>(
                    Outer = b1, 
                    Inner = a
                ))
            .Select(ti => ti.Inner.FullName)
            .FirstOrDefault() ?? "Unknown", 
        l.Outer.Outer.Outer.DueDate, 
        l.Outer.Outer.Outer.DueDate < DateTime.UtcNow
    ).DueDate)' could not be translated. Either rewrite the query in a form that can be translated, or switch to client evaluation explicitly by inserting a call to 'AsEnumerable', 'AsAsyncEnumerable', 'ToList', or 'ToListAsync'. See https://go.microsoft.com/fwlink/?linkid=2101038 for more information.
   at Microsoft.EntityFrameworkCore.Query.QueryableMethodTranslatingExpressionVisitor.Translate(Expression expression)
   at Microsoft.EntityFrameworkCore.Query.RelationalQueryableMethodTranslatingExpressionVisitor.Translate(Expression expression)
   at Microsoft.EntityFrameworkCore.Query.QueryCompilationContext.CreateQueryExecutor[TResult](Expression query)
   at Microsoft.EntityFrameworkCore.Storage.Database.CompileQuery[TResult](Expression query, Boolean async)
   at Microsoft.EntityFrameworkCore.Query.Internal.QueryCompiler.CompileQueryCore[TResult](IDatabase database, Expression query, IModel model, Boolean async)
   at Microsoft.EntityFrameworkCore.Query.Internal.QueryCompiler.<>c__DisplayClass12_0`1.<ExecuteAsync>b__0()
   at Microsoft.EntityFrameworkCore.Query.Internal.CompiledQueryCache.GetOrAddQuery[TResult](Object cacheKey, Func`1 compiler)
   at Microsoft.EntityFrameworkCore.Query.Internal.QueryCompiler.ExecuteAsync[TResult](Expression query, CancellationToken cancellationToken)
   at Microsoft.EntityFrameworkCore.Query.Internal.EntityQueryProvider.ExecuteAsync[TResult](Expression expression, CancellationToken cancellationToken)
   at Microsoft.EntityFrameworkCore.Query.Internal.EntityQueryable`1.GetAsyncEnumerator(CancellationToken cancellationToken)
   at System.Runtime.CompilerServices.ConfiguredCancelableAsyncEnumerable`1.GetAsyncEnumerator()
   at Microsoft.EntityFrameworkCore.EntityFrameworkQueryableExtensions.ToListAsync[TSource](IQueryable`1 source, CancellationToken cancellationToken)
   at LibraryApp.Data.Repositories.LoanRepository.GetActiveLoansAsync(CancellationToken ct) in C:\Users\Thales\Desktop\netcore\LibraryApp\LibraryApp.Data\Repositories\LoanRepository.cs:line 17
   at LibraryApp.Api.Controllers.LoansController.GetActive(CancellationToken ct) in C:\Users\Thales\Desktop\netcore\LibraryApp\LibraryApp.Api\Controllers\LoansController.cs:line 19
   at Microsoft.AspNetCore.Mvc.Infrastructure.ActionMethodExecutor.TaskOfIActionResultExecutor.Execute(ActionContext actionContext, IActionResultTypeMapper mapper, ObjectMethodExecutor executor, Object controller, Object[] arguments)
   at Microsoft.AspNetCore.Mvc.Infrastructure.ControllerActionInvoker.<InvokeActionMethodAsync>g__Awaited|12_0(ControllerActionInvoker invoker, ValueTask`1 actionResultValueTask)
   at Microsoft.AspNetCore.Mvc.Infrastructure.ControllerActionInvoker.<InvokeNextActionFilterAsync>g__Awaited|10_0(ControllerActionInvoker invoker, Task lastTask, State next, Scope scope, Object state, Boolean isCompleted)
   at Microsoft.AspNetCore.Mvc.Infrastructure.ControllerActionInvoker.Rethrow(ActionExecutedContextSealed context)
   at Microsoft.AspNetCore.Mvc.Infrastructure.ControllerActionInvoker.Next(State& next, Scope& scope, Object& state, Boolean& isCompleted)
   at Microsoft.AspNetCore.Mvc.Infrastructure.ControllerActionInvoker.InvokeInnerFilterAsync()
--- End of stack trace from previous location ---
   at Microsoft.AspNetCore.Mvc.Infrastructure.ResourceInvoker.<InvokeFilterPipelineAsync>g__Awaited|20_0(ResourceInvoker invoker, Task lastTask, State next, Scope scope, Object state, Boolean isCompleted)
   at Microsoft.AspNetCore.Mvc.Infrastructure.ResourceInvoker.<InvokeAsync>g__Logged|17_1(ResourceInvoker invoker)
   at Microsoft.AspNetCore.Mvc.Infrastructure.ResourceInvoker.<InvokeAsync>g__Logged|17_1(ResourceInvoker invoker)
   at Swashbuckle.AspNetCore.SwaggerUI.SwaggerUIMiddleware.Invoke(HttpContext httpContext)
   at Swashbuckle.AspNetCore.Swagger.SwaggerMiddleware.Invoke(HttpContext httpContext, ISwaggerProvider swaggerProvider)
   at Serilog.AspNetCore.RequestLoggingMiddleware.Invoke(HttpContext httpContext)
   at LibraryApp.Api.Middleware.ExceptionMiddleware.InvokeAsync(HttpContext context) in C:\Users\Thales\Desktop\netcore\LibraryApp\LibraryApp.Api\Middleware\ExceptionMiddleware.cs:line 22
2026-05-31 12:55:57.548 +03:00 [INF] Request finished HTTP/1.1 GET http://localhost:5112/api/Loans/active - 500 null application/problem+json 21.0011ms
2026-05-31 12:56:05.256 +03:00 [INF] Request starting HTTP/1.1 GET http://localhost:5112/api/Books/2 - null null
2026-05-31 12:56:05.257 +03:00 [INF] Route matched with {action = "GetById", controller = "Books"}. Executing controller action with signature System.Threading.Tasks.Task`1[Microsoft.AspNetCore.Mvc.IActionResult] GetById(Int32, System.Threading.CancellationToken) on controller BooksController (LibraryApp.Api).
2026-05-31 12:56:05.305 +03:00 [INF] Executing OkObjectResult, writing value of type 'BookDto'.
2026-05-31 12:56:05.306 +03:00 [INF] Executed action BooksController.GetById (LibraryApp.Api) in 48.871ms
2026-05-31 12:56:05.306 +03:00 [INF] HTTP GET /api/Books/2 responded 200 in 49.3461 ms
2026-05-31 12:56:05.306 +03:00 [INF] Request finished HTTP/1.1 GET http://localhost:5112/api/Books/2 - 200 null application/json; charset=utf-8 49.9114ms
2026-05-31 12:58:41.865 +03:00 [INF] Request starting HTTP/1.1 GET http://localhost:5112/api - null null
2026-05-31 12:58:41.868 +03:00 [INF] HTTP GET /api responded 404 in 1.8987 ms
2026-05-31 12:58:41.868 +03:00 [INF] Request finished HTTP/1.1 GET http://localhost:5112/api - 404 0 null 2.8011ms
2026-05-31 12:58:41.870 +03:00 [INF] Request reached the end of the middleware pipeline without being handled by application code. Request path: GET http://localhost:5112/api, Response status code: 404
2026-05-31 12:59:28.236 +03:00 [INF] Request starting HTTP/1.1 GET http://localhost:5112/api/Books/2 - null null
2026-05-31 12:59:28.237 +03:00 [INF] Route matched with {action = "GetById", controller = "Books"}. Executing controller action with signature System.Threading.Tasks.Task`1[Microsoft.AspNetCore.Mvc.IActionResult] GetById(Int32, System.Threading.CancellationToken) on controller BooksController (LibraryApp.Api).
2026-05-31 12:59:28.278 +03:00 [INF] Executing OkObjectResult, writing value of type 'BookDto'.
2026-05-31 12:59:28.278 +03:00 [INF] Executed action BooksController.GetById (LibraryApp.Api) in 41.1531ms
2026-05-31 12:59:28.278 +03:00 [INF] HTTP GET /api/Books/2 responded 200 in 41.7385 ms
2026-05-31 12:59:28.278 +03:00 [INF] Request finished HTTP/1.1 GET http://localhost:5112/api/Books/2 - 200 null application/json; charset=utf-8 42.6281ms
2026-05-31 12:59:28.643 +03:00 [INF] Request starting HTTP/1.1 GET http://localhost:5112/favicon.ico - null null
2026-05-31 12:59:28.644 +03:00 [INF] HTTP GET /favicon.ico responded 404 in 0.6784 ms
2026-05-31 12:59:28.644 +03:00 [INF] Request finished HTTP/1.1 GET http://localhost:5112/favicon.ico - 404 0 null 1.0953ms
2026-05-31 12:59:28.645 +03:00 [INF] Request reached the end of the middleware pipeline without being handled by application code. Request path: GET http://localhost:5112/favicon.ico, Response status code: 404
2026-05-31 13:01:08.077 +03:00 [INF] Request starting HTTP/1.1 GET http://localhost:5112/api/Books/1 - null null
2026-05-31 13:01:08.078 +03:00 [INF] Route matched with {action = "GetById", controller = "Books"}. Executing controller action with signature System.Threading.Tasks.Task`1[Microsoft.AspNetCore.Mvc.IActionResult] GetById(Int32, System.Threading.CancellationToken) on controller BooksController (LibraryApp.Api).
2026-05-31 13:01:08.104 +03:00 [INF] Executing OkObjectResult, writing value of type 'BookDto'.
2026-05-31 13:01:08.105 +03:00 [INF] Executed action BooksController.GetById (LibraryApp.Api) in 26.8862ms
2026-05-31 13:01:08.105 +03:00 [INF] HTTP GET /api/Books/1 responded 200 in 27.6376 ms
2026-05-31 13:01:08.105 +03:00 [INF] Request finished HTTP/1.1 GET http://localhost:5112/api/Books/1 - 200 null application/json; charset=utf-8 28.2264ms
2026-05-31 13:32:16.884 +03:00 [INF] Request starting HTTP/1.1 GET http://localhost:5112/api/loans/active - application/json 0
2026-05-31 13:32:16.885 +03:00 [INF] Route matched with {action = "GetActive", controller = "Loans"}. Executing controller action with signature System.Threading.Tasks.Task`1[Microsoft.AspNetCore.Mvc.IActionResult] GetActive(System.Threading.CancellationToken) on controller LibraryApp.Api.Controllers.LoansController (LibraryApp.Api).
2026-05-31 13:32:16.893 +03:00 [INF] Executed action LibraryApp.Api.Controllers.LoansController.GetActive (LibraryApp.Api) in 8.0308ms
2026-05-31 13:32:16.893 +03:00 [ERR] HTTP GET /api/loans/active responded 500 in 9.2271 ms
System.InvalidOperationException: The LINQ expression 'DbSet<Loan>()
    .Where(l => l.ReturnDate == null)
    .Join(
        inner: DbSet<Member>(), 
        outerKeySelector: l => EF.Property<int?>(l, "MemberId"), 
        innerKeySelector: m => EF.Property<int?>(m, "MemberId"), 
        resultSelector: (o, i) => new TransparentIdentifier<Loan, Member>(
            Outer = o, 
            Inner = i
        ))
    .Join(
        inner: DbSet<BookCopy>(), 
        outerKeySelector: l => EF.Property<int?>(l.Outer, "CopyId"), 
        innerKeySelector: b => EF.Property<int?>(b, "CopyId"), 
        resultSelector: (o, i) => new TransparentIdentifier<TransparentIdentifier<Loan, Member>, BookCopy>(
            Outer = o, 
            Inner = i
        ))
    .Join(
        inner: DbSet<Book>(), 
        outerKeySelector: l => EF.Property<int?>(l.Inner, "BookId"), 
        innerKeySelector: b0 => EF.Property<int?>(b0, "BookId"), 
        resultSelector: (o, i) => new TransparentIdentifier<TransparentIdentifier<TransparentIdentifier<Loan, Member>, BookCopy>, Book>(
            Outer = o, 
            Inner = i
        ))
    .OrderBy(l => new ActiveLoanDto(
        l.Outer.Outer.Outer.LoanId, 
        l.Outer.Outer.Inner.FullName, 
        l.Inner.Title, 
        DbSet<Dictionary<string, object>>("BookAuthor")
            .Where(b1 => EF.Property<int?>(l.Inner, "BookId") != null && object.Equals(
                objA: (object)EF.Property<int?>(l.Inner, "BookId"), 
                objB: (object)EF.Property<int?>(b1, "BookId")))
            .Join(
                inner: DbSet<Author>(), 
                outerKeySelector: b1 => (object)EF.Property<int?>(b1, "AuthorId"), 
                innerKeySelector: a => (object)EF.Property<int?>(a, "AuthorId"), 
                resultSelector: (b1, a) => new TransparentIdentifier<Dictionary<string, object>, Author>(
                    Outer = b1, 
                    Inner = a
                ))
            .Select(ti => ti.Inner.FullName)
            .FirstOrDefault() ?? "Unknown", 
        l.Outer.Outer.Outer.DueDate, 
        l.Outer.Outer.Outer.DueDate < DateTime.UtcNow
    ).DueDate)' could not be translated. Either rewrite the query in a form that can be translated, or switch to client evaluation explicitly by inserting a call to 'AsEnumerable', 'AsAsyncEnumerable', 'ToList', or 'ToListAsync'. See https://go.microsoft.com/fwlink/?linkid=2101038 for more information.
   at Microsoft.EntityFrameworkCore.Query.QueryableMethodTranslatingExpressionVisitor.Translate(Expression expression)
   at Microsoft.EntityFrameworkCore.Query.RelationalQueryableMethodTranslatingExpressionVisitor.Translate(Expression expression)
   at Microsoft.EntityFrameworkCore.Query.QueryCompilationContext.CreateQueryExecutor[TResult](Expression query)
   at Microsoft.EntityFrameworkCore.Storage.Database.CompileQuery[TResult](Expression query, Boolean async)
   at Microsoft.EntityFrameworkCore.Query.Internal.QueryCompiler.CompileQueryCore[TResult](IDatabase database, Expression query, IModel model, Boolean async)
   at Microsoft.EntityFrameworkCore.Query.Internal.QueryCompiler.<>c__DisplayClass12_0`1.<ExecuteAsync>b__0()
   at Microsoft.EntityFrameworkCore.Query.Internal.CompiledQueryCache.GetOrAddQuery[TResult](Object cacheKey, Func`1 compiler)
   at Microsoft.EntityFrameworkCore.Query.Internal.QueryCompiler.ExecuteAsync[TResult](Expression query, CancellationToken cancellationToken)
   at Microsoft.EntityFrameworkCore.Query.Internal.EntityQueryProvider.ExecuteAsync[TResult](Expression expression, CancellationToken cancellationToken)
   at Microsoft.EntityFrameworkCore.Query.Internal.EntityQueryable`1.GetAsyncEnumerator(CancellationToken cancellationToken)
   at System.Runtime.CompilerServices.ConfiguredCancelableAsyncEnumerable`1.GetAsyncEnumerator()
   at Microsoft.EntityFrameworkCore.EntityFrameworkQueryableExtensions.ToListAsync[TSource](IQueryable`1 source, CancellationToken cancellationToken)
   at LibraryApp.Data.Repositories.LoanRepository.GetActiveLoansAsync(CancellationToken ct) in C:\Users\Thales\Desktop\netcore\LibraryApp\LibraryApp.Data\Repositories\LoanRepository.cs:line 17
   at LibraryApp.Api.Controllers.LoansController.GetActive(CancellationToken ct) in C:\Users\Thales\Desktop\netcore\LibraryApp\LibraryApp.Api\Controllers\LoansController.cs:line 19
   at Microsoft.AspNetCore.Mvc.Infrastructure.ActionMethodExecutor.TaskOfIActionResultExecutor.Execute(ActionContext actionContext, IActionResultTypeMapper mapper, ObjectMethodExecutor executor, Object controller, Object[] arguments)
   at Microsoft.AspNetCore.Mvc.Infrastructure.ControllerActionInvoker.<InvokeActionMethodAsync>g__Awaited|12_0(ControllerActionInvoker invoker, ValueTask`1 actionResultValueTask)
   at Microsoft.AspNetCore.Mvc.Infrastructure.ControllerActionInvoker.<InvokeNextActionFilterAsync>g__Awaited|10_0(ControllerActionInvoker invoker, Task lastTask, State next, Scope scope, Object state, Boolean isCompleted)
   at Microsoft.AspNetCore.Mvc.Infrastructure.ControllerActionInvoker.Rethrow(ActionExecutedContextSealed context)
   at Microsoft.AspNetCore.Mvc.Infrastructure.ControllerActionInvoker.Next(State& next, Scope& scope, Object& state, Boolean& isCompleted)
   at Microsoft.AspNetCore.Mvc.Infrastructure.ControllerActionInvoker.InvokeInnerFilterAsync()
--- End of stack trace from previous location ---
   at Microsoft.AspNetCore.Mvc.Infrastructure.ResourceInvoker.<InvokeFilterPipelineAsync>g__Awaited|20_0(ResourceInvoker invoker, Task lastTask, State next, Scope scope, Object state, Boolean isCompleted)
   at Microsoft.AspNetCore.Mvc.Infrastructure.ResourceInvoker.<InvokeAsync>g__Logged|17_1(ResourceInvoker invoker)
   at Microsoft.AspNetCore.Mvc.Infrastructure.ResourceInvoker.<InvokeAsync>g__Logged|17_1(ResourceInvoker invoker)
   at Swashbuckle.AspNetCore.SwaggerUI.SwaggerUIMiddleware.Invoke(HttpContext httpContext)
   at Swashbuckle.AspNetCore.Swagger.SwaggerMiddleware.Invoke(HttpContext httpContext, ISwaggerProvider swaggerProvider)
   at Serilog.AspNetCore.RequestLoggingMiddleware.Invoke(HttpContext httpContext)
2026-05-31 13:32:16.897 +03:00 [ERR] Unhandled exception on GET /api/loans/active
System.InvalidOperationException: The LINQ expression 'DbSet<Loan>()
    .Where(l => l.ReturnDate == null)
    .Join(
        inner: DbSet<Member>(), 
        outerKeySelector: l => EF.Property<int?>(l, "MemberId"), 
        innerKeySelector: m => EF.Property<int?>(m, "MemberId"), 
        resultSelector: (o, i) => new TransparentIdentifier<Loan, Member>(
            Outer = o, 
            Inner = i
        ))
    .Join(
        inner: DbSet<BookCopy>(), 
        outerKeySelector: l => EF.Property<int?>(l.Outer, "CopyId"), 
        innerKeySelector: b => EF.Property<int?>(b, "CopyId"), 
        resultSelector: (o, i) => new TransparentIdentifier<TransparentIdentifier<Loan, Member>, BookCopy>(
            Outer = o, 
            Inner = i
        ))
    .Join(
        inner: DbSet<Book>(), 
        outerKeySelector: l => EF.Property<int?>(l.Inner, "BookId"), 
        innerKeySelector: b0 => EF.Property<int?>(b0, "BookId"), 
        resultSelector: (o, i) => new TransparentIdentifier<TransparentIdentifier<TransparentIdentifier<Loan, Member>, BookCopy>, Book>(
            Outer = o, 
            Inner = i
        ))
    .OrderBy(l => new ActiveLoanDto(
        l.Outer.Outer.Outer.LoanId, 
        l.Outer.Outer.Inner.FullName, 
        l.Inner.Title, 
        DbSet<Dictionary<string, object>>("BookAuthor")
            .Where(b1 => EF.Property<int?>(l.Inner, "BookId") != null && object.Equals(
                objA: (object)EF.Property<int?>(l.Inner, "BookId"), 
                objB: (object)EF.Property<int?>(b1, "BookId")))
            .Join(
                inner: DbSet<Author>(), 
                outerKeySelector: b1 => (object)EF.Property<int?>(b1, "AuthorId"), 
                innerKeySelector: a => (object)EF.Property<int?>(a, "AuthorId"), 
                resultSelector: (b1, a) => new TransparentIdentifier<Dictionary<string, object>, Author>(
                    Outer = b1, 
                    Inner = a
                ))
            .Select(ti => ti.Inner.FullName)
            .FirstOrDefault() ?? "Unknown", 
        l.Outer.Outer.Outer.DueDate, 
        l.Outer.Outer.Outer.DueDate < DateTime.UtcNow
    ).DueDate)' could not be translated. Either rewrite the query in a form that can be translated, or switch to client evaluation explicitly by inserting a call to 'AsEnumerable', 'AsAsyncEnumerable', 'ToList', or 'ToListAsync'. See https://go.microsoft.com/fwlink/?linkid=2101038 for more information.
   at Microsoft.EntityFrameworkCore.Query.QueryableMethodTranslatingExpressionVisitor.Translate(Expression expression)
   at Microsoft.EntityFrameworkCore.Query.RelationalQueryableMethodTranslatingExpressionVisitor.Translate(Expression expression)
   at Microsoft.EntityFrameworkCore.Query.QueryCompilationContext.CreateQueryExecutor[TResult](Expression query)
   at Microsoft.EntityFrameworkCore.Storage.Database.CompileQuery[TResult](Expression query, Boolean async)
   at Microsoft.EntityFrameworkCore.Query.Internal.QueryCompiler.CompileQueryCore[TResult](IDatabase database, Expression query, IModel model, Boolean async)
   at Microsoft.EntityFrameworkCore.Query.Internal.QueryCompiler.<>c__DisplayClass12_0`1.<ExecuteAsync>b__0()
   at Microsoft.EntityFrameworkCore.Query.Internal.CompiledQueryCache.GetOrAddQuery[TResult](Object cacheKey, Func`1 compiler)
   at Microsoft.EntityFrameworkCore.Query.Internal.QueryCompiler.ExecuteAsync[TResult](Expression query, CancellationToken cancellationToken)
   at Microsoft.EntityFrameworkCore.Query.Internal.EntityQueryProvider.ExecuteAsync[TResult](Expression expression, CancellationToken cancellationToken)
   at Microsoft.EntityFrameworkCore.Query.Internal.EntityQueryable`1.GetAsyncEnumerator(CancellationToken cancellationToken)
   at System.Runtime.CompilerServices.ConfiguredCancelableAsyncEnumerable`1.GetAsyncEnumerator()
   at Microsoft.EntityFrameworkCore.EntityFrameworkQueryableExtensions.ToListAsync[TSource](IQueryable`1 source, CancellationToken cancellationToken)
   at LibraryApp.Data.Repositories.LoanRepository.GetActiveLoansAsync(CancellationToken ct) in C:\Users\Thales\Desktop\netcore\LibraryApp\LibraryApp.Data\Repositories\LoanRepository.cs:line 17
   at LibraryApp.Api.Controllers.LoansController.GetActive(CancellationToken ct) in C:\Users\Thales\Desktop\netcore\LibraryApp\LibraryApp.Api\Controllers\LoansController.cs:line 19
   at Microsoft.AspNetCore.Mvc.Infrastructure.ActionMethodExecutor.TaskOfIActionResultExecutor.Execute(ActionContext actionContext, IActionResultTypeMapper mapper, ObjectMethodExecutor executor, Object controller, Object[] arguments)
   at Microsoft.AspNetCore.Mvc.Infrastructure.ControllerActionInvoker.<InvokeActionMethodAsync>g__Awaited|12_0(ControllerActionInvoker invoker, ValueTask`1 actionResultValueTask)
   at Microsoft.AspNetCore.Mvc.Infrastructure.ControllerActionInvoker.<InvokeNextActionFilterAsync>g__Awaited|10_0(ControllerActionInvoker invoker, Task lastTask, State next, Scope scope, Object state, Boolean isCompleted)
   at Microsoft.AspNetCore.Mvc.Infrastructure.ControllerActionInvoker.Rethrow(ActionExecutedContextSealed context)
   at Microsoft.AspNetCore.Mvc.Infrastructure.ControllerActionInvoker.Next(State& next, Scope& scope, Object& state, Boolean& isCompleted)
   at Microsoft.AspNetCore.Mvc.Infrastructure.ControllerActionInvoker.InvokeInnerFilterAsync()
--- End of stack trace from previous location ---
   at Microsoft.AspNetCore.Mvc.Infrastructure.ResourceInvoker.<InvokeFilterPipelineAsync>g__Awaited|20_0(ResourceInvoker invoker, Task lastTask, State next, Scope scope, Object state, Boolean isCompleted)
   at Microsoft.AspNetCore.Mvc.Infrastructure.ResourceInvoker.<InvokeAsync>g__Logged|17_1(ResourceInvoker invoker)
   at Microsoft.AspNetCore.Mvc.Infrastructure.ResourceInvoker.<InvokeAsync>g__Logged|17_1(ResourceInvoker invoker)
   at Swashbuckle.AspNetCore.SwaggerUI.SwaggerUIMiddleware.Invoke(HttpContext httpContext)
   at Swashbuckle.AspNetCore.Swagger.SwaggerMiddleware.Invoke(HttpContext httpContext, ISwaggerProvider swaggerProvider)
   at Serilog.AspNetCore.RequestLoggingMiddleware.Invoke(HttpContext httpContext)
   at LibraryApp.Api.Middleware.ExceptionMiddleware.InvokeAsync(HttpContext context) in C:\Users\Thales\Desktop\netcore\LibraryApp\LibraryApp.Api\Middleware\ExceptionMiddleware.cs:line 22
2026-05-31 13:32:16.902 +03:00 [INF] Request finished HTTP/1.1 GET http://localhost:5112/api/loans/active - 500 null application/problem+json 17.6894ms
2026-05-31 13:33:21.295 +03:00 [INF] Request starting HTTP/1.1 GET http://localhost:5112/api/loans/active - application/json 0
2026-05-31 13:33:21.295 +03:00 [INF] Route matched with {action = "GetActive", controller = "Loans"}. Executing controller action with signature System.Threading.Tasks.Task`1[Microsoft.AspNetCore.Mvc.IActionResult] GetActive(System.Threading.CancellationToken) on controller LibraryApp.Api.Controllers.LoansController (LibraryApp.Api).
2026-05-31 13:33:21.301 +03:00 [INF] Executed action LibraryApp.Api.Controllers.LoansController.GetActive (LibraryApp.Api) in 5.3061ms
2026-05-31 13:33:21.301 +03:00 [ERR] HTTP GET /api/loans/active responded 500 in 5.9159 ms
System.InvalidOperationException: The LINQ expression 'DbSet<Loan>()
    .Where(l => l.ReturnDate == null)
    .Join(
        inner: DbSet<Member>(), 
        outerKeySelector: l => EF.Property<int?>(l, "MemberId"), 
        innerKeySelector: m => EF.Property<int?>(m, "MemberId"), 
        resultSelector: (o, i) => new TransparentIdentifier<Loan, Member>(
            Outer = o, 
            Inner = i
        ))
    .Join(
        inner: DbSet<BookCopy>(), 
        outerKeySelector: l => EF.Property<int?>(l.Outer, "CopyId"), 
        innerKeySelector: b => EF.Property<int?>(b, "CopyId"), 
        resultSelector: (o, i) => new TransparentIdentifier<TransparentIdentifier<Loan, Member>, BookCopy>(
            Outer = o, 
            Inner = i
        ))
    .Join(
        inner: DbSet<Book>(), 
        outerKeySelector: l => EF.Property<int?>(l.Inner, "BookId"), 
        innerKeySelector: b0 => EF.Property<int?>(b0, "BookId"), 
        resultSelector: (o, i) => new TransparentIdentifier<TransparentIdentifier<TransparentIdentifier<Loan, Member>, BookCopy>, Book>(
            Outer = o, 
            Inner = i
        ))
    .OrderBy(l => new ActiveLoanDto(
        l.Outer.Outer.Outer.LoanId, 
        l.Outer.Outer.Inner.FullName, 
        l.Inner.Title, 
        DbSet<Dictionary<string, object>>("BookAuthor")
            .Where(b1 => EF.Property<int?>(l.Inner, "BookId") != null && object.Equals(
                objA: (object)EF.Property<int?>(l.Inner, "BookId"), 
                objB: (object)EF.Property<int?>(b1, "BookId")))
            .Join(
                inner: DbSet<Author>(), 
                outerKeySelector: b1 => (object)EF.Property<int?>(b1, "AuthorId"), 
                innerKeySelector: a => (object)EF.Property<int?>(a, "AuthorId"), 
                resultSelector: (b1, a) => new TransparentIdentifier<Dictionary<string, object>, Author>(
                    Outer = b1, 
                    Inner = a
                ))
            .Select(ti => ti.Inner.FullName)
            .FirstOrDefault() ?? "Unknown", 
        l.Outer.Outer.Outer.DueDate, 
        l.Outer.Outer.Outer.DueDate < DateTime.UtcNow
    ).DueDate)' could not be translated. Either rewrite the query in a form that can be translated, or switch to client evaluation explicitly by inserting a call to 'AsEnumerable', 'AsAsyncEnumerable', 'ToList', or 'ToListAsync'. See https://go.microsoft.com/fwlink/?linkid=2101038 for more information.
   at Microsoft.EntityFrameworkCore.Query.QueryableMethodTranslatingExpressionVisitor.Translate(Expression expression)
   at Microsoft.EntityFrameworkCore.Query.RelationalQueryableMethodTranslatingExpressionVisitor.Translate(Expression expression)
   at Microsoft.EntityFrameworkCore.Query.QueryCompilationContext.CreateQueryExecutor[TResult](Expression query)
   at Microsoft.EntityFrameworkCore.Storage.Database.CompileQuery[TResult](Expression query, Boolean async)
   at Microsoft.EntityFrameworkCore.Query.Internal.QueryCompiler.CompileQueryCore[TResult](IDatabase database, Expression query, IModel model, Boolean async)
   at Microsoft.EntityFrameworkCore.Query.Internal.QueryCompiler.<>c__DisplayClass12_0`1.<ExecuteAsync>b__0()
   at Microsoft.EntityFrameworkCore.Query.Internal.CompiledQueryCache.GetOrAddQuery[TResult](Object cacheKey, Func`1 compiler)
   at Microsoft.EntityFrameworkCore.Query.Internal.QueryCompiler.ExecuteAsync[TResult](Expression query, CancellationToken cancellationToken)
   at Microsoft.EntityFrameworkCore.Query.Internal.EntityQueryProvider.ExecuteAsync[TResult](Expression expression, CancellationToken cancellationToken)
   at Microsoft.EntityFrameworkCore.Query.Internal.EntityQueryable`1.GetAsyncEnumerator(CancellationToken cancellationToken)
   at System.Runtime.CompilerServices.ConfiguredCancelableAsyncEnumerable`1.GetAsyncEnumerator()
   at Microsoft.EntityFrameworkCore.EntityFrameworkQueryableExtensions.ToListAsync[TSource](IQueryable`1 source, CancellationToken cancellationToken)
   at LibraryApp.Data.Repositories.LoanRepository.GetActiveLoansAsync(CancellationToken ct) in C:\Users\Thales\Desktop\netcore\LibraryApp\LibraryApp.Data\Repositories\LoanRepository.cs:line 17
   at LibraryApp.Api.Controllers.LoansController.GetActive(CancellationToken ct) in C:\Users\Thales\Desktop\netcore\LibraryApp\LibraryApp.Api\Controllers\LoansController.cs:line 19
   at Microsoft.AspNetCore.Mvc.Infrastructure.ActionMethodExecutor.TaskOfIActionResultExecutor.Execute(ActionContext actionContext, IActionResultTypeMapper mapper, ObjectMethodExecutor executor, Object controller, Object[] arguments)
   at Microsoft.AspNetCore.Mvc.Infrastructure.ControllerActionInvoker.<InvokeActionMethodAsync>g__Awaited|12_0(ControllerActionInvoker invoker, ValueTask`1 actionResultValueTask)
   at Microsoft.AspNetCore.Mvc.Infrastructure.ControllerActionInvoker.<InvokeNextActionFilterAsync>g__Awaited|10_0(ControllerActionInvoker invoker, Task lastTask, State next, Scope scope, Object state, Boolean isCompleted)
   at Microsoft.AspNetCore.Mvc.Infrastructure.ControllerActionInvoker.Rethrow(ActionExecutedContextSealed context)
   at Microsoft.AspNetCore.Mvc.Infrastructure.ControllerActionInvoker.Next(State& next, Scope& scope, Object& state, Boolean& isCompleted)
   at Microsoft.AspNetCore.Mvc.Infrastructure.ControllerActionInvoker.InvokeInnerFilterAsync()
--- End of stack trace from previous location ---
   at Microsoft.AspNetCore.Mvc.Infrastructure.ResourceInvoker.<InvokeFilterPipelineAsync>g__Awaited|20_0(ResourceInvoker invoker, Task lastTask, State next, Scope scope, Object state, Boolean isCompleted)
   at Microsoft.AspNetCore.Mvc.Infrastructure.ResourceInvoker.<InvokeAsync>g__Logged|17_1(ResourceInvoker invoker)
   at Microsoft.AspNetCore.Mvc.Infrastructure.ResourceInvoker.<InvokeAsync>g__Logged|17_1(ResourceInvoker invoker)
   at Swashbuckle.AspNetCore.SwaggerUI.SwaggerUIMiddleware.Invoke(HttpContext httpContext)
   at Swashbuckle.AspNetCore.Swagger.SwaggerMiddleware.Invoke(HttpContext httpContext, ISwaggerProvider swaggerProvider)
   at Serilog.AspNetCore.RequestLoggingMiddleware.Invoke(HttpContext httpContext)
2026-05-31 13:33:21.303 +03:00 [ERR] Unhandled exception on GET /api/loans/active
System.InvalidOperationException: The LINQ expression 'DbSet<Loan>()
    .Where(l => l.ReturnDate == null)
    .Join(
        inner: DbSet<Member>(), 
        outerKeySelector: l => EF.Property<int?>(l, "MemberId"), 
        innerKeySelector: m => EF.Property<int?>(m, "MemberId"), 
        resultSelector: (o, i) => new TransparentIdentifier<Loan, Member>(
            Outer = o, 
            Inner = i
        ))
    .Join(
        inner: DbSet<BookCopy>(), 
        outerKeySelector: l => EF.Property<int?>(l.Outer, "CopyId"), 
        innerKeySelector: b => EF.Property<int?>(b, "CopyId"), 
        resultSelector: (o, i) => new TransparentIdentifier<TransparentIdentifier<Loan, Member>, BookCopy>(
            Outer = o, 
            Inner = i
        ))
    .Join(
        inner: DbSet<Book>(), 
        outerKeySelector: l => EF.Property<int?>(l.Inner, "BookId"), 
        innerKeySelector: b0 => EF.Property<int?>(b0, "BookId"), 
        resultSelector: (o, i) => new TransparentIdentifier<TransparentIdentifier<TransparentIdentifier<Loan, Member>, BookCopy>, Book>(
            Outer = o, 
            Inner = i
        ))
    .OrderBy(l => new ActiveLoanDto(
        l.Outer.Outer.Outer.LoanId, 
        l.Outer.Outer.Inner.FullName, 
        l.Inner.Title, 
        DbSet<Dictionary<string, object>>("BookAuthor")
            .Where(b1 => EF.Property<int?>(l.Inner, "BookId") != null && object.Equals(
                objA: (object)EF.Property<int?>(l.Inner, "BookId"), 
                objB: (object)EF.Property<int?>(b1, "BookId")))
            .Join(
                inner: DbSet<Author>(), 
                outerKeySelector: b1 => (object)EF.Property<int?>(b1, "AuthorId"), 
                innerKeySelector: a => (object)EF.Property<int?>(a, "AuthorId"), 
                resultSelector: (b1, a) => new TransparentIdentifier<Dictionary<string, object>, Author>(
                    Outer = b1, 
                    Inner = a
                ))
            .Select(ti => ti.Inner.FullName)
            .FirstOrDefault() ?? "Unknown", 
        l.Outer.Outer.Outer.DueDate, 
        l.Outer.Outer.Outer.DueDate < DateTime.UtcNow
    ).DueDate)' could not be translated. Either rewrite the query in a form that can be translated, or switch to client evaluation explicitly by inserting a call to 'AsEnumerable', 'AsAsyncEnumerable', 'ToList', or 'ToListAsync'. See https://go.microsoft.com/fwlink/?linkid=2101038 for more information.
   at Microsoft.EntityFrameworkCore.Query.QueryableMethodTranslatingExpressionVisitor.Translate(Expression expression)
   at Microsoft.EntityFrameworkCore.Query.RelationalQueryableMethodTranslatingExpressionVisitor.Translate(Expression expression)
   at Microsoft.EntityFrameworkCore.Query.QueryCompilationContext.CreateQueryExecutor[TResult](Expression query)
   at Microsoft.EntityFrameworkCore.Storage.Database.CompileQuery[TResult](Expression query, Boolean async)
   at Microsoft.EntityFrameworkCore.Query.Internal.QueryCompiler.CompileQueryCore[TResult](IDatabase database, Expression query, IModel model, Boolean async)
   at Microsoft.EntityFrameworkCore.Query.Internal.QueryCompiler.<>c__DisplayClass12_0`1.<ExecuteAsync>b__0()
   at Microsoft.EntityFrameworkCore.Query.Internal.CompiledQueryCache.GetOrAddQuery[TResult](Object cacheKey, Func`1 compiler)
   at Microsoft.EntityFrameworkCore.Query.Internal.QueryCompiler.ExecuteAsync[TResult](Expression query, CancellationToken cancellationToken)
   at Microsoft.EntityFrameworkCore.Query.Internal.EntityQueryProvider.ExecuteAsync[TResult](Expression expression, CancellationToken cancellationToken)
   at Microsoft.EntityFrameworkCore.Query.Internal.EntityQueryable`1.GetAsyncEnumerator(CancellationToken cancellationToken)
   at System.Runtime.CompilerServices.ConfiguredCancelableAsyncEnumerable`1.GetAsyncEnumerator()
   at Microsoft.EntityFrameworkCore.EntityFrameworkQueryableExtensions.ToListAsync[TSource](IQueryable`1 source, CancellationToken cancellationToken)
   at LibraryApp.Data.Repositories.LoanRepository.GetActiveLoansAsync(CancellationToken ct) in C:\Users\Thales\Desktop\netcore\LibraryApp\LibraryApp.Data\Repositories\LoanRepository.cs:line 17
   at LibraryApp.Api.Controllers.LoansController.GetActive(CancellationToken ct) in C:\Users\Thales\Desktop\netcore\LibraryApp\LibraryApp.Api\Controllers\LoansController.cs:line 19
   at Microsoft.AspNetCore.Mvc.Infrastructure.ActionMethodExecutor.TaskOfIActionResultExecutor.Execute(ActionContext actionContext, IActionResultTypeMapper mapper, ObjectMethodExecutor executor, Object controller, Object[] arguments)
   at Microsoft.AspNetCore.Mvc.Infrastructure.ControllerActionInvoker.<InvokeActionMethodAsync>g__Awaited|12_0(ControllerActionInvoker invoker, ValueTask`1 actionResultValueTask)
   at Microsoft.AspNetCore.Mvc.Infrastructure.ControllerActionInvoker.<InvokeNextActionFilterAsync>g__Awaited|10_0(ControllerActionInvoker invoker, Task lastTask, State next, Scope scope, Object state, Boolean isCompleted)
   at Microsoft.AspNetCore.Mvc.Infrastructure.ControllerActionInvoker.Rethrow(ActionExecutedContextSealed context)
   at Microsoft.AspNetCore.Mvc.Infrastructure.ControllerActionInvoker.Next(State& next, Scope& scope, Object& state, Boolean& isCompleted)
   at Microsoft.AspNetCore.Mvc.Infrastructure.ControllerActionInvoker.InvokeInnerFilterAsync()
--- End of stack trace from previous location ---
   at Microsoft.AspNetCore.Mvc.Infrastructure.ResourceInvoker.<InvokeFilterPipelineAsync>g__Awaited|20_0(ResourceInvoker invoker, Task lastTask, State next, Scope scope, Object state, Boolean isCompleted)
   at Microsoft.AspNetCore.Mvc.Infrastructure.ResourceInvoker.<InvokeAsync>g__Logged|17_1(ResourceInvoker invoker)
   at Microsoft.AspNetCore.Mvc.Infrastructure.ResourceInvoker.<InvokeAsync>g__Logged|17_1(ResourceInvoker invoker)
   at Swashbuckle.AspNetCore.SwaggerUI.SwaggerUIMiddleware.Invoke(HttpContext httpContext)
   at Swashbuckle.AspNetCore.Swagger.SwaggerMiddleware.Invoke(HttpContext httpContext, ISwaggerProvider swaggerProvider)
   at Serilog.AspNetCore.RequestLoggingMiddleware.Invoke(HttpContext httpContext)
   at LibraryApp.Api.Middleware.ExceptionMiddleware.InvokeAsync(HttpContext context) in C:\Users\Thales\Desktop\netcore\LibraryApp\LibraryApp.Api\Middleware\ExceptionMiddleware.cs:line 22
2026-05-31 13:33:21.306 +03:00 [INF] Request finished HTTP/1.1 GET http://localhost:5112/api/loans/active - 500 null application/problem+json 11.0953ms
2026-05-31 13:33:21.917 +03:00 [INF] Request starting HTTP/1.1 OPTIONS http://localhost:5112/api/loans/active - null null
2026-05-31 13:33:21.917 +03:00 [INF] CORS policy execution successful.
2026-05-31 13:33:21.921 +03:00 [INF] HTTP OPTIONS /api/loans/active responded 204 in 3.6314 ms
2026-05-31 13:33:21.921 +03:00 [INF] Request finished HTTP/1.1 OPTIONS http://localhost:5112/api/loans/active - 204 null null 4.2492ms
2026-05-31 13:33:21.929 +03:00 [INF] Request starting HTTP/1.1 GET http://localhost:5112/api/loans/active - application/json null
2026-05-31 13:33:21.929 +03:00 [INF] CORS policy execution successful.
2026-05-31 13:33:21.929 +03:00 [INF] Route matched with {action = "GetActive", controller = "Loans"}. Executing controller action with signature System.Threading.Tasks.Task`1[Microsoft.AspNetCore.Mvc.IActionResult] GetActive(System.Threading.CancellationToken) on controller LibraryApp.Api.Controllers.LoansController (LibraryApp.Api).
2026-05-31 13:33:21.936 +03:00 [INF] Executed action LibraryApp.Api.Controllers.LoansController.GetActive (LibraryApp.Api) in 6.725ms
2026-05-31 13:33:21.937 +03:00 [ERR] HTTP GET /api/loans/active responded 500 in 7.7062 ms
System.InvalidOperationException: The LINQ expression 'DbSet<Loan>()
    .Where(l => l.ReturnDate == null)
    .Join(
        inner: DbSet<Member>(), 
        outerKeySelector: l => EF.Property<int?>(l, "MemberId"), 
        innerKeySelector: m => EF.Property<int?>(m, "MemberId"), 
        resultSelector: (o, i) => new TransparentIdentifier<Loan, Member>(
            Outer = o, 
            Inner = i
        ))
    .Join(
        inner: DbSet<BookCopy>(), 
        outerKeySelector: l => EF.Property<int?>(l.Outer, "CopyId"), 
        innerKeySelector: b => EF.Property<int?>(b, "CopyId"), 
        resultSelector: (o, i) => new TransparentIdentifier<TransparentIdentifier<Loan, Member>, BookCopy>(
            Outer = o, 
            Inner = i
        ))
    .Join(
        inner: DbSet<Book>(), 
        outerKeySelector: l => EF.Property<int?>(l.Inner, "BookId"), 
        innerKeySelector: b0 => EF.Property<int?>(b0, "BookId"), 
        resultSelector: (o, i) => new TransparentIdentifier<TransparentIdentifier<TransparentIdentifier<Loan, Member>, BookCopy>, Book>(
            Outer = o, 
            Inner = i
        ))
    .OrderBy(l => new ActiveLoanDto(
        l.Outer.Outer.Outer.LoanId, 
        l.Outer.Outer.Inner.FullName, 
        l.Inner.Title, 
        DbSet<Dictionary<string, object>>("BookAuthor")
            .Where(b1 => EF.Property<int?>(l.Inner, "BookId") != null && object.Equals(
                objA: (object)EF.Property<int?>(l.Inner, "BookId"), 
                objB: (object)EF.Property<int?>(b1, "BookId")))
            .Join(
                inner: DbSet<Author>(), 
                outerKeySelector: b1 => (object)EF.Property<int?>(b1, "AuthorId"), 
                innerKeySelector: a => (object)EF.Property<int?>(a, "AuthorId"), 
                resultSelector: (b1, a) => new TransparentIdentifier<Dictionary<string, object>, Author>(
                    Outer = b1, 
                    Inner = a
                ))
            .Select(ti => ti.Inner.FullName)
            .FirstOrDefault() ?? "Unknown", 
        l.Outer.Outer.Outer.DueDate, 
        l.Outer.Outer.Outer.DueDate < DateTime.UtcNow
    ).DueDate)' could not be translated. Either rewrite the query in a form that can be translated, or switch to client evaluation explicitly by inserting a call to 'AsEnumerable', 'AsAsyncEnumerable', 'ToList', or 'ToListAsync'. See https://go.microsoft.com/fwlink/?linkid=2101038 for more information.
   at Microsoft.EntityFrameworkCore.Query.QueryableMethodTranslatingExpressionVisitor.Translate(Expression expression)
   at Microsoft.EntityFrameworkCore.Query.RelationalQueryableMethodTranslatingExpressionVisitor.Translate(Expression expression)
   at Microsoft.EntityFrameworkCore.Query.QueryCompilationContext.CreateQueryExecutor[TResult](Expression query)
   at Microsoft.EntityFrameworkCore.Storage.Database.CompileQuery[TResult](Expression query, Boolean async)
   at Microsoft.EntityFrameworkCore.Query.Internal.QueryCompiler.CompileQueryCore[TResult](IDatabase database, Expression query, IModel model, Boolean async)
   at Microsoft.EntityFrameworkCore.Query.Internal.QueryCompiler.<>c__DisplayClass12_0`1.<ExecuteAsync>b__0()
   at Microsoft.EntityFrameworkCore.Query.Internal.CompiledQueryCache.GetOrAddQuery[TResult](Object cacheKey, Func`1 compiler)
   at Microsoft.EntityFrameworkCore.Query.Internal.QueryCompiler.ExecuteAsync[TResult](Expression query, CancellationToken cancellationToken)
   at Microsoft.EntityFrameworkCore.Query.Internal.EntityQueryProvider.ExecuteAsync[TResult](Expression expression, CancellationToken cancellationToken)
   at Microsoft.EntityFrameworkCore.Query.Internal.EntityQueryable`1.GetAsyncEnumerator(CancellationToken cancellationToken)
   at System.Runtime.CompilerServices.ConfiguredCancelableAsyncEnumerable`1.GetAsyncEnumerator()
   at Microsoft.EntityFrameworkCore.EntityFrameworkQueryableExtensions.ToListAsync[TSource](IQueryable`1 source, CancellationToken cancellationToken)
   at LibraryApp.Data.Repositories.LoanRepository.GetActiveLoansAsync(CancellationToken ct) in C:\Users\Thales\Desktop\netcore\LibraryApp\LibraryApp.Data\Repositories\LoanRepository.cs:line 17
   at LibraryApp.Api.Controllers.LoansController.GetActive(CancellationToken ct) in C:\Users\Thales\Desktop\netcore\LibraryApp\LibraryApp.Api\Controllers\LoansController.cs:line 19
   at Microsoft.AspNetCore.Mvc.Infrastructure.ActionMethodExecutor.TaskOfIActionResultExecutor.Execute(ActionContext actionContext, IActionResultTypeMapper mapper, ObjectMethodExecutor executor, Object controller, Object[] arguments)
   at Microsoft.AspNetCore.Mvc.Infrastructure.ControllerActionInvoker.<InvokeActionMethodAsync>g__Awaited|12_0(ControllerActionInvoker invoker, ValueTask`1 actionResultValueTask)
   at Microsoft.AspNetCore.Mvc.Infrastructure.ControllerActionInvoker.<InvokeNextActionFilterAsync>g__Awaited|10_0(ControllerActionInvoker invoker, Task lastTask, State next, Scope scope, Object state, Boolean isCompleted)
   at Microsoft.AspNetCore.Mvc.Infrastructure.ControllerActionInvoker.Rethrow(ActionExecutedContextSealed context)
   at Microsoft.AspNetCore.Mvc.Infrastructure.ControllerActionInvoker.Next(State& next, Scope& scope, Object& state, Boolean& isCompleted)
   at Microsoft.AspNetCore.Mvc.Infrastructure.ControllerActionInvoker.InvokeInnerFilterAsync()
--- End of stack trace from previous location ---
   at Microsoft.AspNetCore.Mvc.Infrastructure.ResourceInvoker.<InvokeFilterPipelineAsync>g__Awaited|20_0(ResourceInvoker invoker, Task lastTask, State next, Scope scope, Object state, Boolean isCompleted)
   at Microsoft.AspNetCore.Mvc.Infrastructure.ResourceInvoker.<InvokeAsync>g__Logged|17_1(ResourceInvoker invoker)
   at Microsoft.AspNetCore.Mvc.Infrastructure.ResourceInvoker.<InvokeAsync>g__Logged|17_1(ResourceInvoker invoker)
   at Swashbuckle.AspNetCore.SwaggerUI.SwaggerUIMiddleware.Invoke(HttpContext httpContext)
   at Swashbuckle.AspNetCore.Swagger.SwaggerMiddleware.Invoke(HttpContext httpContext, ISwaggerProvider swaggerProvider)
   at Serilog.AspNetCore.RequestLoggingMiddleware.Invoke(HttpContext httpContext)
2026-05-31 13:33:21.945 +03:00 [ERR] Unhandled exception on GET /api/loans/active
System.InvalidOperationException: The LINQ expression 'DbSet<Loan>()
    .Where(l => l.ReturnDate == null)
    .Join(
        inner: DbSet<Member>(), 
        outerKeySelector: l => EF.Property<int?>(l, "MemberId"), 
        innerKeySelector: m => EF.Property<int?>(m, "MemberId"), 
        resultSelector: (o, i) => new TransparentIdentifier<Loan, Member>(
            Outer = o, 
            Inner = i
        ))
    .Join(
        inner: DbSet<BookCopy>(), 
        outerKeySelector: l => EF.Property<int?>(l.Outer, "CopyId"), 
        innerKeySelector: b => EF.Property<int?>(b, "CopyId"), 
        resultSelector: (o, i) => new TransparentIdentifier<TransparentIdentifier<Loan, Member>, BookCopy>(
            Outer = o, 
            Inner = i
        ))
    .Join(
        inner: DbSet<Book>(), 
        outerKeySelector: l => EF.Property<int?>(l.Inner, "BookId"), 
        innerKeySelector: b0 => EF.Property<int?>(b0, "BookId"), 
        resultSelector: (o, i) => new TransparentIdentifier<TransparentIdentifier<TransparentIdentifier<Loan, Member>, BookCopy>, Book>(
            Outer = o, 
            Inner = i
        ))
    .OrderBy(l => new ActiveLoanDto(
        l.Outer.Outer.Outer.LoanId, 
        l.Outer.Outer.Inner.FullName, 
        l.Inner.Title, 
        DbSet<Dictionary<string, object>>("BookAuthor")
            .Where(b1 => EF.Property<int?>(l.Inner, "BookId") != null && object.Equals(
                objA: (object)EF.Property<int?>(l.Inner, "BookId"), 
                objB: (object)EF.Property<int?>(b1, "BookId")))
            .Join(
                inner: DbSet<Author>(), 
                outerKeySelector: b1 => (object)EF.Property<int?>(b1, "AuthorId"), 
                innerKeySelector: a => (object)EF.Property<int?>(a, "AuthorId"), 
                resultSelector: (b1, a) => new TransparentIdentifier<Dictionary<string, object>, Author>(
                    Outer = b1, 
                    Inner = a
                ))
            .Select(ti => ti.Inner.FullName)
            .FirstOrDefault() ?? "Unknown", 
        l.Outer.Outer.Outer.DueDate, 
        l.Outer.Outer.Outer.DueDate < DateTime.UtcNow
    ).DueDate)' could not be translated. Either rewrite the query in a form that can be translated, or switch to client evaluation explicitly by inserting a call to 'AsEnumerable', 'AsAsyncEnumerable', 'ToList', or 'ToListAsync'. See https://go.microsoft.com/fwlink/?linkid=2101038 for more information.
   at Microsoft.EntityFrameworkCore.Query.QueryableMethodTranslatingExpressionVisitor.Translate(Expression expression)
   at Microsoft.EntityFrameworkCore.Query.RelationalQueryableMethodTranslatingExpressionVisitor.Translate(Expression expression)
   at Microsoft.EntityFrameworkCore.Query.QueryCompilationContext.CreateQueryExecutor[TResult](Expression query)
   at Microsoft.EntityFrameworkCore.Storage.Database.CompileQuery[TResult](Expression query, Boolean async)
   at Microsoft.EntityFrameworkCore.Query.Internal.QueryCompiler.CompileQueryCore[TResult](IDatabase database, Expression query, IModel model, Boolean async)
   at Microsoft.EntityFrameworkCore.Query.Internal.QueryCompiler.<>c__DisplayClass12_0`1.<ExecuteAsync>b__0()
   at Microsoft.EntityFrameworkCore.Query.Internal.CompiledQueryCache.GetOrAddQuery[TResult](Object cacheKey, Func`1 compiler)
   at Microsoft.EntityFrameworkCore.Query.Internal.QueryCompiler.ExecuteAsync[TResult](Expression query, CancellationToken cancellationToken)
   at Microsoft.EntityFrameworkCore.Query.Internal.EntityQueryProvider.ExecuteAsync[TResult](Expression expression, CancellationToken cancellationToken)
   at Microsoft.EntityFrameworkCore.Query.Internal.EntityQueryable`1.GetAsyncEnumerator(CancellationToken cancellationToken)
   at System.Runtime.CompilerServices.ConfiguredCancelableAsyncEnumerable`1.GetAsyncEnumerator()
   at Microsoft.EntityFrameworkCore.EntityFrameworkQueryableExtensions.ToListAsync[TSource](IQueryable`1 source, CancellationToken cancellationToken)
   at LibraryApp.Data.Repositories.LoanRepository.GetActiveLoansAsync(CancellationToken ct) in C:\Users\Thales\Desktop\netcore\LibraryApp\LibraryApp.Data\Repositories\LoanRepository.cs:line 17
   at LibraryApp.Api.Controllers.LoansController.GetActive(CancellationToken ct) in C:\Users\Thales\Desktop\netcore\LibraryApp\LibraryApp.Api\Controllers\LoansController.cs:line 19
   at Microsoft.AspNetCore.Mvc.Infrastructure.ActionMethodExecutor.TaskOfIActionResultExecutor.Execute(ActionContext actionContext, IActionResultTypeMapper mapper, ObjectMethodExecutor executor, Object controller, Object[] arguments)
   at Microsoft.AspNetCore.Mvc.Infrastructure.ControllerActionInvoker.<InvokeActionMethodAsync>g__Awaited|12_0(ControllerActionInvoker invoker, ValueTask`1 actionResultValueTask)
   at Microsoft.AspNetCore.Mvc.Infrastructure.ControllerActionInvoker.<InvokeNextActionFilterAsync>g__Awaited|10_0(ControllerActionInvoker invoker, Task lastTask, State next, Scope scope, Object state, Boolean isCompleted)
   at Microsoft.AspNetCore.Mvc.Infrastructure.ControllerActionInvoker.Rethrow(ActionExecutedContextSealed context)
   at Microsoft.AspNetCore.Mvc.Infrastructure.ControllerActionInvoker.Next(State& next, Scope& scope, Object& state, Boolean& isCompleted)
   at Microsoft.AspNetCore.Mvc.Infrastructure.ControllerActionInvoker.InvokeInnerFilterAsync()
--- End of stack trace from previous location ---
   at Microsoft.AspNetCore.Mvc.Infrastructure.ResourceInvoker.<InvokeFilterPipelineAsync>g__Awaited|20_0(ResourceInvoker invoker, Task lastTask, State next, Scope scope, Object state, Boolean isCompleted)
   at Microsoft.AspNetCore.Mvc.Infrastructure.ResourceInvoker.<InvokeAsync>g__Logged|17_1(ResourceInvoker invoker)
   at Microsoft.AspNetCore.Mvc.Infrastructure.ResourceInvoker.<InvokeAsync>g__Logged|17_1(ResourceInvoker invoker)
   at Swashbuckle.AspNetCore.SwaggerUI.SwaggerUIMiddleware.Invoke(HttpContext httpContext)
   at Swashbuckle.AspNetCore.Swagger.SwaggerMiddleware.Invoke(HttpContext httpContext, ISwaggerProvider swaggerProvider)
   at Serilog.AspNetCore.RequestLoggingMiddleware.Invoke(HttpContext httpContext)
   at LibraryApp.Api.Middleware.ExceptionMiddleware.InvokeAsync(HttpContext context) in C:\Users\Thales\Desktop\netcore\LibraryApp\LibraryApp.Api\Middleware\ExceptionMiddleware.cs:line 22
2026-05-31 13:33:24.122 +03:00 [INF] Request finished HTTP/1.1 GET http://localhost:5112/api/loans/active - 500 null application/problem+json 2193.3887ms
2026-05-31 13:33:33.274 +03:00 [INF] Request starting HTTP/1.1 OPTIONS http://localhost:5112/api/loans/checkout - null null
2026-05-31 13:33:33.274 +03:00 [INF] CORS policy execution successful.
2026-05-31 13:33:33.275 +03:00 [INF] HTTP OPTIONS /api/loans/checkout responded 204 in 0.2247 ms
2026-05-31 13:33:33.275 +03:00 [INF] Request finished HTTP/1.1 OPTIONS http://localhost:5112/api/loans/checkout - 204 null null 0.6489ms
2026-05-31 13:33:33.279 +03:00 [INF] Request starting HTTP/1.1 POST http://localhost:5112/api/loans/checkout - application/json 25
2026-05-31 13:33:33.280 +03:00 [INF] CORS policy execution successful.
2026-05-31 13:33:33.280 +03:00 [INF] Route matched with {action = "CheckOut", controller = "Loans"}. Executing controller action with signature System.Threading.Tasks.Task`1[Microsoft.AspNetCore.Mvc.IActionResult] CheckOut(LibraryApp.Core.DTOs.CheckOutCommand, System.Threading.CancellationToken) on controller LibraryApp.Api.Controllers.LoansController (LibraryApp.Api).
2026-05-31 13:33:33.328 +03:00 [WRN] Savepoints are disabled because Multiple Active Result Sets (MARS) is enabled. If 'SaveChanges' fails, then the transaction cannot be automatically rolled back to a known clean state. Instead, the transaction should be rolled back by the application before retrying 'SaveChanges'. See https://go.microsoft.com/fwlink/?linkid=2149338 for more information and examples. To identify the code which triggers this warning, call 'ConfigureWarnings(w => w.Throw(SqlServerEventId.SavepointsDisabledBecauseOfMARS))'.
2026-05-31 13:33:33.339 +03:00 [INF] Loan 2 created: member 1, copy 2
2026-05-31 13:33:33.339 +03:00 [INF] Executing CreatedAtActionResult, writing value of type 'LibraryApp.Core.DTOs.LoanDto'.
2026-05-31 13:33:33.340 +03:00 [INF] Executed action LibraryApp.Api.Controllers.LoansController.CheckOut (LibraryApp.Api) in 60.4419ms
2026-05-31 13:33:33.340 +03:00 [INF] HTTP POST /api/loans/checkout responded 201 in 60.9737 ms
2026-05-31 13:33:33.341 +03:00 [INF] Request finished HTTP/1.1 POST http://localhost:5112/api/loans/checkout - 201 null application/json; charset=utf-8 61.4283ms
2026-05-31 13:33:33.348 +03:00 [INF] Request starting HTTP/1.1 OPTIONS http://localhost:5112/api/loans/active - null null
2026-05-31 13:33:33.349 +03:00 [INF] CORS policy execution successful.
2026-05-31 13:33:33.349 +03:00 [INF] HTTP OPTIONS /api/loans/active responded 204 in 0.0891 ms
2026-05-31 13:33:33.349 +03:00 [INF] Request finished HTTP/1.1 OPTIONS http://localhost:5112/api/loans/active - 204 null null 0.3754ms
2026-05-31 13:33:33.353 +03:00 [INF] Request starting HTTP/1.1 GET http://localhost:5112/api/loans/active - application/json null
2026-05-31 13:33:33.353 +03:00 [INF] CORS policy execution successful.
2026-05-31 13:33:33.353 +03:00 [INF] Route matched with {action = "GetActive", controller = "Loans"}. Executing controller action with signature System.Threading.Tasks.Task`1[Microsoft.AspNetCore.Mvc.IActionResult] GetActive(System.Threading.CancellationToken) on controller LibraryApp.Api.Controllers.LoansController (LibraryApp.Api).
2026-05-31 13:33:33.359 +03:00 [INF] Executed action LibraryApp.Api.Controllers.LoansController.GetActive (LibraryApp.Api) in 5.61ms
2026-05-31 13:33:33.359 +03:00 [ERR] HTTP GET /api/loans/active responded 500 in 6.1532 ms
System.InvalidOperationException: The LINQ expression 'DbSet<Loan>()
    .Where(l => l.ReturnDate == null)
    .Join(
        inner: DbSet<Member>(), 
        outerKeySelector: l => EF.Property<int?>(l, "MemberId"), 
        innerKeySelector: m => EF.Property<int?>(m, "MemberId"), 
        resultSelector: (o, i) => new TransparentIdentifier<Loan, Member>(
            Outer = o, 
            Inner = i
        ))
    .Join(
        inner: DbSet<BookCopy>(), 
        outerKeySelector: l => EF.Property<int?>(l.Outer, "CopyId"), 
        innerKeySelector: b => EF.Property<int?>(b, "CopyId"), 
        resultSelector: (o, i) => new TransparentIdentifier<TransparentIdentifier<Loan, Member>, BookCopy>(
            Outer = o, 
            Inner = i
        ))
    .Join(
        inner: DbSet<Book>(), 
        outerKeySelector: l => EF.Property<int?>(l.Inner, "BookId"), 
        innerKeySelector: b0 => EF.Property<int?>(b0, "BookId"), 
        resultSelector: (o, i) => new TransparentIdentifier<TransparentIdentifier<TransparentIdentifier<Loan, Member>, BookCopy>, Book>(
            Outer = o, 
            Inner = i
        ))
    .OrderBy(l => new ActiveLoanDto(
        l.Outer.Outer.Outer.LoanId, 
        l.Outer.Outer.Inner.FullName, 
        l.Inner.Title, 
        DbSet<Dictionary<string, object>>("BookAuthor")
            .Where(b1 => EF.Property<int?>(l.Inner, "BookId") != null && object.Equals(
                objA: (object)EF.Property<int?>(l.Inner, "BookId"), 
                objB: (object)EF.Property<int?>(b1, "BookId")))
            .Join(
                inner: DbSet<Author>(), 
                outerKeySelector: b1 => (object)EF.Property<int?>(b1, "AuthorId"), 
                innerKeySelector: a => (object)EF.Property<int?>(a, "AuthorId"), 
                resultSelector: (b1, a) => new TransparentIdentifier<Dictionary<string, object>, Author>(
                    Outer = b1, 
                    Inner = a
                ))
            .Select(ti => ti.Inner.FullName)
            .FirstOrDefault() ?? "Unknown", 
        l.Outer.Outer.Outer.DueDate, 
        l.Outer.Outer.Outer.DueDate < DateTime.UtcNow
    ).DueDate)' could not be translated. Either rewrite the query in a form that can be translated, or switch to client evaluation explicitly by inserting a call to 'AsEnumerable', 'AsAsyncEnumerable', 'ToList', or 'ToListAsync'. See https://go.microsoft.com/fwlink/?linkid=2101038 for more information.
   at Microsoft.EntityFrameworkCore.Query.QueryableMethodTranslatingExpressionVisitor.Translate(Expression expression)
   at Microsoft.EntityFrameworkCore.Query.RelationalQueryableMethodTranslatingExpressionVisitor.Translate(Expression expression)
   at Microsoft.EntityFrameworkCore.Query.QueryCompilationContext.CreateQueryExecutor[TResult](Expression query)
   at Microsoft.EntityFrameworkCore.Storage.Database.CompileQuery[TResult](Expression query, Boolean async)
   at Microsoft.EntityFrameworkCore.Query.Internal.QueryCompiler.CompileQueryCore[TResult](IDatabase database, Expression query, IModel model, Boolean async)
   at Microsoft.EntityFrameworkCore.Query.Internal.QueryCompiler.<>c__DisplayClass12_0`1.<ExecuteAsync>b__0()
   at Microsoft.EntityFrameworkCore.Query.Internal.CompiledQueryCache.GetOrAddQuery[TResult](Object cacheKey, Func`1 compiler)
   at Microsoft.EntityFrameworkCore.Query.Internal.QueryCompiler.ExecuteAsync[TResult](Expression query, CancellationToken cancellationToken)
   at Microsoft.EntityFrameworkCore.Query.Internal.EntityQueryProvider.ExecuteAsync[TResult](Expression expression, CancellationToken cancellationToken)
   at Microsoft.EntityFrameworkCore.Query.Internal.EntityQueryable`1.GetAsyncEnumerator(CancellationToken cancellationToken)
   at System.Runtime.CompilerServices.ConfiguredCancelableAsyncEnumerable`1.GetAsyncEnumerator()
   at Microsoft.EntityFrameworkCore.EntityFrameworkQueryableExtensions.ToListAsync[TSource](IQueryable`1 source, CancellationToken cancellationToken)
   at LibraryApp.Data.Repositories.LoanRepository.GetActiveLoansAsync(CancellationToken ct) in C:\Users\Thales\Desktop\netcore\LibraryApp\LibraryApp.Data\Repositories\LoanRepository.cs:line 17
   at LibraryApp.Api.Controllers.LoansController.GetActive(CancellationToken ct) in C:\Users\Thales\Desktop\netcore\LibraryApp\LibraryApp.Api\Controllers\LoansController.cs:line 19
   at Microsoft.AspNetCore.Mvc.Infrastructure.ActionMethodExecutor.TaskOfIActionResultExecutor.Execute(ActionContext actionContext, IActionResultTypeMapper mapper, ObjectMethodExecutor executor, Object controller, Object[] arguments)
   at Microsoft.AspNetCore.Mvc.Infrastructure.ControllerActionInvoker.<InvokeActionMethodAsync>g__Awaited|12_0(ControllerActionInvoker invoker, ValueTask`1 actionResultValueTask)
   at Microsoft.AspNetCore.Mvc.Infrastructure.ControllerActionInvoker.<InvokeNextActionFilterAsync>g__Awaited|10_0(ControllerActionInvoker invoker, Task lastTask, State next, Scope scope, Object state, Boolean isCompleted)
   at Microsoft.AspNetCore.Mvc.Infrastructure.ControllerActionInvoker.Rethrow(ActionExecutedContextSealed context)
   at Microsoft.AspNetCore.Mvc.Infrastructure.ControllerActionInvoker.Next(State& next, Scope& scope, Object& state, Boolean& isCompleted)
   at Microsoft.AspNetCore.Mvc.Infrastructure.ControllerActionInvoker.InvokeInnerFilterAsync()
--- End of stack trace from previous location ---
   at Microsoft.AspNetCore.Mvc.Infrastructure.ResourceInvoker.<InvokeFilterPipelineAsync>g__Awaited|20_0(ResourceInvoker invoker, Task lastTask, State next, Scope scope, Object state, Boolean isCompleted)
   at Microsoft.AspNetCore.Mvc.Infrastructure.ResourceInvoker.<InvokeAsync>g__Logged|17_1(ResourceInvoker invoker)
   at Microsoft.AspNetCore.Mvc.Infrastructure.ResourceInvoker.<InvokeAsync>g__Logged|17_1(ResourceInvoker invoker)
   at Swashbuckle.AspNetCore.SwaggerUI.SwaggerUIMiddleware.Invoke(HttpContext httpContext)
   at Swashbuckle.AspNetCore.Swagger.SwaggerMiddleware.Invoke(HttpContext httpContext, ISwaggerProvider swaggerProvider)
   at Serilog.AspNetCore.RequestLoggingMiddleware.Invoke(HttpContext httpContext)
2026-05-31 13:33:33.362 +03:00 [ERR] Unhandled exception on GET /api/loans/active
System.InvalidOperationException: The LINQ expression 'DbSet<Loan>()
    .Where(l => l.ReturnDate == null)
    .Join(
        inner: DbSet<Member>(), 
        outerKeySelector: l => EF.Property<int?>(l, "MemberId"), 
        innerKeySelector: m => EF.Property<int?>(m, "MemberId"), 
        resultSelector: (o, i) => new TransparentIdentifier<Loan, Member>(
            Outer = o, 
            Inner = i
        ))
    .Join(
        inner: DbSet<BookCopy>(), 
        outerKeySelector: l => EF.Property<int?>(l.Outer, "CopyId"), 
        innerKeySelector: b => EF.Property<int?>(b, "CopyId"), 
        resultSelector: (o, i) => new TransparentIdentifier<TransparentIdentifier<Loan, Member>, BookCopy>(
            Outer = o, 
            Inner = i
        ))
    .Join(
        inner: DbSet<Book>(), 
        outerKeySelector: l => EF.Property<int?>(l.Inner, "BookId"), 
        innerKeySelector: b0 => EF.Property<int?>(b0, "BookId"), 
        resultSelector: (o, i) => new TransparentIdentifier<TransparentIdentifier<TransparentIdentifier<Loan, Member>, BookCopy>, Book>(
            Outer = o, 
            Inner = i
        ))
    .OrderBy(l => new ActiveLoanDto(
        l.Outer.Outer.Outer.LoanId, 
        l.Outer.Outer.Inner.FullName, 
        l.Inner.Title, 
        DbSet<Dictionary<string, object>>("BookAuthor")
            .Where(b1 => EF.Property<int?>(l.Inner, "BookId") != null && object.Equals(
                objA: (object)EF.Property<int?>(l.Inner, "BookId"), 
                objB: (object)EF.Property<int?>(b1, "BookId")))
            .Join(
                inner: DbSet<Author>(), 
                outerKeySelector: b1 => (object)EF.Property<int?>(b1, "AuthorId"), 
                innerKeySelector: a => (object)EF.Property<int?>(a, "AuthorId"), 
                resultSelector: (b1, a) => new TransparentIdentifier<Dictionary<string, object>, Author>(
                    Outer = b1, 
                    Inner = a
                ))
            .Select(ti => ti.Inner.FullName)
            .FirstOrDefault() ?? "Unknown", 
        l.Outer.Outer.Outer.DueDate, 
        l.Outer.Outer.Outer.DueDate < DateTime.UtcNow
    ).DueDate)' could not be translated. Either rewrite the query in a form that can be translated, or switch to client evaluation explicitly by inserting a call to 'AsEnumerable', 'AsAsyncEnumerable', 'ToList', or 'ToListAsync'. See https://go.microsoft.com/fwlink/?linkid=2101038 for more information.
   at Microsoft.EntityFrameworkCore.Query.QueryableMethodTranslatingExpressionVisitor.Translate(Expression expression)
   at Microsoft.EntityFrameworkCore.Query.RelationalQueryableMethodTranslatingExpressionVisitor.Translate(Expression expression)
   at Microsoft.EntityFrameworkCore.Query.QueryCompilationContext.CreateQueryExecutor[TResult](Expression query)
   at Microsoft.EntityFrameworkCore.Storage.Database.CompileQuery[TResult](Expression query, Boolean async)
   at Microsoft.EntityFrameworkCore.Query.Internal.QueryCompiler.CompileQueryCore[TResult](IDatabase database, Expression query, IModel model, Boolean async)
   at Microsoft.EntityFrameworkCore.Query.Internal.QueryCompiler.<>c__DisplayClass12_0`1.<ExecuteAsync>b__0()
   at Microsoft.EntityFrameworkCore.Query.Internal.CompiledQueryCache.GetOrAddQuery[TResult](Object cacheKey, Func`1 compiler)
   at Microsoft.EntityFrameworkCore.Query.Internal.QueryCompiler.ExecuteAsync[TResult](Expression query, CancellationToken cancellationToken)
   at Microsoft.EntityFrameworkCore.Query.Internal.EntityQueryProvider.ExecuteAsync[TResult](Expression expression, CancellationToken cancellationToken)
   at Microsoft.EntityFrameworkCore.Query.Internal.EntityQueryable`1.GetAsyncEnumerator(CancellationToken cancellationToken)
   at System.Runtime.CompilerServices.ConfiguredCancelableAsyncEnumerable`1.GetAsyncEnumerator()
   at Microsoft.EntityFrameworkCore.EntityFrameworkQueryableExtensions.ToListAsync[TSource](IQueryable`1 source, CancellationToken cancellationToken)
   at LibraryApp.Data.Repositories.LoanRepository.GetActiveLoansAsync(CancellationToken ct) in C:\Users\Thales\Desktop\netcore\LibraryApp\LibraryApp.Data\Repositories\LoanRepository.cs:line 17
   at LibraryApp.Api.Controllers.LoansController.GetActive(CancellationToken ct) in C:\Users\Thales\Desktop\netcore\LibraryApp\LibraryApp.Api\Controllers\LoansController.cs:line 19
   at Microsoft.AspNetCore.Mvc.Infrastructure.ActionMethodExecutor.TaskOfIActionResultExecutor.Execute(ActionContext actionContext, IActionResultTypeMapper mapper, ObjectMethodExecutor executor, Object controller, Object[] arguments)
   at Microsoft.AspNetCore.Mvc.Infrastructure.ControllerActionInvoker.<InvokeActionMethodAsync>g__Awaited|12_0(ControllerActionInvoker invoker, ValueTask`1 actionResultValueTask)
   at Microsoft.AspNetCore.Mvc.Infrastructure.ControllerActionInvoker.<InvokeNextActionFilterAsync>g__Awaited|10_0(ControllerActionInvoker invoker, Task lastTask, State next, Scope scope, Object state, Boolean isCompleted)
   at Microsoft.AspNetCore.Mvc.Infrastructure.ControllerActionInvoker.Rethrow(ActionExecutedContextSealed context)
   at Microsoft.AspNetCore.Mvc.Infrastructure.ControllerActionInvoker.Next(State& next, Scope& scope, Object& state, Boolean& isCompleted)
   at Microsoft.AspNetCore.Mvc.Infrastructure.ControllerActionInvoker.InvokeInnerFilterAsync()
--- End of stack trace from previous location ---
   at Microsoft.AspNetCore.Mvc.Infrastructure.ResourceInvoker.<InvokeFilterPipelineAsync>g__Awaited|20_0(ResourceInvoker invoker, Task lastTask, State next, Scope scope, Object state, Boolean isCompleted)
   at Microsoft.AspNetCore.Mvc.Infrastructure.ResourceInvoker.<InvokeAsync>g__Logged|17_1(ResourceInvoker invoker)
   at Microsoft.AspNetCore.Mvc.Infrastructure.ResourceInvoker.<InvokeAsync>g__Logged|17_1(ResourceInvoker invoker)
   at Swashbuckle.AspNetCore.SwaggerUI.SwaggerUIMiddleware.Invoke(HttpContext httpContext)
   at Swashbuckle.AspNetCore.Swagger.SwaggerMiddleware.Invoke(HttpContext httpContext, ISwaggerProvider swaggerProvider)
   at Serilog.AspNetCore.RequestLoggingMiddleware.Invoke(HttpContext httpContext)
   at LibraryApp.Api.Middleware.ExceptionMiddleware.InvokeAsync(HttpContext context) in C:\Users\Thales\Desktop\netcore\LibraryApp\LibraryApp.Api\Middleware\ExceptionMiddleware.cs:line 22
2026-05-31 13:33:33.364 +03:00 [INF] Request finished HTTP/1.1 GET http://localhost:5112/api/loans/active - 500 null application/problem+json 10.9451ms
2026-05-31 13:33:39.099 +03:00 [INF] Request starting HTTP/1.1 GET http://localhost:5112/api/loans/active - application/json 0
2026-05-31 13:33:39.100 +03:00 [INF] Route matched with {action = "GetActive", controller = "Loans"}. Executing controller action with signature System.Threading.Tasks.Task`1[Microsoft.AspNetCore.Mvc.IActionResult] GetActive(System.Threading.CancellationToken) on controller LibraryApp.Api.Controllers.LoansController (LibraryApp.Api).
2026-05-31 13:33:39.108 +03:00 [INF] Executed action LibraryApp.Api.Controllers.LoansController.GetActive (LibraryApp.Api) in 8.0792ms
2026-05-31 13:33:39.109 +03:00 [ERR] HTTP GET /api/loans/active responded 500 in 9.0784 ms
System.InvalidOperationException: The LINQ expression 'DbSet<Loan>()
    .Where(l => l.ReturnDate == null)
    .Join(
        inner: DbSet<Member>(), 
        outerKeySelector: l => EF.Property<int?>(l, "MemberId"), 
        innerKeySelector: m => EF.Property<int?>(m, "MemberId"), 
        resultSelector: (o, i) => new TransparentIdentifier<Loan, Member>(
            Outer = o, 
            Inner = i
        ))
    .Join(
        inner: DbSet<BookCopy>(), 
        outerKeySelector: l => EF.Property<int?>(l.Outer, "CopyId"), 
        innerKeySelector: b => EF.Property<int?>(b, "CopyId"), 
        resultSelector: (o, i) => new TransparentIdentifier<TransparentIdentifier<Loan, Member>, BookCopy>(
            Outer = o, 
            Inner = i
        ))
    .Join(
        inner: DbSet<Book>(), 
        outerKeySelector: l => EF.Property<int?>(l.Inner, "BookId"), 
        innerKeySelector: b0 => EF.Property<int?>(b0, "BookId"), 
        resultSelector: (o, i) => new TransparentIdentifier<TransparentIdentifier<TransparentIdentifier<Loan, Member>, BookCopy>, Book>(
            Outer = o, 
            Inner = i
        ))
    .OrderBy(l => new ActiveLoanDto(
        l.Outer.Outer.Outer.LoanId, 
        l.Outer.Outer.Inner.FullName, 
        l.Inner.Title, 
        DbSet<Dictionary<string, object>>("BookAuthor")
            .Where(b1 => EF.Property<int?>(l.Inner, "BookId") != null && object.Equals(
                objA: (object)EF.Property<int?>(l.Inner, "BookId"), 
                objB: (object)EF.Property<int?>(b1, "BookId")))
            .Join(
                inner: DbSet<Author>(), 
                outerKeySelector: b1 => (object)EF.Property<int?>(b1, "AuthorId"), 
                innerKeySelector: a => (object)EF.Property<int?>(a, "AuthorId"), 
                resultSelector: (b1, a) => new TransparentIdentifier<Dictionary<string, object>, Author>(
                    Outer = b1, 
                    Inner = a
                ))
            .Select(ti => ti.Inner.FullName)
            .FirstOrDefault() ?? "Unknown", 
        l.Outer.Outer.Outer.DueDate, 
        l.Outer.Outer.Outer.DueDate < DateTime.UtcNow
    ).DueDate)' could not be translated. Either rewrite the query in a form that can be translated, or switch to client evaluation explicitly by inserting a call to 'AsEnumerable', 'AsAsyncEnumerable', 'ToList', or 'ToListAsync'. See https://go.microsoft.com/fwlink/?linkid=2101038 for more information.
   at Microsoft.EntityFrameworkCore.Query.QueryableMethodTranslatingExpressionVisitor.Translate(Expression expression)
   at Microsoft.EntityFrameworkCore.Query.RelationalQueryableMethodTranslatingExpressionVisitor.Translate(Expression expression)
   at Microsoft.EntityFrameworkCore.Query.QueryCompilationContext.CreateQueryExecutor[TResult](Expression query)
   at Microsoft.EntityFrameworkCore.Storage.Database.CompileQuery[TResult](Expression query, Boolean async)
   at Microsoft.EntityFrameworkCore.Query.Internal.QueryCompiler.CompileQueryCore[TResult](IDatabase database, Expression query, IModel model, Boolean async)
   at Microsoft.EntityFrameworkCore.Query.Internal.QueryCompiler.<>c__DisplayClass12_0`1.<ExecuteAsync>b__0()
   at Microsoft.EntityFrameworkCore.Query.Internal.CompiledQueryCache.GetOrAddQuery[TResult](Object cacheKey, Func`1 compiler)
   at Microsoft.EntityFrameworkCore.Query.Internal.QueryCompiler.ExecuteAsync[TResult](Expression query, CancellationToken cancellationToken)
   at Microsoft.EntityFrameworkCore.Query.Internal.EntityQueryProvider.ExecuteAsync[TResult](Expression expression, CancellationToken cancellationToken)
   at Microsoft.EntityFrameworkCore.Query.Internal.EntityQueryable`1.GetAsyncEnumerator(CancellationToken cancellationToken)
   at System.Runtime.CompilerServices.ConfiguredCancelableAsyncEnumerable`1.GetAsyncEnumerator()
   at Microsoft.EntityFrameworkCore.EntityFrameworkQueryableExtensions.ToListAsync[TSource](IQueryable`1 source, CancellationToken cancellationToken)
   at LibraryApp.Data.Repositories.LoanRepository.GetActiveLoansAsync(CancellationToken ct) in C:\Users\Thales\Desktop\netcore\LibraryApp\LibraryApp.Data\Repositories\LoanRepository.cs:line 17
   at LibraryApp.Api.Controllers.LoansController.GetActive(CancellationToken ct) in C:\Users\Thales\Desktop\netcore\LibraryApp\LibraryApp.Api\Controllers\LoansController.cs:line 19
   at Microsoft.AspNetCore.Mvc.Infrastructure.ActionMethodExecutor.TaskOfIActionResultExecutor.Execute(ActionContext actionContext, IActionResultTypeMapper mapper, ObjectMethodExecutor executor, Object controller, Object[] arguments)
   at Microsoft.AspNetCore.Mvc.Infrastructure.ControllerActionInvoker.<InvokeActionMethodAsync>g__Awaited|12_0(ControllerActionInvoker invoker, ValueTask`1 actionResultValueTask)
   at Microsoft.AspNetCore.Mvc.Infrastructure.ControllerActionInvoker.<InvokeNextActionFilterAsync>g__Awaited|10_0(ControllerActionInvoker invoker, Task lastTask, State next, Scope scope, Object state, Boolean isCompleted)
   at Microsoft.AspNetCore.Mvc.Infrastructure.ControllerActionInvoker.Rethrow(ActionExecutedContextSealed context)
   at Microsoft.AspNetCore.Mvc.Infrastructure.ControllerActionInvoker.Next(State& next, Scope& scope, Object& state, Boolean& isCompleted)
   at Microsoft.AspNetCore.Mvc.Infrastructure.ControllerActionInvoker.InvokeInnerFilterAsync()
--- End of stack trace from previous location ---
   at Microsoft.AspNetCore.Mvc.Infrastructure.ResourceInvoker.<InvokeFilterPipelineAsync>g__Awaited|20_0(ResourceInvoker invoker, Task lastTask, State next, Scope scope, Object state, Boolean isCompleted)
   at Microsoft.AspNetCore.Mvc.Infrastructure.ResourceInvoker.<InvokeAsync>g__Logged|17_1(ResourceInvoker invoker)
   at Microsoft.AspNetCore.Mvc.Infrastructure.ResourceInvoker.<InvokeAsync>g__Logged|17_1(ResourceInvoker invoker)
   at Swashbuckle.AspNetCore.SwaggerUI.SwaggerUIMiddleware.Invoke(HttpContext httpContext)
   at Swashbuckle.AspNetCore.Swagger.SwaggerMiddleware.Invoke(HttpContext httpContext, ISwaggerProvider swaggerProvider)
   at Serilog.AspNetCore.RequestLoggingMiddleware.Invoke(HttpContext httpContext)
2026-05-31 13:33:39.112 +03:00 [ERR] Unhandled exception on GET /api/loans/active
System.InvalidOperationException: The LINQ expression 'DbSet<Loan>()
    .Where(l => l.ReturnDate == null)
    .Join(
        inner: DbSet<Member>(), 
        outerKeySelector: l => EF.Property<int?>(l, "MemberId"), 
        innerKeySelector: m => EF.Property<int?>(m, "MemberId"), 
        resultSelector: (o, i) => new TransparentIdentifier<Loan, Member>(
            Outer = o, 
            Inner = i
        ))
    .Join(
        inner: DbSet<BookCopy>(), 
        outerKeySelector: l => EF.Property<int?>(l.Outer, "CopyId"), 
        innerKeySelector: b => EF.Property<int?>(b, "CopyId"), 
        resultSelector: (o, i) => new TransparentIdentifier<TransparentIdentifier<Loan, Member>, BookCopy>(
            Outer = o, 
            Inner = i
        ))
    .Join(
        inner: DbSet<Book>(), 
        outerKeySelector: l => EF.Property<int?>(l.Inner, "BookId"), 
        innerKeySelector: b0 => EF.Property<int?>(b0, "BookId"), 
        resultSelector: (o, i) => new TransparentIdentifier<TransparentIdentifier<TransparentIdentifier<Loan, Member>, BookCopy>, Book>(
            Outer = o, 
            Inner = i
        ))
    .OrderBy(l => new ActiveLoanDto(
        l.Outer.Outer.Outer.LoanId, 
        l.Outer.Outer.Inner.FullName, 
        l.Inner.Title, 
        DbSet<Dictionary<string, object>>("BookAuthor")
            .Where(b1 => EF.Property<int?>(l.Inner, "BookId") != null && object.Equals(
                objA: (object)EF.Property<int?>(l.Inner, "BookId"), 
                objB: (object)EF.Property<int?>(b1, "BookId")))
            .Join(
                inner: DbSet<Author>(), 
                outerKeySelector: b1 => (object)EF.Property<int?>(b1, "AuthorId"), 
                innerKeySelector: a => (object)EF.Property<int?>(a, "AuthorId"), 
                resultSelector: (b1, a) => new TransparentIdentifier<Dictionary<string, object>, Author>(
                    Outer = b1, 
                    Inner = a
                ))
            .Select(ti => ti.Inner.FullName)
            .FirstOrDefault() ?? "Unknown", 
        l.Outer.Outer.Outer.DueDate, 
        l.Outer.Outer.Outer.DueDate < DateTime.UtcNow
    ).DueDate)' could not be translated. Either rewrite the query in a form that can be translated, or switch to client evaluation explicitly by inserting a call to 'AsEnumerable', 'AsAsyncEnumerable', 'ToList', or 'ToListAsync'. See https://go.microsoft.com/fwlink/?linkid=2101038 for more information.
   at Microsoft.EntityFrameworkCore.Query.QueryableMethodTranslatingExpressionVisitor.Translate(Expression expression)
   at Microsoft.EntityFrameworkCore.Query.RelationalQueryableMethodTranslatingExpressionVisitor.Translate(Expression expression)
   at Microsoft.EntityFrameworkCore.Query.QueryCompilationContext.CreateQueryExecutor[TResult](Expression query)
   at Microsoft.EntityFrameworkCore.Storage.Database.CompileQuery[TResult](Expression query, Boolean async)
   at Microsoft.EntityFrameworkCore.Query.Internal.QueryCompiler.CompileQueryCore[TResult](IDatabase database, Expression query, IModel model, Boolean async)
   at Microsoft.EntityFrameworkCore.Query.Internal.QueryCompiler.<>c__DisplayClass12_0`1.<ExecuteAsync>b__0()
   at Microsoft.EntityFrameworkCore.Query.Internal.CompiledQueryCache.GetOrAddQuery[TResult](Object cacheKey, Func`1 compiler)
   at Microsoft.EntityFrameworkCore.Query.Internal.QueryCompiler.ExecuteAsync[TResult](Expression query, CancellationToken cancellationToken)
   at Microsoft.EntityFrameworkCore.Query.Internal.EntityQueryProvider.ExecuteAsync[TResult](Expression expression, CancellationToken cancellationToken)
   at Microsoft.EntityFrameworkCore.Query.Internal.EntityQueryable`1.GetAsyncEnumerator(CancellationToken cancellationToken)
   at System.Runtime.CompilerServices.ConfiguredCancelableAsyncEnumerable`1.GetAsyncEnumerator()
   at Microsoft.EntityFrameworkCore.EntityFrameworkQueryableExtensions.ToListAsync[TSource](IQueryable`1 source, CancellationToken cancellationToken)
   at LibraryApp.Data.Repositories.LoanRepository.GetActiveLoansAsync(CancellationToken ct) in C:\Users\Thales\Desktop\netcore\LibraryApp\LibraryApp.Data\Repositories\LoanRepository.cs:line 17
   at LibraryApp.Api.Controllers.LoansController.GetActive(CancellationToken ct) in C:\Users\Thales\Desktop\netcore\LibraryApp\LibraryApp.Api\Controllers\LoansController.cs:line 19
   at Microsoft.AspNetCore.Mvc.Infrastructure.ActionMethodExecutor.TaskOfIActionResultExecutor.Execute(ActionContext actionContext, IActionResultTypeMapper mapper, ObjectMethodExecutor executor, Object controller, Object[] arguments)
   at Microsoft.AspNetCore.Mvc.Infrastructure.ControllerActionInvoker.<InvokeActionMethodAsync>g__Awaited|12_0(ControllerActionInvoker invoker, ValueTask`1 actionResultValueTask)
   at Microsoft.AspNetCore.Mvc.Infrastructure.ControllerActionInvoker.<InvokeNextActionFilterAsync>g__Awaited|10_0(ControllerActionInvoker invoker, Task lastTask, State next, Scope scope, Object state, Boolean isCompleted)
   at Microsoft.AspNetCore.Mvc.Infrastructure.ControllerActionInvoker.Rethrow(ActionExecutedContextSealed context)
   at Microsoft.AspNetCore.Mvc.Infrastructure.ControllerActionInvoker.Next(State& next, Scope& scope, Object& state, Boolean& isCompleted)
   at Microsoft.AspNetCore.Mvc.Infrastructure.ControllerActionInvoker.InvokeInnerFilterAsync()
--- End of stack trace from previous location ---
   at Microsoft.AspNetCore.Mvc.Infrastructure.ResourceInvoker.<InvokeFilterPipelineAsync>g__Awaited|20_0(ResourceInvoker invoker, Task lastTask, State next, Scope scope, Object state, Boolean isCompleted)
   at Microsoft.AspNetCore.Mvc.Infrastructure.ResourceInvoker.<InvokeAsync>g__Logged|17_1(ResourceInvoker invoker)
   at Microsoft.AspNetCore.Mvc.Infrastructure.ResourceInvoker.<InvokeAsync>g__Logged|17_1(ResourceInvoker invoker)
   at Swashbuckle.AspNetCore.SwaggerUI.SwaggerUIMiddleware.Invoke(HttpContext httpContext)
   at Swashbuckle.AspNetCore.Swagger.SwaggerMiddleware.Invoke(HttpContext httpContext, ISwaggerProvider swaggerProvider)
   at Serilog.AspNetCore.RequestLoggingMiddleware.Invoke(HttpContext httpContext)
   at LibraryApp.Api.Middleware.ExceptionMiddleware.InvokeAsync(HttpContext context) in C:\Users\Thales\Desktop\netcore\LibraryApp\LibraryApp.Api\Middleware\ExceptionMiddleware.cs:line 22
2026-05-31 13:33:39.116 +03:00 [INF] Request finished HTTP/1.1 GET http://localhost:5112/api/loans/active - 500 null application/problem+json 16.7692ms
2026-05-31 13:33:40.017 +03:00 [INF] Request starting HTTP/1.1 OPTIONS http://localhost:5112/api/loans/active - null null
2026-05-31 13:33:40.017 +03:00 [INF] CORS policy execution successful.
2026-05-31 13:33:40.018 +03:00 [INF] HTTP OPTIONS /api/loans/active responded 204 in 0.1839 ms
2026-05-31 13:33:40.018 +03:00 [INF] Request finished HTTP/1.1 OPTIONS http://localhost:5112/api/loans/active - 204 null null 0.5268ms
2026-05-31 13:33:40.205 +03:00 [INF] Request starting HTTP/1.1 GET http://localhost:5112/api/loans/active - application/json null
2026-05-31 13:33:40.214 +03:00 [INF] CORS policy execution successful.
2026-05-31 13:33:40.214 +03:00 [INF] Route matched with {action = "GetActive", controller = "Loans"}. Executing controller action with signature System.Threading.Tasks.Task`1[Microsoft.AspNetCore.Mvc.IActionResult] GetActive(System.Threading.CancellationToken) on controller LibraryApp.Api.Controllers.LoansController (LibraryApp.Api).
2026-05-31 13:33:40.224 +03:00 [INF] Executed action LibraryApp.Api.Controllers.LoansController.GetActive (LibraryApp.Api) in 8.502ms
2026-05-31 13:33:40.225 +03:00 [ERR] HTTP GET /api/loans/active responded 500 in 10.5405 ms
System.InvalidOperationException: The LINQ expression 'DbSet<Loan>()
    .Where(l => l.ReturnDate == null)
    .Join(
        inner: DbSet<Member>(), 
        outerKeySelector: l => EF.Property<int?>(l, "MemberId"), 
        innerKeySelector: m => EF.Property<int?>(m, "MemberId"), 
        resultSelector: (o, i) => new TransparentIdentifier<Loan, Member>(
            Outer = o, 
            Inner = i
        ))
    .Join(
        inner: DbSet<BookCopy>(), 
        outerKeySelector: l => EF.Property<int?>(l.Outer, "CopyId"), 
        innerKeySelector: b => EF.Property<int?>(b, "CopyId"), 
        resultSelector: (o, i) => new TransparentIdentifier<TransparentIdentifier<Loan, Member>, BookCopy>(
            Outer = o, 
            Inner = i
        ))
    .Join(
        inner: DbSet<Book>(), 
        outerKeySelector: l => EF.Property<int?>(l.Inner, "BookId"), 
        innerKeySelector: b0 => EF.Property<int?>(b0, "BookId"), 
        resultSelector: (o, i) => new TransparentIdentifier<TransparentIdentifier<TransparentIdentifier<Loan, Member>, BookCopy>, Book>(
            Outer = o, 
            Inner = i
        ))
    .OrderBy(l => new ActiveLoanDto(
        l.Outer.Outer.Outer.LoanId, 
        l.Outer.Outer.Inner.FullName, 
        l.Inner.Title, 
        DbSet<Dictionary<string, object>>("BookAuthor")
            .Where(b1 => EF.Property<int?>(l.Inner, "BookId") != null && object.Equals(
                objA: (object)EF.Property<int?>(l.Inner, "BookId"), 
                objB: (object)EF.Property<int?>(b1, "BookId")))
            .Join(
                inner: DbSet<Author>(), 
                outerKeySelector: b1 => (object)EF.Property<int?>(b1, "AuthorId"), 
                innerKeySelector: a => (object)EF.Property<int?>(a, "AuthorId"), 
                resultSelector: (b1, a) => new TransparentIdentifier<Dictionary<string, object>, Author>(
                    Outer = b1, 
                    Inner = a
                ))
            .Select(ti => ti.Inner.FullName)
            .FirstOrDefault() ?? "Unknown", 
        l.Outer.Outer.Outer.DueDate, 
        l.Outer.Outer.Outer.DueDate < DateTime.UtcNow
    ).DueDate)' could not be translated. Either rewrite the query in a form that can be translated, or switch to client evaluation explicitly by inserting a call to 'AsEnumerable', 'AsAsyncEnumerable', 'ToList', or 'ToListAsync'. See https://go.microsoft.com/fwlink/?linkid=2101038 for more information.
   at Microsoft.EntityFrameworkCore.Query.QueryableMethodTranslatingExpressionVisitor.Translate(Expression expression)
   at Microsoft.EntityFrameworkCore.Query.RelationalQueryableMethodTranslatingExpressionVisitor.Translate(Expression expression)
   at Microsoft.EntityFrameworkCore.Query.QueryCompilationContext.CreateQueryExecutor[TResult](Expression query)
   at Microsoft.EntityFrameworkCore.Storage.Database.CompileQuery[TResult](Expression query, Boolean async)
   at Microsoft.EntityFrameworkCore.Query.Internal.QueryCompiler.CompileQueryCore[TResult](IDatabase database, Expression query, IModel model, Boolean async)
   at Microsoft.EntityFrameworkCore.Query.Internal.QueryCompiler.<>c__DisplayClass12_0`1.<ExecuteAsync>b__0()
   at Microsoft.EntityFrameworkCore.Query.Internal.CompiledQueryCache.GetOrAddQuery[TResult](Object cacheKey, Func`1 compiler)
   at Microsoft.EntityFrameworkCore.Query.Internal.QueryCompiler.ExecuteAsync[TResult](Expression query, CancellationToken cancellationToken)
   at Microsoft.EntityFrameworkCore.Query.Internal.EntityQueryProvider.ExecuteAsync[TResult](Expression expression, CancellationToken cancellationToken)
   at Microsoft.EntityFrameworkCore.Query.Internal.EntityQueryable`1.GetAsyncEnumerator(CancellationToken cancellationToken)
   at System.Runtime.CompilerServices.ConfiguredCancelableAsyncEnumerable`1.GetAsyncEnumerator()
   at Microsoft.EntityFrameworkCore.EntityFrameworkQueryableExtensions.ToListAsync[TSource](IQueryable`1 source, CancellationToken cancellationToken)
   at LibraryApp.Data.Repositories.LoanRepository.GetActiveLoansAsync(CancellationToken ct) in C:\Users\Thales\Desktop\netcore\LibraryApp\LibraryApp.Data\Repositories\LoanRepository.cs:line 17
   at LibraryApp.Api.Controllers.LoansController.GetActive(CancellationToken ct) in C:\Users\Thales\Desktop\netcore\LibraryApp\LibraryApp.Api\Controllers\LoansController.cs:line 19
   at Microsoft.AspNetCore.Mvc.Infrastructure.ActionMethodExecutor.TaskOfIActionResultExecutor.Execute(ActionContext actionContext, IActionResultTypeMapper mapper, ObjectMethodExecutor executor, Object controller, Object[] arguments)
   at Microsoft.AspNetCore.Mvc.Infrastructure.ControllerActionInvoker.<InvokeActionMethodAsync>g__Awaited|12_0(ControllerActionInvoker invoker, ValueTask`1 actionResultValueTask)
   at Microsoft.AspNetCore.Mvc.Infrastructure.ControllerActionInvoker.<InvokeNextActionFilterAsync>g__Awaited|10_0(ControllerActionInvoker invoker, Task lastTask, State next, Scope scope, Object state, Boolean isCompleted)
   at Microsoft.AspNetCore.Mvc.Infrastructure.ControllerActionInvoker.Rethrow(ActionExecutedContextSealed context)
   at Microsoft.AspNetCore.Mvc.Infrastructure.ControllerActionInvoker.Next(State& next, Scope& scope, Object& state, Boolean& isCompleted)
   at Microsoft.AspNetCore.Mvc.Infrastructure.ControllerActionInvoker.InvokeInnerFilterAsync()
--- End of stack trace from previous location ---
   at Microsoft.AspNetCore.Mvc.Infrastructure.ResourceInvoker.<InvokeFilterPipelineAsync>g__Awaited|20_0(ResourceInvoker invoker, Task lastTask, State next, Scope scope, Object state, Boolean isCompleted)
   at Microsoft.AspNetCore.Mvc.Infrastructure.ResourceInvoker.<InvokeAsync>g__Logged|17_1(ResourceInvoker invoker)
   at Microsoft.AspNetCore.Mvc.Infrastructure.ResourceInvoker.<InvokeAsync>g__Logged|17_1(ResourceInvoker invoker)
   at Swashbuckle.AspNetCore.SwaggerUI.SwaggerUIMiddleware.Invoke(HttpContext httpContext)
   at Swashbuckle.AspNetCore.Swagger.SwaggerMiddleware.Invoke(HttpContext httpContext, ISwaggerProvider swaggerProvider)
   at Serilog.AspNetCore.RequestLoggingMiddleware.Invoke(HttpContext httpContext)
2026-05-31 13:33:40.319 +03:00 [ERR] Unhandled exception on GET /api/loans/active
System.InvalidOperationException: The LINQ expression 'DbSet<Loan>()
    .Where(l => l.ReturnDate == null)
    .Join(
        inner: DbSet<Member>(), 
        outerKeySelector: l => EF.Property<int?>(l, "MemberId"), 
        innerKeySelector: m => EF.Property<int?>(m, "MemberId"), 
        resultSelector: (o, i) => new TransparentIdentifier<Loan, Member>(
            Outer = o, 
            Inner = i
        ))
    .Join(
        inner: DbSet<BookCopy>(), 
        outerKeySelector: l => EF.Property<int?>(l.Outer, "CopyId"), 
        innerKeySelector: b => EF.Property<int?>(b, "CopyId"), 
        resultSelector: (o, i) => new TransparentIdentifier<TransparentIdentifier<Loan, Member>, BookCopy>(
            Outer = o, 
            Inner = i
        ))
    .Join(
        inner: DbSet<Book>(), 
        outerKeySelector: l => EF.Property<int?>(l.Inner, "BookId"), 
        innerKeySelector: b0 => EF.Property<int?>(b0, "BookId"), 
        resultSelector: (o, i) => new TransparentIdentifier<TransparentIdentifier<TransparentIdentifier<Loan, Member>, BookCopy>, Book>(
            Outer = o, 
            Inner = i
        ))
    .OrderBy(l => new ActiveLoanDto(
        l.Outer.Outer.Outer.LoanId, 
        l.Outer.Outer.Inner.FullName, 
        l.Inner.Title, 
        DbSet<Dictionary<string, object>>("BookAuthor")
            .Where(b1 => EF.Property<int?>(l.Inner, "BookId") != null && object.Equals(
                objA: (object)EF.Property<int?>(l.Inner, "BookId"), 
                objB: (object)EF.Property<int?>(b1, "BookId")))
            .Join(
                inner: DbSet<Author>(), 
                outerKeySelector: b1 => (object)EF.Property<int?>(b1, "AuthorId"), 
                innerKeySelector: a => (object)EF.Property<int?>(a, "AuthorId"), 
                resultSelector: (b1, a) => new TransparentIdentifier<Dictionary<string, object>, Author>(
                    Outer = b1, 
                    Inner = a
                ))
            .Select(ti => ti.Inner.FullName)
            .FirstOrDefault() ?? "Unknown", 
        l.Outer.Outer.Outer.DueDate, 
        l.Outer.Outer.Outer.DueDate < DateTime.UtcNow
    ).DueDate)' could not be translated. Either rewrite the query in a form that can be translated, or switch to client evaluation explicitly by inserting a call to 'AsEnumerable', 'AsAsyncEnumerable', 'ToList', or 'ToListAsync'. See https://go.microsoft.com/fwlink/?linkid=2101038 for more information.
   at Microsoft.EntityFrameworkCore.Query.QueryableMethodTranslatingExpressionVisitor.Translate(Expression expression)
   at Microsoft.EntityFrameworkCore.Query.RelationalQueryableMethodTranslatingExpressionVisitor.Translate(Expression expression)
   at Microsoft.EntityFrameworkCore.Query.QueryCompilationContext.CreateQueryExecutor[TResult](Expression query)
   at Microsoft.EntityFrameworkCore.Storage.Database.CompileQuery[TResult](Expression query, Boolean async)
   at Microsoft.EntityFrameworkCore.Query.Internal.QueryCompiler.CompileQueryCore[TResult](IDatabase database, Expression query, IModel model, Boolean async)
   at Microsoft.EntityFrameworkCore.Query.Internal.QueryCompiler.<>c__DisplayClass12_0`1.<ExecuteAsync>b__0()
   at Microsoft.EntityFrameworkCore.Query.Internal.CompiledQueryCache.GetOrAddQuery[TResult](Object cacheKey, Func`1 compiler)
   at Microsoft.EntityFrameworkCore.Query.Internal.QueryCompiler.ExecuteAsync[TResult](Expression query, CancellationToken cancellationToken)
   at Microsoft.EntityFrameworkCore.Query.Internal.EntityQueryProvider.ExecuteAsync[TResult](Expression expression, CancellationToken cancellationToken)
   at Microsoft.EntityFrameworkCore.Query.Internal.EntityQueryable`1.GetAsyncEnumerator(CancellationToken cancellationToken)
   at System.Runtime.CompilerServices.ConfiguredCancelableAsyncEnumerable`1.GetAsyncEnumerator()
   at Microsoft.EntityFrameworkCore.EntityFrameworkQueryableExtensions.ToListAsync[TSource](IQueryable`1 source, CancellationToken cancellationToken)
   at LibraryApp.Data.Repositories.LoanRepository.GetActiveLoansAsync(CancellationToken ct) in C:\Users\Thales\Desktop\netcore\LibraryApp\LibraryApp.Data\Repositories\LoanRepository.cs:line 17
   at LibraryApp.Api.Controllers.LoansController.GetActive(CancellationToken ct) in C:\Users\Thales\Desktop\netcore\LibraryApp\LibraryApp.Api\Controllers\LoansController.cs:line 19
   at Microsoft.AspNetCore.Mvc.Infrastructure.ActionMethodExecutor.TaskOfIActionResultExecutor.Execute(ActionContext actionContext, IActionResultTypeMapper mapper, ObjectMethodExecutor executor, Object controller, Object[] arguments)
   at Microsoft.AspNetCore.Mvc.Infrastructure.ControllerActionInvoker.<InvokeActionMethodAsync>g__Awaited|12_0(ControllerActionInvoker invoker, ValueTask`1 actionResultValueTask)
   at Microsoft.AspNetCore.Mvc.Infrastructure.ControllerActionInvoker.<InvokeNextActionFilterAsync>g__Awaited|10_0(ControllerActionInvoker invoker, Task lastTask, State next, Scope scope, Object state, Boolean isCompleted)
   at Microsoft.AspNetCore.Mvc.Infrastructure.ControllerActionInvoker.Rethrow(ActionExecutedContextSealed context)
   at Microsoft.AspNetCore.Mvc.Infrastructure.ControllerActionInvoker.Next(State& next, Scope& scope, Object& state, Boolean& isCompleted)
   at Microsoft.AspNetCore.Mvc.Infrastructure.ControllerActionInvoker.InvokeInnerFilterAsync()
--- End of stack trace from previous location ---
   at Microsoft.AspNetCore.Mvc.Infrastructure.ResourceInvoker.<InvokeFilterPipelineAsync>g__Awaited|20_0(ResourceInvoker invoker, Task lastTask, State next, Scope scope, Object state, Boolean isCompleted)
   at Microsoft.AspNetCore.Mvc.Infrastructure.ResourceInvoker.<InvokeAsync>g__Logged|17_1(ResourceInvoker invoker)
   at Microsoft.AspNetCore.Mvc.Infrastructure.ResourceInvoker.<InvokeAsync>g__Logged|17_1(ResourceInvoker invoker)
   at Swashbuckle.AspNetCore.SwaggerUI.SwaggerUIMiddleware.Invoke(HttpContext httpContext)
   at Swashbuckle.AspNetCore.Swagger.SwaggerMiddleware.Invoke(HttpContext httpContext, ISwaggerProvider swaggerProvider)
   at Serilog.AspNetCore.RequestLoggingMiddleware.Invoke(HttpContext httpContext)
   at LibraryApp.Api.Middleware.ExceptionMiddleware.InvokeAsync(HttpContext context) in C:\Users\Thales\Desktop\netcore\LibraryApp\LibraryApp.Api\Middleware\ExceptionMiddleware.cs:line 22
2026-05-31 13:33:42.946 +03:00 [INF] Request finished HTTP/1.1 GET http://localhost:5112/api/loans/active - 500 null application/problem+json 2740.9701ms
2026-05-31 13:36:00.570 +03:00 [INF] Request starting HTTP/1.1 GET http://localhost:5112/api/Loans/active - null null
2026-05-31 13:36:00.570 +03:00 [INF] Route matched with {action = "GetActive", controller = "Loans"}. Executing controller action with signature System.Threading.Tasks.Task`1[Microsoft.AspNetCore.Mvc.IActionResult] GetActive(System.Threading.CancellationToken) on controller LibraryApp.Api.Controllers.LoansController (LibraryApp.Api).
2026-05-31 13:36:00.575 +03:00 [INF] Executed action LibraryApp.Api.Controllers.LoansController.GetActive (LibraryApp.Api) in 5.0892ms
2026-05-31 13:36:00.575 +03:00 [ERR] HTTP GET /api/Loans/active responded 500 in 5.6111 ms
System.InvalidOperationException: The LINQ expression 'DbSet<Loan>()
    .Where(l => l.ReturnDate == null)
    .Join(
        inner: DbSet<Member>(), 
        outerKeySelector: l => EF.Property<int?>(l, "MemberId"), 
        innerKeySelector: m => EF.Property<int?>(m, "MemberId"), 
        resultSelector: (o, i) => new TransparentIdentifier<Loan, Member>(
            Outer = o, 
            Inner = i
        ))
    .Join(
        inner: DbSet<BookCopy>(), 
        outerKeySelector: l => EF.Property<int?>(l.Outer, "CopyId"), 
        innerKeySelector: b => EF.Property<int?>(b, "CopyId"), 
        resultSelector: (o, i) => new TransparentIdentifier<TransparentIdentifier<Loan, Member>, BookCopy>(
            Outer = o, 
            Inner = i
        ))
    .Join(
        inner: DbSet<Book>(), 
        outerKeySelector: l => EF.Property<int?>(l.Inner, "BookId"), 
        innerKeySelector: b0 => EF.Property<int?>(b0, "BookId"), 
        resultSelector: (o, i) => new TransparentIdentifier<TransparentIdentifier<TransparentIdentifier<Loan, Member>, BookCopy>, Book>(
            Outer = o, 
            Inner = i
        ))
    .OrderBy(l => new ActiveLoanDto(
        l.Outer.Outer.Outer.LoanId, 
        l.Outer.Outer.Inner.FullName, 
        l.Inner.Title, 
        DbSet<Dictionary<string, object>>("BookAuthor")
            .Where(b1 => EF.Property<int?>(l.Inner, "BookId") != null && object.Equals(
                objA: (object)EF.Property<int?>(l.Inner, "BookId"), 
                objB: (object)EF.Property<int?>(b1, "BookId")))
            .Join(
                inner: DbSet<Author>(), 
                outerKeySelector: b1 => (object)EF.Property<int?>(b1, "AuthorId"), 
                innerKeySelector: a => (object)EF.Property<int?>(a, "AuthorId"), 
                resultSelector: (b1, a) => new TransparentIdentifier<Dictionary<string, object>, Author>(
                    Outer = b1, 
                    Inner = a
                ))
            .Select(ti => ti.Inner.FullName)
            .FirstOrDefault() ?? "Unknown", 
        l.Outer.Outer.Outer.DueDate, 
        l.Outer.Outer.Outer.DueDate < DateTime.UtcNow
    ).DueDate)' could not be translated. Either rewrite the query in a form that can be translated, or switch to client evaluation explicitly by inserting a call to 'AsEnumerable', 'AsAsyncEnumerable', 'ToList', or 'ToListAsync'. See https://go.microsoft.com/fwlink/?linkid=2101038 for more information.
   at Microsoft.EntityFrameworkCore.Query.QueryableMethodTranslatingExpressionVisitor.Translate(Expression expression)
   at Microsoft.EntityFrameworkCore.Query.RelationalQueryableMethodTranslatingExpressionVisitor.Translate(Expression expression)
   at Microsoft.EntityFrameworkCore.Query.QueryCompilationContext.CreateQueryExecutor[TResult](Expression query)
   at Microsoft.EntityFrameworkCore.Storage.Database.CompileQuery[TResult](Expression query, Boolean async)
   at Microsoft.EntityFrameworkCore.Query.Internal.QueryCompiler.CompileQueryCore[TResult](IDatabase database, Expression query, IModel model, Boolean async)
   at Microsoft.EntityFrameworkCore.Query.Internal.QueryCompiler.<>c__DisplayClass12_0`1.<ExecuteAsync>b__0()
   at Microsoft.EntityFrameworkCore.Query.Internal.CompiledQueryCache.GetOrAddQuery[TResult](Object cacheKey, Func`1 compiler)
   at Microsoft.EntityFrameworkCore.Query.Internal.QueryCompiler.ExecuteAsync[TResult](Expression query, CancellationToken cancellationToken)
   at Microsoft.EntityFrameworkCore.Query.Internal.EntityQueryProvider.ExecuteAsync[TResult](Expression expression, CancellationToken cancellationToken)
   at Microsoft.EntityFrameworkCore.Query.Internal.EntityQueryable`1.GetAsyncEnumerator(CancellationToken cancellationToken)
   at System.Runtime.CompilerServices.ConfiguredCancelableAsyncEnumerable`1.GetAsyncEnumerator()
   at Microsoft.EntityFrameworkCore.EntityFrameworkQueryableExtensions.ToListAsync[TSource](IQueryable`1 source, CancellationToken cancellationToken)
   at LibraryApp.Data.Repositories.LoanRepository.GetActiveLoansAsync(CancellationToken ct) in C:\Users\Thales\Desktop\netcore\LibraryApp\LibraryApp.Data\Repositories\LoanRepository.cs:line 17
   at LibraryApp.Api.Controllers.LoansController.GetActive(CancellationToken ct) in C:\Users\Thales\Desktop\netcore\LibraryApp\LibraryApp.Api\Controllers\LoansController.cs:line 19
   at Microsoft.AspNetCore.Mvc.Infrastructure.ActionMethodExecutor.TaskOfIActionResultExecutor.Execute(ActionContext actionContext, IActionResultTypeMapper mapper, ObjectMethodExecutor executor, Object controller, Object[] arguments)
   at Microsoft.AspNetCore.Mvc.Infrastructure.ControllerActionInvoker.<InvokeActionMethodAsync>g__Awaited|12_0(ControllerActionInvoker invoker, ValueTask`1 actionResultValueTask)
   at Microsoft.AspNetCore.Mvc.Infrastructure.ControllerActionInvoker.<InvokeNextActionFilterAsync>g__Awaited|10_0(ControllerActionInvoker invoker, Task lastTask, State next, Scope scope, Object state, Boolean isCompleted)
   at Microsoft.AspNetCore.Mvc.Infrastructure.ControllerActionInvoker.Rethrow(ActionExecutedContextSealed context)
   at Microsoft.AspNetCore.Mvc.Infrastructure.ControllerActionInvoker.Next(State& next, Scope& scope, Object& state, Boolean& isCompleted)
   at Microsoft.AspNetCore.Mvc.Infrastructure.ControllerActionInvoker.InvokeInnerFilterAsync()
--- End of stack trace from previous location ---
   at Microsoft.AspNetCore.Mvc.Infrastructure.ResourceInvoker.<InvokeFilterPipelineAsync>g__Awaited|20_0(ResourceInvoker invoker, Task lastTask, State next, Scope scope, Object state, Boolean isCompleted)
   at Microsoft.AspNetCore.Mvc.Infrastructure.ResourceInvoker.<InvokeAsync>g__Logged|17_1(ResourceInvoker invoker)
   at Microsoft.AspNetCore.Mvc.Infrastructure.ResourceInvoker.<InvokeAsync>g__Logged|17_1(ResourceInvoker invoker)
   at Swashbuckle.AspNetCore.SwaggerUI.SwaggerUIMiddleware.Invoke(HttpContext httpContext)
   at Swashbuckle.AspNetCore.Swagger.SwaggerMiddleware.Invoke(HttpContext httpContext, ISwaggerProvider swaggerProvider)
   at Serilog.AspNetCore.RequestLoggingMiddleware.Invoke(HttpContext httpContext)
2026-05-31 13:36:00.577 +03:00 [ERR] Unhandled exception on GET /api/Loans/active
System.InvalidOperationException: The LINQ expression 'DbSet<Loan>()
    .Where(l => l.ReturnDate == null)
    .Join(
        inner: DbSet<Member>(), 
        outerKeySelector: l => EF.Property<int?>(l, "MemberId"), 
        innerKeySelector: m => EF.Property<int?>(m, "MemberId"), 
        resultSelector: (o, i) => new TransparentIdentifier<Loan, Member>(
            Outer = o, 
            Inner = i
        ))
    .Join(
        inner: DbSet<BookCopy>(), 
        outerKeySelector: l => EF.Property<int?>(l.Outer, "CopyId"), 
        innerKeySelector: b => EF.Property<int?>(b, "CopyId"), 
        resultSelector: (o, i) => new TransparentIdentifier<TransparentIdentifier<Loan, Member>, BookCopy>(
            Outer = o, 
            Inner = i
        ))
    .Join(
        inner: DbSet<Book>(), 
        outerKeySelector: l => EF.Property<int?>(l.Inner, "BookId"), 
        innerKeySelector: b0 => EF.Property<int?>(b0, "BookId"), 
        resultSelector: (o, i) => new TransparentIdentifier<TransparentIdentifier<TransparentIdentifier<Loan, Member>, BookCopy>, Book>(
            Outer = o, 
            Inner = i
        ))
    .OrderBy(l => new ActiveLoanDto(
        l.Outer.Outer.Outer.LoanId, 
        l.Outer.Outer.Inner.FullName, 
        l.Inner.Title, 
        DbSet<Dictionary<string, object>>("BookAuthor")
            .Where(b1 => EF.Property<int?>(l.Inner, "BookId") != null && object.Equals(
                objA: (object)EF.Property<int?>(l.Inner, "BookId"), 
                objB: (object)EF.Property<int?>(b1, "BookId")))
            .Join(
                inner: DbSet<Author>(), 
                outerKeySelector: b1 => (object)EF.Property<int?>(b1, "AuthorId"), 
                innerKeySelector: a => (object)EF.Property<int?>(a, "AuthorId"), 
                resultSelector: (b1, a) => new TransparentIdentifier<Dictionary<string, object>, Author>(
                    Outer = b1, 
                    Inner = a
                ))
            .Select(ti => ti.Inner.FullName)
            .FirstOrDefault() ?? "Unknown", 
        l.Outer.Outer.Outer.DueDate, 
        l.Outer.Outer.Outer.DueDate < DateTime.UtcNow
    ).DueDate)' could not be translated. Either rewrite the query in a form that can be translated, or switch to client evaluation explicitly by inserting a call to 'AsEnumerable', 'AsAsyncEnumerable', 'ToList', or 'ToListAsync'. See https://go.microsoft.com/fwlink/?linkid=2101038 for more information.
   at Microsoft.EntityFrameworkCore.Query.QueryableMethodTranslatingExpressionVisitor.Translate(Expression expression)
   at Microsoft.EntityFrameworkCore.Query.RelationalQueryableMethodTranslatingExpressionVisitor.Translate(Expression expression)
   at Microsoft.EntityFrameworkCore.Query.QueryCompilationContext.CreateQueryExecutor[TResult](Expression query)
   at Microsoft.EntityFrameworkCore.Storage.Database.CompileQuery[TResult](Expression query, Boolean async)
   at Microsoft.EntityFrameworkCore.Query.Internal.QueryCompiler.CompileQueryCore[TResult](IDatabase database, Expression query, IModel model, Boolean async)
   at Microsoft.EntityFrameworkCore.Query.Internal.QueryCompiler.<>c__DisplayClass12_0`1.<ExecuteAsync>b__0()
   at Microsoft.EntityFrameworkCore.Query.Internal.CompiledQueryCache.GetOrAddQuery[TResult](Object cacheKey, Func`1 compiler)
   at Microsoft.EntityFrameworkCore.Query.Internal.QueryCompiler.ExecuteAsync[TResult](Expression query, CancellationToken cancellationToken)
   at Microsoft.EntityFrameworkCore.Query.Internal.EntityQueryProvider.ExecuteAsync[TResult](Expression expression, CancellationToken cancellationToken)
   at Microsoft.EntityFrameworkCore.Query.Internal.EntityQueryable`1.GetAsyncEnumerator(CancellationToken cancellationToken)
   at System.Runtime.CompilerServices.ConfiguredCancelableAsyncEnumerable`1.GetAsyncEnumerator()
   at Microsoft.EntityFrameworkCore.EntityFrameworkQueryableExtensions.ToListAsync[TSource](IQueryable`1 source, CancellationToken cancellationToken)
   at LibraryApp.Data.Repositories.LoanRepository.GetActiveLoansAsync(CancellationToken ct) in C:\Users\Thales\Desktop\netcore\LibraryApp\LibraryApp.Data\Repositories\LoanRepository.cs:line 17
   at LibraryApp.Api.Controllers.LoansController.GetActive(CancellationToken ct) in C:\Users\Thales\Desktop\netcore\LibraryApp\LibraryApp.Api\Controllers\LoansController.cs:line 19
   at Microsoft.AspNetCore.Mvc.Infrastructure.ActionMethodExecutor.TaskOfIActionResultExecutor.Execute(ActionContext actionContext, IActionResultTypeMapper mapper, ObjectMethodExecutor executor, Object controller, Object[] arguments)
   at Microsoft.AspNetCore.Mvc.Infrastructure.ControllerActionInvoker.<InvokeActionMethodAsync>g__Awaited|12_0(ControllerActionInvoker invoker, ValueTask`1 actionResultValueTask)
   at Microsoft.AspNetCore.Mvc.Infrastructure.ControllerActionInvoker.<InvokeNextActionFilterAsync>g__Awaited|10_0(ControllerActionInvoker invoker, Task lastTask, State next, Scope scope, Object state, Boolean isCompleted)
   at Microsoft.AspNetCore.Mvc.Infrastructure.ControllerActionInvoker.Rethrow(ActionExecutedContextSealed context)
   at Microsoft.AspNetCore.Mvc.Infrastructure.ControllerActionInvoker.Next(State& next, Scope& scope, Object& state, Boolean& isCompleted)
   at Microsoft.AspNetCore.Mvc.Infrastructure.ControllerActionInvoker.InvokeInnerFilterAsync()
--- End of stack trace from previous location ---
   at Microsoft.AspNetCore.Mvc.Infrastructure.ResourceInvoker.<InvokeFilterPipelineAsync>g__Awaited|20_0(ResourceInvoker invoker, Task lastTask, State next, Scope scope, Object state, Boolean isCompleted)
   at Microsoft.AspNetCore.Mvc.Infrastructure.ResourceInvoker.<InvokeAsync>g__Logged|17_1(ResourceInvoker invoker)
   at Microsoft.AspNetCore.Mvc.Infrastructure.ResourceInvoker.<InvokeAsync>g__Logged|17_1(ResourceInvoker invoker)
   at Swashbuckle.AspNetCore.SwaggerUI.SwaggerUIMiddleware.Invoke(HttpContext httpContext)
   at Swashbuckle.AspNetCore.Swagger.SwaggerMiddleware.Invoke(HttpContext httpContext, ISwaggerProvider swaggerProvider)
   at Serilog.AspNetCore.RequestLoggingMiddleware.Invoke(HttpContext httpContext)
   at LibraryApp.Api.Middleware.ExceptionMiddleware.InvokeAsync(HttpContext context) in C:\Users\Thales\Desktop\netcore\LibraryApp\LibraryApp.Api\Middleware\ExceptionMiddleware.cs:line 22
2026-05-31 13:36:00.580 +03:00 [INF] Request finished HTTP/1.1 GET http://localhost:5112/api/Loans/active - 500 null application/problem+json 10.5415ms
2026-05-31 13:37:24.939 +03:00 [INF] Now listening on: http://localhost:5112
2026-05-31 13:37:24.987 +03:00 [INF] Application started. Press Ctrl+C to shut down.
2026-05-31 13:37:24.989 +03:00 [INF] Hosting environment: Development
2026-05-31 13:37:24.989 +03:00 [INF] Content root path: c:\Users\Thales\Desktop\netcore\LibraryApp\LibraryApp.Api
2026-05-31 13:37:28.156 +03:00 [INF] Request starting HTTP/1.1 GET http://localhost:5112/api/Loans/active - null null
2026-05-31 13:37:28.274 +03:00 [INF] Route matched with {action = "GetActive", controller = "Loans"}. Executing controller action with signature System.Threading.Tasks.Task`1[Microsoft.AspNetCore.Mvc.IActionResult] GetActive(System.Threading.CancellationToken) on controller LibraryApp.Api.Controllers.LoansController (LibraryApp.Api).
2026-05-31 13:37:29.879 +03:00 [INF] Executing OkObjectResult, writing value of type 'System.Collections.Generic.List`1[[LibraryApp.Core.DTOs.ActiveLoanDto, LibraryApp.Core, Version=1.0.0.0, Culture=neutral, PublicKeyToken=null]]'.
2026-05-31 13:37:29.968 +03:00 [INF] Executed action LibraryApp.Api.Controllers.LoansController.GetActive (LibraryApp.Api) in 1688.7968ms
2026-05-31 13:37:29.973 +03:00 [INF] HTTP GET /api/Loans/active responded 200 in 1780.8139 ms
2026-05-31 13:37:29.984 +03:00 [INF] Request finished HTTP/1.1 GET http://localhost:5112/api/Loans/active - 200 null application/json; charset=utf-8 1829.947ms
2026-05-31 13:41:19.185 +03:00 [INF] Request starting HTTP/1.1 GET http://localhost:5112/api/loans/active - application/json 0
2026-05-31 13:41:19.191 +03:00 [INF] Route matched with {action = "GetActive", controller = "Loans"}. Executing controller action with signature System.Threading.Tasks.Task`1[Microsoft.AspNetCore.Mvc.IActionResult] GetActive(System.Threading.CancellationToken) on controller LibraryApp.Api.Controllers.LoansController (LibraryApp.Api).
2026-05-31 13:41:19.239 +03:00 [INF] Executing OkObjectResult, writing value of type 'System.Collections.Generic.List`1[[LibraryApp.Core.DTOs.ActiveLoanDto, LibraryApp.Core, Version=1.0.0.0, Culture=neutral, PublicKeyToken=null]]'.
2026-05-31 13:41:19.240 +03:00 [INF] Executed action LibraryApp.Api.Controllers.LoansController.GetActive (LibraryApp.Api) in 48.6365ms
2026-05-31 13:41:19.240 +03:00 [INF] HTTP GET /api/loans/active responded 200 in 51.9018 ms
2026-05-31 13:41:19.241 +03:00 [INF] Request finished HTTP/1.1 GET http://localhost:5112/api/loans/active - 200 null application/json; charset=utf-8 56.5639ms
2026-05-31 13:41:19.755 +03:00 [INF] Request starting HTTP/1.1 OPTIONS http://localhost:5112/api/loans/active - null null
2026-05-31 13:41:19.765 +03:00 [INF] CORS policy execution successful.
2026-05-31 13:41:19.768 +03:00 [INF] HTTP OPTIONS /api/loans/active responded 204 in 10.8211 ms
2026-05-31 13:41:19.768 +03:00 [INF] Request finished HTTP/1.1 OPTIONS http://localhost:5112/api/loans/active - 204 null null 13.6776ms
2026-05-31 13:41:19.777 +03:00 [INF] Request starting HTTP/1.1 GET http://localhost:5112/api/loans/active - application/json null
2026-05-31 13:41:19.777 +03:00 [INF] CORS policy execution successful.
2026-05-31 13:41:19.778 +03:00 [INF] Route matched with {action = "GetActive", controller = "Loans"}. Executing controller action with signature System.Threading.Tasks.Task`1[Microsoft.AspNetCore.Mvc.IActionResult] GetActive(System.Threading.CancellationToken) on controller LibraryApp.Api.Controllers.LoansController (LibraryApp.Api).
2026-05-31 13:41:19.865 +03:00 [INF] Executing OkObjectResult, writing value of type 'System.Collections.Generic.List`1[[LibraryApp.Core.DTOs.ActiveLoanDto, LibraryApp.Core, Version=1.0.0.0, Culture=neutral, PublicKeyToken=null]]'.
2026-05-31 13:41:19.866 +03:00 [INF] Executed action LibraryApp.Api.Controllers.LoansController.GetActive (LibraryApp.Api) in 87.7966ms
2026-05-31 13:41:19.866 +03:00 [INF] HTTP GET /api/loans/active responded 200 in 89.4717 ms
2026-05-31 13:41:19.867 +03:00 [INF] Request finished HTTP/1.1 GET http://localhost:5112/api/loans/active - 200 null application/json; charset=utf-8 90.0413ms
2026-05-31 13:41:26.511 +03:00 [INF] Request starting HTTP/1.1 OPTIONS http://localhost:5112/api/loans/1/return - null null
2026-05-31 13:41:26.512 +03:00 [INF] CORS policy execution successful.
2026-05-31 13:41:26.512 +03:00 [INF] HTTP OPTIONS /api/loans/1/return responded 204 in 0.1984 ms
2026-05-31 13:41:26.512 +03:00 [INF] Request finished HTTP/1.1 OPTIONS http://localhost:5112/api/loans/1/return - 204 null null 1.0363ms
2026-05-31 13:41:26.519 +03:00 [INF] Request starting HTTP/1.1 PATCH http://localhost:5112/api/loans/1/return - application/json 2
2026-05-31 13:41:26.520 +03:00 [INF] CORS policy execution successful.
2026-05-31 13:41:26.530 +03:00 [INF] Route matched with {action = "Return", controller = "Loans"}. Executing controller action with signature System.Threading.Tasks.Task`1[Microsoft.AspNetCore.Mvc.IActionResult] Return(Int32, System.Threading.CancellationToken) on controller LibraryApp.Api.Controllers.LoansController (LibraryApp.Api).
2026-05-31 13:41:26.880 +03:00 [WRN] Savepoints are disabled because Multiple Active Result Sets (MARS) is enabled. If 'SaveChanges' fails, then the transaction cannot be automatically rolled back to a known clean state. Instead, the transaction should be rolled back by the application before retrying 'SaveChanges'. See https://go.microsoft.com/fwlink/?linkid=2149338 for more information and examples. To identify the code which triggers this warning, call 'ConfigureWarnings(w => w.Throw(SqlServerEventId.SavepointsDisabledBecauseOfMARS))'.
2026-05-31 13:41:26.917 +03:00 [INF] Loan 1 returned. Fine charged: ¤0.00
2026-05-31 13:41:26.924 +03:00 [INF] Executing StatusCodeResult, setting HTTP status code 204
2026-05-31 13:41:26.924 +03:00 [INF] Executed action LibraryApp.Api.Controllers.LoansController.Return (LibraryApp.Api) in 394.4213ms
2026-05-31 13:41:26.924 +03:00 [INF] HTTP PATCH /api/loans/1/return responded 204 in 404.9559 ms
2026-05-31 13:41:26.927 +03:00 [INF] Request finished HTTP/1.1 PATCH http://localhost:5112/api/loans/1/return - 204 null null 407.6606ms
2026-05-31 13:41:26.934 +03:00 [INF] Request starting HTTP/1.1 OPTIONS http://localhost:5112/api/loans/active - null null
2026-05-31 13:41:26.934 +03:00 [INF] CORS policy execution successful.
2026-05-31 13:41:26.934 +03:00 [INF] HTTP OPTIONS /api/loans/active responded 204 in 0.1650 ms
2026-05-31 13:41:26.934 +03:00 [INF] Request finished HTTP/1.1 OPTIONS http://localhost:5112/api/loans/active - 204 null null 0.6891ms
2026-05-31 13:41:26.941 +03:00 [INF] Request starting HTTP/1.1 GET http://localhost:5112/api/loans/active - application/json null
2026-05-31 13:41:26.942 +03:00 [INF] CORS policy execution successful.
2026-05-31 13:41:26.942 +03:00 [INF] Route matched with {action = "GetActive", controller = "Loans"}. Executing controller action with signature System.Threading.Tasks.Task`1[Microsoft.AspNetCore.Mvc.IActionResult] GetActive(System.Threading.CancellationToken) on controller LibraryApp.Api.Controllers.LoansController (LibraryApp.Api).
2026-05-31 13:41:26.962 +03:00 [INF] Executing OkObjectResult, writing value of type 'System.Collections.Generic.List`1[[LibraryApp.Core.DTOs.ActiveLoanDto, LibraryApp.Core, Version=1.0.0.0, Culture=neutral, PublicKeyToken=null]]'.
2026-05-31 13:41:26.962 +03:00 [INF] Executed action LibraryApp.Api.Controllers.LoansController.GetActive (LibraryApp.Api) in 20.4738ms
2026-05-31 13:41:26.963 +03:00 [INF] HTTP GET /api/loans/active responded 200 in 21.1009 ms
2026-05-31 13:41:26.963 +03:00 [INF] Request finished HTTP/1.1 GET http://localhost:5112/api/loans/active - 200 null application/json; charset=utf-8 21.8162ms
2026-05-31 13:41:28.099 +03:00 [INF] Request starting HTTP/1.1 GET http://localhost:5112/api/loans/active - application/json 0
2026-05-31 13:41:28.099 +03:00 [INF] Route matched with {action = "GetActive", controller = "Loans"}. Executing controller action with signature System.Threading.Tasks.Task`1[Microsoft.AspNetCore.Mvc.IActionResult] GetActive(System.Threading.CancellationToken) on controller LibraryApp.Api.Controllers.LoansController (LibraryApp.Api).
2026-05-31 13:41:28.102 +03:00 [INF] Executing OkObjectResult, writing value of type 'System.Collections.Generic.List`1[[LibraryApp.Core.DTOs.ActiveLoanDto, LibraryApp.Core, Version=1.0.0.0, Culture=neutral, PublicKeyToken=null]]'.
2026-05-31 13:41:28.103 +03:00 [INF] Executed action LibraryApp.Api.Controllers.LoansController.GetActive (LibraryApp.Api) in 3.1867ms
2026-05-31 13:41:28.103 +03:00 [INF] HTTP GET /api/loans/active responded 200 in 3.5924 ms
2026-05-31 13:41:28.104 +03:00 [INF] Request finished HTTP/1.1 GET http://localhost:5112/api/loans/active - 200 null application/json; charset=utf-8 4.6263ms
2026-05-31 13:41:28.381 +03:00 [INF] Request starting HTTP/1.1 GET http://localhost:5112/api/loans/active - application/json null
2026-05-31 13:41:28.381 +03:00 [INF] CORS policy execution successful.
2026-05-31 13:41:28.381 +03:00 [INF] Route matched with {action = "GetActive", controller = "Loans"}. Executing controller action with signature System.Threading.Tasks.Task`1[Microsoft.AspNetCore.Mvc.IActionResult] GetActive(System.Threading.CancellationToken) on controller LibraryApp.Api.Controllers.LoansController (LibraryApp.Api).
2026-05-31 13:41:28.391 +03:00 [INF] Executing OkObjectResult, writing value of type 'System.Collections.Generic.List`1[[LibraryApp.Core.DTOs.ActiveLoanDto, LibraryApp.Core, Version=1.0.0.0, Culture=neutral, PublicKeyToken=null]]'.
2026-05-31 13:41:28.391 +03:00 [INF] Executed action LibraryApp.Api.Controllers.LoansController.GetActive (LibraryApp.Api) in 9.584ms
2026-05-31 13:41:28.391 +03:00 [INF] HTTP GET /api/loans/active responded 200 in 10.1217 ms
2026-05-31 13:41:28.391 +03:00 [INF] Request finished HTTP/1.1 GET http://localhost:5112/api/loans/active - 200 null application/json; charset=utf-8 10.6266ms
2026-05-31 13:45:37.239 +03:00 [INF] Request starting HTTP/1.1 GET http://localhost:5112/api/Books - null null
2026-05-31 13:45:37.254 +03:00 [INF] Route matched with {action = "Search", controller = "Books"}. Executing controller action with signature System.Threading.Tasks.Task`1[Microsoft.AspNetCore.Mvc.IActionResult] Search(BookSearchQuery, System.Threading.CancellationToken) on controller BooksController (LibraryApp.Api).
2026-05-31 13:45:37.316 +03:00 [WRN] Compiling a query which loads related collections for more than one collection navigation, either via 'Include' or through projection, but no 'QuerySplittingBehavior' has been configured. By default, Entity Framework will use 'QuerySplittingBehavior.SingleQuery', which can potentially result in slow query performance. See https://go.microsoft.com/fwlink/?linkid=2134277 for more information. To identify the query that's triggering this warning call 'ConfigureWarnings(w => w.Throw(RelationalEventId.MultipleCollectionIncludeWarning))'.
2026-05-31 13:45:37.345 +03:00 [INF] Executing OkObjectResult, writing value of type 'PagedResult`1[[BookDto, LibraryApp.Core, Version=1.0.0.0, Culture=neutral, PublicKeyToken=null]]'.
2026-05-31 13:45:37.356 +03:00 [INF] Executed action BooksController.Search (LibraryApp.Api) in 101.6663ms
2026-05-31 13:45:37.356 +03:00 [INF] HTTP GET /api/Books responded 200 in 116.4599 ms
2026-05-31 13:45:37.359 +03:00 [INF] Request finished HTTP/1.1 GET http://localhost:5112/api/Books - 200 null application/json; charset=utf-8 120.1103ms
2026-05-31 13:47:04.518 +03:00 [INF] Request starting HTTP/1.1 GET http://localhost:5112/api/loans/active - application/json null
2026-05-31 13:47:04.518 +03:00 [INF] Route matched with {action = "GetActive", controller = "Loans"}. Executing controller action with signature System.Threading.Tasks.Task`1[Microsoft.AspNetCore.Mvc.IActionResult] GetActive(System.Threading.CancellationToken) on controller LibraryApp.Api.Controllers.LoansController (LibraryApp.Api).
2026-05-31 13:47:04.538 +03:00 [INF] Executing OkObjectResult, writing value of type 'System.Collections.Generic.List`1[[LibraryApp.Core.DTOs.ActiveLoanDto, LibraryApp.Core, Version=1.0.0.0, Culture=neutral, PublicKeyToken=null]]'.
2026-05-31 13:47:04.539 +03:00 [INF] Executed action LibraryApp.Api.Controllers.LoansController.GetActive (LibraryApp.Api) in 20.6642ms
2026-05-31 13:47:04.539 +03:00 [INF] HTTP GET /api/loans/active responded 200 in 21.2185 ms
2026-05-31 13:47:04.539 +03:00 [INF] Request finished HTTP/1.1 GET http://localhost:5112/api/loans/active - 200 null application/json; charset=utf-8 21.8433ms
2026-05-31 13:51:21.232 +03:00 [INF] Request starting HTTP/1.1 GET http://localhost:5112/api/loans/active - application/json null
2026-05-31 13:51:21.233 +03:00 [INF] Route matched with {action = "GetActive", controller = "Loans"}. Executing controller action with signature System.Threading.Tasks.Task`1[Microsoft.AspNetCore.Mvc.IActionResult] GetActive(System.Threading.CancellationToken) on controller LibraryApp.Api.Controllers.LoansController (LibraryApp.Api).
2026-05-31 13:51:21.255 +03:00 [INF] Executing OkObjectResult, writing value of type 'System.Collections.Generic.List`1[[LibraryApp.Core.DTOs.ActiveLoanDto, LibraryApp.Core, Version=1.0.0.0, Culture=neutral, PublicKeyToken=null]]'.
2026-05-31 13:51:21.256 +03:00 [INF] Executed action LibraryApp.Api.Controllers.LoansController.GetActive (LibraryApp.Api) in 22.5446ms
2026-05-31 13:51:21.256 +03:00 [INF] HTTP GET /api/loans/active responded 200 in 23.0527 ms
2026-05-31 13:51:21.256 +03:00 [INF] Request finished HTTP/1.1 GET http://localhost:5112/api/loans/active - 200 null application/json; charset=utf-8 23.6333ms
2026-05-31 13:51:59.173 +03:00 [INF] Request starting HTTP/1.1 OPTIONS http://localhost:5112/api/loans/active - null null
2026-05-31 13:51:59.173 +03:00 [INF] CORS policy execution successful.
2026-05-31 13:51:59.173 +03:00 [INF] HTTP OPTIONS /api/loans/active responded 204 in 0.3825 ms
2026-05-31 13:51:59.174 +03:00 [INF] Request finished HTTP/1.1 OPTIONS http://localhost:5112/api/loans/active - 204 null null 1.4644ms
2026-05-31 13:51:59.179 +03:00 [INF] Request starting HTTP/1.1 GET http://localhost:5112/api/loans/active - application/json null
2026-05-31 13:51:59.179 +03:00 [INF] CORS policy execution successful.
2026-05-31 13:51:59.179 +03:00 [INF] Route matched with {action = "GetActive", controller = "Loans"}. Executing controller action with signature System.Threading.Tasks.Task`1[Microsoft.AspNetCore.Mvc.IActionResult] GetActive(System.Threading.CancellationToken) on controller LibraryApp.Api.Controllers.LoansController (LibraryApp.Api).
2026-05-31 13:51:59.183 +03:00 [INF] Executing OkObjectResult, writing value of type 'System.Collections.Generic.List`1[[LibraryApp.Core.DTOs.ActiveLoanDto, LibraryApp.Core, Version=1.0.0.0, Culture=neutral, PublicKeyToken=null]]'.
2026-05-31 13:51:59.183 +03:00 [INF] Executed action LibraryApp.Api.Controllers.LoansController.GetActive (LibraryApp.Api) in 3.6537ms
2026-05-31 13:51:59.183 +03:00 [INF] HTTP GET /api/loans/active responded 200 in 4.1439 ms
2026-05-31 13:51:59.183 +03:00 [INF] Request finished HTTP/1.1 GET http://localhost:5112/api/loans/active - 200 null application/json; charset=utf-8 4.526ms
2026-05-31 13:56:03.966 +03:00 [INF] Request starting HTTP/1.1 GET http://localhost:5112/api/books?page=1&pageSize=20 - application/json null
2026-05-31 13:56:03.966 +03:00 [INF] Request starting HTTP/1.1 GET http://localhost:5112/api/loans/active - application/json null
2026-05-31 13:56:03.966 +03:00 [INF] Route matched with {action = "GetActive", controller = "Loans"}. Executing controller action with signature System.Threading.Tasks.Task`1[Microsoft.AspNetCore.Mvc.IActionResult] GetActive(System.Threading.CancellationToken) on controller LibraryApp.Api.Controllers.LoansController (LibraryApp.Api).
2026-05-31 13:56:03.966 +03:00 [INF] Route matched with {action = "Search", controller = "Books"}. Executing controller action with signature System.Threading.Tasks.Task`1[Microsoft.AspNetCore.Mvc.IActionResult] Search(BookSearchQuery, System.Threading.CancellationToken) on controller BooksController (LibraryApp.Api).
2026-05-31 13:56:03.993 +03:00 [INF] Executing OkObjectResult, writing value of type 'System.Collections.Generic.List`1[[LibraryApp.Core.DTOs.ActiveLoanDto, LibraryApp.Core, Version=1.0.0.0, Culture=neutral, PublicKeyToken=null]]'.
2026-05-31 13:56:03.993 +03:00 [INF] Executed action LibraryApp.Api.Controllers.LoansController.GetActive (LibraryApp.Api) in 27.2288ms
2026-05-31 13:56:03.993 +03:00 [INF] HTTP GET /api/loans/active responded 200 in 27.6732 ms
2026-05-31 13:56:03.994 +03:00 [INF] Request finished HTTP/1.1 GET http://localhost:5112/api/loans/active - 200 null application/json; charset=utf-8 28.0067ms
2026-05-31 13:56:04.004 +03:00 [INF] Executing OkObjectResult, writing value of type 'PagedResult`1[[BookDto, LibraryApp.Core, Version=1.0.0.0, Culture=neutral, PublicKeyToken=null]]'.
2026-05-31 13:56:04.004 +03:00 [INF] Executed action BooksController.Search (LibraryApp.Api) in 38.1997ms
2026-05-31 13:56:04.005 +03:00 [INF] HTTP GET /api/books responded 200 in 38.7745 ms
2026-05-31 13:56:04.005 +03:00 [INF] Request finished HTTP/1.1 GET http://localhost:5112/api/books?page=1&pageSize=20 - 200 null application/json; charset=utf-8 39.2968ms
2026-05-31 13:56:35.934 +03:00 [INF] Request starting HTTP/1.1 GET http://localhost:5112/api/books?page=1&pageSize=20 - application/json null
2026-05-31 13:56:35.935 +03:00 [INF] Route matched with {action = "Search", controller = "Books"}. Executing controller action with signature System.Threading.Tasks.Task`1[Microsoft.AspNetCore.Mvc.IActionResult] Search(BookSearchQuery, System.Threading.CancellationToken) on controller BooksController (LibraryApp.Api).
2026-05-31 13:56:35.940 +03:00 [INF] Executing OkObjectResult, writing value of type 'PagedResult`1[[BookDto, LibraryApp.Core, Version=1.0.0.0, Culture=neutral, PublicKeyToken=null]]'.
2026-05-31 13:56:35.940 +03:00 [INF] Executed action BooksController.Search (LibraryApp.Api) in 5.4053ms
2026-05-31 13:56:35.940 +03:00 [INF] HTTP GET /api/books responded 200 in 6.0382 ms
2026-05-31 13:56:35.941 +03:00 [INF] Request finished HTTP/1.1 GET http://localhost:5112/api/books?page=1&pageSize=20 - 200 null application/json; charset=utf-8 6.5845ms
2026-05-31 13:56:36.527 +03:00 [INF] Request starting HTTP/1.1 OPTIONS http://localhost:5112/api/books?page=1&pageSize=20 - null null
2026-05-31 13:56:36.528 +03:00 [INF] CORS policy execution successful.
2026-05-31 13:56:36.528 +03:00 [INF] HTTP OPTIONS /api/books responded 204 in 0.1769 ms
2026-05-31 13:56:36.528 +03:00 [INF] Request finished HTTP/1.1 OPTIONS http://localhost:5112/api/books?page=1&pageSize=20 - 204 null null 0.7913ms
2026-05-31 13:56:36.534 +03:00 [INF] Request starting HTTP/1.1 GET http://localhost:5112/api/books?page=1&pageSize=20 - application/json null
2026-05-31 13:56:36.534 +03:00 [INF] CORS policy execution successful.
2026-05-31 13:56:36.535 +03:00 [INF] Route matched with {action = "Search", controller = "Books"}. Executing controller action with signature System.Threading.Tasks.Task`1[Microsoft.AspNetCore.Mvc.IActionResult] Search(BookSearchQuery, System.Threading.CancellationToken) on controller BooksController (LibraryApp.Api).
2026-05-31 13:56:36.544 +03:00 [INF] Executing OkObjectResult, writing value of type 'PagedResult`1[[BookDto, LibraryApp.Core, Version=1.0.0.0, Culture=neutral, PublicKeyToken=null]]'.
2026-05-31 13:56:36.548 +03:00 [INF] Executed action BooksController.Search (LibraryApp.Api) in 12.8498ms
2026-05-31 13:56:36.548 +03:00 [INF] HTTP GET /api/books responded 200 in 13.5086 ms
2026-05-31 13:56:36.548 +03:00 [INF] Request finished HTTP/1.1 GET http://localhost:5112/api/books?page=1&pageSize=20 - 200 null application/json; charset=utf-8 14.2242ms
2026-05-31 13:56:43.837 +03:00 [INF] Request starting HTTP/1.1 OPTIONS http://localhost:5112/api/loans/active - null null
2026-05-31 13:56:43.839 +03:00 [INF] CORS policy execution successful.
2026-05-31 13:56:43.839 +03:00 [INF] HTTP OPTIONS /api/loans/active responded 204 in 0.2713 ms
2026-05-31 13:56:43.840 +03:00 [INF] Request finished HTTP/1.1 OPTIONS http://localhost:5112/api/loans/active - 204 null null 2.3255ms
2026-05-31 13:56:43.845 +03:00 [INF] Request starting HTTP/1.1 GET http://localhost:5112/api/loans/active - application/json null
2026-05-31 13:56:43.845 +03:00 [INF] CORS policy execution successful.
2026-05-31 13:56:43.845 +03:00 [INF] Route matched with {action = "GetActive", controller = "Loans"}. Executing controller action with signature System.Threading.Tasks.Task`1[Microsoft.AspNetCore.Mvc.IActionResult] GetActive(System.Threading.CancellationToken) on controller LibraryApp.Api.Controllers.LoansController (LibraryApp.Api).
2026-05-31 13:56:43.870 +03:00 [INF] Executing OkObjectResult, writing value of type 'System.Collections.Generic.List`1[[LibraryApp.Core.DTOs.ActiveLoanDto, LibraryApp.Core, Version=1.0.0.0, Culture=neutral, PublicKeyToken=null]]'.
2026-05-31 13:56:43.870 +03:00 [INF] Executed action LibraryApp.Api.Controllers.LoansController.GetActive (LibraryApp.Api) in 24.9831ms
2026-05-31 13:56:43.870 +03:00 [INF] HTTP GET /api/loans/active responded 200 in 25.3766 ms
2026-05-31 13:56:43.870 +03:00 [INF] Request finished HTTP/1.1 GET http://localhost:5112/api/loans/active - 200 null application/json; charset=utf-8 25.7381ms
2026-05-31 13:56:46.569 +03:00 [INF] Request starting HTTP/1.1 OPTIONS http://localhost:5112/api/books?page=1&pageSize=20 - null null
2026-05-31 13:56:46.569 +03:00 [INF] CORS policy execution successful.
2026-05-31 13:56:46.569 +03:00 [INF] HTTP OPTIONS /api/books responded 204 in 0.1593 ms
2026-05-31 13:56:46.569 +03:00 [INF] Request finished HTTP/1.1 OPTIONS http://localhost:5112/api/books?page=1&pageSize=20 - 204 null null 0.5792ms
2026-05-31 13:56:46.583 +03:00 [INF] Request starting HTTP/1.1 GET http://localhost:5112/api/books?page=1&pageSize=20 - application/json null
2026-05-31 13:56:46.583 +03:00 [INF] CORS policy execution successful.
2026-05-31 13:56:46.583 +03:00 [INF] Route matched with {action = "Search", controller = "Books"}. Executing controller action with signature System.Threading.Tasks.Task`1[Microsoft.AspNetCore.Mvc.IActionResult] Search(BookSearchQuery, System.Threading.CancellationToken) on controller BooksController (LibraryApp.Api).
2026-05-31 13:56:46.606 +03:00 [INF] Executing OkObjectResult, writing value of type 'PagedResult`1[[BookDto, LibraryApp.Core, Version=1.0.0.0, Culture=neutral, PublicKeyToken=null]]'.
2026-05-31 13:56:46.607 +03:00 [INF] Executed action BooksController.Search (LibraryApp.Api) in 23.4607ms
2026-05-31 13:56:46.607 +03:00 [INF] HTTP GET /api/books responded 200 in 23.9416 ms
2026-05-31 13:56:46.607 +03:00 [INF] Request finished HTTP/1.1 GET http://localhost:5112/api/books?page=1&pageSize=20 - 200 null application/json; charset=utf-8 24.3342ms
2026-05-31 13:56:48.439 +03:00 [INF] Request starting HTTP/1.1 OPTIONS http://localhost:5112/api/books/2 - null null
2026-05-31 13:56:48.439 +03:00 [INF] CORS policy execution successful.
2026-05-31 13:56:48.440 +03:00 [INF] HTTP OPTIONS /api/books/2 responded 204 in 0.2537 ms
2026-05-31 13:56:48.440 +03:00 [INF] Request finished HTTP/1.1 OPTIONS http://localhost:5112/api/books/2 - 204 null null 0.785ms
2026-05-31 13:56:48.445 +03:00 [INF] Request starting HTTP/1.1 GET http://localhost:5112/api/books/2 - application/json null
2026-05-31 13:56:48.446 +03:00 [INF] CORS policy execution successful.
2026-05-31 13:56:48.453 +03:00 [INF] Route matched with {action = "GetById", controller = "Books"}. Executing controller action with signature System.Threading.Tasks.Task`1[Microsoft.AspNetCore.Mvc.IActionResult] GetById(Int32, System.Threading.CancellationToken) on controller BooksController (LibraryApp.Api).
2026-05-31 13:56:48.466 +03:00 [WRN] Compiling a query which loads related collections for more than one collection navigation, either via 'Include' or through projection, but no 'QuerySplittingBehavior' has been configured. By default, Entity Framework will use 'QuerySplittingBehavior.SingleQuery', which can potentially result in slow query performance. See https://go.microsoft.com/fwlink/?linkid=2134277 for more information. To identify the query that's triggering this warning call 'ConfigureWarnings(w => w.Throw(RelationalEventId.MultipleCollectionIncludeWarning))'.
2026-05-31 13:56:48.483 +03:00 [INF] Executing OkObjectResult, writing value of type 'BookDto'.
2026-05-31 13:56:48.483 +03:00 [INF] Executed action BooksController.GetById (LibraryApp.Api) in 30.3633ms
2026-05-31 13:56:48.483 +03:00 [INF] HTTP GET /api/books/2 responded 200 in 37.4447 ms
2026-05-31 13:56:48.483 +03:00 [INF] Request finished HTTP/1.1 GET http://localhost:5112/api/books/2 - 200 null application/json; charset=utf-8 38.2027ms
2026-05-31 13:56:50.170 +03:00 [INF] Request starting HTTP/1.1 GET http://localhost:5112/api/books?page=1&pageSize=20 - application/json null
2026-05-31 13:56:50.170 +03:00 [INF] CORS policy execution successful.
2026-05-31 13:56:50.170 +03:00 [INF] Route matched with {action = "Search", controller = "Books"}. Executing controller action with signature System.Threading.Tasks.Task`1[Microsoft.AspNetCore.Mvc.IActionResult] Search(BookSearchQuery, System.Threading.CancellationToken) on controller BooksController (LibraryApp.Api).
2026-05-31 13:56:50.177 +03:00 [INF] Executing OkObjectResult, writing value of type 'PagedResult`1[[BookDto, LibraryApp.Core, Version=1.0.0.0, Culture=neutral, PublicKeyToken=null]]'.
2026-05-31 13:56:50.178 +03:00 [INF] Executed action BooksController.Search (LibraryApp.Api) in 7.1123ms
2026-05-31 13:56:50.178 +03:00 [INF] HTTP GET /api/books responded 200 in 7.5336 ms
2026-05-31 13:56:50.178 +03:00 [INF] Request finished HTTP/1.1 GET http://localhost:5112/api/books?page=1&pageSize=20 - 200 null application/json; charset=utf-8 8.1375ms
2026-05-31 13:56:51.384 +03:00 [INF] Request starting HTTP/1.1 OPTIONS http://localhost:5112/api/books/1 - null null
2026-05-31 13:56:51.384 +03:00 [INF] CORS policy execution successful.
2026-05-31 13:56:51.384 +03:00 [INF] HTTP OPTIONS /api/books/1 responded 204 in 0.3876 ms
2026-05-31 13:56:51.385 +03:00 [INF] Request finished HTTP/1.1 OPTIONS http://localhost:5112/api/books/1 - 204 null null 0.7821ms
2026-05-31 13:56:51.390 +03:00 [INF] Request starting HTTP/1.1 GET http://localhost:5112/api/books/1 - application/json null
2026-05-31 13:56:51.390 +03:00 [INF] CORS policy execution successful.
2026-05-31 13:56:51.391 +03:00 [INF] Route matched with {action = "GetById", controller = "Books"}. Executing controller action with signature System.Threading.Tasks.Task`1[Microsoft.AspNetCore.Mvc.IActionResult] GetById(Int32, System.Threading.CancellationToken) on controller BooksController (LibraryApp.Api).
2026-05-31 13:56:51.394 +03:00 [INF] Executing OkObjectResult, writing value of type 'BookDto'.
2026-05-31 13:56:51.395 +03:00 [INF] Executed action BooksController.GetById (LibraryApp.Api) in 3.7373ms
2026-05-31 13:56:51.395 +03:00 [INF] HTTP GET /api/books/1 responded 200 in 4.2240 ms
2026-05-31 13:56:51.395 +03:00 [INF] Request finished HTTP/1.1 GET http://localhost:5112/api/books/1 - 200 null application/json; charset=utf-8 5.2963ms
2026-05-31 13:56:52.138 +03:00 [INF] Request starting HTTP/1.1 OPTIONS http://localhost:5112/api/books?page=1&pageSize=20 - null null
2026-05-31 13:56:52.138 +03:00 [INF] CORS policy execution successful.
2026-05-31 13:56:52.138 +03:00 [INF] HTTP OPTIONS /api/books responded 204 in 0.1433 ms
2026-05-31 13:56:52.138 +03:00 [INF] Request finished HTTP/1.1 OPTIONS http://localhost:5112/api/books?page=1&pageSize=20 - 204 null null 0.4346ms
2026-05-31 13:56:52.152 +03:00 [INF] Request starting HTTP/1.1 GET http://localhost:5112/api/books?page=1&pageSize=20 - application/json null
2026-05-31 13:56:52.153 +03:00 [INF] CORS policy execution successful.
2026-05-31 13:56:52.153 +03:00 [INF] Route matched with {action = "Search", controller = "Books"}. Executing controller action with signature System.Threading.Tasks.Task`1[Microsoft.AspNetCore.Mvc.IActionResult] Search(BookSearchQuery, System.Threading.CancellationToken) on controller BooksController (LibraryApp.Api).
2026-05-31 13:56:52.158 +03:00 [INF] Executing OkObjectResult, writing value of type 'PagedResult`1[[BookDto, LibraryApp.Core, Version=1.0.0.0, Culture=neutral, PublicKeyToken=null]]'.
2026-05-31 13:56:52.158 +03:00 [INF] Executed action BooksController.Search (LibraryApp.Api) in 5.1541ms
2026-05-31 13:56:52.159 +03:00 [INF] HTTP GET /api/books responded 200 in 5.8686 ms
2026-05-31 13:56:52.159 +03:00 [INF] Request finished HTTP/1.1 GET http://localhost:5112/api/books?page=1&pageSize=20 - 200 null application/json; charset=utf-8 6.4443ms
2026-05-31 13:56:54.618 +03:00 [INF] Request starting HTTP/1.1 OPTIONS http://localhost:5112/api/books?title=aaa&page=1&pageSize=20 - null null
2026-05-31 13:56:54.619 +03:00 [INF] CORS policy execution successful.
2026-05-31 13:56:54.619 +03:00 [INF] HTTP OPTIONS /api/books responded 204 in 0.1681 ms
2026-05-31 13:56:54.619 +03:00 [INF] Request finished HTTP/1.1 OPTIONS http://localhost:5112/api/books?title=aaa&page=1&pageSize=20 - 204 null null 0.5676ms
2026-05-31 13:56:54.623 +03:00 [INF] Request starting HTTP/1.1 GET http://localhost:5112/api/books?title=aaa&page=1&pageSize=20 - application/json null
2026-05-31 13:56:54.624 +03:00 [INF] CORS policy execution successful.
2026-05-31 13:56:54.624 +03:00 [INF] Route matched with {action = "Search", controller = "Books"}. Executing controller action with signature System.Threading.Tasks.Task`1[Microsoft.AspNetCore.Mvc.IActionResult] Search(BookSearchQuery, System.Threading.CancellationToken) on controller BooksController (LibraryApp.Api).
2026-05-31 13:56:54.645 +03:00 [WRN] Compiling a query which loads related collections for more than one collection navigation, either via 'Include' or through projection, but no 'QuerySplittingBehavior' has been configured. By default, Entity Framework will use 'QuerySplittingBehavior.SingleQuery', which can potentially result in slow query performance. See https://go.microsoft.com/fwlink/?linkid=2134277 for more information. To identify the query that's triggering this warning call 'ConfigureWarnings(w => w.Throw(RelationalEventId.MultipleCollectionIncludeWarning))'.
2026-05-31 13:56:54.670 +03:00 [INF] Executing OkObjectResult, writing value of type 'PagedResult`1[[BookDto, LibraryApp.Core, Version=1.0.0.0, Culture=neutral, PublicKeyToken=null]]'.
2026-05-31 13:56:54.670 +03:00 [INF] Executed action BooksController.Search (LibraryApp.Api) in 46.1065ms
2026-05-31 13:56:54.670 +03:00 [INF] HTTP GET /api/books responded 200 in 46.5562 ms
2026-05-31 13:56:54.670 +03:00 [INF] Request finished HTTP/1.1 GET http://localhost:5112/api/books?title=aaa&page=1&pageSize=20 - 200 null application/json; charset=utf-8 47.0881ms
2026-05-31 13:56:57.177 +03:00 [INF] Request starting HTTP/1.1 OPTIONS http://localhost:5112/api/books?title=q&page=1&pageSize=20 - null null
2026-05-31 13:56:57.178 +03:00 [INF] CORS policy execution successful.
2026-05-31 13:56:57.178 +03:00 [INF] HTTP OPTIONS /api/books responded 204 in 0.1986 ms
2026-05-31 13:56:57.178 +03:00 [INF] Request finished HTTP/1.1 OPTIONS http://localhost:5112/api/books?title=q&page=1&pageSize=20 - 204 null null 0.7403ms
2026-05-31 13:56:57.182 +03:00 [INF] Request starting HTTP/1.1 GET http://localhost:5112/api/books?title=q&page=1&pageSize=20 - application/json null
2026-05-31 13:56:57.183 +03:00 [INF] CORS policy execution successful.
2026-05-31 13:56:57.183 +03:00 [INF] Route matched with {action = "Search", controller = "Books"}. Executing controller action with signature System.Threading.Tasks.Task`1[Microsoft.AspNetCore.Mvc.IActionResult] Search(BookSearchQuery, System.Threading.CancellationToken) on controller BooksController (LibraryApp.Api).
2026-05-31 13:56:57.187 +03:00 [INF] Executing OkObjectResult, writing value of type 'PagedResult`1[[BookDto, LibraryApp.Core, Version=1.0.0.0, Culture=neutral, PublicKeyToken=null]]'.
2026-05-31 13:56:57.187 +03:00 [INF] Executed action BooksController.Search (LibraryApp.Api) in 4.2773ms
2026-05-31 13:56:57.187 +03:00 [INF] HTTP GET /api/books responded 200 in 4.6293 ms
2026-05-31 13:56:57.187 +03:00 [INF] Request finished HTTP/1.1 GET http://localhost:5112/api/books?title=q&page=1&pageSize=20 - 200 null application/json; charset=utf-8 4.9275ms
2026-05-31 13:56:59.710 +03:00 [INF] Request starting HTTP/1.1 OPTIONS http://localhost:5112/api/books?title=d&page=1&pageSize=20 - null null
2026-05-31 13:56:59.710 +03:00 [INF] CORS policy execution successful.
2026-05-31 13:56:59.710 +03:00 [INF] HTTP OPTIONS /api/books responded 204 in 0.1307 ms
2026-05-31 13:56:59.710 +03:00 [INF] Request finished HTTP/1.1 OPTIONS http://localhost:5112/api/books?title=d&page=1&pageSize=20 - 204 null null 0.3791ms
2026-05-31 13:56:59.714 +03:00 [INF] Request starting HTTP/1.1 GET http://localhost:5112/api/books?title=d&page=1&pageSize=20 - application/json null
2026-05-31 13:56:59.714 +03:00 [INF] CORS policy execution successful.
2026-05-31 13:56:59.714 +03:00 [INF] Route matched with {action = "Search", controller = "Books"}. Executing controller action with signature System.Threading.Tasks.Task`1[Microsoft.AspNetCore.Mvc.IActionResult] Search(BookSearchQuery, System.Threading.CancellationToken) on controller BooksController (LibraryApp.Api).
2026-05-31 13:56:59.718 +03:00 [INF] Executing OkObjectResult, writing value of type 'PagedResult`1[[BookDto, LibraryApp.Core, Version=1.0.0.0, Culture=neutral, PublicKeyToken=null]]'.
2026-05-31 13:56:59.719 +03:00 [INF] Executed action BooksController.Search (LibraryApp.Api) in 4.1912ms
2026-05-31 13:56:59.719 +03:00 [INF] HTTP GET /api/books responded 200 in 4.6092 ms
2026-05-31 13:56:59.719 +03:00 [INF] Request finished HTTP/1.1 GET http://localhost:5112/api/books?title=d&page=1&pageSize=20 - 200 null application/json; charset=utf-8 4.9274ms
2026-05-31 13:57:13.059 +03:00 [INF] Request starting HTTP/1.1 OPTIONS http://localhost:5112/api/loans/active - null null
2026-05-31 13:57:13.059 +03:00 [INF] CORS policy execution successful.
2026-05-31 13:57:13.060 +03:00 [INF] HTTP OPTIONS /api/loans/active responded 204 in 0.1723 ms
2026-05-31 13:57:13.060 +03:00 [INF] Request finished HTTP/1.1 OPTIONS http://localhost:5112/api/loans/active - 204 null null 0.6857ms
2026-05-31 13:57:13.065 +03:00 [INF] Request starting HTTP/1.1 GET http://localhost:5112/api/loans/active - application/json null
2026-05-31 13:57:13.065 +03:00 [INF] CORS policy execution successful.
2026-05-31 13:57:13.066 +03:00 [INF] Route matched with {action = "GetActive", controller = "Loans"}. Executing controller action with signature System.Threading.Tasks.Task`1[Microsoft.AspNetCore.Mvc.IActionResult] GetActive(System.Threading.CancellationToken) on controller LibraryApp.Api.Controllers.LoansController (LibraryApp.Api).
2026-05-31 13:57:13.083 +03:00 [INF] Executing OkObjectResult, writing value of type 'System.Collections.Generic.List`1[[LibraryApp.Core.DTOs.ActiveLoanDto, LibraryApp.Core, Version=1.0.0.0, Culture=neutral, PublicKeyToken=null]]'.
2026-05-31 13:57:13.084 +03:00 [INF] Executed action LibraryApp.Api.Controllers.LoansController.GetActive (LibraryApp.Api) in 17.9578ms
2026-05-31 13:57:13.084 +03:00 [INF] HTTP GET /api/loans/active responded 200 in 18.4416 ms
2026-05-31 13:57:13.084 +03:00 [INF] Request finished HTTP/1.1 GET http://localhost:5112/api/loans/active - 200 null application/json; charset=utf-8 19.3567ms
2026-05-31 13:57:34.541 +03:00 [INF] Request starting HTTP/1.1 OPTIONS http://localhost:5112/api/books?page=1&pageSize=20 - null null
2026-05-31 13:57:34.543 +03:00 [INF] CORS policy execution successful.
2026-05-31 13:57:34.544 +03:00 [INF] HTTP OPTIONS /api/books responded 204 in 0.6220 ms
2026-05-31 13:57:34.544 +03:00 [INF] Request finished HTTP/1.1 OPTIONS http://localhost:5112/api/books?page=1&pageSize=20 - 204 null null 3.1773ms
2026-05-31 13:57:34.550 +03:00 [INF] Request starting HTTP/1.1 GET http://localhost:5112/api/books?page=1&pageSize=20 - application/json null
2026-05-31 13:57:34.550 +03:00 [INF] CORS policy execution successful.
2026-05-31 13:57:34.551 +03:00 [INF] Route matched with {action = "Search", controller = "Books"}. Executing controller action with signature System.Threading.Tasks.Task`1[Microsoft.AspNetCore.Mvc.IActionResult] Search(BookSearchQuery, System.Threading.CancellationToken) on controller BooksController (LibraryApp.Api).
2026-05-31 13:57:34.556 +03:00 [INF] Executing OkObjectResult, writing value of type 'PagedResult`1[[BookDto, LibraryApp.Core, Version=1.0.0.0, Culture=neutral, PublicKeyToken=null]]'.
2026-05-31 13:57:34.556 +03:00 [INF] Executed action BooksController.Search (LibraryApp.Api) in 5.3329ms
2026-05-31 13:57:34.556 +03:00 [INF] HTTP GET /api/books responded 200 in 5.9166 ms
2026-05-31 13:57:34.556 +03:00 [INF] Request finished HTTP/1.1 GET http://localhost:5112/api/books?page=1&pageSize=20 - 200 null application/json; charset=utf-8 6.3445ms
2026-05-31 13:57:47.456 +03:00 [INF] Request starting HTTP/1.1 OPTIONS http://localhost:5112/api/books?authorName=Orwell&page=1&pageSize=20 - null null
2026-05-31 13:57:47.457 +03:00 [INF] CORS policy execution successful.
2026-05-31 13:57:47.458 +03:00 [INF] HTTP OPTIONS /api/books responded 204 in 0.8687 ms
2026-05-31 13:57:47.459 +03:00 [INF] Request finished HTTP/1.1 OPTIONS http://localhost:5112/api/books?authorName=Orwell&page=1&pageSize=20 - 204 null null 2.0717ms
2026-05-31 13:57:47.467 +03:00 [INF] Request starting HTTP/1.1 GET http://localhost:5112/api/books?authorName=Orwell&page=1&pageSize=20 - application/json null
2026-05-31 13:57:47.467 +03:00 [INF] CORS policy execution successful.
2026-05-31 13:57:47.467 +03:00 [INF] Route matched with {action = "Search", controller = "Books"}. Executing controller action with signature System.Threading.Tasks.Task`1[Microsoft.AspNetCore.Mvc.IActionResult] Search(BookSearchQuery, System.Threading.CancellationToken) on controller BooksController (LibraryApp.Api).
2026-05-31 13:57:47.507 +03:00 [WRN] Compiling a query which loads related collections for more than one collection navigation, either via 'Include' or through projection, but no 'QuerySplittingBehavior' has been configured. By default, Entity Framework will use 'QuerySplittingBehavior.SingleQuery', which can potentially result in slow query performance. See https://go.microsoft.com/fwlink/?linkid=2134277 for more information. To identify the query that's triggering this warning call 'ConfigureWarnings(w => w.Throw(RelationalEventId.MultipleCollectionIncludeWarning))'.
2026-05-31 13:57:47.548 +03:00 [INF] Executing OkObjectResult, writing value of type 'PagedResult`1[[BookDto, LibraryApp.Core, Version=1.0.0.0, Culture=neutral, PublicKeyToken=null]]'.
2026-05-31 13:57:47.549 +03:00 [INF] Executed action BooksController.Search (LibraryApp.Api) in 81.7143ms
2026-05-31 13:57:47.549 +03:00 [INF] HTTP GET /api/books responded 200 in 82.1178 ms
2026-05-31 13:57:47.549 +03:00 [INF] Request finished HTTP/1.1 GET http://localhost:5112/api/books?authorName=Orwell&page=1&pageSize=20 - 200 null application/json; charset=utf-8 82.4209ms
2026-05-31 13:59:05.111 +03:00 [INF] Request starting HTTP/1.1 OPTIONS http://localhost:5112/api/loans/active - null null
2026-05-31 13:59:05.111 +03:00 [INF] CORS policy execution successful.
2026-05-31 13:59:05.112 +03:00 [INF] HTTP OPTIONS /api/loans/active responded 204 in 0.7312 ms
2026-05-31 13:59:05.112 +03:00 [INF] Request finished HTTP/1.1 OPTIONS http://localhost:5112/api/loans/active - 204 null null 1.0863ms
2026-05-31 13:59:05.118 +03:00 [INF] Request starting HTTP/1.1 GET http://localhost:5112/api/loans/active - application/json null
2026-05-31 13:59:05.118 +03:00 [INF] CORS policy execution successful.
2026-05-31 13:59:05.118 +03:00 [INF] Route matched with {action = "GetActive", controller = "Loans"}. Executing controller action with signature System.Threading.Tasks.Task`1[Microsoft.AspNetCore.Mvc.IActionResult] GetActive(System.Threading.CancellationToken) on controller LibraryApp.Api.Controllers.LoansController (LibraryApp.Api).
2026-05-31 13:59:05.146 +03:00 [INF] Executing OkObjectResult, writing value of type 'System.Collections.Generic.List`1[[LibraryApp.Core.DTOs.ActiveLoanDto, LibraryApp.Core, Version=1.0.0.0, Culture=neutral, PublicKeyToken=null]]'.
2026-05-31 13:59:05.147 +03:00 [INF] Executed action LibraryApp.Api.Controllers.LoansController.GetActive (LibraryApp.Api) in 28.6824ms
2026-05-31 13:59:05.147 +03:00 [INF] HTTP GET /api/loans/active responded 200 in 29.1657 ms
2026-05-31 13:59:05.147 +03:00 [INF] Request finished HTTP/1.1 GET http://localhost:5112/api/loans/active - 200 null application/json; charset=utf-8 29.5342ms
2026-05-31 14:06:35.103 +03:00 [INF] Request starting HTTP/1.1 OPTIONS http://localhost:5112/api/books?page=1&pageSize=20 - null null
2026-05-31 14:06:35.103 +03:00 [INF] CORS policy execution successful.
2026-05-31 14:06:35.103 +03:00 [INF] HTTP OPTIONS /api/books responded 204 in 0.2552 ms
2026-05-31 14:06:35.103 +03:00 [INF] Request finished HTTP/1.1 OPTIONS http://localhost:5112/api/books?page=1&pageSize=20 - 204 null null 0.7585ms
2026-05-31 14:06:35.112 +03:00 [INF] Request starting HTTP/1.1 GET http://localhost:5112/api/books?page=1&pageSize=20 - application/json null
2026-05-31 14:06:35.113 +03:00 [INF] CORS policy execution successful.
2026-05-31 14:06:35.113 +03:00 [INF] Route matched with {action = "Search", controller = "Books"}. Executing controller action with signature System.Threading.Tasks.Task`1[Microsoft.AspNetCore.Mvc.IActionResult] Search(BookSearchQuery, System.Threading.CancellationToken) on controller BooksController (LibraryApp.Api).
2026-05-31 14:06:35.163 +03:00 [INF] Executing OkObjectResult, writing value of type 'PagedResult`1[[BookDto, LibraryApp.Core, Version=1.0.0.0, Culture=neutral, PublicKeyToken=null]]'.
2026-05-31 14:06:35.163 +03:00 [INF] Executed action BooksController.Search (LibraryApp.Api) in 49.9253ms
2026-05-31 14:06:35.163 +03:00 [INF] HTTP GET /api/books responded 200 in 50.5019 ms
2026-05-31 14:06:35.164 +03:00 [INF] Request finished HTTP/1.1 GET http://localhost:5112/api/books?page=1&pageSize=20 - 200 null application/json; charset=utf-8 51.9311ms
2026-05-31 14:07:29.764 +03:00 [INF] Request starting HTTP/1.1 OPTIONS http://localhost:5112/api/books?categoryId=2&page=1&pageSize=20 - null null
2026-05-31 14:07:29.765 +03:00 [INF] CORS policy execution successful.
2026-05-31 14:07:29.765 +03:00 [INF] HTTP OPTIONS /api/books responded 204 in 0.1440 ms
2026-05-31 14:07:29.765 +03:00 [INF] Request finished HTTP/1.1 OPTIONS http://localhost:5112/api/books?categoryId=2&page=1&pageSize=20 - 204 null null 0.5131ms
2026-05-31 14:07:29.770 +03:00 [INF] Request starting HTTP/1.1 GET http://localhost:5112/api/books?categoryId=2&page=1&pageSize=20 - application/json null
2026-05-31 14:07:29.770 +03:00 [INF] CORS policy execution successful.
2026-05-31 14:07:29.770 +03:00 [INF] Route matched with {action = "Search", controller = "Books"}. Executing controller action with signature System.Threading.Tasks.Task`1[Microsoft.AspNetCore.Mvc.IActionResult] Search(BookSearchQuery, System.Threading.CancellationToken) on controller BooksController (LibraryApp.Api).
2026-05-31 14:07:29.789 +03:00 [WRN] Compiling a query which loads related collections for more than one collection navigation, either via 'Include' or through projection, but no 'QuerySplittingBehavior' has been configured. By default, Entity Framework will use 'QuerySplittingBehavior.SingleQuery', which can potentially result in slow query performance. See https://go.microsoft.com/fwlink/?linkid=2134277 for more information. To identify the query that's triggering this warning call 'ConfigureWarnings(w => w.Throw(RelationalEventId.MultipleCollectionIncludeWarning))'.
2026-05-31 14:07:29.816 +03:00 [INF] Executing OkObjectResult, writing value of type 'PagedResult`1[[BookDto, LibraryApp.Core, Version=1.0.0.0, Culture=neutral, PublicKeyToken=null]]'.
2026-05-31 14:07:29.816 +03:00 [INF] Executed action BooksController.Search (LibraryApp.Api) in 45.6329ms
2026-05-31 14:07:29.816 +03:00 [INF] HTTP GET /api/books responded 200 in 46.0184 ms
2026-05-31 14:07:29.816 +03:00 [INF] Request finished HTTP/1.1 GET http://localhost:5112/api/books?categoryId=2&page=1&pageSize=20 - 200 null application/json; charset=utf-8 46.4445ms
2026-05-31 14:07:33.000 +03:00 [INF] Request starting HTTP/1.1 OPTIONS http://localhost:5112/api/books?categoryId=1&page=1&pageSize=20 - null null
2026-05-31 14:07:33.000 +03:00 [INF] CORS policy execution successful.
2026-05-31 14:07:33.001 +03:00 [INF] HTTP OPTIONS /api/books responded 204 in 0.1362 ms
2026-05-31 14:07:33.001 +03:00 [INF] Request finished HTTP/1.1 OPTIONS http://localhost:5112/api/books?categoryId=1&page=1&pageSize=20 - 204 null null 0.4223ms
2026-05-31 14:07:33.005 +03:00 [INF] Request starting HTTP/1.1 GET http://localhost:5112/api/books?categoryId=1&page=1&pageSize=20 - application/json null
2026-05-31 14:07:33.006 +03:00 [INF] CORS policy execution successful.
2026-05-31 14:07:33.006 +03:00 [INF] Route matched with {action = "Search", controller = "Books"}. Executing controller action with signature System.Threading.Tasks.Task`1[Microsoft.AspNetCore.Mvc.IActionResult] Search(BookSearchQuery, System.Threading.CancellationToken) on controller BooksController (LibraryApp.Api).
2026-05-31 14:07:33.011 +03:00 [INF] Executing OkObjectResult, writing value of type 'PagedResult`1[[BookDto, LibraryApp.Core, Version=1.0.0.0, Culture=neutral, PublicKeyToken=null]]'.
2026-05-31 14:07:33.011 +03:00 [INF] Executed action BooksController.Search (LibraryApp.Api) in 5.3035ms
2026-05-31 14:07:33.012 +03:00 [INF] HTTP GET /api/books responded 200 in 5.8485 ms
2026-05-31 14:07:33.012 +03:00 [INF] Request finished HTTP/1.1 GET http://localhost:5112/api/books?categoryId=1&page=1&pageSize=20 - 200 null application/json; charset=utf-8 6.6427ms
2026-05-31 14:07:36.592 +03:00 [INF] Request starting HTTP/1.1 OPTIONS http://localhost:5112/api/books?page=1&pageSize=20 - null null
2026-05-31 14:07:36.592 +03:00 [INF] CORS policy execution successful.
2026-05-31 14:07:36.592 +03:00 [INF] HTTP OPTIONS /api/books responded 204 in 0.1082 ms
2026-05-31 14:07:36.592 +03:00 [INF] Request finished HTTP/1.1 OPTIONS http://localhost:5112/api/books?page=1&pageSize=20 - 204 null null 0.3974ms
2026-05-31 14:07:36.598 +03:00 [INF] Request starting HTTP/1.1 GET http://localhost:5112/api/books?page=1&pageSize=20 - application/json null
2026-05-31 14:07:36.598 +03:00 [INF] CORS policy execution successful.
2026-05-31 14:07:36.598 +03:00 [INF] Route matched with {action = "Search", controller = "Books"}. Executing controller action with signature System.Threading.Tasks.Task`1[Microsoft.AspNetCore.Mvc.IActionResult] Search(BookSearchQuery, System.Threading.CancellationToken) on controller BooksController (LibraryApp.Api).
2026-05-31 14:07:36.627 +03:00 [INF] Executing OkObjectResult, writing value of type 'PagedResult`1[[BookDto, LibraryApp.Core, Version=1.0.0.0, Culture=neutral, PublicKeyToken=null]]'.
2026-05-31 14:07:36.627 +03:00 [INF] Executed action BooksController.Search (LibraryApp.Api) in 28.9264ms
2026-05-31 14:07:36.627 +03:00 [INF] HTTP GET /api/books responded 200 in 29.3918 ms
2026-05-31 14:07:36.627 +03:00 [INF] Request finished HTTP/1.1 GET http://localhost:5112/api/books?page=1&pageSize=20 - 200 null application/json; charset=utf-8 29.7214ms
